code,date,temperature,n_hours,lat,lon
bbdi5,2026-05-01,15.19,48,35.0224,128.9561
bbdi5,2026-05-02,15.53,46,35.0224,128.9561
bbdi5,2026-05-03,15.25,48,35.0224,128.9561
bbdi5,2026-05-04,14.83,47,35.0224,128.9561
bbdi5,2026-05-05,15.08,46,35.0224,128.9561
bbdi5,2026-05-06,15.63,46,35.0224,128.9561
bbdi5,2026-05-07,16.14,48,35.0224,128.9561
bbdi5,2026-05-08,15.93,45,35.0224,128.9561
bbdi5,2026-05-09,15.36,48,35.0224,128.9561
bbdi5,2026-05-10,15.9,48,35.0224,128.9561
bbdi5,2026-05-11,16.89,47,35.0224,128.9561
bbdi5,2026-05-12,17.44,48,35.0224,128.9561
bbdi5,2026-05-13,16.97,47,35.0224,128.9561
bbdi5,2026-05-14,16.71,47,35.0224,128.9561
bbdi5,2026-05-15,16.38,45,35.0224,128.9561
bbdi5,2026-05-16,17.0,48,35.0224,128.9561
bbdi5,2026-05-17,17.1,45,35.0224,128.9561
bbdi5,2026-05-18,17.21,45,35.0224,128.9561
bbdi5,2026-05-19,17.58,48,35.0224,128.9561
bbdi5,2026-05-20,16.7,44,35.0224,128.9561
bbdi5,2026-05-21,17.22,48,35.0224,128.9561
bbdi5,2026-05-22,17.51,48,35.0224,128.9561
bbdi5,2026-05-23,17.15,48,35.0224,128.9561
bbdi5,2026-05-24,17.36,46,35.0224,128.9561
bbdi5,2026-05-25,18.62,46,35.0224,128.9561
bbdi5,2026-05-26,18.89,45,35.0224,128.9561
bbdi5,2026-05-27,18.27,45,35.0224,128.9561
bbdi5,2026-05-28,19.57,48,35.0224,128.9561
bbdi5,2026-05-29,19.61,45,35.0224,128.9561
bbdi5,2026-05-30,20.34,48,35.0224,128.9561
bbdi5,2026-05-31,20.53,48,35.0224,128.9561
bbdi5,2026-06-01,20.5,47,35.0224,128.9561
bbdi5,2026-06-02,19.54,48,35.0224,128.9561
bbdi5,2026-06-03,19.75,48,35.0224,128.9561
bbdi5,2026-06-04,19.51,47,35.0224,128.9561
bbdi5,2026-06-05,20.36,46,35.0224,128.9561
bbdi5,2026-06-06,18.85,48,35.0224,128.9561
bbdi5,2026-06-07,18.79,46,35.0224,128.9561
bbdi5,2026-06-08,19.07,45,35.0224,128.9561
bbdi5,2026-06-09,19.45,47,35.0224,128.9561
bbdi5,2026-06-10,20.0,46,35.0224,128.9561
bbdi5,2026-06-11,20.23,46,35.0224,128.9561
bbdi5,2026-06-12,20.3,49,35.0224,128.9561
bbdi5,2026-06-13,20.61,47,35.0224,128.9561
bbdi5,2026-06-14,20.37,46,35.0224,128.9561
bbdi5,2026-06-15,20.15,49,35.0224,128.9561
bbdi5,2026-06-16,19.52,46,35.0224,128.9561
bbdi5,2026-06-17,20.9,48,35.0224,128.9561
bbdi5,2026-06-18,21.22,48,35.0224,128.9561
bbdi5,2026-06-19,20.45,48,35.0224,128.9561
bbdi5,2026-06-20,19.65,47,35.0224,128.9561
bbdi5,2026-06-21,19.71,47,35.0224,128.9561
bbdi5,2026-06-22,19.62,48,35.0224,128.9561
bbdi5,2026-06-23,19.24,48,35.0224,128.9561
bbdi5,2026-06-24,19.91,47,35.0224,128.9561
bbdi5,2026-06-25,20.92,45,35.0224,128.9561
bbdi5,2026-06-26,21.18,46,35.0224,128.9561
bbdi5,2026-06-27,21.23,46,35.0224,128.9561
bbdi5,2026-06-28,21.81,46,35.0224,128.9561
bbdi5,2026-06-29,22.14,48,35.0224,128.9561
bbdi5,2026-06-30,22.36,48,35.0224,128.9561
bbdi5,2026-07-01,21.81,48,35.0224,128.9561
bbdi5,2026-07-02,21.9,43,35.0224,128.9561
bbdi5,2026-07-03,22.01,20,35.0224,128.9561
bbdi5,2026-07-04,22.37,47,35.0224,128.9561
bbdi5,2026-07-05,22.09,47,35.0224,128.9561
bbdi5,2026-07-06,22.25,45,35.0224,128.9561
bbdi5,2026-07-07,22.88,46,35.0224,128.9561
bbdi5,2026-07-08,23.71,44,35.0224,128.9561
bbdi5,2026-07-09,24.34,45,35.0224,128.9561
bbdi5,2026-07-10,25.56,47,35.0224,128.9561
bbdi5,2026-07-11,25.55,48,35.0224,128.9561
bbdi5,2026-07-12,24.94,48,35.0224,128.9561
bbdi5,2026-07-13,24.12,48,35.0224,128.9561
bbdi5,2026-07-14,22.76,47,35.0224,128.9561
bbdi5,2026-07-15,21.36,45,35.0224,128.9561
bbdi5,2026-07-16,20.83,47,35.0224,128.9561
bbdi5,2026-07-17,20.83,47,35.0224,128.9561
bbdi5,2026-07-18,21.77,46,35.0224,128.9561
bbdi5,2026-07-19,22.81,47,35.0224,128.9561
bbdi5,2026-07-20,26.34,47,35.0224,128.9561
bbdi5,2026-07-21,27.08,48,35.0224,128.9561
bbdi5,2026-07-22,26.79,48,35.0224,128.9561
bbdi5,2026-07-23,26.42,48,35.0224,128.9561
bbdi5,2026-07-24,26.17,47,35.0224,128.9561
bbdi5,2026-07-25,26.03,47,35.0224,128.9561
bbdi5,2026-07-26,25.9,48,35.0224,128.9561
bbdi5,2026-07-27,25.96,48,35.0224,128.9561
bbdi5,2026-07-28,25.28,47,35.0224,128.9561
bbdi5,2026-07-29,24.32,45,35.0224,128.9561
bbdi5,2026-07-30,23.66,47,35.0224,128.9561
bbdi5,2026-07-31,23.52,48,35.0224,128.9561
bbdi5,2026-08-01,23.46,46,35.0224,128.9561
bbdi5,2026-08-02,23.39,48,35.0224,128.9561
bbdi5,2026-08-03,23.05,48,35.0224,128.9561
bbdi5,2026-08-04,24.25,48,35.0224,128.9561
bbdi5,2026-08-05,26.13,46,35.0224,128.9561
bbdi5,2026-08-06,26.55,48,35.0224,128.9561
bbdi5,2026-08-07,26.85,47,35.0224,128.9561
bbdi5,2026-08-08,27.3,48,35.0224,128.9561
bbdi5,2026-08-09,27.72,48,35.0224,128.9561
bbdi5,2026-08-10,27.93,47,35.0224,128.9561
bbdi5,2026-08-11,27.64,48,35.0224,128.9561
bbdi5,2026-08-12,27.2,48,35.0224,128.9561
bbdi5,2026-08-13,27.26,48,35.0224,128.9561
bbdi5,2026-08-14,27.4,46,35.0224,128.9561
bbdi5,2026-08-15,27.33,48,35.0224,128.9561
bbdi5,2026-08-16,26.9,47,35.0224,128.9561
bbdi5,2026-08-17,25.91,47,35.0224,128.9561
bbdi5,2026-08-18,26.41,48,35.0224,128.9561
bbdi5,2026-08-19,27.88,48,35.0224,128.9561
bbdi5,2026-08-20,27.68,48,35.0224,128.9561
bbdi5,2026-08-21,27.74,48,35.0224,128.9561
bbdi5,2026-08-22,27.4,48,35.0224,128.9561
bbdi5,2026-08-23,28.13,48,35.0224,128.9561
bbdi5,2026-08-24,28.25,48,35.0224,128.9561
bbdi5,2026-08-25,28.66,48,35.0224,128.9561
bbdi5,2026-08-26,28.78,48,35.0224,128.9561
bbdi5,2026-08-27,28.55,48,35.0224,128.9561
bbdi5,2026-08-28,28.13,48,35.0224,128.9561
bbdi5,2026-08-29,27.89,48,35.0224,128.9561
bbdi5,2026-08-30,27.92,48,35.0224,128.9561
bbdi5,2026-08-31,28.1,48,35.0224,128.9561
bbdi5,2026-09-01,27.69,48,35.0224,128.9561
bbdi5,2026-09-02,27.9,49,35.0224,128.9561
bbdi5,2026-09-03,27.36,48,35.0224,128.9561
bbdi5,2026-09-04,27.15,48,35.0224,128.9561
bbdi5,2026-09-05,27.25,48,35.0224,128.9561
bbdi5,2026-09-06,26.93,48,35.0224,128.9561
bbdi5,2026-09-07,26.39,48,35.0224,128.9561
bbdi5,2026-09-08,26.1,48,35.0224,128.9561
bbdi5,2026-09-09,25.88,48,35.0224,128.9561
bbdi5,2026-09-10,25.52,48,35.0224,128.9561
bbdi5,2026-09-11,25.59,49,35.0224,128.9561
bbdi5,2026-09-12,25.54,48,35.0224,128.9561
bbdi5,2026-09-13,25.72,48,35.0224,128.9561
bbdi5,2026-09-14,25.53,48,35.0224,128.9561
bbdi5,2026-09-15,25.27,48,35.0224,128.9561
bbdi5,2026-09-16,25.11,48,35.0224,128.9561
bbdi5,2026-09-17,24.87,48,35.0224,128.9561
bbdi5,2026-09-18,24.76,48,35.0224,128.9561
bbdi5,2026-09-19,24.68,48,35.0224,128.9561
bbdi5,2026-09-20,24.7,46,35.0224,128.9561
bbdi5,2026-09-21,24.55,48,35.0224,128.9561
bbdi5,2026-09-22,24.42,48,35.0224,128.9561
bbdi5,2026-09-23,24.45,48,35.0224,128.9561
bbdi5,2026-09-24,24.61,48,35.0224,128.9561
bcji5,2026-05-01,11.68,47,33.9730555555556,126.278333333333
bcji5,2026-05-02,11.5,47,33.9730555555556,126.278333333333
bcji5,2026-05-03,10.99,47,33.9730555555556,126.278333333333
bcji5,2026-05-04,10.97,48,33.9730555555556,126.278333333333
bcji5,2026-05-05,11.86,44,33.9730555555556,126.278333333333
bcji5,2026-05-06,12.36,44,33.9730555555556,126.278333333333
bcji5,2026-05-07,12.2,47,33.9730555555556,126.278333333333
bcji5,2026-05-08,11.85,47,33.9730555555556,126.278333333333
bcji5,2026-05-09,12.15,47,33.9730555555556,126.278333333333
bcji5,2026-05-10,13.12,46,33.9730555555556,126.278333333333
bcji5,2026-05-11,13.76,48,33.9730555555556,126.278333333333
bcji5,2026-05-12,14.15,45,33.9730555555556,126.278333333333
bcji5,2026-05-13,14.48,48,33.9730555555556,126.278333333333
bcji5,2026-05-14,14.06,48,33.9730555555556,126.278333333333
bcji5,2026-05-15,13.73,47,33.9730555555556,126.278333333333
bcji5,2026-05-16,15.73,45,33.9730555555556,126.278333333333
bcji5,2026-05-17,15.61,47,33.9730555555556,126.278333333333
bcji5,2026-05-18,15.33,45,33.9730555555556,126.278333333333
bcji5,2026-05-19,14.99,45,33.9730555555556,126.278333333333
bcji5,2026-05-20,15.96,45,33.9730555555556,126.278333333333
bcji5,2026-05-21,15.91,48,33.9730555555556,126.278333333333
bcji5,2026-05-22,15.44,45,33.9730555555556,126.278333333333
bcji5,2026-05-23,16.61,41,33.9730555555556,126.278333333333
bcji5,2026-05-24,17.15,45,33.9730555555556,126.278333333333
bcji5,2026-05-25,17.37,46,33.9730555555556,126.278333333333
bcji5,2026-05-26,17.32,44,33.9730555555556,126.278333333333
bcji5,2026-05-27,17.85,46,33.9730555555556,126.278333333333
bcji5,2026-05-28,18.35,42,33.9730555555556,126.278333333333
bcji5,2026-05-29,17.48,46,33.9730555555556,126.278333333333
bcji5,2026-05-30,17.62,48,33.9730555555556,126.278333333333
bcji5,2026-05-31,18.25,48,33.9730555555556,126.278333333333
bcji5,2026-06-01,17.54,45,33.9730555555556,126.278333333333
bcji5,2026-06-02,17.75,46,33.9730555555556,126.278333333333
bcji5,2026-06-03,18.21,44,33.9730555555556,126.278333333333
bcji5,2026-06-04,18.21,46,33.9730555555556,126.278333333333
bcji5,2026-06-05,18.94,44,33.9730555555556,126.278333333333
bcji5,2026-06-06,17.92,47,33.9730555555556,126.278333333333
bcji5,2026-06-07,19.11,47,33.9730555555556,126.278333333333
bcji5,2026-06-08,18.76,45,33.9730555555556,126.278333333333
bcji5,2026-06-09,18.38,45,33.9730555555556,126.278333333333
bcji5,2026-06-10,18.7,46,33.9730555555556,126.278333333333
bcji5,2026-06-11,18.5,43,33.9730555555556,126.278333333333
bcji5,2026-06-12,18.18,47,33.9730555555556,126.278333333333
bcji5,2026-06-13,18.58,46,33.9730555555556,126.278333333333
bcji5,2026-06-14,18.1,47,33.9730555555556,126.278333333333
bcji5,2026-06-15,17.67,48,33.9730555555556,126.278333333333
bcji5,2026-06-16,17.84,46,33.9730555555556,126.278333333333
bcji5,2026-06-17,18.57,46,33.9730555555556,126.278333333333
bcji5,2026-06-18,19.51,43,33.9730555555556,126.278333333333
bcji5,2026-06-19,18.19,46,33.9730555555556,126.278333333333
bcji5,2026-06-20,17.25,15,33.9730555555556,126.278333333333
bcji5,2026-06-26,20.95,26,33.9730555555556,126.278333333333
bcji5,2026-06-27,20.18,48,33.9730555555556,126.278333333333
bcji5,2026-06-28,20.3,47,33.9730555555556,126.278333333333
bcji5,2026-06-29,20.18,48,33.9730555555556,126.278333333333
bcji5,2026-06-30,20.16,47,33.9730555555556,126.278333333333
bcji5,2026-07-01,20.94,48,33.9730555555556,126.278333333333
bcji5,2026-07-02,20.8,45,33.9730555555556,126.278333333333
bcji5,2026-07-03,20.29,48,33.9730555555556,126.278333333333
bcji5,2026-07-04,19.94,48,33.9730555555556,126.278333333333
bcji5,2026-07-05,20.73,48,33.9730555555556,126.278333333333
bcji5,2026-07-06,20.57,47,33.9730555555556,126.278333333333
bcji5,2026-07-07,20.74,48,33.9730555555556,126.278333333333
bcji5,2026-07-08,20.97,47,33.9730555555556,126.278333333333
bcji5,2026-07-09,21.44,46,33.9730555555556,126.278333333333
bcji5,2026-07-10,21.48,47,33.9730555555556,126.278333333333
bcji5,2026-07-11,21.74,46,33.9730555555556,126.278333333333
bcji5,2026-07-12,22.86,47,33.9730555555556,126.278333333333
bcji5,2026-07-13,23.14,48,33.9730555555556,126.278333333333
bcji5,2026-07-14,23.46,46,33.9730555555556,126.278333333333
bcji5,2026-07-15,23.25,47,33.9730555555556,126.278333333333
bcji5,2026-07-16,22.18,48,33.9730555555556,126.278333333333
bcji5,2026-07-17,21.62,47,33.9730555555556,126.278333333333
bcji5,2026-07-18,23.06,47,33.9730555555556,126.278333333333
bcji5,2026-07-19,24.15,45,33.9730555555556,126.278333333333
bcji5,2026-07-20,25.64,48,33.9730555555556,126.278333333333
bcji5,2026-07-21,26.31,46,33.9730555555556,126.278333333333
bcji5,2026-07-22,26.02,48,33.9730555555556,126.278333333333
bcji5,2026-07-23,26.18,48,33.9730555555556,126.278333333333
bcji5,2026-07-24,26.9,45,33.9730555555556,126.278333333333
bcji5,2026-07-25,27.65,46,33.9730555555556,126.278333333333
bcji5,2026-07-26,28.07,48,33.9730555555556,126.278333333333
bcji5,2026-07-27,28.39,46,33.9730555555556,126.278333333333
bcji5,2026-07-28,28.51,47,33.9730555555556,126.278333333333
bcji5,2026-07-29,28.1,47,33.9730555555556,126.278333333333
bcji5,2026-07-30,27.07,37,33.9730555555556,126.278333333333
bcji5,2026-07-31,26.64,46,33.9730555555556,126.278333333333
bcji5,2026-08-01,25.36,43,33.9730555555556,126.278333333333
bcji5,2026-08-02,22.61,42,33.9730555555556,126.278333333333
bcji5,2026-08-03,21.91,45,33.9730555555556,126.278333333333
bcji5,2026-08-04,21.29,42,33.9730555555556,126.278333333333
bcji5,2026-08-05,23.3,47,33.9730555555556,126.278333333333
bcji5,2026-08-06,26.01,48,33.9730555555556,126.278333333333
bcji5,2026-08-07,26.8,48,33.9730555555556,126.278333333333
bcji5,2026-08-08,26.82,48,33.9730555555556,126.278333333333
bcji5,2026-08-09,26.32,48,33.9730555555556,126.278333333333
bcji5,2026-08-10,26.9,48,33.9730555555556,126.278333333333
bcji5,2026-08-11,25.66,48,33.9730555555556,126.278333333333
bcji5,2026-08-12,25.51,48,33.9730555555556,126.278333333333
bcji5,2026-08-13,25.05,47,33.9730555555556,126.278333333333
bcji5,2026-08-14,24.87,48,33.9730555555556,126.278333333333
bcji5,2026-08-15,25.3,46,33.9730555555556,126.278333333333
bcji5,2026-08-16,26.48,48,33.9730555555556,126.278333333333
bcji5,2026-08-17,25.33,47,33.9730555555556,126.278333333333
bcji5,2026-08-18,26.67,47,33.9730555555556,126.278333333333
bcji5,2026-08-19,27.25,48,33.9730555555556,126.278333333333
bcji5,2026-08-20,27.14,48,33.9730555555556,126.278333333333
bcji5,2026-08-21,27.02,48,33.9730555555556,126.278333333333
bcji5,2026-08-22,26.48,48,33.9730555555556,126.278333333333
bcji5,2026-08-23,26.37,48,33.9730555555556,126.278333333333
bcji5,2026-08-24,26.91,48,33.9730555555556,126.278333333333
bcji5,2026-08-25,26.68,48,33.9730555555556,126.278333333333
bcji5,2026-08-26,25.85,48,33.9730555555556,126.278333333333
bcji5,2026-08-27,25.36,48,33.9730555555556,126.278333333333
bcji5,2026-08-28,27.5,48,33.9730555555556,126.278333333333
bcji5,2026-08-29,28.24,48,33.9730555555556,126.278333333333
bcji5,2026-08-30,27.77,48,33.9730555555556,126.278333333333
bcji5,2026-08-31,27.18,48,33.9730555555556,126.278333333333
bcji5,2026-09-01,27.34,48,33.9730555555556,126.278333333333
bcji5,2026-09-02,26.95,48,33.9730555555556,126.278333333333
bcji5,2026-09-03,27.47,48,33.9730555555556,126.278333333333
bcji5,2026-09-04,27.1,48,33.9730555555556,126.278333333333
bcji5,2026-09-05,26.04,48,33.9730555555556,126.278333333333
bcji5,2026-09-06,24.93,48,33.9730555555556,126.278333333333
bcji5,2026-09-07,25.99,48,33.9730555555556,126.278333333333
bcji5,2026-09-08,26.2,48,33.9730555555556,126.278333333333
bcji5,2026-09-09,25.88,48,33.9730555555556,126.278333333333
bcji5,2026-09-10,26.0,48,33.9730555555556,126.278333333333
bcji5,2026-09-11,25.57,48,33.9730555555556,126.278333333333
bcji5,2026-09-12,25.68,48,33.9730555555556,126.278333333333
bcji5,2026-09-13,25.46,48,33.9730555555556,126.278333333333
bcji5,2026-09-14,25.18,48,33.9730555555556,126.278333333333
bcji5,2026-09-15,24.8,48,33.9730555555556,126.278333333333
bcji5,2026-09-16,25.38,48,33.9730555555556,126.278333333333
bcji5,2026-09-17,25.04,48,33.9730555555556,126.278333333333
bcji5,2026-09-18,25.08,48,33.9730555555556,126.278333333333
bcji5,2026-09-19,25.11,48,33.9730555555556,126.278333333333
bcji5,2026-09-20,25.29,48,33.9730555555556,126.278333333333
bcji5,2026-09-21,25.36,48,33.9730555555556,126.278333333333
bcji5,2026-09-22,25.29,48,33.9730555555556,126.278333333333
bcji5,2026-09-23,25.33,48,33.9730555555556,126.278333333333
bcji5,2026-09-24,25.03,48,33.9730555555556,126.278333333333
bgui5,2026-05-01,14.41,47,34.3752777777778,127.178611111111
bgui5,2026-05-02,14.55,45,34.3752777777778,127.178611111111
bgui5,2026-05-03,14.35,47,34.3752777777778,127.178611111111
bgui5,2026-05-04,14.41,48,34.3752777777778,127.178611111111
bgui5,2026-05-05,14.92,46,34.3752777777778,127.178611111111
bgui5,2026-05-06,15.54,47,34.3752777777778,127.178611111111
bgui5,2026-05-07,15.51,47,34.3752777777778,127.178611111111
bgui5,2026-05-08,14.43,46,34.3752777777778,127.178611111111
bgui5,2026-05-09,14.91,47,34.3752777777778,127.178611111111
bgui5,2026-05-10,15.59,47,34.3752777777778,127.178611111111
bgui5,2026-05-11,16.54,47,34.3752777777778,127.178611111111
bgui5,2026-05-12,16.13,47,34.3752777777778,127.178611111111
bgui5,2026-05-13,16.23,47,34.3752777777778,127.178611111111
bgui5,2026-05-14,15.95,45,34.3752777777778,127.178611111111
bgui5,2026-05-15,16.0,48,34.3752777777778,127.178611111111
bgui5,2026-05-16,16.55,45,34.3752777777778,127.178611111111
bgui5,2026-05-17,16.59,48,34.3752777777778,127.178611111111
bgui5,2026-05-18,17.13,47,34.3752777777778,127.178611111111
bgui5,2026-05-19,16.51,47,34.3752777777778,127.178611111111
bgui5,2026-05-20,16.26,45,34.3752777777778,127.178611111111
bgui5,2026-05-21,16.78,47,34.3752777777778,127.178611111111
bgui5,2026-05-22,16.55,46,34.3752777777778,127.178611111111
bgui5,2026-05-23,17.04,45,34.3752777777778,127.178611111111
bgui5,2026-05-24,17.5,43,34.3752777777778,127.178611111111
bgui5,2026-05-25,17.83,47,34.3752777777778,127.178611111111
bgui5,2026-05-26,17.8,46,34.3752777777778,127.178611111111
bgui5,2026-05-27,18.15,46,34.3752777777778,127.178611111111
bgui5,2026-05-28,18.54,47,34.3752777777778,127.178611111111
bgui5,2026-05-29,18.44,48,34.3752777777778,127.178611111111
bgui5,2026-05-30,18.64,48,34.3752777777778,127.178611111111
bgui5,2026-05-31,19.36,47,34.3752777777778,127.178611111111
bgui5,2026-06-01,19.22,46,34.3752777777778,127.178611111111
bgui5,2026-06-02,18.99,47,34.3752777777778,127.178611111111
bgui5,2026-06-03,19.54,45,34.3752777777778,127.178611111111
bgui5,2026-06-04,19.27,46,34.3752777777778,127.178611111111
bgui5,2026-06-05,19.29,46,34.3752777777778,127.178611111111
bgui5,2026-06-06,19.79,44,34.3752777777778,127.178611111111
bgui5,2026-06-07,20.14,48,34.3752777777778,127.178611111111
bgui5,2026-06-08,19.68,46,34.3752777777778,127.178611111111
bgui5,2026-06-09,20.0,45,34.3752777777778,127.178611111111
bgui5,2026-06-10,20.26,46,34.3752777777778,127.178611111111
bgui5,2026-06-11,20.04,48,34.3752777777778,127.178611111111
bgui5,2026-06-12,19.92,45,34.3752777777778,127.178611111111
bgui5,2026-06-13,20.38,46,34.3752777777778,127.178611111111
bgui5,2026-06-14,20.5,47,34.3752777777778,127.178611111111
bgui5,2026-06-15,20.51,48,34.3752777777778,127.178611111111
bgui5,2026-06-16,20.23,48,34.3752777777778,127.178611111111
bgui5,2026-06-17,20.27,48,34.3752777777778,127.178611111111
bgui5,2026-06-18,20.99,47,34.3752777777778,127.178611111111
bgui5,2026-06-19,20.69,48,34.3752777777778,127.178611111111
bgui5,2026-06-20,20.41,48,34.3752777777778,127.178611111111
bgui5,2026-06-21,20.65,46,34.3752777777778,127.178611111111
bgui5,2026-06-22,21.03,48,34.3752777777778,127.178611111111
bgui5,2026-06-23,20.72,48,34.3752777777778,127.178611111111
bgui5,2026-06-24,20.98,47,34.3752777777778,127.178611111111
bgui5,2026-06-25,21.34,48,34.3752777777778,127.178611111111
bgui5,2026-06-26,21.7,48,34.3752777777778,127.178611111111
bgui5,2026-06-27,21.9,47,34.3752777777778,127.178611111111
bgui5,2026-06-28,22.46,47,34.3752777777778,127.178611111111
bgui5,2026-06-29,22.38,47,34.3752777777778,127.178611111111
bgui5,2026-06-30,22.17,48,34.3752777777778,127.178611111111
bgui5,2026-07-01,21.86,47,34.3752777777778,127.178611111111
bgui5,2026-07-02,22.54,45,34.3752777777778,127.178611111111
bgui5,2026-07-03,22.13,46,34.3752777777778,127.178611111111
bgui5,2026-07-04,22.26,47,34.3752777777778,127.178611111111
bgui5,2026-07-05,22.13,48,34.3752777777778,127.178611111111
bgui5,2026-07-06,22.5,42,34.3752777777778,127.178611111111
bgui5,2026-07-07,22.73,45,34.3752777777778,127.178611111111
bgui5,2026-07-08,22.48,47,34.3752777777778,127.178611111111
bgui5,2026-07-09,23.09,46,34.3752777777778,127.178611111111
bgui5,2026-07-10,23.37,45,34.3752777777778,127.178611111111
bgui5,2026-07-11,23.98,47,34.3752777777778,127.178611111111
bgui5,2026-07-12,23.58,48,34.3752777777778,127.178611111111
bgui5,2026-07-13,23.6,47,34.3752777777778,127.178611111111
bgui5,2026-07-14,23.62,48,34.3752777777778,127.178611111111
bgui5,2026-07-15,23.45,48,34.3752777777778,127.178611111111
bgui5,2026-07-16,23.22,47,34.3752777777778,127.178611111111
bgui5,2026-07-17,23.54,48,34.3752777777778,127.178611111111
bgui5,2026-07-18,23.79,47,34.3752777777778,127.178611111111
bgui5,2026-07-19,23.83,46,34.3752777777778,127.178611111111
bgui5,2026-07-20,24.47,47,34.3752777777778,127.178611111111
bgui5,2026-07-21,24.79,47,34.3752777777778,127.178611111111
bgui5,2026-07-22,25.75,44,34.3752777777778,127.178611111111
bgui5,2026-07-23,26.74,44,34.3752777777778,127.178611111111
bgui5,2026-07-24,26.89,48,34.3752777777778,127.178611111111
bgui5,2026-07-25,26.84,43,34.3752777777778,127.178611111111
bgui5,2026-07-26,26.44,47,34.3752777777778,127.178611111111
bgui5,2026-07-27,25.78,45,34.3752777777778,127.178611111111
bgui5,2026-07-28,24.72,45,34.3752777777778,127.178611111111
bgui5,2026-07-29,23.61,48,34.3752777777778,127.178611111111
bgui5,2026-07-30,23.17,46,34.3752777777778,127.178611111111
bgui5,2026-07-31,22.89,47,34.3752777777778,127.178611111111
bgui5,2026-08-01,22.91,45,34.3752777777778,127.178611111111
bgui5,2026-08-02,22.51,46,34.3752777777778,127.178611111111
bgui5,2026-08-03,24.0,48,34.3752777777778,127.178611111111
bgui5,2026-08-04,24.59,48,34.3752777777778,127.178611111111
bgui5,2026-08-05,24.47,48,34.3752777777778,127.178611111111
bgui5,2026-08-06,24.2,47,34.3752777777778,127.178611111111
bgui5,2026-08-07,24.05,45,34.3752777777778,127.178611111111
bgui5,2026-08-08,24.34,47,34.3752777777778,127.178611111111
bgui5,2026-08-09,24.75,45,34.3752777777778,127.178611111111
bgui5,2026-08-10,25.7,46,34.3752777777778,127.178611111111
bgui5,2026-08-11,25.68,46,34.3752777777778,127.178611111111
bgui5,2026-08-12,26.06,46,34.3752777777778,127.178611111111
bgui5,2026-08-13,25.92,47,34.3752777777778,127.178611111111
bgui5,2026-08-14,25.91,47,34.3752777777778,127.178611111111
bgui5,2026-08-15,25.84,47,34.3752777777778,127.178611111111
bgui5,2026-08-16,25.76,48,34.3752777777778,127.178611111111
bgui5,2026-08-17,25.97,47,34.3752777777778,127.178611111111
bgui5,2026-08-18,26.34,47,34.3752777777778,127.178611111111
bgui5,2026-08-19,26.97,47,34.3752777777778,127.178611111111
bgui5,2026-08-20,27.35,48,34.3752777777778,127.178611111111
bgui5,2026-08-21,27.55,48,34.3752777777778,127.178611111111
bgui5,2026-08-22,27.89,47,34.3752777777778,127.178611111111
bgui5,2026-08-23,28.37,46,34.3752777777778,127.178611111111
bgui5,2026-08-24,28.81,48,34.3752777777778,127.178611111111
bgui5,2026-08-25,28.54,46,34.3752777777778,127.178611111111
bgui5,2026-08-26,27.98,46,34.3752777777778,127.178611111111
bgui5,2026-08-27,28.01,48,34.3752777777778,127.178611111111
bgui5,2026-08-28,27.78,48,34.3752777777778,127.178611111111
bgui5,2026-08-29,27.7,48,34.3752777777778,127.178611111111
bgui5,2026-08-30,27.66,48,34.3752777777778,127.178611111111
bgui5,2026-08-31,27.29,48,34.3752777777778,127.178611111111
bgui5,2026-09-01,27.42,48,34.3752777777778,127.178611111111
bgui5,2026-09-02,27.81,48,34.3752777777778,127.178611111111
bgui5,2026-09-03,27.04,48,34.3752777777778,127.178611111111
bgui5,2026-09-04,26.9,47,34.3752777777778,127.178611111111
bgui5,2026-09-05,26.62,48,34.3752777777778,127.178611111111
bgui5,2026-09-06,26.56,48,34.3752777777778,127.178611111111
bgui5,2026-09-07,26.71,48,34.3752777777778,127.178611111111
bgui5,2026-09-08,26.61,48,34.3752777777778,127.178611111111
bgui5,2026-09-09,26.34,48,34.3752777777778,127.178611111111
bgui5,2026-09-10,25.95,48,34.3752777777778,127.178611111111
bgui5,2026-09-11,25.97,47,34.3752777777778,127.178611111111
bgui5,2026-09-12,26.08,47,34.3752777777778,127.178611111111
bgui5,2026-09-13,26.2,48,34.3752777777778,127.178611111111
bgui5,2026-09-14,25.95,48,34.3752777777778,127.178611111111
bgui5,2026-09-15,25.94,47,34.3752777777778,127.178611111111
bgui5,2026-09-16,25.84,48,34.3752777777778,127.178611111111
bgui5,2026-09-17,25.66,48,34.3752777777778,127.178611111111
bgui5,2026-09-18,25.52,48,34.3752777777778,127.178611111111
bgui5,2026-09-19,25.67,48,34.3752777777778,127.178611111111
bgui5,2026-09-20,25.84,48,34.3752777777778,127.178611111111
bgui5,2026-09-21,25.81,48,34.3752777777778,127.178611111111
bgui5,2026-09-22,25.56,48,34.3752777777778,127.178611111111
bgui5,2026-09-23,25.63,42,34.3752777777778,127.178611111111
bgui5,2026-09-24,25.69,51,34.3752777777778,127.178611111111
bjgi5,2026-05-01,16.79,48,33.1626,126.2639
bjgi5,2026-05-02,16.79,47,33.1626,126.2639
bjgi5,2026-05-03,16.78,47,33.1626,126.2639
bjgi5,2026-05-04,16.54,46,33.1626,126.2639
bjgi5,2026-05-05,16.6,47,33.1626,126.2639
bjgi5,2026-05-06,16.81,47,33.1626,126.2639
bjgi5,2026-05-07,16.94,44,33.1626,126.2639
bjgi5,2026-05-08,16.68,46,33.1626,126.2639
bjgi5,2026-05-09,16.83,46,33.1626,126.2639
bjgi5,2026-05-10,17.15,47,33.1626,126.2639
bjgi5,2026-05-11,17.5,45,33.1626,126.2639
bjgi5,2026-05-12,17.32,46,33.1626,126.2639
bjgi5,2026-05-13,17.36,46,33.1626,126.2639
bjgi5,2026-05-14,17.45,44,33.1626,126.2639
bjgi5,2026-05-15,17.73,44,33.1626,126.2639
bjgi5,2026-05-16,17.87,46,33.1626,126.2639
bjgi5,2026-05-17,17.69,43,33.1626,126.2639
bjgi5,2026-05-18,17.83,45,33.1626,126.2639
bjgi5,2026-05-19,18.33,45,33.1626,126.2639
bjgi5,2026-05-20,18.67,45,33.1626,126.2639
bjgi5,2026-05-21,18.41,45,33.1626,126.2639
bjgi5,2026-05-22,18.32,46,33.1626,126.2639
bjgi5,2026-05-23,19.59,46,33.1626,126.2639
bjgi5,2026-05-24,19.7,46,33.1626,126.2639
bjgi5,2026-05-25,20.08,46,33.1626,126.2639
bjgi5,2026-05-26,20.38,44,33.1626,126.2639
bjgi5,2026-05-27,20.16,46,33.1626,126.2639
bjgi5,2026-05-28,19.69,45,33.1626,126.2639
bjgi5,2026-05-29,18.23,46,33.1626,126.2639
bjgi5,2026-05-30,18.04,45,33.1626,126.2639
bjgi5,2026-05-31,19.52,48,33.1626,126.2639
bjgi5,2026-06-01,20.21,48,33.1626,126.2639
bjgi5,2026-06-02,21.44,46,33.1626,126.2639
bjgi5,2026-06-03,21.54,47,33.1626,126.2639
bjgi5,2026-06-04,21.25,43,33.1626,126.2639
bjgi5,2026-06-05,20.37,46,33.1626,126.2639
bjgi5,2026-06-06,20.08,46,33.1626,126.2639
bjgi5,2026-06-07,20.94,45,33.1626,126.2639
bjgi5,2026-06-08,21.14,47,33.1626,126.2639
bjgi5,2026-06-09,20.7,45,33.1626,126.2639
bjgi5,2026-06-10,20.78,47,33.1626,126.2639
bjgi5,2026-06-11,20.23,47,33.1626,126.2639
bjgi5,2026-06-12,20.02,46,33.1626,126.2639
bjgi5,2026-06-13,20.58,44,33.1626,126.2639
bjgi5,2026-06-14,20.8,46,33.1626,126.2639
bjgi5,2026-06-15,20.62,46,33.1626,126.2639
bjgi5,2026-06-16,20.78,44,33.1626,126.2639
bjgi5,2026-06-17,21.12,47,33.1626,126.2639
bjgi5,2026-06-18,20.97,48,33.1626,126.2639
bjgi5,2026-06-19,20.58,45,33.1626,126.2639
bjgi5,2026-06-20,20.63,47,33.1626,126.2639
bjgi5,2026-06-21,19.83,47,33.1626,126.2639
bjgi5,2026-06-22,19.6,48,33.1626,126.2639
bjgi5,2026-06-23,21.3,44,33.1626,126.2639
bjgi5,2026-06-24,22.14,45,33.1626,126.2639
bjgi5,2026-06-25,22.12,44,33.1626,126.2639
bjgi5,2026-06-26,21.86,45,33.1626,126.2639
bjgi5,2026-06-27,21.71,46,33.1626,126.2639
bjgi5,2026-06-28,22.1,47,33.1626,126.2639
bjgi5,2026-06-29,22.16,45,33.1626,126.2639
bjgi5,2026-06-30,21.86,46,33.1626,126.2639
bjgi5,2026-07-01,21.7,48,33.1626,126.2639
bjgi5,2026-07-02,21.41,47,33.1626,126.2639
bjgi5,2026-07-03,21.32,44,33.1626,126.2639
bjgi5,2026-07-04,21.86,47,33.1626,126.2639
bjgi5,2026-07-05,21.72,47,33.1626,126.2639
bjgi5,2026-07-06,21.28,45,33.1626,126.2639
bjgi5,2026-07-07,21.87,44,33.1626,126.2639
bjgi5,2026-07-08,22.52,45,33.1626,126.2639
bjgi5,2026-07-09,23.33,43,33.1626,126.2639
bjgi5,2026-07-10,23.53,45,33.1626,126.2639
bjgi5,2026-07-11,23.67,43,33.1626,126.2639
bjgi5,2026-07-12,24.33,47,33.1626,126.2639
bjgi5,2026-07-13,24.32,24,33.1626,126.2639
bjgi5,2026-07-24,26.29,20,33.1626,126.2639
bjgi5,2026-07-25,26.54,47,33.1626,126.2639
bjgi5,2026-07-26,26.49,47,33.1626,126.2639
bjgi5,2026-07-27,24.82,46,33.1626,126.2639
bjgi5,2026-07-28,24.88,47,33.1626,126.2639
bjgi5,2026-07-29,25.93,46,33.1626,126.2639
bjgi5,2026-07-30,26.09,48,33.1626,126.2639
bjgi5,2026-07-31,26.44,45,33.1626,126.2639
bjgi5,2026-08-01,25.9,46,33.1626,126.2639
bjgi5,2026-08-02,26.0,46,33.1626,126.2639
bjgi5,2026-08-03,25.99,46,33.1626,126.2639
bjgi5,2026-08-04,28.22,48,33.1626,126.2639
bjgi5,2026-08-05,29.17,48,33.1626,126.2639
bjgi5,2026-08-06,29.18,46,33.1626,126.2639
bjgi5,2026-08-07,29.18,48,33.1626,126.2639
bjgi5,2026-08-08,28.88,48,33.1626,126.2639
bjgi5,2026-08-09,28.77,48,33.1626,126.2639
bjgi5,2026-08-10,28.32,48,33.1626,126.2639
bjgi5,2026-08-11,27.64,48,33.1626,126.2639
bjgi5,2026-08-12,27.29,48,33.1626,126.2639
bjgi5,2026-08-13,26.97,47,33.1626,126.2639
bjgi5,2026-08-14,26.75,48,33.1626,126.2639
bjgi5,2026-08-15,26.66,46,33.1626,126.2639
bjgi5,2026-08-16,26.78,47,33.1626,126.2639
bjgi5,2026-08-17,25.9,47,33.1626,126.2639
bjgi5,2026-08-18,26.01,48,33.1626,126.2639
bjgi5,2026-08-19,27.36,48,33.1626,126.2639
bjgi5,2026-08-20,27.44,48,33.1626,126.2639
bjgi5,2026-08-21,28.23,48,33.1626,126.2639
bjgi5,2026-08-22,28.35,47,33.1626,126.2639
bjgi5,2026-08-23,28.42,48,33.1626,126.2639
bjgi5,2026-08-24,28.36,48,33.1626,126.2639
bjgi5,2026-08-25,28.34,48,33.1626,126.2639
bjgi5,2026-08-26,28.24,48,33.1626,126.2639
bjgi5,2026-08-27,28.28,48,33.1626,126.2639
bjgi5,2026-08-28,28.04,48,33.1626,126.2639
bjgi5,2026-08-29,27.83,48,33.1626,126.2639
bjgi5,2026-08-30,27.72,48,33.1626,126.2639
bjgi5,2026-08-31,27.51,48,33.1626,126.2639
bjgi5,2026-09-01,27.54,48,33.1626,126.2639
bjgi5,2026-09-02,27.73,48,33.1626,126.2639
bjgi5,2026-09-03,28.34,48,33.1626,126.2639
bjgi5,2026-09-04,28.42,48,33.1626,126.2639
bjgi5,2026-09-05,27.71,48,33.1626,126.2639
bjgi5,2026-09-06,27.33,48,33.1626,126.2639
bjgi5,2026-09-07,27.07,48,33.1626,126.2639
bjgi5,2026-09-08,26.92,48,33.1626,126.2639
bjgi5,2026-09-09,26.75,48,33.1626,126.2639
bjgi5,2026-09-10,26.2,48,33.1626,126.2639
bjgi5,2026-09-11,26.06,48,33.1626,126.2639
bjgi5,2026-09-12,25.91,48,33.1626,126.2639
bjgi5,2026-09-13,26.04,48,33.1626,126.2639
bjgi5,2026-09-14,25.8,48,33.1626,126.2639
bjgi5,2026-09-15,25.51,47,33.1626,126.2639
bjgi5,2026-09-16,25.43,48,33.1626,126.2639
bjgi5,2026-09-17,25.44,48,33.1626,126.2639
bjgi5,2026-09-18,25.45,48,33.1626,126.2639
bjgi5,2026-09-19,25.56,48,33.1626,126.2639
bjgi5,2026-09-20,25.69,47,33.1626,126.2639
bjgi5,2026-09-21,25.64,47,33.1626,126.2639
bjgi5,2026-09-22,25.57,48,33.1626,126.2639
bjgi5,2026-09-23,25.4,48,33.1626,126.2639
bjgi5,2026-09-24,25.16,48,33.1626,126.2639
bjhi5,2026-05-01,14.79,45,33.4005,126.2091
bjhi5,2026-05-02,14.86,45,33.4005,126.2091
bjhi5,2026-05-03,14.7,45,33.4005,126.2091
bjhi5,2026-05-04,14.66,48,33.4005,126.2091
bjhi5,2026-05-05,14.79,45,33.4005,126.2091
bjhi5,2026-05-06,15.13,46,33.4005,126.2091
bjhi5,2026-05-07,15.06,47,33.4005,126.2091
bjhi5,2026-05-08,14.94,47,33.4005,126.2091
bjhi5,2026-05-09,15.03,48,33.4005,126.2091
bjhi5,2026-05-10,14.8,45,33.4005,126.2091
bjhi5,2026-05-11,14.93,47,33.4005,126.2091
bjhi5,2026-05-12,15.52,46,33.4005,126.2091
bjhi5,2026-05-13,15.87,43,33.4005,126.2091
bjhi5,2026-05-14,16.0,46,33.4005,126.2091
bjhi5,2026-05-15,15.61,47,33.4005,126.2091
bjhi5,2026-05-16,16.38,47,33.4005,126.2091
bjhi5,2026-05-17,16.34,47,33.4005,126.2091
bjhi5,2026-05-18,15.54,44,33.4005,126.2091
bjhi5,2026-05-19,15.48,43,33.4005,126.2091
bjhi5,2026-05-20,16.17,47,33.4005,126.2091
bjhi5,2026-05-21,16.66,46,33.4005,126.2091
bjhi5,2026-05-22,16.49,45,33.4005,126.2091
bjhi5,2026-05-23,16.14,46,33.4005,126.2091
bjhi5,2026-05-24,17.61,46,33.4005,126.2091
bjhi5,2026-05-25,18.61,44,33.4005,126.2091
bjhi5,2026-05-26,19.14,46,33.4005,126.2091
bjhi5,2026-05-27,19.59,44,33.4005,126.2091
bjhi5,2026-05-28,18.98,46,33.4005,126.2091
bjhi5,2026-05-29,18.69,46,33.4005,126.2091
bjhi5,2026-05-30,18.6,45,33.4005,126.2091
bjhi5,2026-05-31,18.51,48,33.4005,126.2091
bjhi5,2026-06-01,17.9,45,33.4005,126.2091
bjhi5,2026-06-02,17.84,46,33.4005,126.2091
bjhi5,2026-06-03,20.1,48,33.4005,126.2091
bjhi5,2026-06-04,20.65,47,33.4005,126.2091
bjhi5,2026-06-05,20.28,44,33.4005,126.2091
bjhi5,2026-06-06,19.87,47,33.4005,126.2091
bjhi5,2026-06-07,19.21,47,33.4005,126.2091
bjhi5,2026-06-08,19.98,42,33.4005,126.2091
bjhi5,2026-06-09,19.96,48,33.4005,126.2091
bjhi5,2026-06-10,20.08,48,33.4005,126.2091
bjhi5,2026-06-11,19.92,46,33.4005,126.2091
bjhi5,2026-06-12,20.18,47,33.4005,126.2091
bjhi5,2026-06-13,19.79,47,33.4005,126.2091
bjhi5,2026-06-14,19.98,46,33.4005,126.2091
bjhi5,2026-06-15,19.76,48,33.4005,126.2091
bjhi5,2026-06-16,19.87,47,33.4005,126.2091
bjhi5,2026-06-17,20.72,45,33.4005,126.2091
bjhi5,2026-06-18,20.56,47,33.4005,126.2091
bjhi5,2026-06-19,19.91,47,33.4005,126.2091
bjhi5,2026-06-20,20.37,44,33.4005,126.2091
bjhi5,2026-06-21,21.17,16,33.4005,126.2091
bjhi5,2026-06-26,21.76,19,33.4005,126.2091
bjhi5,2026-06-27,21.36,47,33.4005,126.2091
bjhi5,2026-06-28,21.64,47,33.4005,126.2091
bjhi5,2026-06-29,22.17,48,33.4005,126.2091
bjhi5,2026-06-30,22.04,45,33.4005,126.2091
bjhi5,2026-07-01,21.9,48,33.4005,126.2091
bjhi5,2026-07-02,21.9,47,33.4005,126.2091
bjhi5,2026-07-03,21.22,47,33.4005,126.2091
bjhi5,2026-07-04,22.7,48,33.4005,126.2091
bjhi5,2026-07-05,22.59,48,33.4005,126.2091
bjhi5,2026-07-06,21.94,48,33.4005,126.2091
bjhi5,2026-07-07,22.08,44,33.4005,126.2091
bjhi5,2026-07-08,22.15,44,33.4005,126.2091
bjhi5,2026-07-09,23.13,45,33.4005,126.2091
bjhi5,2026-07-10,23.36,47,33.4005,126.2091
bjhi5,2026-07-11,23.23,48,33.4005,126.2091
bjhi5,2026-07-12,22.59,47,33.4005,126.2091
bjhi5,2026-07-13,23.41,48,33.4005,126.2091
bjhi5,2026-07-14,23.74,48,33.4005,126.2091
bjhi5,2026-07-15,24.77,48,33.4005,126.2091
bjhi5,2026-07-16,23.7,48,33.4005,126.2091
bjhi5,2026-07-17,22.72,48,33.4005,126.2091
bjhi5,2026-07-18,24.12,48,33.4005,126.2091
bjhi5,2026-07-19,25.11,47,33.4005,126.2091
bjhi5,2026-07-20,24.78,48,33.4005,126.2091
bjhi5,2026-07-21,26.07,46,33.4005,126.2091
bjhi5,2026-07-22,26.96,46,33.4005,126.2091
bjhi5,2026-07-23,27.29,48,33.4005,126.2091
bjhi5,2026-07-24,27.86,48,33.4005,126.2091
bjhi5,2026-07-25,28.39,45,33.4005,126.2091
bjhi5,2026-07-26,28.87,44,33.4005,126.2091
bjhi5,2026-07-27,29.08,48,33.4005,126.2091
bjhi5,2026-07-28,28.85,42,33.4005,126.2091
bjhi5,2026-07-29,28.27,47,33.4005,126.2091
bjhi5,2026-07-30,28.23,46,33.4005,126.2091
bjhi5,2026-07-31,27.63,44,33.4005,126.2091
bjhi5,2026-08-01,26.56,48,33.4005,126.2091
bjhi5,2026-08-02,26.25,46,33.4005,126.2091
bjhi5,2026-08-03,25.52,45,33.4005,126.2091
bjhi5,2026-08-04,24.54,46,33.4005,126.2091
bjhi5,2026-08-05,27.0,48,33.4005,126.2091
bjhi5,2026-08-06,27.76,47,33.4005,126.2091
bjhi5,2026-08-07,27.75,47,33.4005,126.2091
bjhi5,2026-08-08,28.87,47,33.4005,126.2091
bjhi5,2026-08-09,28.28,46,33.4005,126.2091
bjhi5,2026-08-10,28.45,46,33.4005,126.2091
bjhi5,2026-08-11,28.14,47,33.4005,126.2091
bjhi5,2026-08-12,27.46,44,33.4005,126.2091
bjhi5,2026-08-13,27.1,47,33.4005,126.2091
bjhi5,2026-08-14,26.96,48,33.4005,126.2091
bjhi5,2026-08-15,26.75,47,33.4005,126.2091
bjhi5,2026-08-16,27.28,48,33.4005,126.2091
bjhi5,2026-08-17,27.24,47,33.4005,126.2091
bjhi5,2026-08-18,27.09,47,33.4005,126.2091
bjhi5,2026-08-19,27.36,48,33.4005,126.2091
bjhi5,2026-08-20,27.48,48,33.4005,126.2091
bjhi5,2026-08-21,27.77,46,33.4005,126.2091
bjhi5,2026-08-22,28.15,47,33.4005,126.2091
bjhi5,2026-08-23,28.45,48,33.4005,126.2091
bjhi5,2026-08-24,28.58,47,33.4005,126.2091
bjhi5,2026-08-25,28.77,48,33.4005,126.2091
bjhi5,2026-08-26,28.38,48,33.4005,126.2091
bjhi5,2026-08-27,28.78,48,33.4005,126.2091
bjhi5,2026-08-28,28.85,47,33.4005,126.2091
bjhi5,2026-08-29,28.63,47,33.4005,126.2091
bjhi5,2026-08-30,28.22,46,33.4005,126.2091
bjhi5,2026-08-31,28.05,48,33.4005,126.2091
bjhi5,2026-09-01,28.35,48,33.4005,126.2091
bjhi5,2026-09-02,27.68,48,33.4005,126.2091
bjhi5,2026-09-03,27.34,47,33.4005,126.2091
bjhi5,2026-09-04,25.22,48,33.4005,126.2091
bjhi5,2026-09-05,26.99,47,33.4005,126.2091
bjhi5,2026-09-06,26.61,48,33.4005,126.2091
bjhi5,2026-09-07,26.41,47,33.4005,126.2091
bjhi5,2026-09-08,26.45,47,33.4005,126.2091
bjhi5,2026-09-09,26.34,48,33.4005,126.2091
bjhi5,2026-09-10,25.99,47,33.4005,126.2091
bjhi5,2026-09-11,25.79,48,33.4005,126.2091
bjhi5,2026-09-12,25.35,48,33.4005,126.2091
bjhi5,2026-09-13,25.65,47,33.4005,126.2091
bjhi5,2026-09-14,25.52,48,33.4005,126.2091
bjhi5,2026-09-15,25.1,48,33.4005,126.2091
bjhi5,2026-09-16,24.73,48,33.4005,126.2091
bjhi5,2026-09-17,24.89,47,33.4005,126.2091
bjhi5,2026-09-18,25.22,47,33.4005,126.2091
bjhi5,2026-09-19,25.45,48,33.4005,126.2091
bjhi5,2026-09-20,25.69,48,33.4005,126.2091
bjhi5,2026-09-21,25.56,48,33.4005,126.2091
bjhi5,2026-09-22,25.51,48,33.4005,126.2091
bjhi5,2026-09-23,25.41,48,33.4005,126.2091
bjhi5,2026-09-24,25.45,48,33.4005,126.2091
bjii5,2026-05-01,16.37,47,33.5816666666667,126.763611111111
bjii5,2026-05-02,16.5,48,33.5816666666667,126.763611111111
bjii5,2026-05-03,16.47,47,33.5816666666667,126.763611111111
bjii5,2026-05-05,16.64,26,33.5816666666667,126.763611111111
bjii5,2026-05-06,16.7,47,33.5816666666667,126.763611111111
bjii5,2026-05-07,16.78,48,33.5816666666667,126.763611111111
bjii5,2026-05-08,16.79,48,33.5816666666667,126.763611111111
bjii5,2026-05-09,17.16,47,33.5816666666667,126.763611111111
bjii5,2026-05-10,17.46,48,33.5816666666667,126.763611111111
bjii5,2026-05-11,17.18,47,33.5816666666667,126.763611111111
bjii5,2026-05-12,16.91,48,33.5816666666667,126.763611111111
bjii5,2026-05-13,17.15,47,33.5816666666667,126.763611111111
bjii5,2026-05-14,17.3,47,33.5816666666667,126.763611111111
bjii5,2026-05-15,17.08,48,33.5816666666667,126.763611111111
bjii5,2026-05-16,16.93,47,33.5816666666667,126.763611111111
bjii5,2026-05-17,17.27,48,33.5816666666667,126.763611111111
bjii5,2026-05-18,17.67,48,33.5816666666667,126.763611111111
bjii5,2026-05-19,17.61,48,33.5816666666667,126.763611111111
bjii5,2026-05-20,17.48,48,33.5816666666667,126.763611111111
bjii5,2026-05-21,17.97,48,33.5816666666667,126.763611111111
bjii5,2026-05-22,18.34,48,33.5816666666667,126.763611111111
bjii5,2026-05-23,17.68,48,33.5816666666667,126.763611111111
bjii5,2026-05-24,17.24,47,33.5816666666667,126.763611111111
bjii5,2026-05-25,17.1,48,33.5816666666667,126.763611111111
bjii5,2026-05-26,17.16,47,33.5816666666667,126.763611111111
bjii5,2026-05-27,18.53,48,33.5816666666667,126.763611111111
bjii5,2026-05-28,19.44,48,33.5816666666667,126.763611111111
bjii5,2026-05-29,20.24,48,33.5816666666667,126.763611111111
bjii5,2026-05-30,20.15,48,33.5816666666667,126.763611111111
bjii5,2026-05-31,19.95,48,33.5816666666667,126.763611111111
bjii5,2026-06-01,18.84,48,33.5816666666667,126.763611111111
bjii5,2026-06-02,17.69,48,33.5816666666667,126.763611111111
bjii5,2026-06-03,18.08,48,33.5816666666667,126.763611111111
bjii5,2026-06-04,19.33,48,33.5816666666667,126.763611111111
bjii5,2026-06-05,20.45,48,33.5816666666667,126.763611111111
bjii5,2026-06-06,20.68,47,33.5816666666667,126.763611111111
bjii5,2026-06-07,19.21,48,33.5816666666667,126.763611111111
bjii5,2026-06-08,19.09,48,33.5816666666667,126.763611111111
bjii5,2026-06-09,20.06,46,33.5816666666667,126.763611111111
bjii5,2026-06-10,20.09,48,33.5816666666667,126.763611111111
bjii5,2026-06-11,20.33,48,33.5816666666667,126.763611111111
bjii5,2026-06-12,20.73,46,33.5816666666667,126.763611111111
bjii5,2026-06-13,20.17,48,33.5816666666667,126.763611111111
bjii5,2026-06-14,19.21,48,33.5816666666667,126.763611111111
bjii5,2026-06-15,19.45,48,33.5816666666667,126.763611111111
bjii5,2026-06-16,18.81,47,33.5816666666667,126.763611111111
bjii5,2026-06-17,18.28,48,33.5816666666667,126.763611111111
bjii5,2026-06-18,19.18,48,33.5816666666667,126.763611111111
bjii5,2026-06-19,20.11,48,33.5816666666667,126.763611111111
bjii5,2026-06-20,20.47,48,33.5816666666667,126.763611111111
bjii5,2026-06-21,21.27,48,33.5816666666667,126.763611111111
bjii5,2026-06-22,20.68,48,33.5816666666667,126.763611111111
bjii5,2026-06-23,18.39,48,33.5816666666667,126.763611111111
bjii5,2026-06-24,17.24,48,33.5816666666667,126.763611111111
bjii5,2026-06-25,18.84,47,33.5816666666667,126.763611111111
bjii5,2026-06-26,21.37,47,33.5816666666667,126.763611111111
bjii5,2026-06-27,22.01,48,33.5816666666667,126.763611111111
bjii5,2026-06-28,22.35,47,33.5816666666667,126.763611111111
bjii5,2026-06-29,22.32,48,33.5816666666667,126.763611111111
bjii5,2026-06-30,21.19,48,33.5816666666667,126.763611111111
bjii5,2026-07-01,21.07,47,33.5816666666667,126.763611111111
bjii5,2026-07-02,21.39,47,33.5816666666667,126.763611111111
bjii5,2026-07-03,21.23,47,33.5816666666667,126.763611111111
bjii5,2026-07-04,20.72,47,33.5816666666667,126.763611111111
bjii5,2026-07-05,21.43,48,33.5816666666667,126.763611111111
bjii5,2026-07-06,22.28,45,33.5816666666667,126.763611111111
bjii5,2026-07-07,23.07,46,33.5816666666667,126.763611111111
bjii5,2026-07-08,22.3,47,33.5816666666667,126.763611111111
bjii5,2026-07-09,23.26,46,33.5816666666667,126.763611111111
bjii5,2026-07-10,22.81,48,33.5816666666667,126.763611111111
bjii5,2026-07-11,22.51,46,33.5816666666667,126.763611111111
bjii5,2026-07-12,21.75,48,33.5816666666667,126.763611111111
bjii5,2026-07-13,23.5,48,33.5816666666667,126.763611111111
bjii5,2026-07-14,23.73,47,33.5816666666667,126.763611111111
bjii5,2026-07-15,24.76,47,33.5816666666667,126.763611111111
bjii5,2026-07-16,24.14,48,33.5816666666667,126.763611111111
bjii5,2026-07-17,22.23,47,33.5816666666667,126.763611111111
bjii5,2026-07-18,21.39,47,33.5816666666667,126.763611111111
bjii5,2026-07-19,24.99,47,33.5816666666667,126.763611111111
bjii5,2026-07-20,24.93,46,33.5816666666667,126.763611111111
bjii5,2026-07-21,23.66,48,33.5816666666667,126.763611111111
bjii5,2026-07-22,24.74,48,33.5816666666667,126.763611111111
bjii5,2026-07-23,26.09,48,33.5816666666667,126.763611111111
bjii5,2026-07-24,26.8,47,33.5816666666667,126.763611111111
bjii5,2026-07-25,27.4,48,33.5816666666667,126.763611111111
bjii5,2026-07-26,27.6,46,33.5816666666667,126.763611111111
bjii5,2026-07-27,27.24,47,33.5816666666667,126.763611111111
bjii5,2026-07-28,26.77,48,33.5816666666667,126.763611111111
bjii5,2026-07-29,27.17,47,33.5816666666667,126.763611111111
bjii5,2026-07-30,27.73,48,33.5816666666667,126.763611111111
bjii5,2026-07-31,28.21,47,33.5816666666667,126.763611111111
bjii5,2026-08-01,28.27,47,33.5816666666667,126.763611111111
bjii5,2026-08-02,28.2,48,33.5816666666667,126.763611111111
bjii5,2026-08-03,27.29,47,33.5816666666667,126.763611111111
bjii5,2026-08-04,23.73,48,33.5816666666667,126.763611111111
bjii5,2026-08-05,22.32,48,33.5816666666667,126.763611111111
bjii5,2026-08-06,22.87,47,33.5816666666667,126.763611111111
bjii5,2026-08-07,24.35,48,33.5816666666667,126.763611111111
bjii5,2026-08-08,25.66,48,33.5816666666667,126.763611111111
bjii5,2026-08-09,25.68,48,33.5816666666667,126.763611111111
bjii5,2026-08-10,26.79,48,33.5816666666667,126.763611111111
bjii5,2026-08-11,25.61,48,33.5816666666667,126.763611111111
bjii5,2026-08-12,24.97,47,33.5816666666667,126.763611111111
bjii5,2026-08-13,26.69,47,33.5816666666667,126.763611111111
bjii5,2026-08-14,26.85,48,33.5816666666667,126.763611111111
bjii5,2026-08-15,25.98,48,33.5816666666667,126.763611111111
bjii5,2026-08-16,24.89,48,33.5816666666667,126.763611111111
bjii5,2026-08-17,26.31,48,33.5816666666667,126.763611111111
bjii5,2026-08-18,26.98,47,33.5816666666667,126.763611111111
bjii5,2026-08-19,25.85,48,33.5816666666667,126.763611111111
bjii5,2026-08-20,26.11,48,33.5816666666667,126.763611111111
bjii5,2026-08-21,25.33,46,33.5816666666667,126.763611111111
bjii5,2026-08-22,26.06,48,33.5816666666667,126.763611111111
bjii5,2026-08-23,27.94,48,33.5816666666667,126.763611111111
bjii5,2026-08-24,28.37,48,33.5816666666667,126.763611111111
bjii5,2026-08-25,28.72,48,33.5816666666667,126.763611111111
bjii5,2026-08-26,28.49,48,33.5816666666667,126.763611111111
bjii5,2026-08-27,27.02,48,33.5816666666667,126.763611111111
bjii5,2026-08-28,27.15,47,33.5816666666667,126.763611111111
bjii5,2026-08-29,28.39,48,33.5816666666667,126.763611111111
bjii5,2026-08-30,28.32,46,33.5816666666667,126.763611111111
bjii5,2026-08-31,27.7,48,33.5816666666667,126.763611111111
bjii5,2026-09-01,28.24,47,33.5816666666667,126.763611111111
bjii5,2026-09-02,28.12,48,33.5816666666667,126.763611111111
bjii5,2026-09-03,27.38,47,33.5816666666667,126.763611111111
bjii5,2026-09-04,26.14,16,33.5816666666667,126.763611111111
bjii5,2026-09-13,25.13,21,33.5816666666667,126.763611111111
bjii5,2026-09-14,24.65,48,33.5816666666667,126.763611111111
bjii5,2026-09-15,24.56,48,33.5816666666667,126.763611111111
bjii5,2026-09-16,24.39,47,33.5816666666667,126.763611111111
bjii5,2026-09-17,23.57,48,33.5816666666667,126.763611111111
bjii5,2026-09-18,23.54,48,33.5816666666667,126.763611111111
bjii5,2026-09-19,23.74,47,33.5816666666667,126.763611111111
bjii5,2026-09-20,24.04,47,33.5816666666667,126.763611111111
bjii5,2026-09-21,24.85,48,33.5816666666667,126.763611111111
bjii5,2026-09-22,24.83,48,33.5816666666667,126.763611111111
bjii5,2026-09-23,24.31,48,33.5816666666667,126.763611111111
bjii5,2026-09-24,24.28,48,33.5816666666667,126.763611111111
bjji5,2026-05-01,11.07,42,34.2872222222222,126.115277777778
bjji5,2026-05-02,11.11,44,34.2872222222222,126.115277777778
bjji5,2026-05-03,11.01,44,34.2872222222222,126.115277777778
bjji5,2026-05-04,11.12,46,34.2872222222222,126.115277777778
bjji5,2026-05-05,11.23,48,34.2872222222222,126.115277777778
bjji5,2026-05-06,11.4,48,34.2872222222222,126.115277777778
bjji5,2026-05-07,11.49,47,34.2872222222222,126.115277777778
bjji5,2026-05-08,11.48,44,34.2872222222222,126.115277777778
bjji5,2026-05-09,11.88,47,34.2872222222222,126.115277777778
bjji5,2026-05-10,11.87,39,34.2872222222222,126.115277777778
bjji5,2026-05-11,11.98,40,34.2872222222222,126.115277777778
bjji5,2026-05-12,11.99,46,34.2872222222222,126.115277777778
bjji5,2026-05-13,12.04,46,34.2872222222222,126.115277777778
bjji5,2026-05-14,12.06,42,34.2872222222222,126.115277777778
bjji5,2026-05-15,12.14,44,34.2872222222222,126.115277777778
bjji5,2026-05-16,12.34,46,34.2872222222222,126.115277777778
bjji5,2026-05-17,12.39,44,34.2872222222222,126.115277777778
bjji5,2026-05-18,12.45,36,34.2872222222222,126.115277777778
bjji5,2026-05-19,12.5,47,34.2872222222222,126.115277777778
bjji5,2026-05-20,12.76,46,34.2872222222222,126.115277777778
bjji5,2026-05-21,13.02,41,34.2872222222222,126.115277777778
bjji5,2026-05-22,13.17,47,34.2872222222222,126.115277777778
bjji5,2026-05-23,13.33,44,34.2872222222222,126.115277777778
bjji5,2026-05-24,13.55,46,34.2872222222222,126.115277777778
bjji5,2026-05-25,13.69,43,34.2872222222222,126.115277777778
bjji5,2026-05-26,14.07,46,34.2872222222222,126.115277777778
bjji5,2026-05-27,14.69,44,34.2872222222222,126.115277777778
bjji5,2026-05-28,14.85,47,34.2872222222222,126.115277777778
bjji5,2026-05-29,14.85,46,34.2872222222222,126.115277777778
bjji5,2026-05-30,14.9,47,34.2872222222222,126.115277777778
bjji5,2026-05-31,15.02,47,34.2872222222222,126.115277777778
bjji5,2026-06-01,15.06,48,34.2872222222222,126.115277777778
bjji5,2026-06-02,15.21,46,34.2872222222222,126.115277777778
bjji5,2026-06-03,15.39,48,34.2872222222222,126.115277777778
bjji5,2026-06-04,15.47,47,34.2872222222222,126.115277777778
bjji5,2026-06-05,15.56,46,34.2872222222222,126.115277777778
bjji5,2026-06-06,15.68,48,34.2872222222222,126.115277777778
bjji5,2026-06-07,15.87,46,34.2872222222222,126.115277777778
bjji5,2026-06-08,15.84,48,34.2872222222222,126.115277777778
bjji5,2026-06-09,16.0,48,34.2872222222222,126.115277777778
bjji5,2026-06-10,16.04,48,34.2872222222222,126.115277777778
bjji5,2026-06-11,15.96,44,34.2872222222222,126.115277777778
bjji5,2026-06-12,15.91,45,34.2872222222222,126.115277777778
bjji5,2026-06-13,15.67,46,34.2872222222222,126.115277777778
bjji5,2026-06-14,15.61,48,34.2872222222222,126.115277777778
bjji5,2026-06-15,15.64,47,34.2872222222222,126.115277777778
bjji5,2026-06-16,15.6,48,34.2872222222222,126.115277777778
bjji5,2026-06-17,15.66,47,34.2872222222222,126.115277777778
bjji5,2026-06-18,15.97,43,34.2872222222222,126.115277777778
bjji5,2026-06-19,16.02,44,34.2872222222222,126.115277777778
bjji5,2026-06-20,16.47,47,34.2872222222222,126.115277777778
bjji5,2026-06-21,16.6,48,34.2872222222222,126.115277777778
bjji5,2026-06-22,16.55,48,34.2872222222222,126.115277777778
bjji5,2026-06-23,16.75,46,34.2872222222222,126.115277777778
bjji5,2026-06-24,16.96,45,34.2872222222222,126.115277777778
bjji5,2026-06-25,17.19,46,34.2872222222222,126.115277777778
bjji5,2026-06-26,17.3,47,34.2872222222222,126.115277777778
bjji5,2026-06-27,17.4,48,34.2872222222222,126.115277777778
bjji5,2026-06-28,17.45,46,34.2872222222222,126.115277777778
bjji5,2026-06-29,17.52,45,34.2872222222222,126.115277777778
bjji5,2026-06-30,17.31,47,34.2872222222222,126.115277777778
bjji5,2026-07-01,17.35,48,34.2872222222222,126.115277777778
bjji5,2026-07-02,17.64,46,34.2872222222222,126.115277777778
bjji5,2026-07-03,17.62,48,34.2872222222222,126.115277777778
bjji5,2026-07-04,17.65,47,34.2872222222222,126.115277777778
bjji5,2026-07-05,17.71,46,34.2872222222222,126.115277777778
bjji5,2026-07-06,17.84,46,34.2872222222222,126.115277777778
bjji5,2026-07-07,17.86,44,34.2872222222222,126.115277777778
bjji5,2026-07-08,17.98,45,34.2872222222222,126.115277777778
bjji5,2026-07-09,18.15,46,34.2872222222222,126.115277777778
bjji5,2026-07-10,18.2,45,34.2872222222222,126.115277777778
bjji5,2026-07-11,18.3,46,34.2872222222222,126.115277777778
bjji5,2026-07-12,18.57,46,34.2872222222222,126.115277777778
bjji5,2026-07-13,18.83,47,34.2872222222222,126.115277777778
bjji5,2026-07-14,18.5,47,34.2872222222222,126.115277777778
bjji5,2026-07-15,18.46,48,34.2872222222222,126.115277777778
bjji5,2026-07-16,18.23,47,34.2872222222222,126.115277777778
bjji5,2026-07-17,18.11,48,34.2872222222222,126.115277777778
bjji5,2026-07-18,18.13,46,34.2872222222222,126.115277777778
bjji5,2026-07-19,18.17,46,34.2872222222222,126.115277777778
bjji5,2026-07-20,18.17,47,34.2872222222222,126.115277777778
bjji5,2026-07-21,18.37,47,34.2872222222222,126.115277777778
bjji5,2026-07-22,18.59,45,34.2872222222222,126.115277777778
bjji5,2026-07-23,18.7,48,34.2872222222222,126.115277777778
bjji5,2026-07-24,18.98,46,34.2872222222222,126.115277777778
bjji5,2026-07-25,18.97,44,34.2872222222222,126.115277777778
bjji5,2026-07-26,19.15,45,34.2872222222222,126.115277777778
bjji5,2026-07-27,19.18,42,34.2872222222222,126.115277777778
bjji5,2026-07-28,19.06,47,34.2872222222222,126.115277777778
bjji5,2026-07-29,18.83,43,34.2872222222222,126.115277777778
bjji5,2026-07-30,18.73,40,34.2872222222222,126.115277777778
bjji5,2026-07-31,18.54,47,34.2872222222222,126.115277777778
bjji5,2026-08-01,18.3,46,34.2872222222222,126.115277777778
bjji5,2026-08-02,18.24,40,34.2872222222222,126.115277777778
bjji5,2026-08-03,18.21,43,34.2872222222222,126.115277777778
bjji5,2026-08-04,18.02,45,34.2872222222222,126.115277777778
bjji5,2026-08-05,18.0,47,34.2872222222222,126.115277777778
bjji5,2026-08-06,18.17,48,34.2872222222222,126.115277777778
bjji5,2026-08-07,18.34,48,34.2872222222222,126.115277777778
bjji5,2026-08-08,19.99,47,34.2872222222222,126.115277777778
bjji5,2026-08-09,19.59,42,34.2872222222222,126.115277777778
bjji5,2026-08-10,21.1,46,34.2872222222222,126.115277777778
bjji5,2026-08-11,22.11,46,34.2872222222222,126.115277777778
bjji5,2026-08-12,22.58,48,34.2872222222222,126.115277777778
bjji5,2026-08-13,22.6,48,34.2872222222222,126.115277777778
bjji5,2026-08-14,22.82,47,34.2872222222222,126.115277777778
bjji5,2026-08-15,22.82,46,34.2872222222222,126.115277777778
bjji5,2026-08-16,23.13,48,34.2872222222222,126.115277777778
bjji5,2026-08-17,23.31,46,34.2872222222222,126.115277777778
bjji5,2026-08-18,23.5,48,34.2872222222222,126.115277777778
bjji5,2026-08-19,23.67,47,34.2872222222222,126.115277777778
bjji5,2026-08-20,24.11,48,34.2872222222222,126.115277777778
bjji5,2026-08-21,24.93,48,34.2872222222222,126.115277777778
bjji5,2026-08-22,24.97,48,34.2872222222222,126.115277777778
bjji5,2026-08-23,24.76,47,34.2872222222222,126.115277777778
bjji5,2026-08-24,24.41,47,34.2872222222222,126.115277777778
bjji5,2026-08-25,24.26,47,34.2872222222222,126.115277777778
bjji5,2026-08-26,23.56,48,34.2872222222222,126.115277777778
bjji5,2026-08-27,22.96,48,34.2872222222222,126.115277777778
bjji5,2026-08-28,22.56,48,34.2872222222222,126.115277777778
bjji5,2026-08-29,22.09,48,34.2872222222222,126.115277777778
bjji5,2026-08-30,21.63,47,34.2872222222222,126.115277777778
bjji5,2026-08-31,21.34,48,34.2872222222222,126.115277777778
bjji5,2026-09-01,21.26,48,34.2872222222222,126.115277777778
bjji5,2026-09-02,21.1,48,34.2872222222222,126.115277777778
bjji5,2026-09-03,21.28,48,34.2872222222222,126.115277777778
bjji5,2026-09-04,22.0,48,34.2872222222222,126.115277777778
bjji5,2026-09-05,23.11,48,34.2872222222222,126.115277777778
bjji5,2026-09-06,23.96,48,34.2872222222222,126.115277777778
bjji5,2026-09-07,23.39,48,34.2872222222222,126.115277777778
bjji5,2026-09-08,22.61,48,34.2872222222222,126.115277777778
bjji5,2026-09-09,23.36,48,34.2872222222222,126.115277777778
bjji5,2026-09-10,23.62,48,34.2872222222222,126.115277777778
bjji5,2026-09-11,23.36,48,34.2872222222222,126.115277777778
bjji5,2026-09-12,23.6,48,34.2872222222222,126.115277777778
bjji5,2026-09-13,23.68,48,34.2872222222222,126.115277777778
bjji5,2026-09-14,23.62,48,34.2872222222222,126.115277777778
bjji5,2026-09-15,23.57,47,34.2872222222222,126.115277777778
bjji5,2026-09-16,23.6,48,34.2872222222222,126.115277777778
bjji5,2026-09-17,23.55,48,34.2872222222222,126.115277777778
bjji5,2026-09-18,23.57,48,34.2872222222222,126.115277777778
bjji5,2026-09-19,23.68,48,34.2872222222222,126.115277777778
bjji5,2026-09-20,23.8,48,34.2872222222222,126.115277777778
bjji5,2026-09-21,23.65,48,34.2872222222222,126.115277777778
bjji5,2026-09-22,23.62,48,34.2872222222222,126.115277777778
bjji5,2026-09-23,23.61,48,34.2872222222222,126.115277777778
bjji5,2026-09-24,23.57,48,34.2872222222222,126.115277777778
bjli5,2026-05-01,11.17,47,34.3177777777778,126.174166666667
bjli5,2026-05-02,11.2,48,34.3177777777778,126.174166666667
bjli5,2026-05-03,11.21,47,34.3177777777778,126.174166666667
bjli5,2026-05-04,11.26,48,34.3177777777778,126.174166666667
bjli5,2026-05-05,11.59,48,34.3177777777778,126.174166666667
bjli5,2026-05-06,11.77,48,34.3177777777778,126.174166666667
bjli5,2026-05-07,11.88,47,34.3177777777778,126.174166666667
bjli5,2026-05-08,11.57,48,34.3177777777778,126.174166666667
bjli5,2026-05-09,11.74,48,34.3177777777778,126.174166666667
bjli5,2026-05-10,11.82,48,34.3177777777778,126.174166666667
bjli5,2026-05-11,11.9,47,34.3177777777778,126.174166666667
bjli5,2026-05-12,11.95,46,34.3177777777778,126.174166666667
bjli5,2026-05-13,12.09,48,34.3177777777778,126.174166666667
bjli5,2026-05-14,12.33,46,34.3177777777778,126.174166666667
bjli5,2026-05-15,12.3,48,34.3177777777778,126.174166666667
bjli5,2026-05-16,12.51,48,34.3177777777778,126.174166666667
bjli5,2026-05-17,12.61,48,34.3177777777778,126.174166666667
bjli5,2026-05-18,12.75,48,34.3177777777778,126.174166666667
bjli5,2026-05-19,12.77,47,34.3177777777778,126.174166666667
bjli5,2026-05-20,12.78,48,34.3177777777778,126.174166666667
bjli5,2026-05-21,12.97,47,34.3177777777778,126.174166666667
bjli5,2026-05-22,13.09,47,34.3177777777778,126.174166666667
bjli5,2026-05-23,13.38,47,34.3177777777778,126.174166666667
bjli5,2026-05-24,13.36,48,34.3177777777778,126.174166666667
bjli5,2026-05-25,13.44,47,34.3177777777778,126.174166666667
bjli5,2026-05-26,13.66,47,34.3177777777778,126.174166666667
bjli5,2026-05-27,14.17,48,34.3177777777778,126.174166666667
bjli5,2026-05-28,14.28,48,34.3177777777778,126.174166666667
bjli5,2026-05-29,14.51,48,34.3177777777778,126.174166666667
bjli5,2026-05-30,14.71,48,34.3177777777778,126.174166666667
bjli5,2026-05-31,14.89,48,34.3177777777778,126.174166666667
bjli5,2026-06-01,15.11,47,34.3177777777778,126.174166666667
bjli5,2026-06-02,15.15,48,34.3177777777778,126.174166666667
bjli5,2026-06-03,15.57,48,34.3177777777778,126.174166666667
bjli5,2026-06-04,15.5,48,34.3177777777778,126.174166666667
bjli5,2026-06-05,15.71,48,34.3177777777778,126.174166666667
bjli5,2026-06-06,16.01,48,34.3177777777778,126.174166666667
bjli5,2026-06-07,15.93,48,34.3177777777778,126.174166666667
bjli5,2026-06-08,16.13,48,34.3177777777778,126.174166666667
bjli5,2026-06-09,16.27,48,34.3177777777778,126.174166666667
bjli5,2026-06-10,16.12,48,34.3177777777778,126.174166666667
bjli5,2026-06-11,16.11,48,34.3177777777778,126.174166666667
bjli5,2026-06-12,16.11,48,34.3177777777778,126.174166666667
bjli5,2026-06-13,16.18,47,34.3177777777778,126.174166666667
bjli5,2026-06-14,16.21,48,34.3177777777778,126.174166666667
bjli5,2026-06-15,16.32,48,34.3177777777778,126.174166666667
bjli5,2026-06-16,16.15,46,34.3177777777778,126.174166666667
bjli5,2026-06-17,15.97,48,34.3177777777778,126.174166666667
bjli5,2026-06-18,16.27,47,34.3177777777778,126.174166666667
bjli5,2026-06-19,16.21,47,34.3177777777778,126.174166666667
bjli5,2026-06-20,16.34,48,34.3177777777778,126.174166666667
bjli5,2026-06-21,16.65,48,34.3177777777778,126.174166666667
bjli5,2026-06-22,16.56,47,34.3177777777778,126.174166666667
bjli5,2026-06-23,16.54,48,34.3177777777778,126.174166666667
bjli5,2026-06-24,16.84,47,34.3177777777778,126.174166666667
bjli5,2026-06-25,17.16,48,34.3177777777778,126.174166666667
bjli5,2026-06-26,17.39,48,34.3177777777778,126.174166666667
bjli5,2026-06-27,17.43,48,34.3177777777778,126.174166666667
bjli5,2026-06-28,17.59,46,34.3177777777778,126.174166666667
bjli5,2026-06-29,17.63,46,34.3177777777778,126.174166666667
bjli5,2026-06-30,17.52,47,34.3177777777778,126.174166666667
bjli5,2026-07-01,17.77,47,34.3177777777778,126.174166666667
bjli5,2026-07-02,18.1,48,34.3177777777778,126.174166666667
bjli5,2026-07-03,17.94,48,34.3177777777778,126.174166666667
bjli5,2026-07-04,17.81,48,34.3177777777778,126.174166666667
bjli5,2026-07-05,17.85,47,34.3177777777778,126.174166666667
bjli5,2026-07-06,17.86,47,34.3177777777778,126.174166666667
bjli5,2026-07-07,18.04,46,34.3177777777778,126.174166666667
bjli5,2026-07-08,17.95,48,34.3177777777778,126.174166666667
bjli5,2026-07-09,18.4,48,34.3177777777778,126.174166666667
bjli5,2026-07-10,18.58,47,34.3177777777778,126.174166666667
bjli5,2026-07-11,18.59,46,34.3177777777778,126.174166666667
bjli5,2026-07-12,18.87,47,34.3177777777778,126.174166666667
bjli5,2026-07-13,19.36,48,34.3177777777778,126.174166666667
bjli5,2026-07-14,19.16,48,34.3177777777778,126.174166666667
bjli5,2026-07-15,19.14,47,34.3177777777778,126.174166666667
bjli5,2026-07-16,18.92,48,34.3177777777778,126.174166666667
bjli5,2026-07-17,18.72,47,34.3177777777778,126.174166666667
bjli5,2026-07-18,18.62,48,34.3177777777778,126.174166666667
bjli5,2026-07-19,18.58,48,34.3177777777778,126.174166666667
bjli5,2026-07-20,18.77,48,34.3177777777778,126.174166666667
bjli5,2026-07-21,19.13,48,34.3177777777778,126.174166666667
bjli5,2026-07-22,19.25,48,34.3177777777778,126.174166666667
bjli5,2026-07-23,19.53,48,34.3177777777778,126.174166666667
bjli5,2026-07-24,19.64,48,34.3177777777778,126.174166666667
bjli5,2026-07-25,19.62,47,34.3177777777778,126.174166666667
bjli5,2026-07-26,19.49,46,34.3177777777778,126.174166666667
bjli5,2026-07-27,19.66,48,34.3177777777778,126.174166666667
bjli5,2026-07-28,19.7,48,34.3177777777778,126.174166666667
bjli5,2026-07-29,19.63,47,34.3177777777778,126.174166666667
bjli5,2026-07-30,19.39,48,34.3177777777778,126.174166666667
bjli5,2026-07-31,19.11,48,34.3177777777778,126.174166666667
bjli5,2026-08-01,18.88,48,34.3177777777778,126.174166666667
bjli5,2026-08-02,18.64,48,34.3177777777778,126.174166666667
bjli5,2026-08-03,18.61,48,34.3177777777778,126.174166666667
bjli5,2026-08-04,18.59,47,34.3177777777778,126.174166666667
bjli5,2026-08-05,18.65,45,34.3177777777778,126.174166666667
bjli5,2026-08-06,18.72,48,34.3177777777778,126.174166666667
bjli5,2026-08-07,18.82,47,34.3177777777778,126.174166666667
bjli5,2026-08-08,19.66,48,34.3177777777778,126.174166666667
bjli5,2026-08-09,20.32,48,34.3177777777778,126.174166666667
bjli5,2026-08-10,21.34,46,34.3177777777778,126.174166666667
bjli5,2026-08-11,22.06,47,34.3177777777778,126.174166666667
bjli5,2026-08-12,22.79,48,34.3177777777778,126.174166666667
bjli5,2026-08-13,22.84,47,34.3177777777778,126.174166666667
bjli5,2026-08-14,22.86,47,34.3177777777778,126.174166666667
bjli5,2026-08-15,22.78,48,34.3177777777778,126.174166666667
bjli5,2026-08-16,23.03,47,34.3177777777778,126.174166666667
bjli5,2026-08-17,23.27,48,34.3177777777778,126.174166666667
bjli5,2026-08-18,23.51,46,34.3177777777778,126.174166666667
bjli5,2026-08-19,23.66,47,34.3177777777778,126.174166666667
bjli5,2026-08-20,23.85,48,34.3177777777778,126.174166666667
bjli5,2026-08-21,24.34,48,34.3177777777778,126.174166666667
bjli5,2026-08-22,24.22,48,34.3177777777778,126.174166666667
bjli5,2026-08-23,24.44,48,34.3177777777778,126.174166666667
bjli5,2026-08-24,24.72,48,34.3177777777778,126.174166666667
bjli5,2026-08-25,24.35,48,34.3177777777778,126.174166666667
bjli5,2026-08-26,24.6,48,34.3177777777778,126.174166666667
bjli5,2026-08-27,24.29,48,34.3177777777778,126.174166666667
bjli5,2026-08-28,23.86,47,34.3177777777778,126.174166666667
bjli5,2026-08-29,23.42,48,34.3177777777778,126.174166666667
bjli5,2026-08-30,22.91,48,34.3177777777778,126.174166666667
bjli5,2026-08-31,22.24,48,34.3177777777778,126.174166666667
bjli5,2026-09-01,22.14,49,34.3177777777778,126.174166666667
bjli5,2026-09-02,22.1,48,34.3177777777778,126.174166666667
bjli5,2026-09-03,21.94,48,34.3177777777778,126.174166666667
bjli5,2026-09-04,21.84,48,34.3177777777778,126.174166666667
bjli5,2026-09-05,22.33,48,34.3177777777778,126.174166666667
bjli5,2026-09-06,23.44,48,34.3177777777778,126.174166666667
bjli5,2026-09-07,23.34,48,34.3177777777778,126.174166666667
bjli5,2026-09-08,22.95,48,34.3177777777778,126.174166666667
bjli5,2026-09-09,23.09,47,34.3177777777778,126.174166666667
bjli5,2026-09-10,23.34,48,34.3177777777778,126.174166666667
bjli5,2026-09-11,23.36,48,34.3177777777778,126.174166666667
bjli5,2026-09-12,23.47,48,34.3177777777778,126.174166666667
bjli5,2026-09-13,23.42,48,34.3177777777778,126.174166666667
bjli5,2026-09-14,23.45,48,34.3177777777778,126.174166666667
bjli5,2026-09-15,23.41,48,34.3177777777778,126.174166666667
bjli5,2026-09-16,23.51,48,34.3177777777778,126.174166666667
bjli5,2026-09-17,23.39,48,34.3177777777778,126.174166666667
bjli5,2026-09-18,23.44,48,34.3177777777778,126.174166666667
bjli5,2026-09-19,23.57,48,34.3177777777778,126.174166666667
bjli5,2026-09-20,23.43,48,34.3177777777778,126.174166666667
bjli5,2026-09-21,23.45,48,34.3177777777778,126.174166666667
bjli5,2026-09-22,23.37,48,34.3177777777778,126.174166666667
bjli5,2026-09-23,23.3,48,34.3177777777778,126.174166666667
bjli5,2026-09-24,23.32,48,34.3177777777778,126.174166666667
bjni5,2026-05-01,17.19,37,33.2254,126.3928
bjni5,2026-05-02,16.93,43,33.2254,126.3928
bjni5,2026-05-03,16.62,43,33.2254,126.3928
bjni5,2026-05-04,16.36,46,33.2254,126.3928
bjni5,2026-05-05,16.45,45,33.2254,126.3928
bjni5,2026-05-06,16.77,42,33.2254,126.3928
bjni5,2026-05-07,17.42,46,33.2254,126.3928
bjni5,2026-05-08,16.35,44,33.2254,126.3928
bjni5,2026-05-09,16.52,47,33.2254,126.3928
bjni5,2026-05-10,17.33,47,33.2254,126.3928
bjni5,2026-05-11,18.26,44,33.2254,126.3928
bjni5,2026-05-12,18.26,35,33.2254,126.3928
bjni5,2026-05-13,18.25,42,33.2254,126.3928
bjni5,2026-05-14,17.84,41,33.2254,126.3928
bjni5,2026-05-15,17.76,43,33.2254,126.3928
bjni5,2026-05-16,18.7,42,33.2254,126.3928
bjni5,2026-05-17,18.53,42,33.2254,126.3928
bjni5,2026-05-18,18.82,45,33.2254,126.3928
bjni5,2026-05-19,18.66,37,33.2254,126.3928
bjni5,2026-05-20,18.97,37,33.2254,126.3928
bjni5,2026-05-21,18.0,35,33.2254,126.3928
bjni5,2026-05-22,17.94,41,33.2254,126.3928
bjni5,2026-05-23,20.02,40,33.2254,126.3928
bjni5,2026-05-24,20.27,40,33.2254,126.3928
bjni5,2026-05-25,20.23,40,33.2254,126.3928
bjni5,2026-05-26,20.56,42,33.2254,126.3928
bjni5,2026-05-27,21.54,46,33.2254,126.3928
bjni5,2026-05-28,21.3,46,33.2254,126.3928
bjni5,2026-05-29,19.61,48,33.2254,126.3928
bjni5,2026-05-30,21.52,46,33.2254,126.3928
bjni5,2026-05-31,22.59,43,33.2254,126.3928
bjni5,2026-06-01,22.03,45,33.2254,126.3928
bjni5,2026-06-02,22.15,43,33.2254,126.3928
bjni5,2026-06-03,22.56,47,33.2254,126.3928
bjni5,2026-06-04,22.11,42,33.2254,126.3928
bjni5,2026-06-05,21.93,46,33.2254,126.3928
bjni5,2026-06-06,21.51,45,33.2254,126.3928
bjni5,2026-06-07,21.68,45,33.2254,126.3928
bjni5,2026-06-08,21.57,46,33.2254,126.3928
bjni5,2026-06-09,21.29,32,33.2254,126.3928
bjni5,2026-06-11,21.35,22,33.2254,126.3928
bjni5,2026-06-12,21.52,43,33.2254,126.3928
bjni5,2026-06-13,21.78,40,33.2254,126.3928
bjni5,2026-06-14,21.75,43,33.2254,126.3928
bjni5,2026-06-15,22.06,43,33.2254,126.3928
bjni5,2026-06-16,22.47,38,33.2254,126.3928
bjni5,2026-06-17,22.65,43,33.2254,126.3928
bjni5,2026-06-18,22.85,41,33.2254,126.3928
bjni5,2026-06-19,22.26,38,33.2254,126.3928
bjni5,2026-06-20,21.47,40,33.2254,126.3928
bjni5,2026-06-21,20.7,40,33.2254,126.3928
bjni5,2026-06-22,20.94,40,33.2254,126.3928
bjni5,2026-06-23,21.92,42,33.2254,126.3928
bjni5,2026-06-24,22.19,40,33.2254,126.3928
bjni5,2026-06-25,22.33,39,33.2254,126.3928
bjni5,2026-06-26,22.57,43,33.2254,126.3928
bjni5,2026-06-27,22.51,41,33.2254,126.3928
bjni5,2026-06-28,22.89,43,33.2254,126.3928
bjni5,2026-06-29,22.76,44,33.2254,126.3928
bjni5,2026-06-30,22.41,38,33.2254,126.3928
bjni5,2026-07-01,22.51,42,33.2254,126.3928
bjni5,2026-07-02,22.57,45,33.2254,126.3928
bjni5,2026-07-03,22.73,45,33.2254,126.3928
bjni5,2026-07-04,22.68,41,33.2254,126.3928
bjni5,2026-07-05,22.5,45,33.2254,126.3928
bjni5,2026-07-06,22.67,42,33.2254,126.3928
bjni5,2026-07-07,23.89,39,33.2254,126.3928
bjni5,2026-07-08,24.07,38,33.2254,126.3928
bjni5,2026-07-09,24.56,39,33.2254,126.3928
bjni5,2026-07-10,25.15,44,33.2254,126.3928
bjni5,2026-07-11,24.95,45,33.2254,126.3928
bjni5,2026-07-12,25.2,39,33.2254,126.3928
bjni5,2026-07-13,25.48,40,33.2254,126.3928
bjni5,2026-07-14,25.02,48,33.2254,126.3928
bjni5,2026-07-15,23.69,48,33.2254,126.3928
bjni5,2026-07-16,23.65,48,33.2254,126.3928
bjni5,2026-07-17,24.01,47,33.2254,126.3928
bjni5,2026-07-18,24.76,47,33.2254,126.3928
bjni5,2026-07-19,25.4,47,33.2254,126.3928
bjni5,2026-07-20,25.78,44,33.2254,126.3928
bjni5,2026-07-21,26.24,44,33.2254,126.3928
bjni5,2026-07-22,26.21,48,33.2254,126.3928
bjni5,2026-07-23,25.86,46,33.2254,126.3928
bjni5,2026-07-24,25.3,44,33.2254,126.3928
bjni5,2026-07-25,26.73,43,33.2254,126.3928
bjni5,2026-07-26,27.9,42,33.2254,126.3928
bjni5,2026-07-27,27.13,39,33.2254,126.3928
bjni5,2026-07-28,27.65,39,33.2254,126.3928
bjni5,2026-07-29,27.45,40,33.2254,126.3928
bjni5,2026-07-30,27.42,41,33.2254,126.3928
bjni5,2026-07-31,27.05,37,33.2254,126.3928
bjni5,2026-08-01,26.82,41,33.2254,126.3928
bjni5,2026-08-02,27.91,40,33.2254,126.3928
bjni5,2026-08-03,29.1,41,33.2254,126.3928
bjni5,2026-08-04,29.86,47,33.2254,126.3928
bjni5,2026-08-05,30.15,46,33.2254,126.3928
bjni5,2026-08-06,29.99,45,33.2254,126.3928
bjni5,2026-08-07,29.53,46,33.2254,126.3928
bjni5,2026-08-08,29.23,47,33.2254,126.3928
bjni5,2026-08-09,28.94,45,33.2254,126.3928
bjni5,2026-08-10,28.8,41,33.2254,126.3928
bjni5,2026-08-11,28.47,41,33.2254,126.3928
bjni5,2026-08-12,28.09,43,33.2254,126.3928
bjni5,2026-08-13,28.03,48,33.2254,126.3928
bjni5,2026-08-14,28.02,48,33.2254,126.3928
bjni5,2026-08-15,27.76,47,33.2254,126.3928
bjni5,2026-08-16,27.79,47,33.2254,126.3928
bjni5,2026-08-17,27.56,48,33.2254,126.3928
bjni5,2026-08-18,27.53,47,33.2254,126.3928
bjni5,2026-08-19,28.03,48,33.2254,126.3928
bjni5,2026-08-20,28.43,48,33.2254,126.3928
bjni5,2026-08-21,28.64,48,33.2254,126.3928
bjni5,2026-08-22,28.74,47,33.2254,126.3928
bjni5,2026-08-23,28.87,48,33.2254,126.3928
bjni5,2026-08-24,28.88,48,33.2254,126.3928
bjni5,2026-08-25,29.17,48,33.2254,126.3928
bjni5,2026-08-26,29.22,48,33.2254,126.3928
bjni5,2026-08-27,29.26,48,33.2254,126.3928
bjni5,2026-08-28,29.3,48,33.2254,126.3928
bjni5,2026-08-29,29.16,48,33.2254,126.3928
bjni5,2026-08-30,28.84,48,33.2254,126.3928
bjni5,2026-08-31,28.54,48,33.2254,126.3928
bjni5,2026-09-01,28.76,48,33.2254,126.3928
bjni5,2026-09-02,28.92,48,33.2254,126.3928
bjni5,2026-09-03,29.32,48,33.2254,126.3928
bjni5,2026-09-04,28.82,48,33.2254,126.3928
bjni5,2026-09-05,28.07,48,33.2254,126.3928
bjni5,2026-09-06,27.75,48,33.2254,126.3928
bjni5,2026-09-07,27.48,48,33.2254,126.3928
bjni5,2026-09-08,27.26,48,33.2254,126.3928
bjni5,2026-09-09,27.04,48,33.2254,126.3928
bjni5,2026-09-10,26.7,48,33.2254,126.3928
bjni5,2026-09-11,26.59,48,33.2254,126.3928
bjni5,2026-09-12,26.42,48,33.2254,126.3928
bjni5,2026-09-13,26.42,48,33.2254,126.3928
bjni5,2026-09-14,26.25,48,33.2254,126.3928
bjni5,2026-09-15,26.04,48,33.2254,126.3928
bjni5,2026-09-16,25.83,48,33.2254,126.3928
bjni5,2026-09-17,25.82,48,33.2254,126.3928
bjni5,2026-09-18,25.54,48,33.2254,126.3928
bjni5,2026-09-19,25.76,48,33.2254,126.3928
bjni5,2026-09-20,25.76,48,33.2254,126.3928
bjni5,2026-09-21,25.91,48,33.2254,126.3928
bjni5,2026-09-22,25.7,48,33.2254,126.3928
bjni5,2026-09-23,25.59,48,33.2254,126.3928
bjni5,2026-09-24,25.68,48,33.2254,126.3928
bjoi5,2026-05-01,16.51,47,33.2386111111111,126.194722222222
bjoi5,2026-05-02,16.52,47,33.2386111111111,126.194722222222
bjoi5,2026-05-03,16.5,48,33.2386111111111,126.194722222222
bjoi5,2026-05-04,16.45,46,33.2386111111111,126.194722222222
bjoi5,2026-05-05,16.46,45,33.2386111111111,126.194722222222
bjoi5,2026-05-06,16.62,47,33.2386111111111,126.194722222222
bjoi5,2026-05-07,16.79,46,33.2386111111111,126.194722222222
bjoi5,2026-05-08,16.53,47,33.2386111111111,126.194722222222
bjoi5,2026-05-09,16.42,46,33.2386111111111,126.194722222222
bjoi5,2026-05-10,16.55,44,33.2386111111111,126.194722222222
bjoi5,2026-05-11,17.35,46,33.2386111111111,126.194722222222
bjoi5,2026-05-12,17.44,46,33.2386111111111,126.194722222222
bjoi5,2026-05-13,17.19,43,33.2386111111111,126.194722222222
bjoi5,2026-05-14,17.11,45,33.2386111111111,126.194722222222
bjoi5,2026-05-15,17.49,47,33.2386111111111,126.194722222222
bjoi5,2026-05-16,17.56,46,33.2386111111111,126.194722222222
bjoi5,2026-05-17,17.11,45,33.2386111111111,126.194722222222
bjoi5,2026-05-18,17.44,48,33.2386111111111,126.194722222222
bjoi5,2026-05-19,17.98,46,33.2386111111111,126.194722222222
bjoi5,2026-05-20,18.31,47,33.2386111111111,126.194722222222
bjoi5,2026-05-21,17.77,47,33.2386111111111,126.194722222222
bjoi5,2026-05-22,17.82,45,33.2386111111111,126.194722222222
bjoi5,2026-05-23,19.34,42,33.2386111111111,126.194722222222
bjoi5,2026-05-24,19.99,46,33.2386111111111,126.194722222222
bjoi5,2026-05-25,19.99,45,33.2386111111111,126.194722222222
bjoi5,2026-05-26,20.06,44,33.2386111111111,126.194722222222
bjoi5,2026-05-27,20.36,46,33.2386111111111,126.194722222222
bjoi5,2026-05-28,19.24,47,33.2386111111111,126.194722222222
bjoi5,2026-05-29,18.09,47,33.2386111111111,126.194722222222
bjoi5,2026-05-30,17.64,48,33.2386111111111,126.194722222222
bjoi5,2026-05-31,18.29,47,33.2386111111111,126.194722222222
bjoi5,2026-06-01,18.93,48,33.2386111111111,126.194722222222
bjoi5,2026-06-02,20.07,48,33.2386111111111,126.194722222222
bjoi5,2026-06-03,20.94,48,33.2386111111111,126.194722222222
bjoi5,2026-06-04,20.7,48,33.2386111111111,126.194722222222
bjoi5,2026-06-05,19.97,47,33.2386111111111,126.194722222222
bjoi5,2026-06-06,19.31,48,33.2386111111111,126.194722222222
bjoi5,2026-06-07,20.71,48,33.2386111111111,126.194722222222
bjoi5,2026-06-08,20.83,48,33.2386111111111,126.194722222222
bjoi5,2026-06-09,20.54,48,33.2386111111111,126.194722222222
bjoi5,2026-06-10,20.17,47,33.2386111111111,126.194722222222
bjoi5,2026-06-11,19.6,45,33.2386111111111,126.194722222222
bjoi5,2026-06-12,19.34,48,33.2386111111111,126.194722222222
bjoi5,2026-06-13,19.97,48,33.2386111111111,126.194722222222
bjoi5,2026-06-14,20.4,48,33.2386111111111,126.194722222222
bjoi5,2026-06-15,20.74,46,33.2386111111111,126.194722222222
bjoi5,2026-06-16,20.31,46,33.2386111111111,126.194722222222
bjoi5,2026-06-17,20.4,46,33.2386111111111,126.194722222222
bjoi5,2026-06-18,20.98,47,33.2386111111111,126.194722222222
bjoi5,2026-06-19,20.41,46,33.2386111111111,126.194722222222
bjoi5,2026-06-20,20.63,47,33.2386111111111,126.194722222222
bjoi5,2026-06-21,18.75,44,33.2386111111111,126.194722222222
bjoi5,2026-06-22,18.8,48,33.2386111111111,126.194722222222
bjoi5,2026-06-23,21.03,48,33.2386111111111,126.194722222222
bjoi5,2026-06-24,21.85,48,33.2386111111111,126.194722222222
bjoi5,2026-06-25,21.82,48,33.2386111111111,126.194722222222
bjoi5,2026-06-26,21.49,47,33.2386111111111,126.194722222222
bjoi5,2026-06-27,21.04,47,33.2386111111111,126.194722222222
bjoi5,2026-06-28,21.38,47,33.2386111111111,126.194722222222
bjoi5,2026-06-29,22.1,48,33.2386111111111,126.194722222222
bjoi5,2026-06-30,21.84,48,33.2386111111111,126.194722222222
bjoi5,2026-07-01,21.55,47,33.2386111111111,126.194722222222
bjoi5,2026-07-02,21.43,46,33.2386111111111,126.194722222222
bjoi5,2026-07-03,21.0,46,33.2386111111111,126.194722222222
bjoi5,2026-07-04,21.57,46,33.2386111111111,126.194722222222
bjoi5,2026-07-05,21.57,47,33.2386111111111,126.194722222222
bjoi5,2026-07-06,21.72,45,33.2386111111111,126.194722222222
bjoi5,2026-07-07,21.51,48,33.2386111111111,126.194722222222
bjoi5,2026-07-08,23.04,48,33.2386111111111,126.194722222222
bjoi5,2026-07-09,23.08,47,33.2386111111111,126.194722222222
bjoi5,2026-07-10,23.39,47,33.2386111111111,126.194722222222
bjoi5,2026-07-11,23.19,48,33.2386111111111,126.194722222222
bjoi5,2026-07-12,23.69,48,33.2386111111111,126.194722222222
bjoi5,2026-07-13,24.22,47,33.2386111111111,126.194722222222
bjoi5,2026-07-14,23.75,48,33.2386111111111,126.194722222222
bjoi5,2026-07-15,22.49,48,33.2386111111111,126.194722222222
bjoi5,2026-07-16,21.34,48,33.2386111111111,126.194722222222
bjoi5,2026-07-17,22.42,48,33.2386111111111,126.194722222222
bjoi5,2026-07-18,23.11,48,33.2386111111111,126.194722222222
bjoi5,2026-07-19,22.3,48,33.2386111111111,126.194722222222
bjoi5,2026-07-20,23.9,48,33.2386111111111,126.194722222222
bjoi5,2026-07-21,25.74,47,33.2386111111111,126.194722222222
bjoi5,2026-07-22,26.22,48,33.2386111111111,126.194722222222
bjoi5,2026-07-23,27.3,48,33.2386111111111,126.194722222222
bjoi5,2026-07-24,27.54,48,33.2386111111111,126.194722222222
bjoi5,2026-07-25,27.98,47,33.2386111111111,126.194722222222
bjoi5,2026-07-26,26.99,40,33.2386111111111,126.194722222222
bjoi5,2026-07-27,25.39,46,33.2386111111111,126.194722222222
bjoi5,2026-07-28,24.23,47,33.2386111111111,126.194722222222
bjoi5,2026-07-29,24.59,48,33.2386111111111,126.194722222222
bjoi5,2026-07-30,25.69,47,33.2386111111111,126.194722222222
bjoi5,2026-07-31,25.42,45,33.2386111111111,126.194722222222
bjoi5,2026-08-01,25.85,47,33.2386111111111,126.194722222222
bjoi5,2026-08-02,25.37,48,33.2386111111111,126.194722222222
bjoi5,2026-08-03,24.74,47,33.2386111111111,126.194722222222
bjoi5,2026-08-04,26.85,47,33.2386111111111,126.194722222222
bjoi5,2026-08-05,29.11,46,33.2386111111111,126.194722222222
bjoi5,2026-08-06,29.59,46,33.2386111111111,126.194722222222
bjoi5,2026-08-07,29.19,48,33.2386111111111,126.194722222222
bjoi5,2026-08-08,28.81,47,33.2386111111111,126.194722222222
bjoi5,2026-08-09,28.4,47,33.2386111111111,126.194722222222
bjoi5,2026-08-10,28.16,45,33.2386111111111,126.194722222222
bjoi5,2026-08-11,27.66,47,33.2386111111111,126.194722222222
bjoi5,2026-08-12,27.37,47,33.2386111111111,126.194722222222
bjoi5,2026-08-13,26.58,48,33.2386111111111,126.194722222222
bjoi5,2026-08-14,26.43,48,33.2386111111111,126.194722222222
bjoi5,2026-08-15,26.53,46,33.2386111111111,126.194722222222
bjoi5,2026-08-16,26.35,46,33.2386111111111,126.194722222222
bjoi5,2026-08-17,25.86,46,33.2386111111111,126.194722222222
bjoi5,2026-08-18,25.01,44,33.2386111111111,126.194722222222
bjoi5,2026-08-19,27.25,48,33.2386111111111,126.194722222222
bjoi5,2026-08-20,27.75,48,33.2386111111111,126.194722222222
bjoi5,2026-08-21,28.32,48,33.2386111111111,126.194722222222
bjoi5,2026-08-22,28.33,48,33.2386111111111,126.194722222222
bjoi5,2026-08-23,28.52,48,33.2386111111111,126.194722222222
bjoi5,2026-08-24,28.57,48,33.2386111111111,126.194722222222
bjoi5,2026-08-25,28.56,48,33.2386111111111,126.194722222222
bjoi5,2026-08-26,28.48,48,33.2386111111111,126.194722222222
bjoi5,2026-08-27,28.62,48,33.2386111111111,126.194722222222
bjoi5,2026-08-28,28.28,47,33.2386111111111,126.194722222222
bjoi5,2026-08-29,28.17,47,33.2386111111111,126.194722222222
bjoi5,2026-08-30,27.47,48,33.2386111111111,126.194722222222
bjoi5,2026-08-31,27.84,46,33.2386111111111,126.194722222222
bjoi5,2026-09-01,27.19,48,33.2386111111111,126.194722222222
bjoi5,2026-09-02,27.42,48,33.2386111111111,126.194722222222
bjoi5,2026-09-03,28.67,48,33.2386111111111,126.194722222222
bjoi5,2026-09-04,27.98,48,33.2386111111111,126.194722222222
bjoi5,2026-09-05,27.22,47,33.2386111111111,126.194722222222
bjoi5,2026-09-06,27.0,48,33.2386111111111,126.194722222222
bjoi5,2026-09-07,26.71,48,33.2386111111111,126.194722222222
bjoi5,2026-09-08,26.68,48,33.2386111111111,126.194722222222
bjoi5,2026-09-09,26.61,47,33.2386111111111,126.194722222222
bjoi5,2026-09-10,26.06,47,33.2386111111111,126.194722222222
bjoi5,2026-09-11,25.56,48,33.2386111111111,126.194722222222
bjoi5,2026-09-12,25.46,48,33.2386111111111,126.194722222222
bjoi5,2026-09-13,25.43,48,33.2386111111111,126.194722222222
bjoi5,2026-09-14,25.41,48,33.2386111111111,126.194722222222
bjoi5,2026-09-15,25.13,47,33.2386111111111,126.194722222222
bjoi5,2026-09-16,25.2,47,33.2386111111111,126.194722222222
bjoi5,2026-09-17,25.18,48,33.2386111111111,126.194722222222
bjoi5,2026-09-18,25.4,45,33.2386111111111,126.194722222222
bjoi5,2026-09-19,25.44,48,33.2386111111111,126.194722222222
bjoi5,2026-09-20,25.48,48,33.2386111111111,126.194722222222
bjoi5,2026-09-21,25.39,48,33.2386111111111,126.194722222222
bjoi5,2026-09-22,25.47,48,33.2386111111111,126.194722222222
bjoi5,2026-09-23,25.22,48,33.2386111111111,126.194722222222
bjoi5,2026-09-24,25.02,48,33.2386111111111,126.194722222222
bjsi5,2026-05-01,16.24,48,33.3777777777778,126.905833333333
bjsi5,2026-05-02,16.3,46,33.3777777777778,126.905833333333
bjsi5,2026-05-03,16.29,47,33.3777777777778,126.905833333333
bjsi5,2026-05-04,16.22,46,33.3777777777778,126.905833333333
bjsi5,2026-05-05,16.57,47,33.3777777777778,126.905833333333
bjsi5,2026-05-06,16.99,47,33.3777777777778,126.905833333333
bjsi5,2026-05-07,17.14,48,33.3777777777778,126.905833333333
bjsi5,2026-05-08,16.63,45,33.3777777777778,126.905833333333
bjsi5,2026-05-09,16.79,47,33.3777777777778,126.905833333333
bjsi5,2026-05-10,17.37,46,33.3777777777778,126.905833333333
bjsi5,2026-05-11,17.59,48,33.3777777777778,126.905833333333
bjsi5,2026-05-12,17.44,46,33.3777777777778,126.905833333333
bjsi5,2026-05-13,17.91,47,33.3777777777778,126.905833333333
bjsi5,2026-05-14,18.77,48,33.3777777777778,126.905833333333
bjsi5,2026-05-15,19.11,45,33.3777777777778,126.905833333333
bjsi5,2026-05-16,19.07,42,33.3777777777778,126.905833333333
bjsi5,2026-05-17,18.62,44,33.3777777777778,126.905833333333
bjsi5,2026-05-18,18.56,46,33.3777777777778,126.905833333333
bjsi5,2026-05-19,18.01,45,33.3777777777778,126.905833333333
bjsi5,2026-05-20,17.82,46,33.3777777777778,126.905833333333
bjsi5,2026-05-21,17.69,48,33.3777777777778,126.905833333333
bjsi5,2026-05-22,18.37,42,33.3777777777778,126.905833333333
bjsi5,2026-05-23,18.85,45,33.3777777777778,126.905833333333
bjsi5,2026-05-24,18.98,44,33.3777777777778,126.905833333333
bjsi5,2026-05-25,19.43,44,33.3777777777778,126.905833333333
bjsi5,2026-05-26,20.08,46,33.3777777777778,126.905833333333
bjsi5,2026-05-27,20.5,47,33.3777777777778,126.905833333333
bjsi5,2026-05-28,20.8,47,33.3777777777778,126.905833333333
bjsi5,2026-05-29,20.58,48,33.3777777777778,126.905833333333
bjsi5,2026-05-30,21.04,48,33.3777777777778,126.905833333333
bjsi5,2026-05-31,21.81,47,33.3777777777778,126.905833333333
bjsi5,2026-06-01,21.77,46,33.3777777777778,126.905833333333
bjsi5,2026-06-02,21.69,44,33.3777777777778,126.905833333333
bjsi5,2026-06-03,21.92,48,33.3777777777778,126.905833333333
bjsi5,2026-06-04,21.73,47,33.3777777777778,126.905833333333
bjsi5,2026-06-05,20.77,48,33.3777777777778,126.905833333333
bjsi5,2026-06-06,20.14,48,33.3777777777778,126.905833333333
bjsi5,2026-06-07,20.37,47,33.3777777777778,126.905833333333
bjsi5,2026-06-08,20.39,48,33.3777777777778,126.905833333333
bjsi5,2026-06-09,20.3,48,33.3777777777778,126.905833333333
bjsi5,2026-06-10,20.61,47,33.3777777777778,126.905833333333
bjsi5,2026-06-11,20.71,47,33.3777777777778,126.905833333333
bjsi5,2026-06-12,21.21,48,33.3777777777778,126.905833333333
bjsi5,2026-06-13,21.01,48,33.3777777777778,126.905833333333
bjsi5,2026-06-14,21.22,47,33.3777777777778,126.905833333333
bjsi5,2026-06-15,21.8,46,33.3777777777778,126.905833333333
bjsi5,2026-06-16,22.56,48,33.3777777777778,126.905833333333
bjsi5,2026-06-17,22.26,48,33.3777777777778,126.905833333333
bjsi5,2026-06-18,20.69,48,33.3777777777778,126.905833333333
bjsi5,2026-06-19,20.04,48,33.3777777777778,126.905833333333
bjsi5,2026-06-20,19.13,48,33.3777777777778,126.905833333333
bjsi5,2026-06-21,21.22,47,33.3777777777778,126.905833333333
bjsi5,2026-06-22,21.34,48,33.3777777777778,126.905833333333
bjsi5,2026-06-23,21.39,47,33.3777777777778,126.905833333333
bjsi5,2026-06-24,21.47,47,33.3777777777778,126.905833333333
bjsi5,2026-06-25,21.54,47,33.3777777777778,126.905833333333
bjsi5,2026-06-26,21.83,48,33.3777777777778,126.905833333333
bjsi5,2026-06-27,21.81,47,33.3777777777778,126.905833333333
bjsi5,2026-06-28,21.89,47,33.3777777777778,126.905833333333
bjsi5,2026-06-29,22.27,47,33.3777777777778,126.905833333333
bjsi5,2026-06-30,22.69,48,33.3777777777778,126.905833333333
bjsi5,2026-07-01,21.97,47,33.3777777777778,126.905833333333
bjsi5,2026-07-02,21.56,47,33.3777777777778,126.905833333333
bjsi5,2026-07-03,21.1,48,33.3777777777778,126.905833333333
bjsi5,2026-07-04,21.05,46,33.3777777777778,126.905833333333
bjsi5,2026-07-05,20.24,47,33.3777777777778,126.905833333333
bjsi5,2026-07-06,20.24,48,33.3777777777778,126.905833333333
bjsi5,2026-07-07,20.63,48,33.3777777777778,126.905833333333
bjsi5,2026-07-08,21.37,46,33.3777777777778,126.905833333333
bjsi5,2026-07-09,21.34,47,33.3777777777778,126.905833333333
bjsi5,2026-07-10,23.03,48,33.3777777777778,126.905833333333
bjsi5,2026-07-11,25.21,47,33.3777777777778,126.905833333333
bjsi5,2026-07-12,24.82,47,33.3777777777778,126.905833333333
bjsi5,2026-07-13,23.25,46,33.3777777777778,126.905833333333
bjsi5,2026-07-14,22.33,48,33.3777777777778,126.905833333333
bjsi5,2026-07-15,22.99,48,33.3777777777778,126.905833333333
bjsi5,2026-07-16,25.1,48,33.3777777777778,126.905833333333
bjsi5,2026-07-17,24.57,48,33.3777777777778,126.905833333333
bjsi5,2026-07-18,23.68,48,33.3777777777778,126.905833333333
bjsi5,2026-07-19,23.3,48,33.3777777777778,126.905833333333
bjsi5,2026-07-20,22.35,47,33.3777777777778,126.905833333333
bjsi5,2026-07-21,22.28,48,33.3777777777778,126.905833333333
bjsi5,2026-07-22,22.38,48,33.3777777777778,126.905833333333
bjsi5,2026-07-23,23.03,47,33.3777777777778,126.905833333333
bjsi5,2026-07-24,23.97,48,33.3777777777778,126.905833333333
bjsi5,2026-07-25,24.94,48,33.3777777777778,126.905833333333
bjsi5,2026-07-26,25.98,46,33.3777777777778,126.905833333333
bjsi5,2026-07-27,26.19,48,33.3777777777778,126.905833333333
bjsi5,2026-07-28,26.53,47,33.3777777777778,126.905833333333
bjsi5,2026-07-29,27.35,46,33.3777777777778,126.905833333333
bjsi5,2026-07-30,28.47,47,33.3777777777778,126.905833333333
bjsi5,2026-07-31,28.73,44,33.3777777777778,126.905833333333
bjsi5,2026-08-01,28.25,44,33.3777777777778,126.905833333333
bjsi5,2026-08-02,28.3,46,33.3777777777778,126.905833333333
bjsi5,2026-08-03,28.39,47,33.3777777777778,126.905833333333
bjsi5,2026-08-04,28.87,47,33.3777777777778,126.905833333333
bjsi5,2026-08-05,29.44,46,33.3777777777778,126.905833333333
bjsi5,2026-08-06,29.6,48,33.3777777777778,126.905833333333
bjsi5,2026-08-07,29.4,48,33.3777777777778,126.905833333333
bjsi5,2026-08-08,28.95,48,33.3777777777778,126.905833333333
bjsi5,2026-08-09,28.5,46,33.3777777777778,126.905833333333
bjsi5,2026-08-10,28.07,48,33.3777777777778,126.905833333333
bjsi5,2026-08-11,27.07,47,33.3777777777778,126.905833333333
bjsi5,2026-08-12,27.21,48,33.3777777777778,126.905833333333
bjsi5,2026-08-13,27.27,47,33.3777777777778,126.905833333333
bjsi5,2026-08-14,27.1,49,33.3777777777778,126.905833333333
bjsi5,2026-08-15,26.18,47,33.3777777777778,126.905833333333
bjsi5,2026-08-16,26.25,48,33.3777777777778,126.905833333333
bjsi5,2026-08-17,24.96,48,33.3777777777778,126.905833333333
bjsi5,2026-08-18,25.12,47,33.3777777777778,126.905833333333
bjsi5,2026-08-19,26.28,48,33.3777777777778,126.905833333333
bjsi5,2026-08-20,28.2,47,33.3777777777778,126.905833333333
bjsi5,2026-08-21,28.26,47,33.3777777777778,126.905833333333
bjsi5,2026-08-22,27.82,47,33.3777777777778,126.905833333333
bjsi5,2026-08-23,26.7,48,33.3777777777778,126.905833333333
bjsi5,2026-08-24,27.2,48,33.3777777777778,126.905833333333
bjsi5,2026-08-25,28.16,48,33.3777777777778,126.905833333333
bjsi5,2026-08-26,29.0,48,33.3777777777778,126.905833333333
bjsi5,2026-08-27,29.26,48,33.3777777777778,126.905833333333
bjsi5,2026-08-28,28.59,48,33.3777777777778,126.905833333333
bjsi5,2026-08-29,26.52,48,33.3777777777778,126.905833333333
bjsi5,2026-08-30,26.36,48,33.3777777777778,126.905833333333
bjsi5,2026-08-31,26.43,48,33.3777777777778,126.905833333333
bjsi5,2026-09-01,26.43,47,33.3777777777778,126.905833333333
bjsi5,2026-09-02,27.42,46,33.3777777777778,126.905833333333
bjsi5,2026-09-03,28.16,48,33.3777777777778,126.905833333333
bjsi5,2026-09-04,28.84,16,33.3777777777778,126.905833333333
bjsi5,2026-09-14,25.86,14,33.3777777777778,126.905833333333
bjsi5,2026-09-15,25.53,48,33.3777777777778,126.905833333333
bjsi5,2026-09-16,25.28,48,33.3777777777778,126.905833333333
bjsi5,2026-09-17,25.09,48,33.3777777777778,126.905833333333
bjsi5,2026-09-18,25.08,46,33.3777777777778,126.905833333333
bjsi5,2026-09-19,24.65,48,33.3777777777778,126.905833333333
bjsi5,2026-09-20,24.84,48,33.3777777777778,126.905833333333
bjsi5,2026-09-21,24.95,48,33.3777777777778,126.905833333333
bjsi5,2026-09-22,24.95,48,33.3777777777778,126.905833333333
bjsi5,2026-09-23,24.88,48,33.3777777777778,126.905833333333
bjsi5,2026-09-24,24.83,48,33.3777777777778,126.905833333333
bjui5,2026-05-01,16.32,48,33.5222,126.967
bjui5,2026-05-02,16.51,48,33.5222,126.967
bjui5,2026-05-03,16.46,46,33.5222,126.967
bjui5,2026-05-04,16.43,47,33.5222,126.967
bjui5,2026-05-05,16.54,47,33.5222,126.967
bjui5,2026-05-06,16.74,47,33.5222,126.967
bjui5,2026-05-07,16.84,45,33.5222,126.967
bjui5,2026-05-08,16.76,47,33.5222,126.967
bjui5,2026-05-09,17.19,48,33.5222,126.967
bjui5,2026-05-10,17.25,45,33.5222,126.967
bjui5,2026-05-11,17.3,47,33.5222,126.967
bjui5,2026-05-12,17.18,46,33.5222,126.967
bjui5,2026-05-13,17.34,46,33.5222,126.967
bjui5,2026-05-14,17.27,46,33.5222,126.967
bjui5,2026-05-15,17.2,45,33.5222,126.967
bjui5,2026-05-16,17.02,45,33.5222,126.967
bjui5,2026-05-17,16.88,48,33.5222,126.967
bjui5,2026-05-18,16.99,47,33.5222,126.967
bjui5,2026-05-19,17.26,47,33.5222,126.967
bjui5,2026-05-20,17.31,47,33.5222,126.967
bjui5,2026-05-21,17.7,47,33.5222,126.967
bjui5,2026-05-22,17.98,47,33.5222,126.967
bjui5,2026-05-23,18.17,46,33.5222,126.967
bjui5,2026-05-24,18.34,47,33.5222,126.967
bjui5,2026-05-25,18.22,45,33.5222,126.967
bjui5,2026-05-26,17.79,46,33.5222,126.967
bjui5,2026-05-27,18.17,45,33.5222,126.967
bjui5,2026-05-28,18.97,44,33.5222,126.967
bjui5,2026-05-29,20.1,48,33.5222,126.967
bjui5,2026-05-30,20.25,48,33.5222,126.967
bjui5,2026-05-31,20.65,48,33.5222,126.967
bjui5,2026-06-01,20.47,48,33.5222,126.967
bjui5,2026-06-02,20.26,48,33.5222,126.967
bjui5,2026-06-03,19.2,47,33.5222,126.967
bjui5,2026-06-04,18.6,47,33.5222,126.967
bjui5,2026-06-05,19.63,47,33.5222,126.967
bjui5,2026-06-06,20.53,48,33.5222,126.967
bjui5,2026-06-07,20.05,48,33.5222,126.967
bjui5,2026-06-08,19.79,48,33.5222,126.967
bjui5,2026-06-09,20.25,48,33.5222,126.967
bjui5,2026-06-10,20.43,47,33.5222,126.967
bjui5,2026-06-11,20.54,48,33.5222,126.967
bjui5,2026-06-12,20.79,47,33.5222,126.967
bjui5,2026-06-13,20.37,48,33.5222,126.967
bjui5,2026-06-14,20.36,48,33.5222,126.967
bjui5,2026-06-15,19.46,48,33.5222,126.967
bjui5,2026-06-16,19.05,48,33.5222,126.967
bjui5,2026-06-17,18.78,48,33.5222,126.967
bjui5,2026-06-18,18.38,47,33.5222,126.967
bjui5,2026-06-19,19.22,48,33.5222,126.967
bjui5,2026-06-20,19.82,48,33.5222,126.967
bjui5,2026-06-21,21.95,48,33.5222,126.967
bjui5,2026-06-22,21.52,48,33.5222,126.967
bjui5,2026-06-23,21.46,47,33.5222,126.967
bjui5,2026-06-24,20.94,45,33.5222,126.967
bjui5,2026-06-25,20.77,47,33.5222,126.967
bjui5,2026-06-26,21.22,47,33.5222,126.967
bjui5,2026-06-27,21.52,48,33.5222,126.967
bjui5,2026-06-28,22.34,47,33.5222,126.967
bjui5,2026-06-29,22.13,47,33.5222,126.967
bjui5,2026-06-30,21.5,48,33.5222,126.967
bjui5,2026-07-01,20.77,47,33.5222,126.967
bjui5,2026-07-02,21.15,48,33.5222,126.967
bjui5,2026-07-03,20.85,46,33.5222,126.967
bjui5,2026-07-04,20.59,46,33.5222,126.967
bjui5,2026-07-05,20.3,46,33.5222,126.967
bjui5,2026-07-06,21.08,46,33.5222,126.967
bjui5,2026-07-07,21.92,48,33.5222,126.967
bjui5,2026-07-08,21.39,48,33.5222,126.967
bjui5,2026-07-09,22.33,46,33.5222,126.967
bjui5,2026-07-10,23.15,48,33.5222,126.967
bjui5,2026-07-11,23.32,46,33.5222,126.967
bjui5,2026-07-12,22.08,47,33.5222,126.967
bjui5,2026-07-13,22.8,46,33.5222,126.967
bjui5,2026-07-14,23.04,47,33.5222,126.967
bjui5,2026-07-15,24.14,47,33.5222,126.967
bjui5,2026-07-16,24.49,46,33.5222,126.967
bjui5,2026-07-17,23.97,47,33.5222,126.967
bjui5,2026-07-18,22.02,47,33.5222,126.967
bjui5,2026-07-19,22.51,48,33.5222,126.967
bjui5,2026-07-20,23.18,47,33.5222,126.967
bjui5,2026-07-21,23.18,48,33.5222,126.967
bjui5,2026-07-22,23.27,46,33.5222,126.967
bjui5,2026-07-23,24.43,45,33.5222,126.967
bjui5,2026-07-24,24.7,48,33.5222,126.967
bjui5,2026-07-25,26.0,47,33.5222,126.967
bjui5,2026-07-26,25.96,48,33.5222,126.967
bjui5,2026-07-27,26.07,48,33.5222,126.967
bjui5,2026-07-28,26.61,47,33.5222,126.967
bjui5,2026-07-29,26.37,47,33.5222,126.967
bjui5,2026-07-30,26.91,47,33.5222,126.967
bjui5,2026-07-31,27.29,48,33.5222,126.967
bjui5,2026-08-01,28.05,48,33.5222,126.967
bjui5,2026-08-02,28.25,48,33.5222,126.967
bjui5,2026-08-03,28.78,48,33.5222,126.967
bjui5,2026-08-04,27.4,44,33.5222,126.967
bjui5,2026-08-05,26.01,45,33.5222,126.967
bjui5,2026-08-06,26.19,48,33.5222,126.967
bjui5,2026-08-07,26.14,47,33.5222,126.967
bjui5,2026-08-08,25.76,48,33.5222,126.967
bjui5,2026-08-09,25.69,46,33.5222,126.967
bjui5,2026-08-10,25.86,44,33.5222,126.967
bjui5,2026-08-11,25.49,45,33.5222,126.967
bjui5,2026-08-12,24.97,45,33.5222,126.967
bjui5,2026-08-13,25.49,48,33.5222,126.967
bjui5,2026-08-14,25.88,48,33.5222,126.967
bjui5,2026-08-15,25.44,47,33.5222,126.967
bjui5,2026-08-16,23.8,46,33.5222,126.967
bjui5,2026-08-17,25.8,48,33.5222,126.967
bjui5,2026-08-18,26.77,48,33.5222,126.967
bjui5,2026-08-19,26.41,48,33.5222,126.967
bjui5,2026-08-20,25.65,48,33.5222,126.967
bjui5,2026-08-21,25.87,48,33.5222,126.967
bjui5,2026-08-22,25.38,48,33.5222,126.967
bjui5,2026-08-23,26.8,48,33.5222,126.967
bjui5,2026-08-24,28.32,48,33.5222,126.967
bjui5,2026-08-25,28.9,48,33.5222,126.967
bjui5,2026-08-26,28.75,48,33.5222,126.967
bjui5,2026-08-27,27.59,48,33.5222,126.967
bjui5,2026-08-28,26.01,48,33.5222,126.967
bjui5,2026-08-29,26.88,48,33.5222,126.967
bjui5,2026-08-30,27.24,48,33.5222,126.967
bjui5,2026-08-31,26.44,48,33.5222,126.967
bjui5,2026-09-01,27.52,48,33.5222,126.967
bjui5,2026-09-02,27.5,48,33.5222,126.967
bjui5,2026-09-03,27.39,48,33.5222,126.967
bjui5,2026-09-04,27.09,16,33.5222,126.967
bjui5,2026-09-13,26.62,13,33.5222,126.967
bjui5,2026-09-14,26.1,48,33.5222,126.967
bjui5,2026-09-15,25.47,47,33.5222,126.967
bjui5,2026-09-16,25.26,47,33.5222,126.967
bjui5,2026-09-17,24.47,48,33.5222,126.967
bjui5,2026-09-18,24.01,48,33.5222,126.967
bjui5,2026-09-19,24.3,48,33.5222,126.967
bjui5,2026-09-20,24.76,48,33.5222,126.967
bjui5,2026-09-21,25.0,48,33.5222,126.967
bjui5,2026-09-22,25.0,48,33.5222,126.967
bjui5,2026-09-23,24.97,48,33.5222,126.967
bjui5,2026-09-24,25.03,48,33.5222,126.967
bjyi5,2026-05-01,16.66,48,33.5252777777778,126.493888888889
bjyi5,2026-05-02,16.69,48,33.5252777777778,126.493888888889
bjyi5,2026-05-03,16.66,48,33.5252777777778,126.493888888889
bjyi5,2026-05-04,16.58,48,33.5252777777778,126.493888888889
bjyi5,2026-05-05,16.63,48,33.5252777777778,126.493888888889
bjyi5,2026-05-06,17.06,48,33.5252777777778,126.493888888889
bjyi5,2026-05-07,17.03,48,33.5252777777778,126.493888888889
bjyi5,2026-05-08,17.15,48,33.5252777777778,126.493888888889
bjyi5,2026-05-09,17.44,48,33.5252777777778,126.493888888889
bjyi5,2026-05-10,17.46,47,33.5252777777778,126.493888888889
bjyi5,2026-05-11,17.76,48,33.5252777777778,126.493888888889
bjyi5,2026-05-12,17.64,48,33.5252777777778,126.493888888889
bjyi5,2026-05-13,18.0,48,33.5252777777778,126.493888888889
bjyi5,2026-05-14,17.75,46,33.5252777777778,126.493888888889
bjyi5,2026-05-15,17.13,48,33.5252777777778,126.493888888889
bjyi5,2026-05-16,17.31,48,33.5252777777778,126.493888888889
bjyi5,2026-05-17,18.65,48,33.5252777777778,126.493888888889
bjyi5,2026-05-18,18.51,48,33.5252777777778,126.493888888889
bjyi5,2026-05-19,18.58,48,33.5252777777778,126.493888888889
bjyi5,2026-05-20,18.17,48,33.5252777777778,126.493888888889
bjyi5,2026-05-21,18.96,47,33.5252777777778,126.493888888889
bjyi5,2026-05-22,18.51,48,33.5252777777778,126.493888888889
bjyi5,2026-05-23,17.32,48,33.5252777777778,126.493888888889
bjyi5,2026-05-24,17.21,48,33.5252777777778,126.493888888889
bjyi5,2026-05-25,17.82,48,33.5252777777778,126.493888888889
bjyi5,2026-05-26,20.14,48,33.5252777777778,126.493888888889
bjyi5,2026-05-27,20.06,48,33.5252777777778,126.493888888889
bjyi5,2026-05-28,20.26,48,33.5252777777778,126.493888888889
bjyi5,2026-05-29,20.38,48,33.5252777777778,126.493888888889
bjyi5,2026-05-30,20.22,48,33.5252777777778,126.493888888889
bjyi5,2026-05-31,20.35,48,33.5252777777778,126.493888888889
bjyi5,2026-06-01,18.91,48,33.5252777777778,126.493888888889
bjyi5,2026-06-02,17.91,48,33.5252777777778,126.493888888889
bjyi5,2026-06-03,19.51,48,33.5252777777778,126.493888888889
bjyi5,2026-06-04,20.75,48,33.5252777777778,126.493888888889
bjyi5,2026-06-05,21.17,48,33.5252777777778,126.493888888889
bjyi5,2026-06-06,20.61,48,33.5252777777778,126.493888888889
bjyi5,2026-06-07,18.11,47,33.5252777777778,126.493888888889
bjyi5,2026-06-08,19.13,47,33.5252777777778,126.493888888889
bjyi5,2026-06-09,20.07,48,33.5252777777778,126.493888888889
bjyi5,2026-06-10,20.84,47,33.5252777777778,126.493888888889
bjyi5,2026-06-11,21.11,48,33.5252777777778,126.493888888889
bjyi5,2026-06-12,21.28,48,33.5252777777778,126.493888888889
bjyi5,2026-06-13,20.68,46,33.5252777777778,126.493888888889
bjyi5,2026-06-14,20.39,47,33.5252777777778,126.493888888889
bjyi5,2026-06-15,19.2,48,33.5252777777778,126.493888888889
bjyi5,2026-06-16,18.42,47,33.5252777777778,126.493888888889
bjyi5,2026-06-17,19.12,47,33.5252777777778,126.493888888889
bjyi5,2026-06-18,21.0,47,33.5252777777778,126.493888888889
bjyi5,2026-06-19,20.03,48,33.5252777777778,126.493888888889
bjyi5,2026-06-20,20.47,48,33.5252777777778,126.493888888889
bjyi5,2026-06-21,21.44,48,33.5252777777778,126.493888888889
bjyi5,2026-06-22,20.44,47,33.5252777777778,126.493888888889
bjyi5,2026-06-23,17.67,43,33.5252777777778,126.493888888889
bjyi5,2026-06-24,17.77,45,33.5252777777778,126.493888888889
bjyi5,2026-06-25,20.68,48,33.5252777777778,126.493888888889
bjyi5,2026-06-26,22.45,48,33.5252777777778,126.493888888889
bjyi5,2026-06-27,22.15,45,33.5252777777778,126.493888888889
bjyi5,2026-06-28,22.32,44,33.5252777777778,126.493888888889
bjyi5,2026-06-29,22.32,47,33.5252777777778,126.493888888889
bjyi5,2026-06-30,21.97,42,33.5252777777778,126.493888888889
bjyi5,2026-07-01,21.94,51,33.5252777777778,126.493888888889
bjyi5,2026-07-02,21.94,53,33.5252777777778,126.493888888889
bjyi5,2026-07-03,21.78,60,33.5252777777778,126.493888888889
bjyi5,2026-07-04,21.08,52,33.5252777777778,126.493888888889
bjyi5,2026-07-05,21.98,46,33.5252777777778,126.493888888889
bjyi5,2026-07-06,22.86,15,33.5252777777778,126.493888888889
bjyi5,2026-07-07,23.32,46,33.5252777777778,126.493888888889
bjyi5,2026-07-08,22.91,48,33.5252777777778,126.493888888889
bjyi5,2026-07-09,23.49,48,33.5252777777778,126.493888888889
bjyi5,2026-07-10,24.0,48,33.5252777777778,126.493888888889
bjyi5,2026-07-11,23.43,47,33.5252777777778,126.493888888889
bjyi5,2026-07-12,23.45,48,33.5252777777778,126.493888888889
bjyi5,2026-07-13,24.32,48,33.5252777777778,126.493888888889
bjyi5,2026-07-14,24.34,47,33.5252777777778,126.493888888889
bjyi5,2026-07-15,24.19,47,33.5252777777778,126.493888888889
bjyi5,2026-07-16,24.45,47,33.5252777777778,126.493888888889
bjyi5,2026-07-17,23.9,48,33.5252777777778,126.493888888889
bjyi5,2026-07-18,24.52,47,33.5252777777778,126.493888888889
bjyi5,2026-07-19,25.43,47,33.5252777777778,126.493888888889
bjyi5,2026-07-20,24.03,47,33.5252777777778,126.493888888889
bjyi5,2026-07-21,25.23,48,33.5252777777778,126.493888888889
bjyi5,2026-07-22,26.88,48,33.5252777777778,126.493888888889
bjyi5,2026-07-23,27.27,48,33.5252777777778,126.493888888889
bjyi5,2026-07-24,28.1,48,33.5252777777778,126.493888888889
bjyi5,2026-07-25,28.37,48,33.5252777777778,126.493888888889
bjyi5,2026-07-26,28.22,48,33.5252777777778,126.493888888889
bjyi5,2026-07-27,28.49,48,33.5252777777778,126.493888888889
bjyi5,2026-07-28,28.96,48,33.5252777777778,126.493888888889
bjyi5,2026-07-29,29.42,48,33.5252777777778,126.493888888889
bjyi5,2026-07-30,29.5,48,33.5252777777778,126.493888888889
bjyi5,2026-07-31,29.38,48,33.5252777777778,126.493888888889
bjyi5,2026-08-01,28.95,48,33.5252777777778,126.493888888889
bjyi5,2026-08-02,28.74,48,33.5252777777778,126.493888888889
bjyi5,2026-08-03,26.97,48,33.5252777777778,126.493888888889
bjyi5,2026-08-04,23.16,48,33.5252777777778,126.493888888889
bjyi5,2026-08-05,23.35,47,33.5252777777778,126.493888888889
bjyi5,2026-08-06,24.9,48,33.5252777777778,126.493888888889
bjyi5,2026-08-07,26.5,48,33.5252777777778,126.493888888889
bjyi5,2026-08-08,26.77,47,33.5252777777778,126.493888888889
bjyi5,2026-08-09,27.05,46,33.5252777777778,126.493888888889
bjyi5,2026-08-10,27.66,46,33.5252777777778,126.493888888889
bjyi5,2026-08-11,27.09,46,33.5252777777778,126.493888888889
bjyi5,2026-08-12,26.84,44,33.5252777777778,126.493888888889
bjyi5,2026-08-13,27.5,45,33.5252777777778,126.493888888889
bjyi5,2026-08-14,26.78,45,33.5252777777778,126.493888888889
bjyi5,2026-08-15,25.65,46,33.5252777777778,126.493888888889
bjyi5,2026-08-16,26.43,43,33.5252777777778,126.493888888889
bjyi5,2026-08-19,27.85,28,33.5252777777778,126.493888888889
bjyi5,2026-08-20,27.45,48,33.5252777777778,126.493888888889
bjyi5,2026-08-21,27.59,48,33.5252777777778,126.493888888889
bjyi5,2026-08-22,28.34,48,33.5252777777778,126.493888888889
bjyi5,2026-08-23,29.09,48,33.5252777777778,126.493888888889
bjyi5,2026-08-24,29.43,73,33.5252777777778,126.493888888889
bjyi5,2026-08-25,29.36,74,33.5252777777778,126.493888888889
bjyi5,2026-08-26,28.8,84,33.5252777777778,126.493888888889
bjyi5,2026-08-27,27.95,76,33.5252777777778,126.493888888889
bjyi5,2026-08-28,29.1,48,33.5252777777778,126.493888888889
bjyi5,2026-08-29,29.5,48,33.5252777777778,126.493888888889
bjyi5,2026-08-30,29.97,48,33.5252777777778,126.493888888889
bjyi5,2026-08-31,29.53,48,33.5252777777778,126.493888888889
bjyi5,2026-09-01,29.29,48,33.5252777777778,126.493888888889
bjyi5,2026-09-02,28.75,48,33.5252777777778,126.493888888889
bjyi5,2026-09-03,27.69,48,33.5252777777778,126.493888888889
bjyi5,2026-09-04,23.67,48,33.5252777777778,126.493888888889
bjyi5,2026-09-05,24.12,48,33.5252777777778,126.493888888889
bjyi5,2026-09-06,26.12,48,33.5252777777778,126.493888888889
bjyi5,2026-09-07,26.68,48,33.5252777777778,126.493888888889
bjyi5,2026-09-08,27.31,48,33.5252777777778,126.493888888889
bjyi5,2026-09-09,26.78,47,33.5252777777778,126.493888888889
bjyi5,2026-09-10,25.39,46,33.5252777777778,126.493888888889
bjyi5,2026-09-11,25.2,46,33.5252777777778,126.493888888889
bjyi5,2026-09-12,25.17,46,33.5252777777778,126.493888888889
bjyi5,2026-09-13,25.23,46,33.5252777777778,126.493888888889
bjyi5,2026-09-14,25.12,46,33.5252777777778,126.493888888889
bjyi5,2026-09-15,24.95,46,33.5252777777778,126.493888888889
bjyi5,2026-09-16,24.48,46,33.5252777777778,126.493888888889
bjyi5,2026-09-17,23.72,46,33.5252777777778,126.493888888889
bjyi5,2026-09-18,23.27,46,33.5252777777778,126.493888888889
bjyi5,2026-09-19,24.58,46,33.5252777777778,126.493888888889
bjyi5,2026-09-20,25.38,46,33.5252777777778,126.493888888889
bjyi5,2026-09-21,25.85,46,33.5252777777778,126.493888888889
bjyi5,2026-09-22,25.19,46,33.5252777777778,126.493888888889
bjyi5,2026-09-23,24.72,46,33.5252777777778,126.493888888889
bjyi5,2026-09-24,25.27,46,33.5252777777778,126.493888888889
bnsi5,2026-05-01,14.6,43,34.6963888888889,127.9925
bnsi5,2026-05-02,14.79,45,34.6963888888889,127.9925
bnsi5,2026-05-03,14.67,44,34.6963888888889,127.9925
bnsi5,2026-05-04,14.47,47,34.6963888888889,127.9925
bnsi5,2026-05-05,14.8,44,34.6963888888889,127.9925
bnsi5,2026-05-06,15.45,42,34.6963888888889,127.9925
bnsi5,2026-05-07,15.96,43,34.6963888888889,127.9925
bnsi5,2026-05-08,15.08,40,34.6963888888889,127.9925
bnsi5,2026-05-09,15.05,45,34.6963888888889,127.9925
bnsi5,2026-05-10,16.18,45,34.6963888888889,127.9925
bnsi5,2026-05-11,17.09,43,34.6963888888889,127.9925
bnsi5,2026-05-12,16.34,46,34.6963888888889,127.9925
bnsi5,2026-05-13,16.65,46,34.6963888888889,127.9925
bnsi5,2026-05-14,16.74,43,34.6963888888889,127.9925
bnsi5,2026-05-15,17.31,45,34.6963888888889,127.9925
bnsi5,2026-05-16,17.94,40,34.6963888888889,127.9925
bnsi5,2026-05-17,18.4,47,34.6963888888889,127.9925
bnsi5,2026-05-18,18.7,44,34.6963888888889,127.9925
bnsi5,2026-05-19,19.55,35,34.6963888888889,127.9925
bnsi5,2026-05-20,18.56,42,34.6963888888889,127.9925
bnsi5,2026-05-21,18.52,39,34.6963888888889,127.9925
bnsi5,2026-05-22,18.27,41,34.6963888888889,127.9925
bnsi5,2026-05-23,18.04,40,34.6963888888889,127.9925
bnsi5,2026-05-24,18.45,46,34.6963888888889,127.9925
bnsi5,2026-05-25,19.56,45,34.6963888888889,127.9925
bnsi5,2026-05-26,19.59,47,34.6963888888889,127.9925
bnsi5,2026-05-27,19.18,44,34.6963888888889,127.9925
bnsi5,2026-05-28,19.44,39,34.6963888888889,127.9925
bnsi5,2026-05-29,19.66,45,34.6963888888889,127.9925
bnsi5,2026-05-30,20.04,44,34.6963888888889,127.9925
bnsi5,2026-05-31,20.36,45,34.6963888888889,127.9925
bnsi5,2026-06-01,20.82,45,34.6963888888889,127.9925
bnsi5,2026-06-02,20.24,41,34.6963888888889,127.9925
bnsi5,2026-06-03,20.64,45,34.6963888888889,127.9925
bnsi5,2026-06-04,20.57,47,34.6963888888889,127.9925
bnsi5,2026-06-05,20.15,43,34.6963888888889,127.9925
bnsi5,2026-06-06,19.91,45,34.6963888888889,127.9925
bnsi5,2026-06-07,20.16,46,34.6963888888889,127.9925
bnsi5,2026-06-08,20.36,39,34.6963888888889,127.9925
bnsi5,2026-06-09,20.63,43,34.6963888888889,127.9925
bnsi5,2026-06-10,21.11,41,34.6963888888889,127.9925
bnsi5,2026-06-11,20.8,38,34.6963888888889,127.9925
bnsi5,2026-06-12,20.76,42,34.6963888888889,127.9925
bnsi5,2026-06-13,20.99,42,34.6963888888889,127.9925
bnsi5,2026-06-14,21.33,42,34.6963888888889,127.9925
bnsi5,2026-06-15,21.07,47,34.6963888888889,127.9925
bnsi5,2026-06-16,21.46,47,34.6963888888889,127.9925
bnsi5,2026-06-17,21.66,44,34.6963888888889,127.9925
bnsi5,2026-06-18,22.34,45,34.6963888888889,127.9925
bnsi5,2026-06-19,21.62,44,34.6963888888889,127.9925
bnsi5,2026-06-20,21.59,40,34.6963888888889,127.9925
bnsi5,2026-06-21,21.35,42,34.6963888888889,127.9925
bnsi5,2026-06-22,21.74,35,34.6963888888889,127.9925
bnsi5,2026-06-23,21.21,45,34.6963888888889,127.9925
bnsi5,2026-06-24,20.99,47,34.6963888888889,127.9925
bnsi5,2026-06-25,21.31,43,34.6963888888889,127.9925
bnsi5,2026-06-26,21.81,45,34.6963888888889,127.9925
bnsi5,2026-06-27,21.83,46,34.6963888888889,127.9925
bnsi5,2026-06-28,22.24,47,34.6963888888889,127.9925
bnsi5,2026-06-29,22.26,47,34.6963888888889,127.9925
bnsi5,2026-06-30,22.43,43,34.6963888888889,127.9925
bnsi5,2026-07-01,21.95,46,34.6963888888889,127.9925
bnsi5,2026-07-02,22.32,44,34.6963888888889,127.9925
bnsi5,2026-07-03,22.25,40,34.6963888888889,127.9925
bnsi5,2026-07-04,22.44,46,34.6963888888889,127.9925
bnsi5,2026-07-05,22.42,44,34.6963888888889,127.9925
bnsi5,2026-07-06,23.06,41,34.6963888888889,127.9925
bnsi5,2026-07-07,23.49,36,34.6963888888889,127.9925
bnsi5,2026-07-08,23.65,41,34.6963888888889,127.9925
bnsi5,2026-07-09,23.9,40,34.6963888888889,127.9925
bnsi5,2026-07-10,25.06,43,34.6963888888889,127.9925
bnsi5,2026-07-11,25.23,47,34.6963888888889,127.9925
bnsi5,2026-07-12,25.97,48,34.6963888888889,127.9925
bnsi5,2026-07-13,25.96,47,34.6963888888889,127.9925
bnsi5,2026-07-14,25.57,47,34.6963888888889,127.9925
bnsi5,2026-07-15,24.45,48,34.6963888888889,127.9925
bnsi5,2026-07-16,23.75,45,34.6963888888889,127.9925
bnsi5,2026-07-17,24.14,46,34.6963888888889,127.9925
bnsi5,2026-07-18,24.19,48,34.6963888888889,127.9925
bnsi5,2026-07-19,25.06,48,34.6963888888889,127.9925
bnsi5,2026-07-20,25.3,47,34.6963888888889,127.9925
bnsi5,2026-07-21,25.62,47,34.6963888888889,127.9925
bnsi5,2026-07-22,26.63,47,34.6963888888889,127.9925
bnsi5,2026-07-23,26.72,44,34.6963888888889,127.9925
bnsi5,2026-07-24,27.04,47,34.6963888888889,127.9925
bnsi5,2026-07-25,27.1,39,34.6963888888889,127.9925
bnsi5,2026-07-26,26.92,44,34.6963888888889,127.9925
bnsi5,2026-07-27,26.67,46,34.6963888888889,127.9925
bnsi5,2026-07-28,25.51,46,34.6963888888889,127.9925
bnsi5,2026-07-29,24.98,43,34.6963888888889,127.9925
bnsi5,2026-07-30,24.12,43,34.6963888888889,127.9925
bnsi5,2026-07-31,24.56,46,34.6963888888889,127.9925
bnsi5,2026-08-01,23.93,46,34.6963888888889,127.9925
bnsi5,2026-08-02,24.27,46,34.6963888888889,127.9925
bnsi5,2026-08-03,25.28,40,34.6963888888889,127.9925
bnsi5,2026-08-04,26.48,47,34.6963888888889,127.9925
bnsi5,2026-08-05,26.82,46,34.6963888888889,127.9925
bnsi5,2026-08-06,26.84,45,34.6963888888889,127.9925
bnsi5,2026-08-07,26.35,44,34.6963888888889,127.9925
bnsi5,2026-08-08,26.78,46,34.6963888888889,127.9925
bnsi5,2026-08-09,26.93,44,34.6963888888889,127.9925
bnsi5,2026-08-10,26.95,42,34.6963888888889,127.9925
bnsi5,2026-08-11,27.12,40,34.6963888888889,127.9925
bnsi5,2026-08-12,26.98,46,34.6963888888889,127.9925
bnsi5,2026-08-13,27.2,47,34.6963888888889,127.9925
bnsi5,2026-08-14,27.3,48,34.6963888888889,127.9925
bnsi5,2026-08-15,27.19,48,34.6963888888889,127.9925
bnsi5,2026-08-16,26.79,48,34.6963888888889,127.9925
bnsi5,2026-08-17,26.41,48,34.6963888888889,127.9925
bnsi5,2026-08-18,26.8,47,34.6963888888889,127.9925
bnsi5,2026-08-19,27.58,47,34.6963888888889,127.9925
bnsi5,2026-08-20,28.45,48,34.6963888888889,127.9925
bnsi5,2026-08-21,28.48,48,34.6963888888889,127.9925
bnsi5,2026-08-22,28.48,48,34.6963888888889,127.9925
bnsi5,2026-08-23,28.85,48,34.6963888888889,127.9925
bnsi5,2026-08-24,29.19,48,34.6963888888889,127.9925
bnsi5,2026-08-25,29.46,48,34.6963888888889,127.9925
bnsi5,2026-08-26,29.4,48,34.6963888888889,127.9925
bnsi5,2026-08-27,29.32,48,34.6963888888889,127.9925
bnsi5,2026-08-28,28.92,48,34.6963888888889,127.9925
bnsi5,2026-08-29,28.67,48,34.6963888888889,127.9925
bnsi5,2026-08-30,28.6,48,34.6963888888889,127.9925
bnsi5,2026-08-31,28.46,48,34.6963888888889,127.9925
bnsi5,2026-09-01,28.39,48,34.6963888888889,127.9925
bnsi5,2026-09-02,28.67,48,34.6963888888889,127.9925
bnsi5,2026-09-03,28.22,48,34.6963888888889,127.9925
bnsi5,2026-09-04,27.62,48,34.6963888888889,127.9925
bnsi5,2026-09-05,27.16,48,34.6963888888889,127.9925
bnsi5,2026-09-06,26.9,47,34.6963888888889,127.9925
bnsi5,2026-09-07,26.54,48,34.6963888888889,127.9925
bnsi5,2026-09-08,26.47,48,34.6963888888889,127.9925
bnsi5,2026-09-09,26.25,48,34.6963888888889,127.9925
bnsi5,2026-09-10,25.92,48,34.6963888888889,127.9925
bnsi5,2026-09-11,25.92,48,34.6963888888889,127.9925
bnsi5,2026-09-12,26.02,48,34.6963888888889,127.9925
bnsi5,2026-09-13,26.15,48,34.6963888888889,127.9925
bnsi5,2026-09-14,26.12,48,34.6963888888889,127.9925
bnsi5,2026-09-15,26.22,48,34.6963888888889,127.9925
bnsi5,2026-09-16,25.96,48,34.6963888888889,127.9925
bnsi5,2026-09-17,25.75,48,34.6963888888889,127.9925
bnsi5,2026-09-18,25.59,47,34.6963888888889,127.9925
bnsi5,2026-09-19,25.56,48,34.6963888888889,127.9925
bnsi5,2026-09-20,25.64,48,34.6963888888889,127.9925
bnsi5,2026-09-21,25.61,48,34.6963888888889,127.9925
bnsi5,2026-09-22,25.36,48,34.6963888888889,127.9925
bnsi5,2026-09-23,25.14,48,34.6963888888889,127.9925
bnsi5,2026-09-24,25.4,48,34.6963888888889,127.9925
btdi5,2026-05-01,15.01,48,34.71,128.1492
btdi5,2026-05-02,15.16,48,34.71,128.1492
btdi5,2026-05-03,14.88,47,34.71,128.1492
btdi5,2026-05-04,14.86,48,34.71,128.1492
btdi5,2026-05-05,15.13,48,34.71,128.1492
btdi5,2026-05-06,15.41,48,34.71,128.1492
btdi5,2026-05-07,15.55,48,34.71,128.1492
btdi5,2026-05-08,15.22,48,34.71,128.1492
btdi5,2026-05-09,15.66,45,34.71,128.1492
btdi5,2026-05-10,16.12,47,34.71,128.1492
btdi5,2026-05-11,16.59,48,34.71,128.1492
btdi5,2026-05-12,16.36,48,34.71,128.1492
btdi5,2026-05-13,16.78,47,34.71,128.1492
btdi5,2026-05-14,16.7,48,34.71,128.1492
btdi5,2026-05-15,17.17,47,34.71,128.1492
btdi5,2026-05-16,17.7,48,34.71,128.1492
btdi5,2026-05-17,18.5,47,34.71,128.1492
btdi5,2026-05-18,18.08,46,34.71,128.1492
btdi5,2026-05-19,18.71,45,34.71,128.1492
btdi5,2026-05-20,16.87,48,34.71,128.1492
btdi5,2026-05-21,17.88,48,34.71,128.1492
btdi5,2026-05-22,17.71,48,34.71,128.1492
btdi5,2026-05-23,17.68,47,34.71,128.1492
btdi5,2026-05-24,17.77,47,34.71,128.1492
btdi5,2026-05-25,18.86,48,34.71,128.1492
btdi5,2026-05-26,18.8,47,34.71,128.1492
btdi5,2026-05-27,18.29,47,34.71,128.1492
btdi5,2026-05-28,18.94,48,34.71,128.1492
btdi5,2026-05-29,19.68,46,34.71,128.1492
btdi5,2026-05-30,20.38,48,34.71,128.1492
btdi5,2026-05-31,20.28,48,34.71,128.1492
btdi5,2026-06-01,20.75,48,34.71,128.1492
btdi5,2026-06-02,19.83,48,34.71,128.1492
btdi5,2026-06-03,20.23,48,34.71,128.1492
btdi5,2026-06-04,19.9,47,34.71,128.1492
btdi5,2026-06-05,20.04,47,34.71,128.1492
btdi5,2026-06-06,19.59,47,34.71,128.1492
btdi5,2026-06-07,19.15,46,34.71,128.1492
btdi5,2026-06-08,20.12,45,34.71,128.1492
btdi5,2026-06-09,20.18,44,34.71,128.1492
btdi5,2026-06-10,20.71,48,34.71,128.1492
btdi5,2026-06-11,20.91,47,34.71,128.1492
btdi5,2026-06-12,21.05,48,34.71,128.1492
btdi5,2026-06-13,21.16,47,34.71,128.1492
btdi5,2026-06-14,21.31,48,34.71,128.1492
btdi5,2026-06-15,21.15,48,34.71,128.1492
btdi5,2026-06-16,21.2,48,34.71,128.1492
btdi5,2026-06-17,21.34,45,34.71,128.1492
btdi5,2026-06-18,22.24,48,34.71,128.1492
btdi5,2026-06-19,21.88,47,34.71,128.1492
btdi5,2026-06-20,21.37,12,34.71,128.1492
btdi5,2026-06-22,20.99,12,34.71,128.1492
btdi5,2026-06-23,20.77,47,34.71,128.1492
btdi5,2026-06-24,20.31,48,34.71,128.1492
btdi5,2026-06-25,20.44,48,34.71,128.1492
btdi5,2026-06-26,21.79,48,34.71,128.1492
btdi5,2026-06-27,21.19,47,34.71,128.1492
btdi5,2026-06-28,21.69,48,34.71,128.1492
btdi5,2026-06-29,22.51,47,34.71,128.1492
btdi5,2026-06-30,22.23,48,34.71,128.1492
btdi5,2026-07-01,21.59,48,34.71,128.1492
btdi5,2026-07-02,22.03,46,34.71,128.1492
btdi5,2026-07-03,22.35,48,34.71,128.1492
btdi5,2026-07-04,22.64,45,34.71,128.1492
btdi5,2026-07-05,22.53,48,34.71,128.1492
btdi5,2026-07-06,22.9,48,34.71,128.1492
btdi5,2026-07-07,23.36,47,34.71,128.1492
btdi5,2026-07-08,23.56,46,34.71,128.1492
btdi5,2026-07-09,23.94,47,34.71,128.1492
btdi5,2026-07-10,24.8,47,34.71,128.1492
btdi5,2026-07-11,26.11,45,34.71,128.1492
btdi5,2026-07-12,25.8,48,34.71,128.1492
btdi5,2026-07-13,25.85,48,34.71,128.1492
btdi5,2026-07-14,25.28,46,34.71,128.1492
btdi5,2026-07-15,23.54,45,34.71,128.1492
btdi5,2026-07-16,23.12,47,34.71,128.1492
btdi5,2026-07-17,23.14,44,34.71,128.1492
btdi5,2026-07-18,23.97,47,34.71,128.1492
btdi5,2026-07-19,24.3,48,34.71,128.1492
btdi5,2026-07-20,24.77,47,34.71,128.1492
btdi5,2026-07-21,25.09,47,34.71,128.1492
btdi5,2026-07-22,25.51,47,34.71,128.1492
btdi5,2026-07-23,25.79,48,34.71,128.1492
btdi5,2026-07-24,25.95,46,34.71,128.1492
btdi5,2026-07-25,26.21,47,34.71,128.1492
btdi5,2026-07-26,26.33,47,34.71,128.1492
btdi5,2026-07-27,25.82,47,34.71,128.1492
btdi5,2026-07-28,25.64,48,34.71,128.1492
btdi5,2026-07-29,25.26,48,34.71,128.1492
btdi5,2026-07-30,24.75,47,34.71,128.1492
btdi5,2026-07-31,24.73,47,34.71,128.1492
btdi5,2026-08-01,25.08,48,34.71,128.1492
btdi5,2026-08-02,24.84,48,34.71,128.1492
btdi5,2026-08-03,25.02,47,34.71,128.1492
btdi5,2026-08-04,25.68,48,34.71,128.1492
btdi5,2026-08-05,26.53,48,34.71,128.1492
btdi5,2026-08-06,26.46,48,34.71,128.1492
btdi5,2026-08-07,26.89,47,34.71,128.1492
btdi5,2026-08-08,27.18,47,34.71,128.1492
btdi5,2026-08-09,27.25,47,34.71,128.1492
btdi5,2026-08-10,27.44,48,34.71,128.1492
btdi5,2026-08-11,27.19,48,34.71,128.1492
btdi5,2026-08-12,27.09,48,34.71,128.1492
btdi5,2026-08-13,27.32,48,34.71,128.1492
btdi5,2026-08-14,27.65,48,34.71,128.1492
btdi5,2026-08-15,27.55,47,34.71,128.1492
btdi5,2026-08-16,27.15,47,34.71,128.1492
btdi5,2026-08-17,26.71,48,34.71,128.1492
btdi5,2026-08-18,26.87,48,34.71,128.1492
btdi5,2026-08-19,27.39,48,34.71,128.1492
btdi5,2026-08-20,27.93,48,34.71,128.1492
btdi5,2026-08-21,28.27,48,34.71,128.1492
btdi5,2026-08-22,28.41,48,34.71,128.1492
btdi5,2026-08-23,28.81,48,34.71,128.1492
btdi5,2026-08-24,28.97,48,34.71,128.1492
btdi5,2026-08-25,29.74,48,34.71,128.1492
btdi5,2026-08-26,29.75,48,34.71,128.1492
btdi5,2026-08-27,29.64,31,34.71,128.1492
btdi5,2026-08-28,29.11,31,34.71,128.1492
btdi5,2026-09-02,28.92,29,34.71,128.1492
btdi5,2026-09-03,28.1,48,34.71,128.1492
btdi5,2026-09-04,27.36,48,34.71,128.1492
btdi5,2026-09-05,27.19,48,34.71,128.1492
btdi5,2026-09-06,26.93,48,34.71,128.1492
btdi5,2026-09-07,26.56,48,34.71,128.1492
btdi5,2026-09-08,26.57,48,34.71,128.1492
btdi5,2026-09-09,25.99,48,34.71,128.1492
btdi5,2026-09-10,25.61,48,34.71,128.1492
btdi5,2026-09-11,25.69,48,34.71,128.1492
btdi5,2026-09-12,25.85,49,34.71,128.1492
btdi5,2026-09-13,25.96,48,34.71,128.1492
btdi5,2026-09-14,25.92,47,34.71,128.1492
btdi5,2026-09-15,25.98,49,34.71,128.1492
btdi5,2026-09-16,25.76,48,34.71,128.1492
btdi5,2026-09-17,25.48,48,34.71,128.1492
btdi5,2026-09-18,25.31,48,34.71,128.1492
btdi5,2026-09-19,25.37,48,34.71,128.1492
btdi5,2026-09-20,25.56,48,34.71,128.1492
btdi5,2026-09-21,25.55,48,34.71,128.1492
btdi5,2026-09-22,25.36,48,34.71,128.1492
btdi5,2026-09-23,25.28,48,34.71,128.1492
btdi5,2026-09-24,25.62,48,34.71,128.1492
btei5,2026-05-01,14.53,48,34.7358333333333,128.690833333333
btei5,2026-05-02,14.46,48,34.7358333333333,128.690833333333
btei5,2026-05-03,14.42,48,34.7358333333333,128.690833333333
btei5,2026-05-04,14.37,48,34.7358333333333,128.690833333333
btei5,2026-05-05,14.51,48,34.7358333333333,128.690833333333
btei5,2026-05-06,14.59,47,34.7358333333333,128.690833333333
btei5,2026-05-07,14.68,48,34.7358333333333,128.690833333333
btei5,2026-05-08,14.75,48,34.7358333333333,128.690833333333
btei5,2026-05-09,14.85,47,34.7358333333333,128.690833333333
btei5,2026-05-10,14.81,48,34.7358333333333,128.690833333333
btei5,2026-05-11,14.91,48,34.7358333333333,128.690833333333
btei5,2026-05-12,14.99,48,34.7358333333333,128.690833333333
btei5,2026-05-13,15.12,48,34.7358333333333,128.690833333333
btei5,2026-05-14,15.73,47,34.7358333333333,128.690833333333
btei5,2026-05-15,16.17,48,34.7358333333333,128.690833333333
btei5,2026-05-16,16.25,48,34.7358333333333,128.690833333333
btei5,2026-05-17,16.29,48,34.7358333333333,128.690833333333
btei5,2026-05-18,15.7,47,34.7358333333333,128.690833333333
btei5,2026-05-19,15.77,47,34.7358333333333,128.690833333333
btei5,2026-05-20,15.69,48,34.7358333333333,128.690833333333
btei5,2026-05-21,16.14,48,34.7358333333333,128.690833333333
btei5,2026-05-22,16.09,47,34.7358333333333,128.690833333333
btei5,2026-05-23,16.53,47,34.7358333333333,128.690833333333
btei5,2026-05-24,16.92,48,34.7358333333333,128.690833333333
btei5,2026-05-25,17.57,48,34.7358333333333,128.690833333333
btei5,2026-05-26,18.21,47,34.7358333333333,128.690833333333
btei5,2026-05-27,18.52,48,34.7358333333333,128.690833333333
btei5,2026-05-28,18.63,48,34.7358333333333,128.690833333333
btei5,2026-05-29,18.89,48,34.7358333333333,128.690833333333
btei5,2026-05-30,18.56,48,34.7358333333333,128.690833333333
btei5,2026-05-31,18.11,47,34.7358333333333,128.690833333333
btei5,2026-06-01,18.26,47,34.7358333333333,128.690833333333
btei5,2026-06-02,17.3,48,34.7358333333333,128.690833333333
btei5,2026-06-03,17.68,48,34.7358333333333,128.690833333333
btei5,2026-06-04,17.64,46,34.7358333333333,128.690833333333
btei5,2026-06-05,18.17,47,34.7358333333333,128.690833333333
btei5,2026-06-06,17.8,48,34.7358333333333,128.690833333333
btei5,2026-06-07,19.1,48,34.7358333333333,128.690833333333
btei5,2026-06-08,19.16,48,34.7358333333333,128.690833333333
btei5,2026-06-09,19.26,48,34.7358333333333,128.690833333333
btei5,2026-06-10,18.79,48,34.7358333333333,128.690833333333
btei5,2026-06-11,18.25,48,34.7358333333333,128.690833333333
btei5,2026-06-12,18.1,48,34.7358333333333,128.690833333333
btei5,2026-06-13,17.76,47,34.7358333333333,128.690833333333
btei5,2026-06-14,18.25,48,34.7358333333333,128.690833333333
btei5,2026-06-15,18.81,48,34.7358333333333,128.690833333333
btei5,2026-06-16,18.9,48,34.7358333333333,128.690833333333
btei5,2026-06-17,19.17,48,34.7358333333333,128.690833333333
btei5,2026-06-18,19.0,48,34.7358333333333,128.690833333333
btei5,2026-06-19,18.38,48,34.7358333333333,128.690833333333
btei5,2026-06-20,17.71,48,34.7358333333333,128.690833333333
btei5,2026-06-21,17.51,48,34.7358333333333,128.690833333333
btei5,2026-06-22,18.04,48,34.7358333333333,128.690833333333
btei5,2026-06-23,19.03,48,34.7358333333333,128.690833333333
btei5,2026-06-24,20.04,48,34.7358333333333,128.690833333333
btei5,2026-06-25,20.96,47,34.7358333333333,128.690833333333
btei5,2026-06-26,21.41,48,34.7358333333333,128.690833333333
btei5,2026-06-27,21.46,48,34.7358333333333,128.690833333333
btei5,2026-06-28,21.82,48,34.7358333333333,128.690833333333
btei5,2026-06-29,22.01,48,34.7358333333333,128.690833333333
btei5,2026-06-30,21.52,47,34.7358333333333,128.690833333333
btei5,2026-07-01,20.94,48,34.7358333333333,128.690833333333
btei5,2026-07-02,20.84,48,34.7358333333333,128.690833333333
btei5,2026-07-03,20.43,48,34.7358333333333,128.690833333333
btei5,2026-07-04,20.31,48,34.7358333333333,128.690833333333
btei5,2026-07-05,19.71,48,34.7358333333333,128.690833333333
btei5,2026-07-06,19.32,48,34.7358333333333,128.690833333333
btei5,2026-07-07,19.19,48,34.7358333333333,128.690833333333
btei5,2026-07-08,19.42,48,34.7358333333333,128.690833333333
btei5,2026-07-09,19.39,47,34.7358333333333,128.690833333333
btei5,2026-07-10,20.54,47,34.7358333333333,128.690833333333
btei5,2026-07-11,22.28,47,34.7358333333333,128.690833333333
btei5,2026-07-12,22.87,47,34.7358333333333,128.690833333333
btei5,2026-07-13,21.92,48,34.7358333333333,128.690833333333
btei5,2026-07-14,20.44,48,34.7358333333333,128.690833333333
btei5,2026-07-15,18.08,47,34.7358333333333,128.690833333333
btei5,2026-07-16,18.25,48,34.7358333333333,128.690833333333
btei5,2026-07-17,17.79,46,34.7358333333333,128.690833333333
btei5,2026-07-18,17.48,48,34.7358333333333,128.690833333333
btei5,2026-07-19,17.64,47,34.7358333333333,128.690833333333
btei5,2026-07-20,17.78,48,34.7358333333333,128.690833333333
btei5,2026-07-21,18.35,48,34.7358333333333,128.690833333333
btei5,2026-07-22,19.51,48,34.7358333333333,128.690833333333
btei5,2026-07-23,19.77,48,34.7358333333333,128.690833333333
btei5,2026-07-24,20.43,47,34.7358333333333,128.690833333333
btei5,2026-07-25,21.31,47,34.7358333333333,128.690833333333
btei5,2026-07-26,21.59,48,34.7358333333333,128.690833333333
btei5,2026-07-27,22.41,48,34.7358333333333,128.690833333333
btei5,2026-07-28,21.42,48,34.7358333333333,128.690833333333
btei5,2026-07-29,20.56,48,34.7358333333333,128.690833333333
btei5,2026-07-30,20.28,46,34.7358333333333,128.690833333333
btei5,2026-07-31,19.11,48,34.7358333333333,128.690833333333
btei5,2026-08-01,19.31,48,34.7358333333333,128.690833333333
btei5,2026-08-02,18.86,48,34.7358333333333,128.690833333333
btei5,2026-08-03,19.85,48,34.7358333333333,128.690833333333
btei5,2026-08-04,22.39,46,34.7358333333333,128.690833333333
btei5,2026-08-05,25.08,48,34.7358333333333,128.690833333333
btei5,2026-08-06,26.02,48,34.7358333333333,128.690833333333
btei5,2026-08-07,27.29,48,34.7358333333333,128.690833333333
btei5,2026-08-08,27.77,48,34.7358333333333,128.690833333333
btei5,2026-08-09,27.48,48,34.7358333333333,128.690833333333
btei5,2026-08-10,27.41,44,34.7358333333333,128.690833333333
btei5,2026-08-11,27.5,48,34.7358333333333,128.690833333333
btei5,2026-08-12,27.32,48,34.7358333333333,128.690833333333
btei5,2026-08-13,27.34,48,34.7358333333333,128.690833333333
btei5,2026-08-14,27.27,45,34.7358333333333,128.690833333333
btei5,2026-08-15,26.95,48,34.7358333333333,128.690833333333
btei5,2026-08-16,25.83,46,34.7358333333333,128.690833333333
btei5,2026-08-17,24.92,48,34.7358333333333,128.690833333333
btei5,2026-08-18,24.87,47,34.7358333333333,128.690833333333
btei5,2026-08-19,25.24,47,34.7358333333333,128.690833333333
btei5,2026-08-20,26.16,48,34.7358333333333,128.690833333333
btei5,2026-08-21,27.09,48,34.7358333333333,128.690833333333
btei5,2026-08-22,27.58,48,34.7358333333333,128.690833333333
btei5,2026-08-23,27.96,48,34.7358333333333,128.690833333333
btei5,2026-08-24,28.54,48,34.7358333333333,128.690833333333
btei5,2026-08-25,28.34,48,34.7358333333333,128.690833333333
btei5,2026-08-26,28.33,48,34.7358333333333,128.690833333333
btei5,2026-08-27,28.14,48,34.7358333333333,128.690833333333
btei5,2026-08-28,27.71,48,34.7358333333333,128.690833333333
btei5,2026-08-29,26.54,48,34.7358333333333,128.690833333333
btei5,2026-08-30,25.83,48,34.7358333333333,128.690833333333
btei5,2026-08-31,25.68,48,34.7358333333333,128.690833333333
btei5,2026-09-01,26.26,48,34.7358333333333,128.690833333333
btei5,2026-09-02,26.6,48,34.7358333333333,128.690833333333
btei5,2026-09-03,27.32,48,34.7358333333333,128.690833333333
btei5,2026-09-04,27.52,48,34.7358333333333,128.690833333333
btei5,2026-09-05,27.39,47,34.7358333333333,128.690833333333
btei5,2026-09-06,27.05,48,34.7358333333333,128.690833333333
btei5,2026-09-07,26.6,48,34.7358333333333,128.690833333333
btei5,2026-09-08,26.22,48,34.7358333333333,128.690833333333
btei5,2026-09-09,25.99,48,34.7358333333333,128.690833333333
btei5,2026-09-10,25.7,48,34.7358333333333,128.690833333333
btei5,2026-09-11,25.54,44,34.7358333333333,128.690833333333
btei5,2026-09-12,25.26,48,34.7358333333333,128.690833333333
btei5,2026-09-13,25.23,48,34.7358333333333,128.690833333333
btei5,2026-09-14,25.16,48,34.7358333333333,128.690833333333
btei5,2026-09-15,25.01,48,34.7358333333333,128.690833333333
btei5,2026-09-16,25.04,48,34.7358333333333,128.690833333333
btei5,2026-09-17,24.85,48,34.7358333333333,128.690833333333
btei5,2026-09-18,24.68,48,34.7358333333333,128.690833333333
btei5,2026-09-19,24.73,48,34.7358333333333,128.690833333333
btei5,2026-09-20,24.63,48,34.7358333333333,128.690833333333
btei5,2026-09-21,24.74,48,34.7358333333333,128.690833333333
btei5,2026-09-22,24.56,48,34.7358333333333,128.690833333333
btei5,2026-09-23,24.56,48,34.7358333333333,128.690833333333
btei5,2026-09-24,24.69,48,34.7358333333333,128.690833333333
bthi5,2026-05-01,14.35,66,34.7056,128.4961
bthi5,2026-05-02,14.47,79,34.7056,128.4961
bthi5,2026-05-03,14.31,167,34.7056,128.4961
bthi5,2026-05-04,14.3,132,34.7056,128.4961
bthi5,2026-05-05,14.66,51,34.7056,128.4961
bthi5,2026-05-06,14.96,48,34.7056,128.4961
bthi5,2026-05-07,15.07,48,34.7056,128.4961
bthi5,2026-05-08,14.72,47,34.7056,128.4961
bthi5,2026-05-09,14.84,47,34.7056,128.4961
bthi5,2026-05-10,15.84,48,34.7056,128.4961
bthi5,2026-05-11,16.55,48,34.7056,128.4961
bthi5,2026-05-12,16.14,48,34.7056,128.4961
bthi5,2026-05-13,16.29,48,34.7056,128.4961
bthi5,2026-05-14,15.7,48,34.7056,128.4961
bthi5,2026-05-15,15.63,48,34.7056,128.4961
bthi5,2026-05-16,15.95,48,34.7056,128.4961
bthi5,2026-05-17,16.18,47,34.7056,128.4961
bthi5,2026-05-18,16.37,48,34.7056,128.4961
bthi5,2026-05-19,16.88,48,34.7056,128.4961
bthi5,2026-05-20,15.78,48,34.7056,128.4961
bthi5,2026-05-21,16.25,48,34.7056,128.4961
bthi5,2026-05-22,16.24,47,34.7056,128.4961
bthi5,2026-05-23,16.33,47,34.7056,128.4961
bthi5,2026-05-24,16.83,48,34.7056,128.4961
bthi5,2026-05-25,17.72,48,34.7056,128.4961
bthi5,2026-05-26,18.23,47,34.7056,128.4961
bthi5,2026-05-27,17.94,47,34.7056,128.4961
bthi5,2026-05-28,18.06,48,34.7056,128.4961
bthi5,2026-05-29,18.13,48,34.7056,128.4961
bthi5,2026-05-30,18.15,48,34.7056,128.4961
bthi5,2026-05-31,18.24,48,34.7056,128.4961
bthi5,2026-06-01,17.92,48,34.7056,128.4961
bthi5,2026-06-02,17.69,48,34.7056,128.4961
bthi5,2026-06-03,18.28,48,34.7056,128.4961
bthi5,2026-06-04,17.85,48,34.7056,128.4961
bthi5,2026-06-05,17.95,48,34.7056,128.4961
bthi5,2026-06-06,17.69,47,34.7056,128.4961
bthi5,2026-06-07,17.96,48,34.7056,128.4961
bthi5,2026-06-08,18.58,48,34.7056,128.4961
bthi5,2026-06-09,18.77,48,34.7056,128.4961
bthi5,2026-06-10,18.97,48,34.7056,128.4961
bthi5,2026-06-11,18.63,48,34.7056,128.4961
bthi5,2026-06-12,18.81,48,34.7056,128.4961
bthi5,2026-06-13,18.48,48,34.7056,128.4961
bthi5,2026-06-14,18.58,48,34.7056,128.4961
bthi5,2026-06-15,18.3,48,34.7056,128.4961
bthi5,2026-06-16,18.35,48,34.7056,128.4961
bthi5,2026-06-17,18.54,48,34.7056,128.4961
bthi5,2026-06-18,18.9,47,34.7056,128.4961
bthi5,2026-06-19,18.43,48,34.7056,128.4961
bthi5,2026-06-20,18.42,48,34.7056,128.4961
bthi5,2026-06-21,19.0,48,34.7056,128.4961
bthi5,2026-06-22,18.78,48,34.7056,128.4961
bthi5,2026-06-23,19.01,48,34.7056,128.4961
bthi5,2026-06-24,19.69,48,34.7056,128.4961
bthi5,2026-06-25,20.52,47,34.7056,128.4961
bthi5,2026-06-26,20.71,48,34.7056,128.4961
bthi5,2026-06-27,20.66,48,34.7056,128.4961
bthi5,2026-06-28,20.96,48,34.7056,128.4961
bthi5,2026-06-29,20.95,48,34.7056,128.4961
bthi5,2026-06-30,20.62,48,34.7056,128.4961
bthi5,2026-07-01,20.04,48,34.7056,128.4961
bthi5,2026-07-02,20.4,47,34.7056,128.4961
bthi5,2026-07-03,20.12,47,34.7056,128.4961
bthi5,2026-07-04,20.32,48,34.7056,128.4961
bthi5,2026-07-05,20.06,48,34.7056,128.4961
bthi5,2026-07-06,20.51,46,34.7056,128.4961
bthi5,2026-07-07,20.64,46,34.7056,128.4961
bthi5,2026-07-08,20.84,48,34.7056,128.4961
bthi5,2026-07-09,21.88,48,34.7056,128.4961
bthi5,2026-07-10,22.3,48,34.7056,128.4961
bthi5,2026-07-11,22.77,48,34.7056,128.4961
bthi5,2026-07-12,22.35,48,34.7056,128.4961
bthi5,2026-07-13,21.61,47,34.7056,128.4961
bthi5,2026-07-14,20.39,48,34.7056,128.4961
bthi5,2026-07-15,19.99,48,34.7056,128.4961
bthi5,2026-07-16,19.77,48,34.7056,128.4961
bthi5,2026-07-17,19.17,46,34.7056,128.4961
bthi5,2026-07-18,19.28,46,34.7056,128.4961
bthi5,2026-07-19,19.68,46,34.7056,128.4961
bthi5,2026-07-20,20.18,46,34.7056,128.4961
bthi5,2026-07-21,21.53,47,34.7056,128.4961
bthi5,2026-07-22,22.12,48,34.7056,128.4961
bthi5,2026-07-23,23.09,48,34.7056,128.4961
bthi5,2026-07-24,23.14,48,34.7056,128.4961
bthi5,2026-07-25,23.13,46,34.7056,128.4961
bthi5,2026-07-26,22.29,48,34.7056,128.4961
bthi5,2026-07-27,21.45,48,34.7056,128.4961
bthi5,2026-07-28,21.39,48,34.7056,128.4961
bthi5,2026-07-29,21.0,48,34.7056,128.4961
bthi5,2026-07-30,20.78,47,34.7056,128.4961
bthi5,2026-07-31,20.37,48,34.7056,128.4961
bthi5,2026-08-01,19.99,47,34.7056,128.4961
bthi5,2026-08-02,19.77,47,34.7056,128.4961
bthi5,2026-08-03,19.68,48,34.7056,128.4961
bthi5,2026-08-04,21.16,48,34.7056,128.4961
bthi5,2026-08-05,23.76,48,34.7056,128.4961
bthi5,2026-08-06,25.16,48,34.7056,128.4961
bthi5,2026-08-07,26.46,48,34.7056,128.4961
bthi5,2026-08-08,27.16,47,34.7056,128.4961
bthi5,2026-08-09,27.03,47,34.7056,128.4961
bthi5,2026-08-10,26.54,47,34.7056,128.4961
bthi5,2026-08-11,26.23,48,34.7056,128.4961
bthi5,2026-08-12,26.38,47,34.7056,128.4961
bthi5,2026-08-13,26.49,48,34.7056,128.4961
bthi5,2026-08-14,26.14,48,34.7056,128.4961
bthi5,2026-08-15,25.75,47,34.7056,128.4961
bthi5,2026-08-16,25.72,48,34.7056,128.4961
bthi5,2026-08-17,25.81,47,34.7056,128.4961
bthi5,2026-08-18,25.87,48,34.7056,128.4961
bthi5,2026-08-19,26.8,48,34.7056,128.4961
bthi5,2026-08-20,27.52,48,34.7056,128.4961
bthi5,2026-08-21,27.68,48,34.7056,128.4961
bthi5,2026-08-22,28.07,48,34.7056,128.4961
bthi5,2026-08-23,28.84,48,34.7056,128.4961
bthi5,2026-08-24,28.72,48,34.7056,128.4961
bthi5,2026-08-25,28.69,48,34.7056,128.4961
bthi5,2026-08-26,28.32,48,34.7056,128.4961
bthi5,2026-08-27,27.87,48,34.7056,128.4961
bthi5,2026-08-28,26.87,48,34.7056,128.4961
bthi5,2026-09-03,25.05,19,34.7056,128.4961
bthi5,2026-09-04,26.51,48,34.7056,128.4961
bthi5,2026-09-05,26.51,48,34.7056,128.4961
bthi5,2026-09-06,26.36,48,34.7056,128.4961
bthi5,2026-09-07,26.08,48,34.7056,128.4961
bthi5,2026-09-08,25.95,48,34.7056,128.4961
bthi5,2026-09-09,25.68,48,34.7056,128.4961
bthi5,2026-09-10,25.43,48,34.7056,128.4961
bthi5,2026-09-11,25.41,48,34.7056,128.4961
bthi5,2026-09-12,25.48,48,34.7056,128.4961
bthi5,2026-09-13,25.53,48,34.7056,128.4961
bthi5,2026-09-14,25.49,48,34.7056,128.4961
bthi5,2026-09-15,25.26,48,34.7056,128.4961
bthi5,2026-09-16,25.09,48,34.7056,128.4961
bthi5,2026-09-17,24.99,48,34.7056,128.4961
bthi5,2026-09-18,24.89,48,34.7056,128.4961
bthi5,2026-09-19,24.94,48,34.7056,128.4961
bthi5,2026-09-20,24.89,48,34.7056,128.4961
bthi5,2026-09-21,24.87,48,34.7056,128.4961
bthi5,2026-09-22,24.73,48,34.7056,128.4961
bthi5,2026-09-23,24.7,48,34.7056,128.4961
bthi5,2026-09-24,24.93,48,34.7056,128.4961
btji5,2026-05-01,15.57,48,35.058,128.6808
btji5,2026-05-02,15.84,47,35.058,128.6808
btji5,2026-05-03,15.68,46,35.058,128.6808
btji5,2026-05-04,15.61,45,35.058,128.6808
btji5,2026-05-05,15.99,47,35.058,128.6808
btji5,2026-05-06,16.25,47,35.058,128.6808
btji5,2026-05-07,16.44,48,35.058,128.6808
btji5,2026-05-08,16.47,48,35.058,128.6808
btji5,2026-05-09,16.63,47,35.058,128.6808
btji5,2026-05-10,17.16,48,35.058,128.6808
btji5,2026-05-11,17.45,48,35.058,128.6808
btji5,2026-05-12,17.37,47,35.058,128.6808
btji5,2026-05-13,17.56,47,35.058,128.6808
btji5,2026-05-14,17.57,46,35.058,128.6808
btji5,2026-05-15,17.42,48,35.058,128.6808
btji5,2026-05-16,17.58,48,35.058,128.6808
btji5,2026-05-17,17.91,46,35.058,128.6808
btji5,2026-05-18,18.4,46,35.058,128.6808
btji5,2026-05-19,18.59,48,35.058,128.6808
btji5,2026-05-20,18.3,47,35.058,128.6808
btji5,2026-05-21,18.12,48,35.058,128.6808
btji5,2026-05-22,18.0,47,35.058,128.6808
btji5,2026-05-23,17.75,47,35.058,128.6808
btji5,2026-05-24,17.96,45,35.058,128.6808
btji5,2026-05-25,18.34,46,35.058,128.6808
btji5,2026-05-26,18.73,46,35.058,128.6808
btji5,2026-05-27,19.16,48,35.058,128.6808
btji5,2026-05-28,19.7,47,35.058,128.6808
btji5,2026-05-29,20.16,48,35.058,128.6808
btji5,2026-05-30,20.59,48,35.058,128.6808
btji5,2026-05-31,21.34,48,35.058,128.6808
btji5,2026-06-01,21.16,47,35.058,128.6808
btji5,2026-06-02,21.17,47,35.058,128.6808
btji5,2026-06-03,20.73,47,35.058,128.6808
btji5,2026-06-04,20.89,47,35.058,128.6808
btji5,2026-06-05,21.09,46,35.058,128.6808
btji5,2026-06-06,21.17,48,35.058,128.6808
btji5,2026-06-07,20.86,47,35.058,128.6808
btji5,2026-06-08,20.86,46,35.058,128.6808
btji5,2026-06-09,20.95,48,35.058,128.6808
btji5,2026-06-10,21.16,47,35.058,128.6808
btji5,2026-06-11,21.54,48,35.058,128.6808
btji5,2026-06-12,21.84,48,35.058,128.6808
btji5,2026-06-13,21.94,48,35.058,128.6808
btji5,2026-06-14,21.76,48,35.058,128.6808
btji5,2026-06-15,21.07,46,35.058,128.6808
btji5,2026-06-16,20.68,48,35.058,128.6808
btji5,2026-06-17,20.62,43,35.058,128.6808
btji5,2026-06-18,21.07,48,35.058,128.6808
btji5,2026-06-19,21.7,48,35.058,128.6808
btji5,2026-06-20,21.26,48,35.058,128.6808
btji5,2026-06-21,21.5,46,35.058,128.6808
btji5,2026-06-22,21.32,48,35.058,128.6808
btji5,2026-06-23,20.86,48,35.058,128.6808
btji5,2026-06-24,20.31,47,35.058,128.6808
btji5,2026-06-25,20.77,47,35.058,128.6808
btji5,2026-06-26,21.53,47,35.058,128.6808
btji5,2026-06-27,20.91,48,35.058,128.6808
btji5,2026-06-28,21.25,48,35.058,128.6808
btji5,2026-06-29,21.41,47,35.058,128.6808
btji5,2026-06-30,21.68,48,35.058,128.6808
btji5,2026-07-01,21.44,48,35.058,128.6808
btji5,2026-07-02,22.06,47,35.058,128.6808
btji5,2026-07-03,22.3,46,35.058,128.6808
btji5,2026-07-04,22.95,47,35.058,128.6808
btji5,2026-07-05,22.7,48,35.058,128.6808
btji5,2026-07-06,23.4,47,35.058,128.6808
btji5,2026-07-07,24.1,44,35.058,128.6808
btji5,2026-07-08,23.83,47,35.058,128.6808
btji5,2026-07-09,24.14,44,35.058,128.6808
btji5,2026-07-10,24.85,45,35.058,128.6808
btji5,2026-07-11,25.23,47,35.058,128.6808
btji5,2026-07-12,25.11,46,35.058,128.6808
btji5,2026-07-13,25.31,47,35.058,128.6808
btji5,2026-07-14,25.04,48,35.058,128.6808
btji5,2026-07-15,24.02,47,35.058,128.6808
btji5,2026-07-16,24.35,48,35.058,128.6808
btji5,2026-07-17,24.57,46,35.058,128.6808
btji5,2026-07-18,24.31,48,35.058,128.6808
btji5,2026-07-19,24.41,47,35.058,128.6808
btji5,2026-07-20,24.68,46,35.058,128.6808
btji5,2026-07-21,25.44,48,35.058,128.6808
btji5,2026-07-22,25.4,46,35.058,128.6808
btji5,2026-07-23,25.76,47,35.058,128.6808
btji5,2026-07-24,26.15,46,35.058,128.6808
btji5,2026-07-25,26.38,45,35.058,128.6808
btji5,2026-07-26,27.06,47,35.058,128.6808
btji5,2026-07-27,27.01,47,35.058,128.6808
btji5,2026-07-28,26.62,45,35.058,128.6808
btji5,2026-07-29,26.36,48,35.058,128.6808
btji5,2026-07-30,25.95,47,35.058,128.6808
btji5,2026-07-31,25.72,47,35.058,128.6808
btji5,2026-08-01,26.03,46,35.058,128.6808
btji5,2026-08-02,26.03,46,35.058,128.6808
btji5,2026-08-03,25.61,45,35.058,128.6808
btji5,2026-08-04,25.12,46,35.058,128.6808
btji5,2026-08-05,25.35,47,35.058,128.6808
btji5,2026-08-06,24.41,48,35.058,128.6808
btji5,2026-08-07,25.67,45,35.058,128.6808
btji5,2026-08-08,26.3,46,35.058,128.6808
btji5,2026-08-09,26.96,45,35.058,128.6808
btji5,2026-08-10,27.02,48,35.058,128.6808
btji5,2026-08-11,26.82,48,35.058,128.6808
btji5,2026-08-12,26.54,47,35.058,128.6808
btji5,2026-08-13,26.3,46,35.058,128.6808
btji5,2026-08-14,26.39,48,35.058,128.6808
btji5,2026-08-15,26.35,47,35.058,128.6808
btji5,2026-08-16,26.11,47,35.058,128.6808
btji5,2026-08-17,25.71,47,35.058,128.6808
btji5,2026-08-18,25.96,48,35.058,128.6808
btji5,2026-08-19,27.09,47,35.058,128.6808
btji5,2026-08-20,28.63,48,35.058,128.6808
btji5,2026-08-21,28.93,47,35.058,128.6808
btji5,2026-08-22,28.19,48,35.058,128.6808
btji5,2026-08-23,29.23,48,35.058,128.6808
btji5,2026-08-24,29.85,48,35.058,128.6808
btji5,2026-08-25,29.85,48,35.058,128.6808
btji5,2026-08-26,29.67,48,35.058,128.6808
btji5,2026-08-27,29.36,47,35.058,128.6808
btji5,2026-08-28,28.92,48,35.058,128.6808
btji5,2026-08-29,28.44,48,35.058,128.6808
btji5,2026-08-30,28.64,46,35.058,128.6808
btji5,2026-08-31,28.71,48,35.058,128.6808
btji5,2026-09-01,28.23,47,35.058,128.6808
btji5,2026-09-02,28.34,48,35.058,128.6808
btji5,2026-09-03,28.02,48,35.058,128.6808
btji5,2026-09-04,26.49,47,35.058,128.6808
btji5,2026-09-05,26.32,48,35.058,128.6808
btji5,2026-09-06,26.58,47,35.058,128.6808
btji5,2026-09-07,26.4,47,35.058,128.6808
btji5,2026-09-08,26.35,48,35.058,128.6808
btji5,2026-09-09,26.02,48,35.058,128.6808
btji5,2026-09-10,25.74,48,35.058,128.6808
btji5,2026-09-11,25.74,48,35.058,128.6808
btji5,2026-09-12,25.79,48,35.058,128.6808
btji5,2026-09-13,25.94,48,35.058,128.6808
btji5,2026-09-14,25.92,48,35.058,128.6808
btji5,2026-09-15,26.04,48,35.058,128.6808
btji5,2026-09-16,25.83,48,35.058,128.6808
btji5,2026-09-17,25.55,48,35.058,128.6808
btji5,2026-09-18,25.42,48,35.058,128.6808
btji5,2026-09-19,25.39,48,35.058,128.6808
btji5,2026-09-20,25.47,48,35.058,128.6808
btji5,2026-09-21,25.45,47,35.058,128.6808
btji5,2026-09-22,25.24,48,35.058,128.6808
btji5,2026-09-23,25.32,48,35.058,128.6808
btji5,2026-09-24,25.3,48,35.058,128.6808
btyi5,2026-05-01,14.22,47,34.6733,128.3653
btyi5,2026-05-02,14.65,48,34.6733,128.3653
btyi5,2026-05-03,14.27,47,34.6733,128.3653
btyi5,2026-05-04,14.16,47,34.6733,128.3653
btyi5,2026-05-05,14.5,46,34.6733,128.3653
btyi5,2026-05-06,14.67,45,34.6733,128.3653
btyi5,2026-05-07,15.06,42,34.6733,128.3653
btyi5,2026-05-08,14.87,46,34.6733,128.3653
btyi5,2026-05-09,14.99,48,34.6733,128.3653
btyi5,2026-05-10,15.42,46,34.6733,128.3653
btyi5,2026-05-11,15.64,45,34.6733,128.3653
btyi5,2026-05-12,15.67,47,34.6733,128.3653
btyi5,2026-05-13,16.04,47,34.6733,128.3653
btyi5,2026-05-14,15.86,47,34.6733,128.3653
btyi5,2026-05-15,15.53,46,34.6733,128.3653
btyi5,2026-05-16,16.68,45,34.6733,128.3653
btyi5,2026-05-17,17.19,47,34.6733,128.3653
btyi5,2026-05-18,16.89,47,34.6733,128.3653
btyi5,2026-05-19,17.49,47,34.6733,128.3653
btyi5,2026-05-20,15.98,47,34.6733,128.3653
btyi5,2026-05-21,16.47,47,34.6733,128.3653
btyi5,2026-05-22,16.29,42,34.6733,128.3653
btyi5,2026-05-23,16.1,45,34.6733,128.3653
btyi5,2026-05-24,16.46,43,34.6733,128.3653
btyi5,2026-05-25,17.64,45,34.6733,128.3653
btyi5,2026-05-26,17.86,46,34.6733,128.3653
btyi5,2026-05-27,17.33,47,34.6733,128.3653
btyi5,2026-05-28,17.74,46,34.6733,128.3653
btyi5,2026-05-29,18.54,48,34.6733,128.3653
btyi5,2026-05-30,18.84,47,34.6733,128.3653
btyi5,2026-05-31,19.49,48,34.6733,128.3653
btyi5,2026-06-01,19.17,48,34.6733,128.3653
btyi5,2026-06-02,18.24,48,34.6733,128.3653
btyi5,2026-06-03,19.06,48,34.6733,128.3653
btyi5,2026-06-04,18.83,42,34.6733,128.3653
btyi5,2026-06-05,19.19,47,34.6733,128.3653
btyi5,2026-06-06,18.85,47,34.6733,128.3653
btyi5,2026-06-07,18.25,48,34.6733,128.3653
btyi5,2026-06-08,18.91,47,34.6733,128.3653
btyi5,2026-06-09,19.24,48,34.6733,128.3653
btyi5,2026-06-10,19.3,47,34.6733,128.3653
btyi5,2026-06-11,19.54,46,34.6733,128.3653
btyi5,2026-06-12,19.73,48,34.6733,128.3653
btyi5,2026-06-13,20.06,47,34.6733,128.3653
btyi5,2026-06-14,20.38,44,34.6733,128.3653
btyi5,2026-06-15,19.83,48,34.6733,128.3653
btyi5,2026-06-16,19.2,44,34.6733,128.3653
btyi5,2026-06-17,19.57,47,34.6733,128.3653
btyi5,2026-06-18,20.25,48,34.6733,128.3653
btyi5,2026-06-19,19.94,48,34.6733,128.3653
btyi5,2026-06-20,18.89,46,34.6733,128.3653
btyi5,2026-06-21,19.9,46,34.6733,128.3653
btyi5,2026-06-22,19.76,48,34.6733,128.3653
btyi5,2026-06-23,19.64,45,34.6733,128.3653
btyi5,2026-06-24,19.37,44,34.6733,128.3653
btyi5,2026-06-25,19.71,46,34.6733,128.3653
btyi5,2026-06-26,20.88,46,34.6733,128.3653
btyi5,2026-06-27,20.06,48,34.6733,128.3653
btyi5,2026-06-28,20.69,48,34.6733,128.3653
btyi5,2026-06-29,21.3,47,34.6733,128.3653
btyi5,2026-06-30,20.76,47,34.6733,128.3653
btyi5,2026-07-01,20.62,47,34.6733,128.3653
btyi5,2026-07-02,21.19,47,34.6733,128.3653
btyi5,2026-07-03,21.06,48,34.6733,128.3653
btyi5,2026-07-04,21.48,48,34.6733,128.3653
btyi5,2026-07-05,21.36,47,34.6733,128.3653
btyi5,2026-07-06,21.79,48,34.6733,128.3653
btyi5,2026-07-07,22.23,46,34.6733,128.3653
btyi5,2026-07-08,21.72,45,34.6733,128.3653
btyi5,2026-07-09,22.18,46,34.6733,128.3653
btyi5,2026-07-10,23.43,47,34.6733,128.3653
btyi5,2026-07-11,24.11,47,34.6733,128.3653
btyi5,2026-07-12,23.95,47,34.6733,128.3653
btyi5,2026-07-13,23.09,48,34.6733,128.3653
btyi5,2026-07-14,22.23,48,34.6733,128.3653
btyi5,2026-07-15,21.69,47,34.6733,128.3653
btyi5,2026-07-16,21.7,48,34.6733,128.3653
btyi5,2026-07-17,21.7,48,34.6733,128.3653
btyi5,2026-07-18,21.52,47,34.6733,128.3653
btyi5,2026-07-19,21.89,47,34.6733,128.3653
btyi5,2026-07-20,22.66,46,34.6733,128.3653
btyi5,2026-07-21,23.36,46,34.6733,128.3653
btyi5,2026-07-22,24.14,47,34.6733,128.3653
btyi5,2026-07-23,24.66,46,34.6733,128.3653
btyi5,2026-07-24,24.64,48,34.6733,128.3653
btyi5,2026-07-25,24.84,48,34.6733,128.3653
btyi5,2026-07-26,24.96,47,34.6733,128.3653
btyi5,2026-07-27,25.28,48,34.6733,128.3653
btyi5,2026-07-28,24.88,47,34.6733,128.3653
btyi5,2026-07-29,23.52,48,34.6733,128.3653
btyi5,2026-07-30,22.86,45,34.6733,128.3653
btyi5,2026-07-31,22.42,48,34.6733,128.3653
btyi5,2026-08-01,22.66,43,34.6733,128.3653
btyi5,2026-08-02,22.72,47,34.6733,128.3653
btyi5,2026-08-03,22.12,46,34.6733,128.3653
btyi5,2026-08-04,22.42,42,34.6733,128.3653
btyi5,2026-08-05,24.09,47,34.6733,128.3653
btyi5,2026-08-06,24.68,44,34.6733,128.3653
btyi5,2026-08-07,25.79,46,34.6733,128.3653
btyi5,2026-08-08,26.63,48,34.6733,128.3653
btyi5,2026-08-09,26.83,45,34.6733,128.3653
btyi5,2026-08-10,26.62,45,34.6733,128.3653
btyi5,2026-08-11,26.53,48,34.6733,128.3653
btyi5,2026-08-12,26.5,46,34.6733,128.3653
btyi5,2026-08-13,26.85,47,34.6733,128.3653
btyi5,2026-08-14,26.93,48,34.6733,128.3653
btyi5,2026-08-15,27.03,48,34.6733,128.3653
btyi5,2026-08-16,26.65,48,34.6733,128.3653
btyi5,2026-08-17,26.39,48,34.6733,128.3653
btyi5,2026-08-18,26.6,48,34.6733,128.3653
btyi5,2026-08-19,27.32,47,34.6733,128.3653
btyi5,2026-08-20,27.89,47,34.6733,128.3653
btyi5,2026-08-21,27.9,48,34.6733,128.3653
btyi5,2026-08-22,27.66,48,34.6733,128.3653
btyi5,2026-08-23,28.62,48,34.6733,128.3653
btyi5,2026-08-24,28.75,48,34.6733,128.3653
btyi5,2026-08-25,29.3,48,34.6733,128.3653
btyi5,2026-08-26,28.72,48,34.6733,128.3653
btyi5,2026-08-27,28.74,48,34.6733,128.3653
btyi5,2026-08-28,28.27,48,34.6733,128.3653
btyi5,2026-08-29,28.53,48,34.6733,128.3653
btyi5,2026-08-30,28.44,48,34.6733,128.3653
btyi5,2026-08-31,28.09,48,34.6733,128.3653
btyi5,2026-09-01,27.58,48,34.6733,128.3653
btyi5,2026-09-02,27.71,48,34.6733,128.3653
btyi5,2026-09-03,27.34,48,34.6733,128.3653
btyi5,2026-09-04,26.93,48,34.6733,128.3653
btyi5,2026-09-05,26.45,48,34.6733,128.3653
btyi5,2026-09-06,26.36,48,34.6733,128.3653
btyi5,2026-09-07,26.23,48,34.6733,128.3653
btyi5,2026-09-08,26.14,48,34.6733,128.3653
btyi5,2026-09-09,25.96,48,34.6733,128.3653
btyi5,2026-09-10,25.65,48,34.6733,128.3653
btyi5,2026-09-11,25.59,48,34.6733,128.3653
btyi5,2026-09-12,25.58,48,34.6733,128.3653
btyi5,2026-09-13,25.78,48,34.6733,128.3653
btyi5,2026-09-14,25.65,48,34.6733,128.3653
btyi5,2026-09-15,25.69,48,34.6733,128.3653
btyi5,2026-09-16,25.48,48,34.6733,128.3653
btyi5,2026-09-17,25.24,48,34.6733,128.3653
btyi5,2026-09-18,25.05,48,34.6733,128.3653
btyi5,2026-09-19,25.1,48,34.6733,128.3653
btyi5,2026-09-20,25.15,48,34.6733,128.3653
btyi5,2026-09-21,25.11,48,34.6733,128.3653
btyi5,2026-09-22,24.99,48,34.6733,128.3653
btyi5,2026-09-23,25.13,48,34.6733,128.3653
btyi5,2026-09-24,25.29,48,34.6733,128.3653
byki5,2026-05-01,14.97,47,34.5666666666667,127.776666666667
byki5,2026-05-02,15.04,47,34.5666666666667,127.776666666667
byki5,2026-05-03,15.0,48,34.5666666666667,127.776666666667
byki5,2026-05-04,14.97,48,34.5666666666667,127.776666666667
byki5,2026-05-05,15.18,48,34.5666666666667,127.776666666667
byki5,2026-05-06,15.46,48,34.5666666666667,127.776666666667
byki5,2026-05-07,15.48,47,34.5666666666667,127.776666666667
byki5,2026-05-08,15.2,48,34.5666666666667,127.776666666667
byki5,2026-05-09,15.71,48,34.5666666666667,127.776666666667
byki5,2026-05-10,15.8,46,34.5666666666667,127.776666666667
byki5,2026-05-11,16.06,48,34.5666666666667,127.776666666667
byki5,2026-05-12,16.06,48,34.5666666666667,127.776666666667
byki5,2026-05-13,16.84,47,34.5666666666667,127.776666666667
byki5,2026-05-14,17.0,48,34.5666666666667,127.776666666667
byki5,2026-05-15,16.67,48,34.5666666666667,127.776666666667
byki5,2026-05-16,17.05,48,34.5666666666667,127.776666666667
byki5,2026-05-17,17.21,48,34.5666666666667,127.776666666667
byki5,2026-05-18,17.37,48,34.5666666666667,127.776666666667
byki5,2026-05-19,17.21,48,34.5666666666667,127.776666666667
byki5,2026-05-20,17.13,47,34.5666666666667,127.776666666667
byki5,2026-05-21,17.49,46,34.5666666666667,127.776666666667
byki5,2026-05-22,17.88,48,34.5666666666667,127.776666666667
byki5,2026-05-23,17.6,48,34.5666666666667,127.776666666667
byki5,2026-05-24,18.08,48,34.5666666666667,127.776666666667
byki5,2026-05-25,19.5,47,34.5666666666667,127.776666666667
byki5,2026-05-26,19.36,48,34.5666666666667,127.776666666667
byki5,2026-05-27,19.73,48,34.5666666666667,127.776666666667
byki5,2026-05-28,19.83,45,34.5666666666667,127.776666666667
byki5,2026-05-29,19.53,48,34.5666666666667,127.776666666667
byki5,2026-05-30,19.38,48,34.5666666666667,127.776666666667
byki5,2026-05-31,19.85,47,34.5666666666667,127.776666666667
byki5,2026-06-01,19.83,48,34.5666666666667,127.776666666667
byki5,2026-06-02,19.35,48,34.5666666666667,127.776666666667
byki5,2026-06-03,19.67,47,34.5666666666667,127.776666666667
byki5,2026-06-04,19.94,48,34.5666666666667,127.776666666667
byki5,2026-06-05,19.54,48,34.5666666666667,127.776666666667
byki5,2026-06-06,20.34,48,34.5666666666667,127.776666666667
byki5,2026-06-07,20.52,47,34.5666666666667,127.776666666667
byki5,2026-06-08,19.99,47,34.5666666666667,127.776666666667
byki5,2026-06-09,20.78,48,34.5666666666667,127.776666666667
byki5,2026-06-10,20.97,48,34.5666666666667,127.776666666667
byki5,2026-06-11,20.51,48,34.5666666666667,127.776666666667
byki5,2026-06-12,20.35,48,34.5666666666667,127.776666666667
byki5,2026-06-13,20.24,48,34.5666666666667,127.776666666667
byki5,2026-06-14,20.5,48,34.5666666666667,127.776666666667
byki5,2026-06-15,20.15,48,34.5666666666667,127.776666666667
byki5,2026-06-16,20.22,48,34.5666666666667,127.776666666667
byki5,2026-06-17,20.46,48,34.5666666666667,127.776666666667
byki5,2026-06-18,20.66,48,34.5666666666667,127.776666666667
byki5,2026-06-19,20.74,48,34.5666666666667,127.776666666667
byki5,2026-06-20,20.64,48,34.5666666666667,127.776666666667
byki5,2026-06-21,21.44,48,34.5666666666667,127.776666666667
byki5,2026-06-22,21.38,48,34.5666666666667,127.776666666667
byki5,2026-06-23,20.79,48,34.5666666666667,127.776666666667
byki5,2026-06-24,20.57,48,34.5666666666667,127.776666666667
byki5,2026-06-25,21.17,48,34.5666666666667,127.776666666667
byki5,2026-06-26,21.79,48,34.5666666666667,127.776666666667
byki5,2026-06-27,22.01,47,34.5666666666667,127.776666666667
byki5,2026-06-28,22.09,48,34.5666666666667,127.776666666667
byki5,2026-06-29,22.02,48,34.5666666666667,127.776666666667
byki5,2026-06-30,21.88,48,34.5666666666667,127.776666666667
byki5,2026-07-01,21.8,48,34.5666666666667,127.776666666667
byki5,2026-07-02,22.26,48,34.5666666666667,127.776666666667
byki5,2026-07-03,22.15,48,34.5666666666667,127.776666666667
byki5,2026-07-04,22.34,47,34.5666666666667,127.776666666667
byki5,2026-07-05,22.0,46,34.5666666666667,127.776666666667
byki5,2026-07-06,22.59,48,34.5666666666667,127.776666666667
byki5,2026-07-07,22.71,48,34.5666666666667,127.776666666667
byki5,2026-07-08,22.19,47,34.5666666666667,127.776666666667
byki5,2026-07-09,22.04,48,34.5666666666667,127.776666666667
byki5,2026-07-10,23.0,48,34.5666666666667,127.776666666667
byki5,2026-07-11,24.21,48,34.5666666666667,127.776666666667
byki5,2026-07-12,24.08,48,34.5666666666667,127.776666666667
byki5,2026-07-13,23.68,46,34.5666666666667,127.776666666667
byki5,2026-07-14,23.01,47,34.5666666666667,127.776666666667
byki5,2026-07-15,22.55,48,34.5666666666667,127.776666666667
byki5,2026-07-16,23.02,48,34.5666666666667,127.776666666667
byki5,2026-07-17,23.81,47,34.5666666666667,127.776666666667
byki5,2026-07-18,23.39,47,34.5666666666667,127.776666666667
byki5,2026-07-19,23.54,46,34.5666666666667,127.776666666667
byki5,2026-07-20,23.48,48,34.5666666666667,127.776666666667
byki5,2026-07-21,23.66,48,34.5666666666667,127.776666666667
byki5,2026-07-22,23.99,46,34.5666666666667,127.776666666667
byki5,2026-07-23,24.41,48,34.5666666666667,127.776666666667
byki5,2026-07-24,25.24,47,34.5666666666667,127.776666666667
byki5,2026-07-25,25.33,48,34.5666666666667,127.776666666667
byki5,2026-07-26,24.99,47,34.5666666666667,127.776666666667
byki5,2026-07-27,24.56,48,34.5666666666667,127.776666666667
byki5,2026-07-28,23.72,48,34.5666666666667,127.776666666667
byki5,2026-07-29,23.76,47,34.5666666666667,127.776666666667
byki5,2026-07-30,23.9,47,34.5666666666667,127.776666666667
byki5,2026-07-31,23.7,47,34.5666666666667,127.776666666667
byki5,2026-08-01,22.83,46,34.5666666666667,127.776666666667
byki5,2026-08-02,23.58,47,34.5666666666667,127.776666666667
byki5,2026-08-03,23.53,47,34.5666666666667,127.776666666667
byki5,2026-08-04,23.31,46,34.5666666666667,127.776666666667
byki5,2026-08-05,24.68,48,34.5666666666667,127.776666666667
byki5,2026-08-06,24.95,47,34.5666666666667,127.776666666667
byki5,2026-08-07,25.23,48,34.5666666666667,127.776666666667
byki5,2026-08-08,25.88,48,34.5666666666667,127.776666666667
byki5,2026-08-09,26.41,48,34.5666666666667,127.776666666667
byki5,2026-08-10,26.69,48,34.5666666666667,127.776666666667
byki5,2026-08-11,26.77,48,34.5666666666667,127.776666666667
byki5,2026-08-12,26.85,48,34.5666666666667,127.776666666667
byki5,2026-08-13,26.86,48,34.5666666666667,127.776666666667
byki5,2026-08-14,26.9,46,34.5666666666667,127.776666666667
byki5,2026-08-15,26.98,48,34.5666666666667,127.776666666667
byki5,2026-08-16,26.75,47,34.5666666666667,127.776666666667
byki5,2026-08-17,26.76,48,34.5666666666667,127.776666666667
byki5,2026-08-18,26.97,48,34.5666666666667,127.776666666667
byki5,2026-08-19,27.4,48,34.5666666666667,127.776666666667
byki5,2026-08-20,27.9,48,34.5666666666667,127.776666666667
byki5,2026-08-21,27.85,48,34.5666666666667,127.776666666667
byki5,2026-08-22,27.87,48,34.5666666666667,127.776666666667
byki5,2026-08-23,28.43,48,34.5666666666667,127.776666666667
byki5,2026-08-24,28.66,48,34.5666666666667,127.776666666667
byki5,2026-08-25,28.89,48,34.5666666666667,127.776666666667
byki5,2026-08-26,29.19,48,34.5666666666667,127.776666666667
byki5,2026-08-27,29.26,48,34.5666666666667,127.776666666667
byki5,2026-08-28,28.48,48,34.5666666666667,127.776666666667
byki5,2026-08-29,27.75,48,34.5666666666667,127.776666666667
byki5,2026-08-30,27.98,49,34.5666666666667,127.776666666667
byki5,2026-08-31,27.75,48,34.5666666666667,127.776666666667
byki5,2026-09-01,27.83,48,34.5666666666667,127.776666666667
byki5,2026-09-02,28.21,48,34.5666666666667,127.776666666667
byki5,2026-09-03,28.18,48,34.5666666666667,127.776666666667
byki5,2026-09-04,27.4,48,34.5666666666667,127.776666666667
byki5,2026-09-05,26.93,48,34.5666666666667,127.776666666667
byki5,2026-09-06,26.67,48,34.5666666666667,127.776666666667
byki5,2026-09-07,26.68,48,34.5666666666667,127.776666666667
byki5,2026-09-08,26.64,48,34.5666666666667,127.776666666667
byki5,2026-09-09,26.25,48,34.5666666666667,127.776666666667
byki5,2026-09-10,26.08,48,34.5666666666667,127.776666666667
byki5,2026-09-11,26.12,48,34.5666666666667,127.776666666667
byki5,2026-09-12,26.13,48,34.5666666666667,127.776666666667
byki5,2026-09-13,26.16,48,34.5666666666667,127.776666666667
byki5,2026-09-14,26.11,48,34.5666666666667,127.776666666667
byki5,2026-09-15,26.13,48,34.5666666666667,127.776666666667
byki5,2026-09-16,26.03,48,34.5666666666667,127.776666666667
byki5,2026-09-17,25.88,48,34.5666666666667,127.776666666667
byki5,2026-09-18,25.64,48,34.5666666666667,127.776666666667
byki5,2026-09-19,25.73,49,34.5666666666667,127.776666666667
byki5,2026-09-20,25.6,48,34.5666666666667,127.776666666667
byki5,2026-09-21,25.53,47,34.5666666666667,127.776666666667
byki5,2026-09-22,25.42,48,34.5666666666667,127.776666666667
byki5,2026-09-23,25.43,48,34.5666666666667,127.776666666667
byki5,2026-09-24,25.46,48,34.5666666666667,127.776666666667
ejj47,2026-05-01,16.92,48,33.3104,126.164
ejj47,2026-05-02,17.08,48,33.3104,126.164
ejj47,2026-05-03,16.9,48,33.3104,126.164
ejj47,2026-05-04,16.81,48,33.3104,126.164
ejj47,2026-05-05,17.02,48,33.3104,126.164
ejj47,2026-05-06,17.18,48,33.3104,126.164
ejj47,2026-05-07,17.39,48,33.3104,126.164
ejj47,2026-05-08,17.24,48,33.3104,126.164
ejj47,2026-05-09,17.13,48,33.3104,126.164
ejj47,2026-05-10,17.19,48,33.3104,126.164
ejj47,2026-05-11,17.51,48,33.3104,126.164
ejj47,2026-05-12,17.89,47,33.3104,126.164
ejj47,2026-05-13,18.07,47,33.3104,126.164
ejj47,2026-05-14,17.7,48,33.3104,126.164
ejj47,2026-05-15,18.15,48,33.3104,126.164
ejj47,2026-05-16,18.37,48,33.3104,126.164
ejj47,2026-05-17,18.16,48,33.3104,126.164
ejj47,2026-05-18,17.96,48,33.3104,126.164
ejj47,2026-05-19,17.99,47,33.3104,126.164
ejj47,2026-05-20,18.37,48,33.3104,126.164
ejj47,2026-05-21,18.57,48,33.3104,126.164
ejj47,2026-05-22,18.14,48,33.3104,126.164
ejj47,2026-05-23,18.7,48,33.3104,126.164
ejj47,2026-05-24,20.14,48,33.3104,126.164
ejj47,2026-05-25,20.62,48,33.3104,126.164
ejj47,2026-05-26,20.54,48,33.3104,126.164
ejj47,2026-05-27,20.66,48,33.3104,126.164
ejj47,2026-05-28,19.94,48,33.3104,126.164
ejj47,2026-05-29,19.31,48,33.3104,126.164
ejj47,2026-05-30,18.48,48,33.3104,126.164
ejj47,2026-05-31,18.37,48,33.3104,126.164
ejj47,2026-06-01,18.62,48,33.3104,126.164
ejj47,2026-06-02,19.6,48,33.3104,126.164
ejj47,2026-06-03,20.72,48,33.3104,126.164
ejj47,2026-06-04,20.58,48,33.3104,126.164
ejj47,2026-06-05,20.88,48,33.3104,126.164
ejj47,2026-06-06,19.1,48,33.3104,126.164
ejj47,2026-06-07,20.45,48,33.3104,126.164
ejj47,2026-06-08,20.98,48,33.3104,126.164
ejj47,2026-06-09,20.47,48,33.3104,126.164
ejj47,2026-06-10,20.61,48,33.3104,126.164
ejj47,2026-06-11,20.5,48,33.3104,126.164
ejj47,2026-06-12,19.84,48,33.3104,126.164
ejj47,2026-06-13,19.63,48,33.3104,126.164
ejj47,2026-06-14,19.93,48,33.3104,126.164
ejj47,2026-06-15,19.86,48,33.3104,126.164
ejj47,2026-06-16,20.39,48,33.3104,126.164
ejj47,2026-06-17,20.23,48,33.3104,126.164
ejj47,2026-06-18,20.46,48,33.3104,126.164
ejj47,2026-06-19,19.98,48,33.3104,126.164
ejj47,2026-06-20,20.08,48,33.3104,126.164
ejj47,2026-06-21,19.78,48,33.3104,126.164
ejj47,2026-06-22,18.71,48,33.3104,126.164
ejj47,2026-06-23,20.18,48,33.3104,126.164
ejj47,2026-06-24,21.88,48,33.3104,126.164
ejj47,2026-06-25,21.8,47,33.3104,126.164
ejj47,2026-06-26,22.0,46,33.3104,126.164
ejj47,2026-06-27,21.61,48,33.3104,126.164
ejj47,2026-06-28,21.87,47,33.3104,126.164
ejj47,2026-06-29,22.11,47,33.3104,126.164
ejj47,2026-06-30,21.55,48,33.3104,126.164
ejj47,2026-07-01,21.36,48,33.3104,126.164
ejj47,2026-07-02,20.86,48,33.3104,126.164
ejj47,2026-07-03,20.46,47,33.3104,126.164
ejj47,2026-07-04,21.1,48,33.3104,126.164
ejj47,2026-07-05,20.75,48,33.3104,126.164
ejj47,2026-07-06,21.13,48,33.3104,126.164
ejj47,2026-07-07,21.16,48,33.3104,126.164
ejj47,2026-07-08,22.36,48,33.3104,126.164
ejj47,2026-07-09,23.25,48,33.3104,126.164
ejj47,2026-07-10,22.9,48,33.3104,126.164
ejj47,2026-07-11,22.72,35,33.3104,126.164
ejj47,2026-07-17,20.86,48,33.3104,126.164
ejj47,2026-07-18,22.6,48,33.3104,126.164
ejj47,2026-07-19,22.76,48,33.3104,126.164
ejj47,2026-07-20,22.58,48,33.3104,126.164
ejj47,2026-07-21,24.82,48,33.3104,126.164
ejj47,2026-07-22,25.53,48,33.3104,126.164
ejj47,2026-07-23,26.57,48,33.3104,126.164
ejj47,2026-07-24,26.56,48,33.3104,126.164
ejj47,2026-07-25,26.91,48,33.3104,126.164
ejj47,2026-07-26,26.65,48,33.3104,126.164
ejj47,2026-07-27,26.01,48,33.3104,126.164
ejj47,2026-07-28,24.61,48,33.3104,126.164
ejj47,2026-07-29,23.82,48,33.3104,126.164
ejj47,2026-07-30,24.14,48,33.3104,126.164
ejj47,2026-07-31,23.84,48,33.3104,126.164
ejj47,2026-08-01,23.32,48,33.3104,126.164
ejj47,2026-08-02,24.38,48,33.3104,126.164
ejj47,2026-08-03,24.4,48,33.3104,126.164
ejj47,2026-08-04,24.34,48,33.3104,126.164
ejj47,2026-08-05,27.0,47,33.3104,126.164
ejj47,2026-08-06,28.31,48,33.3104,126.164
ejj47,2026-08-07,28.75,48,33.3104,126.164
ejj47,2026-08-08,28.91,43,33.3104,126.164
ejj47,2026-08-09,28.44,48,33.3104,126.164
ejj47,2026-08-10,28.15,48,33.3104,126.164
ejj47,2026-08-11,27.9,48,33.3104,126.164
ejj47,2026-08-12,27.63,48,33.3104,126.164
ejj47,2026-08-13,26.93,48,33.3104,126.164
ejj47,2026-08-14,25.88,48,33.3104,126.164
ejj47,2026-08-15,25.85,48,33.3104,126.164
ejj47,2026-08-16,25.55,48,33.3104,126.164
ejj47,2026-08-17,25.45,48,33.3104,126.164
ejj47,2026-08-18,24.21,48,33.3104,126.164
ejj47,2026-08-19,25.52,48,33.3104,126.164
ejj47,2026-08-20,26.94,48,33.3104,126.164
ejj47,2026-08-21,27.75,48,33.3104,126.164
ejj47,2026-08-22,28.3,48,33.3104,126.164
ejj47,2026-08-23,28.63,48,33.3104,126.164
ejj47,2026-08-24,28.67,48,33.3104,126.164
ejj47,2026-08-25,28.36,48,33.3104,126.164
ejj47,2026-08-26,27.95,48,33.3104,126.164
ejj47,2026-08-27,28.12,47,33.3104,126.164
ejj47,2026-08-28,28.18,48,33.3104,126.164
ejj47,2026-08-29,27.32,48,33.3104,126.164
ejj47,2026-08-30,26.29,48,33.3104,126.164
ejj47,2026-08-31,26.65,48,33.3104,126.164
ejj47,2026-09-01,26.74,48,33.3104,126.164
ejj47,2026-09-02,25.54,48,33.3104,126.164
ejj47,2026-09-03,26.91,48,33.3104,126.164
ejj47,2026-09-04,27.26,48,33.3104,126.164
ejj47,2026-09-05,26.71,48,33.3104,126.164
ejj47,2026-09-06,26.76,48,33.3104,126.164
ejj47,2026-09-07,26.68,48,33.3104,126.164
ejj47,2026-09-08,26.73,48,33.3104,126.164
ejj47,2026-09-09,26.6,48,33.3104,126.164
ejj47,2026-09-10,26.27,48,33.3104,126.164
ejj47,2026-09-11,25.6,31,33.3104,126.164
ejj47,2026-09-12,25.34,48,33.3104,126.164
ejj47,2026-09-13,25.46,48,33.3104,126.164
ejj47,2026-09-14,25.14,48,33.3104,126.164
ejj47,2026-09-15,24.89,48,33.3104,126.164
ejj47,2026-09-16,24.83,48,33.3104,126.164
ejj47,2026-09-17,25.16,48,33.3104,126.164
ejj47,2026-09-18,25.55,48,33.3104,126.164
ejj47,2026-09-19,25.58,47,33.3104,126.164
ejj47,2026-09-20,25.63,47,33.3104,126.164
ejj47,2026-09-21,25.49,48,33.3104,126.164
ejj47,2026-09-22,25.61,48,33.3104,126.164
ejj47,2026-09-23,25.56,48,33.3104,126.164
ejj47,2026-09-24,25.41,48,33.3104,126.164
eng5c,2026-05-01,17.03,48,34.8746,127.9522
eng5c,2026-05-02,17.01,48,34.8746,127.9522
eng5c,2026-05-03,16.93,48,34.8746,127.9522
eng5c,2026-05-04,16.73,48,34.8746,127.9522
eng5c,2026-05-05,16.72,48,34.8746,127.9522
eng5c,2026-05-06,16.9,48,34.8746,127.9522
eng5c,2026-05-07,17.5,48,34.8746,127.9522
eng5c,2026-05-08,17.83,48,34.8746,127.9522
eng5c,2026-05-09,18.08,48,34.8746,127.9522
eng5c,2026-05-10,18.05,48,34.8746,127.9522
eng5c,2026-05-11,18.41,48,34.8746,127.9522
eng5c,2026-05-12,18.61,48,34.8746,127.9522
eng5c,2026-05-13,18.61,48,34.8746,127.9522
eng5c,2026-05-14,18.92,48,34.8746,127.9522
eng5c,2026-05-15,19.23,48,34.8746,127.9522
eng5c,2026-05-16,19.48,48,34.8746,127.9522
eng5c,2026-05-17,19.61,48,34.8746,127.9522
eng5c,2026-05-18,19.88,48,34.8746,127.9522
eng5c,2026-05-19,20.17,48,34.8746,127.9522
eng5c,2026-05-20,20.21,48,34.8746,127.9522
eng5c,2026-05-21,20.08,48,34.8746,127.9522
eng5c,2026-05-22,20.05,48,34.8746,127.9522
eng5c,2026-05-23,19.86,48,34.8746,127.9522
eng5c,2026-05-24,20.33,48,34.8746,127.9522
eng5c,2026-05-25,20.47,48,34.8746,127.9522
eng5c,2026-05-26,20.71,48,34.8746,127.9522
eng5c,2026-05-27,21.2,48,34.8746,127.9522
eng5c,2026-05-28,21.76,47,34.8746,127.9522
eng5c,2026-05-29,21.51,48,34.8746,127.9522
eng5c,2026-05-30,21.04,48,34.8746,127.9522
eng5c,2026-05-31,21.04,48,34.8746,127.9522
eng5c,2026-06-01,21.4,48,34.8746,127.9522
eng5c,2026-06-02,21.49,48,34.8746,127.9522
eng5c,2026-06-03,21.58,48,34.8746,127.9522
eng5c,2026-06-04,21.65,48,34.8746,127.9522
eng5c,2026-06-05,22.16,48,34.8746,127.9522
eng5c,2026-06-06,22.05,48,34.8746,127.9522
eng5c,2026-06-07,22.0,48,34.8746,127.9522
eng5c,2026-06-08,22.53,48,34.8746,127.9522
eng5c,2026-06-09,22.32,48,34.8746,127.9522
eng5c,2026-06-10,22.88,48,34.8746,127.9522
eng5c,2026-06-11,23.23,48,34.8746,127.9522
eng5c,2026-06-12,22.77,48,34.8746,127.9522
eng5c,2026-06-13,22.57,48,34.8746,127.9522
eng5c,2026-06-14,22.64,48,34.8746,127.9522
eng5c,2026-06-15,22.7,48,34.8746,127.9522
eng5c,2026-06-16,22.69,48,34.8746,127.9522
eng5c,2026-06-17,22.66,48,34.8746,127.9522
eng5c,2026-06-18,22.86,48,34.8746,127.9522
eng5c,2026-06-19,23.07,48,34.8746,127.9522
eng5c,2026-06-20,23.32,48,34.8746,127.9522
eng5c,2026-06-21,23.47,48,34.8746,127.9522
eng5c,2026-06-22,23.25,48,34.8746,127.9522
eng5c,2026-06-23,23.17,48,34.8746,127.9522
eng5c,2026-06-24,23.0,48,34.8746,127.9522
eng5c,2026-06-25,22.65,48,34.8746,127.9522
eng5c,2026-06-26,23.21,48,34.8746,127.9522
eng5c,2026-06-27,23.49,48,34.8746,127.9522
eng5c,2026-06-28,23.75,48,34.8746,127.9522
eng5c,2026-06-29,23.74,48,34.8746,127.9522
eng5c,2026-06-30,23.61,48,34.8746,127.9522
eng5c,2026-07-01,23.44,48,34.8746,127.9522
eng5c,2026-07-02,23.44,48,34.8746,127.9522
eng5c,2026-07-03,23.63,48,34.8746,127.9522
eng5c,2026-07-04,23.65,47,34.8746,127.9522
eng5c,2026-07-05,24.1,48,34.8746,127.9522
eng5c,2026-07-06,24.14,48,34.8746,127.9522
eng5c,2026-07-07,24.26,48,34.8746,127.9522
eng5c,2026-07-08,24.74,48,34.8746,127.9522
eng5c,2026-07-09,25.0,48,34.8746,127.9522
eng5c,2026-07-10,25.2,48,34.8746,127.9522
eng5c,2026-07-11,25.73,48,34.8746,127.9522
eng5c,2026-07-12,25.65,48,34.8746,127.9522
eng5c,2026-07-13,25.89,48,34.8746,127.9522
eng5c,2026-07-14,25.67,48,34.8746,127.9522
eng5c,2026-07-18,26.2,25,34.8746,127.9522
eng5c,2026-07-19,26.0,48,34.8746,127.9522
eng5c,2026-07-20,26.72,48,34.8746,127.9522
eng5c,2026-07-21,26.99,48,34.8746,127.9522
eng5c,2026-07-22,27.47,48,34.8746,127.9522
eng5c,2026-07-23,28.11,48,34.8746,127.9522
eng5c,2026-07-24,28.16,48,34.8746,127.9522
eng5c,2026-07-25,28.32,48,34.8746,127.9522
eng5c,2026-07-26,28.21,48,34.8746,127.9522
eng5c,2026-07-27,28.61,48,34.8746,127.9522
eng5c,2026-07-28,28.7,48,34.8746,127.9522
eng5c,2026-07-29,28.33,48,34.8746,127.9522
eng5c,2026-07-30,28.48,48,34.8746,127.9522
eng5c,2026-07-31,27.38,48,34.8746,127.9522
eng5c,2026-08-01,27.55,48,34.8746,127.9522
eng5c,2026-08-02,27.12,48,34.8746,127.9522
eng5c,2026-08-03,26.7,48,34.8746,127.9522
eng5c,2026-08-04,26.53,48,34.8746,127.9522
eng5c,2026-08-05,26.7,48,34.8746,127.9522
eng5c,2026-08-06,27.55,48,34.8746,127.9522
eng5c,2026-08-07,27.28,48,34.8746,127.9522
eng5c,2026-08-08,27.93,48,34.8746,127.9522
eng5c,2026-08-09,27.67,48,34.8746,127.9522
eng5c,2026-08-10,27.73,48,34.8746,127.9522
eng5c,2026-08-11,27.08,48,34.8746,127.9522
eng5c,2026-08-12,26.71,48,34.8746,127.9522
eng5c,2026-08-13,26.69,48,34.8746,127.9522
eng5c,2026-08-14,26.91,48,34.8746,127.9522
eng5c,2026-08-15,27.01,48,34.8746,127.9522
eng5c,2026-08-16,26.68,48,34.8746,127.9522
eng5c,2026-08-17,26.3,48,34.8746,127.9522
eng5c,2026-08-18,26.51,48,34.8746,127.9522
eng5c,2026-08-19,26.9,48,34.8746,127.9522
eng5c,2026-08-20,27.39,48,34.8746,127.9522
eng5c,2026-08-21,27.81,48,34.8746,127.9522
eng5c,2026-08-22,28.29,48,34.8746,127.9522
eng5c,2026-08-23,28.35,48,34.8746,127.9522
eng5c,2026-08-24,29.1,48,34.8746,127.9522
eng5c,2026-08-25,28.78,48,34.8746,127.9522
eng5c,2026-08-26,29.18,48,34.8746,127.9522
eng5c,2026-08-27,29.17,48,34.8746,127.9522
eng5c,2026-08-28,28.92,48,34.8746,127.9522
eng5c,2026-08-29,29.03,48,34.8746,127.9522
eng5c,2026-08-30,28.83,48,34.8746,127.9522
eng5c,2026-08-31,28.97,48,34.8746,127.9522
eng5c,2026-09-01,28.91,48,34.8746,127.9522
eng5c,2026-09-02,28.87,48,34.8746,127.9522
eng5c,2026-09-03,28.87,48,34.8746,127.9522
eng5c,2026-09-04,28.34,48,34.8746,127.9522
eng5c,2026-09-05,27.77,48,34.8746,127.9522
eng5c,2026-09-06,27.09,48,34.8746,127.9522
eng5c,2026-09-07,26.66,48,34.8746,127.9522
eng5c,2026-09-08,26.38,48,34.8746,127.9522
eng5c,2026-09-09,26.05,48,34.8746,127.9522
eng5c,2026-09-10,25.47,48,34.8746,127.9522
eng5c,2026-09-11,25.43,48,34.8746,127.9522
eng5c,2026-09-12,25.67,48,34.8746,127.9522
eng5c,2026-09-13,25.94,48,34.8746,127.9522
eng5c,2026-09-14,26.04,48,34.8746,127.9522
eng5c,2026-09-15,26.09,48,34.8746,127.9522
eng5c,2026-09-16,26.09,48,34.8746,127.9522
eng5c,2026-09-17,25.77,48,34.8746,127.9522
eng5c,2026-09-18,25.25,48,34.8746,127.9522
eng5c,2026-09-19,25.07,48,34.8746,127.9522
eng5c,2026-09-20,24.99,48,34.8746,127.9522
eng5c,2026-09-21,25.01,48,34.8746,127.9522
eng5c,2026-09-22,24.99,48,34.8746,127.9522
eng5c,2026-09-23,24.96,48,34.8746,127.9522
eng5c,2026-09-24,25.08,48,34.8746,127.9522
fbdka,2026-05-01,16.72,24,34.6618,127.0993
fbdka,2026-05-02,17.01,24,34.6618,127.0993
fbdka,2026-05-03,16.73,24,34.6618,127.0993
fbdka,2026-05-04,16.55,24,34.6618,127.0993
fbdka,2026-05-05,16.84,24,34.6618,127.0993
fbdka,2026-05-06,17.47,24,34.6618,127.0993
fbdka,2026-05-07,18.16,23,34.6618,127.0993
fbdka,2026-05-08,18.07,24,34.6618,127.0993
fbdka,2026-05-09,17.91,24,34.6618,127.0993
fbdka,2026-05-10,18.38,24,34.6618,127.0993
fbdka,2026-05-11,19.38,24,34.6618,127.0993
fbdka,2026-05-12,19.26,24,34.6618,127.0993
fbdka,2026-05-13,19.38,24,34.6618,127.0993
fbdka,2026-05-14,20.38,24,34.6618,127.0993
fbdka,2026-05-15,20.88,24,34.6618,127.0993
fbdka,2026-05-16,21.56,24,34.6618,127.0993
fbdka,2026-05-17,22.02,24,34.6618,127.0993
fbdka,2026-05-18,22.26,24,34.6618,127.0993
fbdka,2026-05-19,22.32,24,34.6618,127.0993
fbdka,2026-05-20,21.39,24,34.6618,127.0993
fbdka,2026-05-21,20.63,24,34.6618,127.0993
fbdka,2026-05-22,20.31,24,34.6618,127.0993
fbdka,2026-05-23,20.54,24,34.6618,127.0993
fbdka,2026-05-24,21.24,24,34.6618,127.0993
fbdka,2026-05-25,22.07,24,34.6618,127.0993
fbdka,2026-05-26,22.0,24,34.6618,127.0993
fbdka,2026-05-27,21.25,24,34.6618,127.0993
fbdka,2026-05-28,21.04,24,34.6618,127.0993
fbdka,2026-05-29,20.45,24,34.6618,127.0993
fbdka,2026-05-30,21.38,24,34.6618,127.0993
fbdka,2026-05-31,21.59,24,34.6618,127.0993
fbdka,2026-06-01,22.42,24,34.6618,127.0993
fbdka,2026-06-02,22.57,24,34.6618,127.0993
fbdka,2026-06-03,22.98,24,34.6618,127.0993
fbdka,2026-06-04,22.86,24,34.6618,127.0993
fbdka,2026-06-05,22.88,24,34.6618,127.0993
fbdka,2026-06-06,21.52,24,34.6618,127.0993
fbdka,2026-06-07,22.6,24,34.6618,127.0993
fbdka,2026-06-08,22.66,24,34.6618,127.0993
fbdka,2026-06-09,22.11,24,34.6618,127.0993
fbdka,2026-06-10,22.75,24,34.6618,127.0993
fbdka,2026-06-11,22.72,24,34.6618,127.0993
fbdka,2026-06-12,22.39,24,34.6618,127.0993
fbdka,2026-06-13,23.29,24,34.6618,127.0993
fbdka,2026-06-14,24.16,24,34.6618,127.0993
fbdka,2026-06-15,24.58,24,34.6618,127.0993
fbdka,2026-06-16,24.88,24,34.6618,127.0993
fbdka,2026-06-17,24.62,24,34.6618,127.0993
fbdka,2026-06-18,24.88,24,34.6618,127.0993
fbdka,2026-06-19,24.96,24,34.6618,127.0993
fbdka,2026-06-20,24.61,24,34.6618,127.0993
fbdka,2026-06-21,24.55,24,34.6618,127.0993
fbdka,2026-06-22,23.91,24,34.6618,127.0993
fbdka,2026-06-23,23.39,24,34.6618,127.0993
fbdka,2026-06-24,22.93,24,34.6618,127.0993
fbdka,2026-06-25,23.27,24,34.6618,127.0993
fbdka,2026-06-26,23.57,24,34.6618,127.0993
fbdka,2026-06-27,24.02,24,34.6618,127.0993
fbdka,2026-06-28,24.64,24,34.6618,127.0993
fbdka,2026-06-29,25.3,24,34.6618,127.0993
fbdka,2026-06-30,25.66,24,34.6618,127.0993
fbdka,2026-07-01,25.02,24,34.6618,127.0993
fbdka,2026-07-02,25.0,24,34.6618,127.0993
fbdka,2026-07-03,25.26,24,34.6618,127.0993
fbdka,2026-07-04,25.25,24,34.6618,127.0993
fbdka,2026-07-05,25.05,24,34.6618,127.0993
fbdka,2026-07-06,25.2,24,34.6618,127.0993
fbdka,2026-07-07,25.83,24,34.6618,127.0993
fbdka,2026-07-08,26.26,24,34.6618,127.0993
fbdka,2026-07-09,26.33,24,34.6618,127.0993
fbdka,2026-07-10,26.53,24,34.6618,127.0993
fbdka,2026-07-11,27.2,24,34.6618,127.0993
fbdka,2026-07-12,27.42,24,34.6618,127.0993
fbdka,2026-07-13,27.93,24,34.6618,127.0993
fbdka,2026-07-14,28.25,24,34.6618,127.0993
fbdka,2026-07-15,28.25,24,34.6618,127.0993
fbdka,2026-07-16,27.78,24,34.6618,127.0993
fbdka,2026-07-17,27.54,24,34.6618,127.0993
fbdka,2026-07-18,28.11,24,34.6618,127.0993
fbdka,2026-07-19,28.37,24,34.6618,127.0993
fbdka,2026-07-20,28.2,24,34.6618,127.0993
fbdka,2026-07-21,28.57,24,34.6618,127.0993
fbdka,2026-07-22,28.92,24,34.6618,127.0993
fbdka,2026-07-23,29.39,24,34.6618,127.0993
fbdka,2026-07-24,30.0,24,34.6618,127.0993
fbdka,2026-07-25,30.64,24,34.6618,127.0993
fbdka,2026-07-26,31.09,24,34.6618,127.0993
fbdka,2026-07-27,31.23,24,34.6618,127.0993
fbdka,2026-07-28,31.37,24,34.6618,127.0993
fbdka,2026-07-29,30.13,24,34.6618,127.0993
fbdka,2026-07-30,29.13,24,34.6618,127.0993
fbdka,2026-07-31,29.1,24,34.6618,127.0993
fbdka,2026-08-01,29.49,24,34.6618,127.0993
fbdka,2026-08-02,29.6,24,34.6618,127.0993
fbdka,2026-08-03,30.02,24,34.6618,127.0993
fbdka,2026-08-04,30.25,24,34.6618,127.0993
fbdka,2026-08-05,30.49,24,34.6618,127.0993
fbdka,2026-08-06,30.39,24,34.6618,127.0993
fbdka,2026-08-07,30.46,24,34.6618,127.0993
fbdka,2026-08-08,30.4,24,34.6618,127.0993
fbdka,2026-08-09,29.04,24,34.6618,127.0993
fbdka,2026-08-10,27.95,24,34.6618,127.0993
fbdka,2026-08-11,26.96,24,34.6618,127.0993
fbdka,2026-08-12,27.02,24,34.6618,127.0993
fbdka,2026-08-13,27.5,24,34.6618,127.0993
fbdka,2026-08-14,27.8,24,34.6618,127.0993
fbdka,2026-08-15,27.76,24,34.6618,127.0993
fbdka,2026-08-16,27.15,24,34.6618,127.0993
fbdka,2026-08-17,26.75,24,34.6618,127.0993
fbdka,2026-08-18,27.24,24,34.6618,127.0993
fbdka,2026-08-19,27.67,24,34.6618,127.0993
fbdka,2026-08-20,28.29,24,34.6618,127.0993
fbdka,2026-08-21,28.47,24,34.6618,127.0993
fbdka,2026-08-22,28.93,24,34.6618,127.0993
fbdka,2026-08-23,29.58,24,34.6618,127.0993
fbdka,2026-08-24,30.1,24,34.6618,127.0993
fbdka,2026-08-25,30.62,24,34.6618,127.0993
fbdka,2026-08-26,30.82,24,34.6618,127.0993
fbdka,2026-08-27,31.07,24,34.6618,127.0993
fbdka,2026-08-28,30.59,24,34.6618,127.0993
fbdka,2026-08-29,30.53,24,34.6618,127.0993
fbdka,2026-08-30,30.57,24,34.6618,127.0993
fbdka,2026-08-31,30.15,24,34.6618,127.0993
fbdka,2026-09-01,30.19,24,34.6618,127.0993
fbdka,2026-09-02,30.4,24,34.6618,127.0993
fbdka,2026-09-03,30.3,24,34.6618,127.0993
fbdka,2026-09-04,29.2,24,34.6618,127.0993
fbdka,2026-09-05,27.97,24,34.6618,127.0993
fbdka,2026-09-06,27.55,24,34.6618,127.0993
fbdka,2026-09-07,27.43,24,34.6618,127.0993
fbdka,2026-09-08,27.71,24,34.6618,127.0993
fbdka,2026-09-09,27.42,24,34.6618,127.0993
fbdka,2026-09-10,26.85,24,34.6618,127.0993
fbdka,2026-09-11,26.67,24,34.6618,127.0993
fbdka,2026-09-12,26.65,24,34.6618,127.0993
fbdka,2026-09-13,26.88,24,34.6618,127.0993
fbdka,2026-09-14,26.5,24,34.6618,127.0993
fbdka,2026-09-15,26.4,24,34.6618,127.0993
fbdka,2026-09-16,25.99,24,34.6618,127.0993
fbdka,2026-09-17,25.7,24,34.6618,127.0993
fbdka,2026-09-18,25.2,24,34.6618,127.0993
fbdka,2026-09-19,25.63,24,34.6618,127.0993
fbdka,2026-09-20,26.09,24,34.6618,127.0993
fbdka,2026-09-21,26.18,24,34.6618,127.0993
fbdka,2026-09-22,26.13,24,34.6618,127.0993
fbdka,2026-09-23,26.12,24,34.6618,127.0993
fbdka,2026-09-24,26.23,24,34.6618,127.0993
fbhl7,2026-05-01,17.38,23,34.72887,127.2221
fbhl7,2026-05-02,17.16,23,34.72887,127.2221
fbhl7,2026-05-03,16.89,23,34.72887,127.2221
fbhl7,2026-05-04,16.76,23,34.72887,127.2221
fbhl7,2026-05-05,17.03,23,34.72887,127.2221
fbhl7,2026-05-06,17.72,23,34.72887,127.2221
fbhl7,2026-05-07,18.24,23,34.72887,127.2221
fbhl7,2026-05-08,17.49,23,34.72887,127.2221
fbhl7,2026-05-09,18.14,23,34.72887,127.2221
fbhl7,2026-05-10,18.57,23,34.72887,127.2221
fbhl7,2026-05-11,19.68,23,34.72887,127.2221
fbhl7,2026-05-12,19.61,23,34.72887,127.2221
fbhl7,2026-05-13,19.86,23,34.72887,127.2221
fbhl7,2026-05-14,20.94,23,34.72887,127.2221
fbhl7,2026-05-15,21.15,22,34.72887,127.2221
fbhl7,2026-05-16,20.8,23,34.72887,127.2221
fbhl7,2026-05-17,21.09,23,34.72887,127.2221
fbhl7,2026-05-18,21.5,23,34.72887,127.2221
fbhl7,2026-05-19,21.79,23,34.72887,127.2221
fbhl7,2026-05-20,21.26,23,34.72887,127.2221
fbhl7,2026-05-21,21.19,23,34.72887,127.2221
fbhl7,2026-05-22,21.09,23,34.72887,127.2221
fbhl7,2026-05-23,21.28,23,34.72887,127.2221
fbhl7,2026-05-24,21.66,23,34.72887,127.2221
fbhl7,2026-05-25,22.29,23,34.72887,127.2221
fbhl7,2026-05-26,22.19,23,34.72887,127.2221
fbhl7,2026-05-27,21.16,23,34.72887,127.2221
fbhl7,2026-05-28,20.83,23,34.72887,127.2221
fbhl7,2026-05-29,20.49,23,34.72887,127.2221
fbhl7,2026-05-30,21.69,23,34.72887,127.2221
fbhl7,2026-05-31,22.4,22,34.72887,127.2221
fbhl7,2026-06-01,22.83,23,34.72887,127.2221
fbhl7,2026-06-02,22.53,23,34.72887,127.2221
fbhl7,2026-06-03,22.98,23,34.72887,127.2221
fbhl7,2026-06-04,23.23,23,34.72887,127.2221
fbhl7,2026-06-05,22.75,23,34.72887,127.2221
fbhl7,2026-06-06,22.29,23,34.72887,127.2221
fbhl7,2026-06-07,23.19,23,34.72887,127.2221
fbhl7,2026-06-08,22.1,23,34.72887,127.2221
fbhl7,2026-06-09,21.94,23,34.72887,127.2221
fbhl7,2026-06-10,22.63,23,34.72887,127.2221
fbhl7,2026-06-11,22.92,23,34.72887,127.2221
fbhl7,2026-06-12,22.79,23,34.72887,127.2221
fbhl7,2026-06-13,23.67,23,34.72887,127.2221
fbhl7,2026-06-14,24.3,23,34.72887,127.2221
fbhl7,2026-06-15,24.59,23,34.72887,127.2221
fbhl7,2026-06-16,24.73,23,34.72887,127.2221
fbhl7,2026-06-17,24.26,23,34.72887,127.2221
fbhl7,2026-06-18,24.76,23,34.72887,127.2221
fbhl7,2026-06-19,24.42,23,34.72887,127.2221
fbhl7,2026-06-20,24.2,23,34.72887,127.2221
fbhl7,2026-06-21,24.32,23,34.72887,127.2221
fbhl7,2026-06-22,24.41,23,34.72887,127.2221
fbhl7,2026-06-23,23.9,23,34.72887,127.2221
fbhl7,2026-06-24,23.39,23,34.72887,127.2221
fbhl7,2026-06-25,23.4,23,34.72887,127.2221
fbhl7,2026-06-26,23.66,23,34.72887,127.2221
fbhl7,2026-06-27,24.13,23,34.72887,127.2221
fbhl7,2026-06-28,24.63,23,34.72887,127.2221
fbhl7,2026-06-29,25.61,23,34.72887,127.2221
fbhl7,2026-06-30,25.7,23,34.72887,127.2221
fbhl7,2026-07-01,24.81,23,34.72887,127.2221
fbhl7,2026-07-02,25.23,23,34.72887,127.2221
fbhl7,2026-07-03,25.18,23,34.72887,127.2221
fbhl7,2026-07-04,25.37,23,34.72887,127.2221
fbhl7,2026-07-05,25.17,23,34.72887,127.2221
fbhl7,2026-07-06,25.59,23,34.72887,127.2221
fbhl7,2026-07-07,26.21,23,34.72887,127.2221
fbhl7,2026-07-08,26.32,23,34.72887,127.2221
fbhl7,2026-07-09,26.19,23,34.72887,127.2221
fbhl7,2026-07-10,26.7,23,34.72887,127.2221
fbhl7,2026-07-11,27.77,23,34.72887,127.2221
fbhl7,2026-07-12,27.85,23,34.72887,127.2221
fbhl7,2026-07-13,27.5,23,34.72887,127.2221
fbhl7,2026-07-14,27.5,23,34.72887,127.2221
fbhl7,2026-07-15,27.61,23,34.72887,127.2221
fbhl7,2026-07-16,27.51,23,34.72887,127.2221
fbhl7,2026-07-17,27.84,23,34.72887,127.2221
fbhl7,2026-07-18,28.37,23,34.72887,127.2221
fbhl7,2026-07-19,28.55,23,34.72887,127.2221
fbhl7,2026-07-20,28.72,23,34.72887,127.2221
fbhl7,2026-07-21,29.1,23,34.72887,127.2221
fbhl7,2026-07-22,29.42,23,34.72887,127.2221
fbhl7,2026-07-23,29.98,23,34.72887,127.2221
fbhl7,2026-07-24,30.61,23,34.72887,127.2221
fbhl7,2026-07-25,31.03,23,34.72887,127.2221
fbhl7,2026-07-26,31.06,23,34.72887,127.2221
fbhl7,2026-07-27,31.05,23,34.72887,127.2221
fbhl7,2026-07-28,31.36,23,34.72887,127.2221
fbhl7,2026-07-29,30.62,23,34.72887,127.2221
fbhl7,2026-07-30,29.81,23,34.72887,127.2221
fbhl7,2026-07-31,29.61,23,34.72887,127.2221
fbhl7,2026-08-01,29.99,23,34.72887,127.2221
fbhl7,2026-08-02,30.0,23,34.72887,127.2221
fbhl7,2026-08-03,30.6,23,34.72887,127.2221
fbhl7,2026-08-04,30.95,23,34.72887,127.2221
fbhl7,2026-08-05,31.17,23,34.72887,127.2221
fbhl7,2026-08-06,31.44,23,34.72887,127.2221
fbhl7,2026-08-07,31.51,23,34.72887,127.2221
fbhl7,2026-08-08,30.87,23,34.72887,127.2221
fbhl7,2026-08-09,29.08,23,34.72887,127.2221
fbhl7,2026-08-10,27.91,23,34.72887,127.2221
fbhl7,2026-08-11,26.83,23,34.72887,127.2221
fbhl7,2026-08-12,26.64,23,34.72887,127.2221
fbhl7,2026-08-13,26.76,23,34.72887,127.2221
fbhl7,2026-08-14,26.94,23,34.72887,127.2221
fbhl7,2026-08-15,26.91,23,34.72887,127.2221
fbhl7,2026-08-16,26.57,23,34.72887,127.2221
fbhl7,2026-08-17,26.69,23,34.72887,127.2221
fbhl7,2026-08-18,27.36,23,34.72887,127.2221
fbhl7,2026-08-19,27.98,23,34.72887,127.2221
fbhl7,2026-08-20,28.62,23,34.72887,127.2221
fbhl7,2026-08-21,29.34,23,34.72887,127.2221
fbhl7,2026-08-22,29.74,23,34.72887,127.2221
fbhl7,2026-08-23,30.07,23,34.72887,127.2221
fbhl7,2026-08-24,29.94,23,34.72887,127.2221
fbhl7,2026-08-25,30.13,23,34.72887,127.2221
fbhl7,2026-08-26,30.47,23,34.72887,127.2221
fbhl7,2026-08-27,30.53,23,34.72887,127.2221
fbhl7,2026-08-28,29.95,23,34.72887,127.2221
fbhl7,2026-08-29,30.03,23,34.72887,127.2221
fbhl7,2026-08-30,30.32,23,34.72887,127.2221
fbhl7,2026-08-31,29.92,23,34.72887,127.2221
fbhl7,2026-09-01,30.33,23,34.72887,127.2221
fbhl7,2026-09-02,30.67,23,34.72887,127.2221
fbhl7,2026-09-03,30.4,23,34.72887,127.2221
fbhl7,2026-09-04,29.82,23,34.72887,127.2221
fbhl7,2026-09-05,28.78,23,34.72887,127.2221
fbhl7,2026-09-06,28.36,23,34.72887,127.2221
fbhl7,2026-09-07,28.14,23,34.72887,127.2221
fbhl7,2026-09-08,28.3,23,34.72887,127.2221
fbhl7,2026-09-09,27.87,23,34.72887,127.2221
fbhl7,2026-09-10,27.33,23,34.72887,127.2221
fbhl7,2026-09-11,27.23,23,34.72887,127.2221
fbhl7,2026-09-12,27.2,23,34.72887,127.2221
fbhl7,2026-09-13,27.16,23,34.72887,127.2221
fbhl7,2026-09-14,26.73,23,34.72887,127.2221
fbhl7,2026-09-15,26.61,23,34.72887,127.2221
fbhl7,2026-09-16,26.46,23,34.72887,127.2221
fbhl7,2026-09-17,26.32,23,34.72887,127.2221
fbhl7,2026-09-18,26.04,23,34.72887,127.2221
fbhl7,2026-09-19,26.2,23,34.72887,127.2221
fbhl7,2026-09-20,26.43,23,34.72887,127.2221
fbhl7,2026-09-21,26.35,23,34.72887,127.2221
fbhl7,2026-09-22,26.37,23,34.72887,127.2221
fbhl7,2026-09-23,26.43,23,34.72887,127.2221
fbhl7,2026-09-24,26.54,23,34.72887,127.2221
fgbq5,2026-05-28,20.04,15,34.8081,128.5118
fgbq5,2026-05-29,19.79,24,34.8081,128.5118
fgbq5,2026-05-30,20.12,24,34.8081,128.5118
fgbq5,2026-05-31,20.3,24,34.8081,128.5118
fgbq5,2026-06-01,20.56,24,34.8081,128.5118
fgbq5,2026-06-02,20.57,24,34.8081,128.5118
fgbq5,2026-06-03,20.92,24,34.8081,128.5118
fgbq5,2026-06-04,20.52,24,34.8081,128.5118
fgbq5,2026-06-05,20.55,24,34.8081,128.5118
fgbq5,2026-06-06,20.4,24,34.8081,128.5118
fgbq5,2026-06-07,20.66,24,34.8081,128.5118
fgbq5,2026-06-08,20.53,24,34.8081,128.5118
fgbq5,2026-06-09,20.23,20,34.8081,128.5118
fgbq5,2026-06-10,21.01,23,34.8081,128.5118
fgbq5,2026-06-11,21.12,24,34.8081,128.5118
fgbq5,2026-06-12,21.25,24,34.8081,128.5118
fgbq5,2026-06-13,21.1,24,34.8081,128.5118
fgbq5,2026-06-14,21.25,24,34.8081,128.5118
fgbq5,2026-06-15,21.2,24,34.8081,128.5118
fgbq5,2026-06-16,21.34,24,34.8081,128.5118
fgbq5,2026-06-17,20.92,24,34.8081,128.5118
fgbq5,2026-06-18,20.88,24,34.8081,128.5118
fgbq5,2026-06-19,20.73,24,34.8081,128.5118
fgbq5,2026-06-20,20.65,24,34.8081,128.5118
fgbq5,2026-06-21,21.06,24,34.8081,128.5118
fgbq5,2026-06-22,21.69,24,34.8081,128.5118
fgbq5,2026-06-23,21.17,24,34.8081,128.5118
fgbq5,2026-06-24,20.79,24,34.8081,128.5118
fgbq5,2026-06-25,20.72,24,34.8081,128.5118
fgbq5,2026-06-26,21.34,24,34.8081,128.5118
fgbq5,2026-06-27,21.73,24,34.8081,128.5118
fgbq5,2026-06-28,22.03,24,34.8081,128.5118
fgbq5,2026-06-29,22.08,24,34.8081,128.5118
fgbq5,2026-06-30,22.34,24,34.8081,128.5118
fgbq5,2026-07-01,22.03,24,34.8081,128.5118
fgbq5,2026-07-02,22.05,24,34.8081,128.5118
fgbq5,2026-07-03,22.03,24,34.8081,128.5118
fgbq5,2026-07-04,21.98,24,34.8081,128.5118
fgbq5,2026-07-05,22.33,24,34.8081,128.5118
fgbq5,2026-07-06,22.36,24,34.8081,128.5118
fgbq5,2026-07-07,22.83,24,34.8081,128.5118
fgbq5,2026-07-08,22.93,24,34.8081,128.5118
fgbq5,2026-07-09,23.24,24,34.8081,128.5118
fgbq5,2026-07-10,24.12,24,34.8081,128.5118
fgbq5,2026-07-11,24.59,24,34.8081,128.5118
fgbq5,2026-07-12,25.48,24,34.8081,128.5118
fgbq5,2026-07-13,24.91,24,34.8081,128.5118
fgbq5,2026-07-14,24.09,24,34.8081,128.5118
fgbq5,2026-07-15,23.38,24,34.8081,128.5118
fgbq5,2026-07-16,24.16,24,34.8081,128.5118
fgbq5,2026-07-17,24.26,24,34.8081,128.5118
fgbq5,2026-07-18,23.91,24,34.8081,128.5118
fgbq5,2026-07-19,23.55,24,34.8081,128.5118
fgbq5,2026-07-20,23.95,24,34.8081,128.5118
fgbq5,2026-07-21,24.69,24,34.8081,128.5118
fgbq5,2026-07-22,24.86,24,34.8081,128.5118
fgbq5,2026-07-23,26.09,24,34.8081,128.5118
fgbq5,2026-07-24,26.71,24,34.8081,128.5118
fgbq5,2026-07-25,26.97,24,34.8081,128.5118
fgbq5,2026-07-26,27.43,24,34.8081,128.5118
fgbq5,2026-07-27,27.12,24,34.8081,128.5118
fgbq5,2026-07-28,26.69,24,34.8081,128.5118
fgbq5,2026-07-29,26.3,24,34.8081,128.5118
fgbq5,2026-07-30,25.58,24,34.8081,128.5118
fgbq5,2026-07-31,25.48,24,34.8081,128.5118
fgbq5,2026-08-01,25.14,24,34.8081,128.5118
fgbq5,2026-08-02,24.89,24,34.8081,128.5118
fgbq5,2026-08-03,25.35,24,34.8081,128.5118
fgbq5,2026-08-04,26.05,24,34.8081,128.5118
fgbq5,2026-08-05,26.29,24,34.8081,128.5118
fgbq5,2026-08-06,26.0,24,34.8081,128.5118
fgbq5,2026-08-07,25.9,24,34.8081,128.5118
fgbq5,2026-08-08,26.28,24,34.8081,128.5118
fgbq5,2026-08-09,26.33,24,34.8081,128.5118
fgbq5,2026-08-10,26.48,24,34.8081,128.5118
fgbq5,2026-08-11,26.35,24,34.8081,128.5118
fgbq5,2026-08-12,26.06,24,34.8081,128.5118
fgbq5,2026-08-13,26.24,24,34.8081,128.5118
fgbq5,2026-08-14,26.61,24,34.8081,128.5118
fgbq5,2026-08-15,26.67,24,34.8081,128.5118
fgbq5,2026-08-16,26.29,24,34.8081,128.5118
fgbq5,2026-08-22,27.1,24,34.8081,128.5118
fgbq5,2026-08-23,27.49,24,34.8081,128.5118
fgbq5,2026-08-24,28.22,24,34.8081,128.5118
fgbq5,2026-08-25,28.58,24,34.8081,128.5118
fgbq5,2026-08-26,28.59,24,34.8081,128.5118
fgbq5,2026-08-27,28.64,24,34.8081,128.5118
fgbq5,2026-08-28,28.52,23,34.8081,128.5118
fgbq5,2026-09-02,27.18,12,34.8081,128.5118
fgbq5,2026-09-03,27.17,24,34.8081,128.5118
fgbq5,2026-09-04,26.45,24,34.8081,128.5118
fgbq5,2026-09-05,25.36,24,34.8081,128.5118
fgbq5,2026-09-06,25.18,24,34.8081,128.5118
fgbq5,2026-09-07,25.38,20,34.8081,128.5118
fgbq5,2026-09-08,25.54,24,34.8081,128.5118
fgbq5,2026-09-09,25.35,24,34.8081,128.5118
fgbq5,2026-09-10,24.99,24,34.8081,128.5118
fgbq5,2026-09-11,25.11,24,34.8081,128.5118
fgbq5,2026-09-12,25.28,24,34.8081,128.5118
fgbq5,2026-09-13,25.5,24,34.8081,128.5118
fgbq5,2026-09-14,25.54,24,34.8081,128.5118
fgbq5,2026-09-15,25.62,24,34.8081,128.5118
fgbq5,2026-09-16,25.62,24,34.8081,128.5118
fgbq5,2026-09-17,25.49,24,34.8081,128.5118
fgbq5,2026-09-18,25.28,24,34.8081,128.5118
fgbq5,2026-09-19,25.18,24,34.8081,128.5118
fgbq5,2026-09-20,25.15,24,34.8081,128.5118
fgbq5,2026-09-21,25.1,24,34.8081,128.5118
fgbq5,2026-09-22,24.98,24,34.8081,128.5118
fgbq5,2026-09-23,25.01,24,34.8081,128.5118
fgbq5,2026-09-24,25.12,24,34.8081,128.5118
fgdl4,2026-05-01,15.21,23,34.433,127.2258
fgdl4,2026-05-02,15.27,23,34.433,127.2258
fgdl4,2026-05-03,15.2,23,34.433,127.2258
fgdl4,2026-05-04,15.21,23,34.433,127.2258
fgdl4,2026-05-05,15.4,23,34.433,127.2258
fgdl4,2026-05-06,15.7,23,34.433,127.2258
fgdl4,2026-05-07,15.95,23,34.433,127.2258
fgdl4,2026-05-08,15.68,23,34.433,127.2258
fgdl4,2026-05-09,16.0,23,34.433,127.2258
fgdl4,2026-05-10,16.44,23,34.433,127.2258
fgdl4,2026-05-11,17.06,23,34.433,127.2258
fgdl4,2026-05-12,16.75,23,34.433,127.2258
fgdl4,2026-05-13,16.74,23,34.433,127.2258
fgdl4,2026-05-14,16.83,23,34.433,127.2258
fgdl4,2026-05-15,17.03,23,34.433,127.2258
fgdl4,2026-05-16,17.22,23,34.433,127.2258
fgdl4,2026-05-17,17.38,23,34.433,127.2258
fgdl4,2026-05-18,17.47,23,34.433,127.2258
fgdl4,2026-05-19,17.53,23,34.433,127.2258
fgdl4,2026-05-20,17.38,23,34.433,127.2258
fgdl4,2026-05-21,17.5,23,34.433,127.2258
fgdl4,2026-05-22,17.77,23,34.433,127.2258
fgdl4,2026-05-23,18.06,23,34.433,127.2258
fgdl4,2026-05-24,18.26,23,34.433,127.2258
fgdl4,2026-05-25,18.8,23,34.433,127.2258
fgdl4,2026-05-26,18.81,23,34.433,127.2258
fgdl4,2026-05-27,19.07,23,34.433,127.2258
fgdl4,2026-05-28,19.08,23,34.433,127.2258
fgdl4,2026-05-29,19.29,23,34.433,127.2258
fgdl4,2026-05-30,19.48,23,34.433,127.2258
fgdl4,2026-05-31,19.82,23,34.433,127.2258
fgdl4,2026-06-01,19.71,23,34.433,127.2258
fgdl4,2026-06-02,19.77,23,34.433,127.2258
fgdl4,2026-06-03,20.08,23,34.433,127.2258
fgdl4,2026-06-04,20.05,23,34.433,127.2258
fgdl4,2026-06-05,20.04,23,34.433,127.2258
fgdl4,2026-06-06,20.27,23,34.433,127.2258
fgdl4,2026-06-07,20.74,23,34.433,127.2258
fgdl4,2026-06-08,20.51,23,34.433,127.2258
fgdl4,2026-06-09,20.68,23,34.433,127.2258
fgdl4,2026-06-10,21.01,23,34.433,127.2258
fgdl4,2026-06-11,20.97,23,34.433,127.2258
fgdl4,2026-06-12,20.95,23,34.433,127.2258
fgdl4,2026-06-13,21.03,23,34.433,127.2258
fgdl4,2026-06-14,21.17,23,34.433,127.2258
fgdl4,2026-06-15,21.37,23,34.433,127.2258
fgdl4,2026-06-16,21.31,23,34.433,127.2258
fgdl4,2026-06-17,21.14,23,34.433,127.2258
fgdl4,2026-06-18,21.59,23,34.433,127.2258
fgdl4,2026-06-19,21.43,23,34.433,127.2258
fgdl4,2026-06-20,21.26,23,34.433,127.2258
fgdl4,2026-06-21,21.81,23,34.433,127.2258
fgdl4,2026-06-22,21.86,23,34.433,127.2258
fgdl4,2026-06-23,21.77,23,34.433,127.2258
fgdl4,2026-06-24,21.9,23,34.433,127.2258
fgdl4,2026-06-25,22.04,23,34.433,127.2258
fgdl4,2026-06-26,22.4,23,34.433,127.2258
fgdl4,2026-06-27,22.33,23,34.433,127.2258
fgdl4,2026-06-28,22.73,23,34.433,127.2258
fgdl4,2026-06-29,22.72,23,34.433,127.2258
fgdl4,2026-06-30,22.73,23,34.433,127.2258
fgdl4,2026-07-01,22.54,23,34.433,127.2258
fgdl4,2026-07-02,22.89,23,34.433,127.2258
fgdl4,2026-07-03,22.75,23,34.433,127.2258
fgdl4,2026-07-04,22.86,23,34.433,127.2258
fgdl4,2026-07-05,22.8,23,34.433,127.2258
fgdl4,2026-07-06,22.97,23,34.433,127.2258
fgdl4,2026-07-07,23.14,23,34.433,127.2258
fgdl4,2026-07-08,23.24,23,34.433,127.2258
fgdl4,2026-07-09,23.43,23,34.433,127.2258
fgdl4,2026-07-10,23.92,23,34.433,127.2258
fgdl4,2026-07-11,24.54,23,34.433,127.2258
fgdl4,2026-07-12,24.71,23,34.433,127.2258
fgdl4,2026-07-13,24.81,23,34.433,127.2258
fgdl4,2026-07-14,24.4,23,34.433,127.2258
fgdl4,2026-07-15,24.32,23,34.433,127.2258
fgdl4,2026-07-16,24.0,23,34.433,127.2258
fgdl4,2026-07-17,23.65,23,34.433,127.2258
fgdl4,2026-07-18,23.8,23,34.433,127.2258
fgdl4,2026-07-19,24.07,23,34.433,127.2258
fgdl4,2026-07-20,24.18,23,34.433,127.2258
fgdl4,2026-07-21,24.8,23,34.433,127.2258
fgdl4,2026-07-22,25.38,23,34.433,127.2258
fgdl4,2026-07-23,25.87,23,34.433,127.2258
fgdl4,2026-07-24,26.17,23,34.433,127.2258
fgdl4,2026-07-25,26.46,23,34.433,127.2258
fgdl4,2026-07-26,26.16,23,34.433,127.2258
fgdl4,2026-07-27,25.6,23,34.433,127.2258
fgdl4,2026-07-31,23.79,24,34.433,127.2258
fgdl4,2026-08-01,23.51,24,34.433,127.2258
fgdl4,2026-08-02,23.48,24,34.433,127.2258
fgdl4,2026-08-03,23.8,24,34.433,127.2258
fgdl4,2026-08-04,23.85,24,34.433,127.2258
fgdl4,2026-08-05,24.11,24,34.433,127.2258
fgdl4,2026-08-06,24.69,24,34.433,127.2258
fgdl4,2026-08-07,25.42,24,34.433,127.2258
fgdl4,2026-08-08,25.4,24,34.433,127.2258
fgdl4,2026-08-09,25.64,24,34.433,127.2258
fgdl4,2026-08-10,25.93,24,34.433,127.2258
fgdl4,2026-08-11,25.83,24,34.433,127.2258
fgdl4,2026-08-12,25.83,24,34.433,127.2258
fgdl4,2026-08-13,26.16,24,34.433,127.2258
fgdl4,2026-08-14,26.2,24,34.433,127.2258
fgdl4,2026-08-15,26.06,24,34.433,127.2258
fgdl4,2026-08-16,25.95,24,34.433,127.2258
fgdl4,2026-08-17,26.16,24,34.433,127.2258
fgdl4,2026-08-18,26.49,24,34.433,127.2258
fgdl4,2026-08-19,26.76,24,34.433,127.2258
fgdl4,2026-08-20,27.22,24,34.433,127.2258
fgdl4,2026-08-21,27.63,24,34.433,127.2258
fgdl4,2026-08-22,28.18,24,34.433,127.2258
fgdl4,2026-08-23,28.63,24,34.433,127.2258
fgdl4,2026-08-24,28.85,24,34.433,127.2258
fgdl4,2026-08-25,28.62,24,34.433,127.2258
fgdl4,2026-08-26,28.5,24,34.433,127.2258
fgdl4,2026-08-27,28.68,24,34.433,127.2258
fgdl4,2026-08-28,28.41,24,34.433,127.2258
fgdl4,2026-08-29,28.32,24,34.433,127.2258
fgdl4,2026-08-30,28.28,24,34.433,127.2258
fgdl4,2026-08-31,28.15,24,34.433,127.2258
fgdl4,2026-09-01,28.02,24,34.433,127.2258
fgdl4,2026-09-02,27.99,24,34.433,127.2258
fgdl4,2026-09-03,27.58,24,34.433,127.2258
fgdl4,2026-09-04,27.32,24,34.433,127.2258
fgdl4,2026-09-05,26.99,24,34.433,127.2258
fgdl4,2026-09-06,26.97,24,34.433,127.2258
fgdl4,2026-09-07,26.85,24,34.433,127.2258
fgdl4,2026-09-08,26.91,24,34.433,127.2258
fgdl4,2026-09-09,26.5,24,34.433,127.2258
fgdl4,2026-09-10,26.05,24,34.433,127.2258
fgdl4,2026-09-11,26.3,24,34.433,127.2258
fgdl4,2026-09-12,26.35,24,34.433,127.2258
fgdl4,2026-09-13,26.43,24,34.433,127.2258
fgdl4,2026-09-14,26.13,24,34.433,127.2258
fgdl4,2026-09-15,26.08,24,34.433,127.2258
fgdl4,2026-09-16,26.03,24,34.433,127.2258
fgdl4,2026-09-17,25.72,24,34.433,127.2258
fgdl4,2026-09-18,25.64,24,34.433,127.2258
fgdl4,2026-09-19,25.84,24,34.433,127.2258
fgdl4,2026-09-20,25.8,24,34.433,127.2258
fgdl4,2026-09-21,25.79,24,34.433,127.2258
fgdl4,2026-09-22,25.65,24,34.433,127.2258
fgdl4,2026-09-23,25.54,24,34.433,127.2258
fgdl4,2026-09-24,25.7,24,34.433,127.2258
fgg4c,2026-05-01,16.28,48,34.7851,128.5664
fgg4c,2026-05-02,16.35,48,34.7851,128.5664
fgg4c,2026-05-03,16.18,48,34.7851,128.5664
fgg4c,2026-05-04,16.29,48,34.7851,128.5664
fgg4c,2026-05-05,16.58,48,34.7851,128.5664
fgg4c,2026-05-06,16.86,48,34.7851,128.5664
fgg4c,2026-05-07,16.97,48,34.7851,128.5664
fgg4c,2026-05-08,17.8,48,34.7851,128.5664
fgg4c,2026-05-09,17.5,48,34.7851,128.5664
fgg4c,2026-05-10,18.0,48,34.7851,128.5664
fgg4c,2026-05-11,18.31,48,34.7851,128.5664
fgg4c,2026-05-12,17.97,48,34.7851,128.5664
fgg4c,2026-05-13,17.75,48,34.7851,128.5664
fgg4c,2026-05-14,17.14,48,34.7851,128.5664
fgg4c,2026-05-15,16.96,48,34.7851,128.5664
fgg4c,2026-05-16,17.35,48,34.7851,128.5664
fgg4c,2026-05-17,17.43,48,34.7851,128.5664
fgg4c,2026-05-18,17.52,48,34.7851,128.5664
fgg4c,2026-05-19,17.53,48,34.7851,128.5664
fgg4c,2026-05-20,17.35,48,34.7851,128.5664
fgg4c,2026-05-21,17.39,48,34.7851,128.5664
fgg4c,2026-05-22,17.36,48,34.7851,128.5664
fgg4c,2026-05-23,17.24,48,34.7851,128.5664
fgg4c,2026-05-24,17.62,48,34.7851,128.5664
fgg4c,2026-05-25,18.13,48,34.7851,128.5664
fgg4c,2026-05-26,18.29,48,34.7851,128.5664
fgg4c,2026-05-27,17.71,48,34.7851,128.5664
fgg4c,2026-05-28,18.34,48,34.7851,128.5664
fgg4c,2026-05-29,18.42,48,34.7851,128.5664
fgg4c,2026-05-30,18.74,48,34.7851,128.5664
fgg4c,2026-05-31,19.0,48,34.7851,128.5664
fgg4c,2026-06-01,19.19,48,34.7851,128.5664
fgg4c,2026-06-02,19.09,48,34.7851,128.5664
fgg4c,2026-06-03,19.47,48,34.7851,128.5664
fgg4c,2026-06-04,19.15,48,34.7851,128.5664
fgg4c,2026-06-05,19.68,48,34.7851,128.5664
fgg4c,2026-06-06,18.87,48,34.7851,128.5664
fgg4c,2026-06-07,18.68,48,34.7851,128.5664
fgg4c,2026-06-08,19.21,48,34.7851,128.5664
fgg4c,2026-06-09,19.33,48,34.7851,128.5664
fgg4c,2026-06-10,19.68,48,34.7851,128.5664
fgg4c,2026-06-11,20.45,48,34.7851,128.5664
fgg4c,2026-06-12,20.13,48,34.7851,128.5664
fgg4c,2026-06-13,19.94,48,34.7851,128.5664
fgg4c,2026-06-14,19.69,48,34.7851,128.5664
fgg4c,2026-06-15,19.3,48,34.7851,128.5664
fgg4c,2026-06-16,19.24,48,34.7851,128.5664
fgg4c,2026-06-17,19.44,48,34.7851,128.5664
fgg4c,2026-06-18,19.75,48,34.7851,128.5664
fgg4c,2026-06-19,19.63,48,34.7851,128.5664
fgg4c,2026-06-20,20.65,48,34.7851,128.5664
fgg4c,2026-06-21,20.44,48,34.7851,128.5664
fgg4c,2026-06-22,20.12,48,34.7851,128.5664
fgg4c,2026-06-23,19.86,48,34.7851,128.5664
fgg4c,2026-06-24,19.6,48,34.7851,128.5664
fgg4c,2026-06-25,19.75,48,34.7851,128.5664
fgg4c,2026-06-26,20.2,48,34.7851,128.5664
fgg4c,2026-06-27,20.32,48,34.7851,128.5664
fgg4c,2026-06-28,20.99,48,34.7851,128.5664
fgg4c,2026-06-29,21.14,48,34.7851,128.5664
fgg4c,2026-06-30,20.97,48,34.7851,128.5664
fgg4c,2026-07-01,20.95,48,34.7851,128.5664
fgg4c,2026-07-02,21.23,48,34.7851,128.5664
fgg4c,2026-07-03,21.33,48,34.7851,128.5664
fgg4c,2026-07-04,21.34,48,34.7851,128.5664
fgg4c,2026-07-05,21.28,48,34.7851,128.5664
fgg4c,2026-07-06,21.41,48,34.7851,128.5664
fgg4c,2026-07-07,21.38,48,34.7851,128.5664
fgg4c,2026-07-08,21.99,48,34.7851,128.5664
fgg4c,2026-07-09,22.69,48,34.7851,128.5664
fgg4c,2026-07-10,21.74,48,34.7851,128.5664
fgg4c,2026-07-11,22.13,48,34.7851,128.5664
fgg4c,2026-07-12,22.39,48,34.7851,128.5664
fgg4c,2026-07-13,22.66,48,34.7851,128.5664
fgg4c,2026-07-14,22.74,48,34.7851,128.5664
fgg4c,2026-07-15,24.41,48,34.7851,128.5664
fgg4c,2026-07-16,21.66,48,34.7851,128.5664
fgg4c,2026-07-17,21.41,48,34.7851,128.5664
fgg4c,2026-07-18,21.29,48,34.7851,128.5664
fgg4c,2026-07-19,20.88,48,34.7851,128.5664
fgg4c,2026-07-20,20.93,48,34.7851,128.5664
fgg4c,2026-07-21,21.02,48,34.7851,128.5664
fgg4c,2026-07-22,21.47,48,34.7851,128.5664
fgg4c,2026-07-23,22.49,48,34.7851,128.5664
fgg4c,2026-07-24,23.17,48,34.7851,128.5664
fgg4c,2026-07-25,23.24,48,34.7851,128.5664
fgg4c,2026-07-26,23.07,48,34.7851,128.5664
fgg4c,2026-07-27,22.5,48,34.7851,128.5664
fgg4c,2026-07-28,22.03,48,34.7851,128.5664
fgg4c,2026-07-29,21.63,48,34.7851,128.5664
fgg4c,2026-07-30,21.29,48,34.7851,128.5664
fgg4c,2026-07-31,20.84,48,34.7851,128.5664
fgg4c,2026-08-01,20.75,48,34.7851,128.5664
fgg4c,2026-08-02,20.58,48,34.7851,128.5664
fgg4c,2026-08-03,20.44,48,34.7851,128.5664
fgg4c,2026-08-04,20.19,48,34.7851,128.5664
fgg4c,2026-08-05,20.28,48,34.7851,128.5664
fgg4c,2026-08-06,20.83,48,34.7851,128.5664
fgg4c,2026-08-07,22.69,48,34.7851,128.5664
fgg4c,2026-08-08,24.6,48,34.7851,128.5664
fgg4c,2026-08-09,25.59,48,34.7851,128.5664
fgg4c,2026-08-10,25.84,48,34.7851,128.5664
fgg4c,2026-08-11,25.86,48,34.7851,128.5664
fgg4c,2026-08-12,25.6,48,34.7851,128.5664
fgg4c,2026-08-13,25.96,48,34.7851,128.5664
fgg4c,2026-08-14,26.55,48,34.7851,128.5664
fgg4c,2026-08-15,26.51,48,34.7851,128.5664
fgg4c,2026-08-16,26.32,48,34.7851,128.5664
fgg4c,2026-08-17,26.01,48,34.7851,128.5664
fgg4c,2026-08-18,25.83,48,34.7851,128.5664
fgg4c,2026-08-19,25.79,48,34.7851,128.5664
fgg4c,2026-08-20,25.89,48,34.7851,128.5664
fgg4c,2026-08-21,25.94,48,34.7851,128.5664
fgg4c,2026-08-22,25.99,48,34.7851,128.5664
fgg4c,2026-08-23,26.17,48,34.7851,128.5664
fgg4c,2026-08-24,26.35,48,34.7851,128.5664
fgg4c,2026-08-25,26.58,48,34.7851,128.5664
fgg4c,2026-08-26,26.76,48,34.7851,128.5664
fgg4c,2026-08-27,26.75,48,34.7851,128.5664
fgg4c,2026-08-28,26.5,48,34.7851,128.5664
fgg4c,2026-08-29,26.73,48,34.7851,128.5664
fgg4c,2026-08-30,26.06,48,34.7851,128.5664
fgg4c,2026-08-31,25.26,48,34.7851,128.5664
fgg4c,2026-09-01,24.31,48,34.7851,128.5664
fgg4c,2026-09-02,24.26,48,34.7851,128.5664
fgg4c,2026-09-03,23.96,48,34.7851,128.5664
fgg4c,2026-09-04,23.42,48,34.7851,128.5664
fgg4c,2026-09-05,23.84,48,34.7851,128.5664
fgg4c,2026-09-06,24.6,48,34.7851,128.5664
fgg4c,2026-09-07,24.96,48,34.7851,128.5664
fgg4c,2026-09-08,25.26,48,34.7851,128.5664
fgg4c,2026-09-09,25.29,48,34.7851,128.5664
fgg4c,2026-09-10,24.74,48,34.7851,128.5664
fgg4c,2026-09-11,24.68,48,34.7851,128.5664
fgg4c,2026-09-12,24.9,48,34.7851,128.5664
fgg4c,2026-09-13,25.53,48,34.7851,128.5664
fgg4c,2026-09-14,25.54,48,34.7851,128.5664
fgg4c,2026-09-15,25.48,48,34.7851,128.5664
fgg4c,2026-09-16,25.28,48,34.7851,128.5664
fgg4c,2026-09-17,24.91,48,34.7851,128.5664
fgg4c,2026-09-18,24.57,48,34.7851,128.5664
fgg4c,2026-09-19,24.35,48,34.7851,128.5664
fgg4c,2026-09-20,24.39,48,34.7851,128.5664
fgg4c,2026-09-21,24.5,48,34.7851,128.5664
fgg4c,2026-09-22,24.54,48,34.7851,128.5664
fgg4c,2026-09-23,24.52,48,34.7851,128.5664
fgg4c,2026-09-24,24.89,48,34.7851,128.5664
fggm6,2026-05-01,15.35,24,34.4526,127.097
fggm6,2026-05-02,15.35,24,34.4526,127.097
fggm6,2026-05-03,15.0,24,34.4526,127.097
fggm6,2026-05-04,15.21,24,34.4526,127.097
fggm6,2026-05-05,15.27,24,34.4526,127.097
fggm6,2026-05-06,15.46,24,34.4526,127.097
fggm6,2026-05-07,15.61,24,34.4526,127.097
fggm6,2026-05-08,15.79,24,34.4526,127.097
fggm6,2026-05-09,15.83,24,34.4526,127.097
fggm6,2026-05-10,15.98,24,34.4526,127.097
fggm6,2026-05-11,16.19,24,34.4526,127.097
fggm6,2026-05-12,15.93,24,34.4526,127.097
fggm6,2026-05-13,16.31,24,34.4526,127.097
fggm6,2026-05-14,16.86,24,34.4526,127.097
fggm6,2026-05-15,16.86,24,34.4526,127.097
fggm6,2026-05-16,17.05,24,34.4526,127.097
fggm6,2026-05-17,17.24,24,34.4526,127.097
fggm6,2026-05-18,17.42,24,34.4526,127.097
fggm6,2026-05-19,17.42,24,34.4526,127.097
fggm6,2026-05-20,17.45,24,34.4526,127.097
fggm6,2026-05-21,17.84,24,34.4526,127.097
fggm6,2026-05-22,17.97,24,34.4526,127.097
fggm6,2026-05-23,17.48,18,34.4526,127.097
fggm6,2026-05-24,17.89,24,34.4526,127.097
fggm6,2026-05-25,18.36,24,34.4526,127.097
fggm6,2026-05-26,18.52,24,34.4526,127.097
fggm6,2026-05-27,18.85,24,34.4526,127.097
fggm6,2026-05-28,19.8,24,34.4526,127.097
fggm6,2026-05-29,19.87,24,34.4526,127.097
fggm6,2026-05-30,19.4,24,34.4526,127.097
fggm6,2026-05-31,19.34,24,34.4526,127.097
fggm6,2026-06-01,19.35,24,34.4526,127.097
fggm6,2026-06-02,19.39,24,34.4526,127.097
fggm6,2026-06-03,19.87,24,34.4526,127.097
fggm6,2026-06-04,19.67,24,34.4526,127.097
fggm6,2026-06-05,20.01,24,34.4526,127.097
fggm6,2026-06-06,20.08,24,34.4526,127.097
fggm6,2026-06-07,20.05,24,34.4526,127.097
fggm6,2026-06-08,20.43,24,34.4526,127.097
fggm6,2026-06-09,20.6,24,34.4526,127.097
fggm6,2026-06-10,20.62,24,34.4526,127.097
fggm6,2026-06-11,21.1,24,34.4526,127.097
fggm6,2026-06-12,20.95,24,34.4526,127.097
fggm6,2026-06-13,20.86,24,34.4526,127.097
fggm6,2026-06-14,20.84,24,34.4526,127.097
fggm6,2026-06-15,21.01,24,34.4526,127.097
fggm6,2026-06-16,21.19,24,34.4526,127.097
fggm6,2026-06-17,21.2,24,34.4526,127.097
fggm6,2026-06-18,21.42,24,34.4526,127.097
fggm6,2026-06-19,21.27,24,34.4526,127.097
fggm6,2026-06-20,21.78,24,34.4526,127.097
fggm6,2026-06-21,21.84,24,34.4526,127.097
fggm6,2026-06-22,20.87,24,34.4526,127.097
fggm6,2026-06-23,20.96,24,34.4526,127.097
fggm6,2026-06-24,21.02,24,34.4526,127.097
fggm6,2026-06-25,21.68,24,34.4526,127.097
fggm6,2026-06-26,22.42,24,34.4526,127.097
fggm6,2026-06-27,22.07,24,34.4526,127.097
fggm6,2026-06-28,22.11,24,34.4526,127.097
fggm6,2026-06-29,22.18,24,34.4526,127.097
fggm6,2026-06-30,22.3,24,34.4526,127.097
fggm6,2026-07-01,21.77,24,34.4526,127.097
fggm6,2026-07-02,22.54,24,34.4526,127.097
fggm6,2026-07-03,22.54,24,34.4526,127.097
fggm6,2026-07-04,22.52,24,34.4526,127.097
fggm6,2026-07-05,22.63,24,34.4526,127.097
fggm6,2026-07-06,22.98,24,34.4526,127.097
fggm6,2026-07-07,23.15,24,34.4526,127.097
fggm6,2026-07-08,23.21,24,34.4526,127.097
fggm6,2026-07-09,23.38,24,34.4526,127.097
fggm6,2026-07-10,23.61,24,34.4526,127.097
fggm6,2026-07-11,23.7,24,34.4526,127.097
fggm6,2026-07-12,23.89,24,34.4526,127.097
fggm6,2026-07-13,24.24,24,34.4526,127.097
fggm6,2026-07-14,24.41,24,34.4526,127.097
fggm6,2026-07-15,24.68,24,34.4526,127.097
fggm6,2026-07-16,24.21,24,34.4526,127.097
fggm6,2026-07-17,24.16,24,34.4526,127.097
fggm6,2026-07-18,24.33,24,34.4526,127.097
fggm6,2026-07-19,24.35,24,34.4526,127.097
fggm6,2026-07-20,24.62,24,34.4526,127.097
fggm6,2026-07-21,24.55,24,34.4526,127.097
fggm6,2026-07-22,24.9,24,34.4526,127.097
fggm6,2026-07-23,25.87,24,34.4526,127.097
fggm6,2026-07-24,26.91,24,34.4526,127.097
fggm6,2026-07-25,27.13,24,34.4526,127.097
fggm6,2026-07-26,27.02,24,34.4526,127.097
fggm6,2026-07-27,26.51,24,34.4526,127.097
fggm6,2026-07-28,26.32,24,34.4526,127.097
fggm6,2026-07-29,26.52,24,34.4526,127.097
fggm6,2026-07-30,26.07,24,34.4526,127.097
fggm6,2026-07-31,24.99,24,34.4526,127.097
fggm6,2026-08-01,24.58,24,34.4526,127.097
fggm6,2026-08-02,24.26,24,34.4526,127.097
fggm6,2026-08-03,24.38,24,34.4526,127.097
fggm6,2026-08-04,24.18,24,34.4526,127.097
fggm6,2026-08-05,24.43,24,34.4526,127.097
fggm6,2026-08-06,24.53,24,34.4526,127.097
fggm6,2026-08-07,24.12,17,34.4526,127.097
fggm6,2026-08-08,23.69,24,34.4526,127.097
fggm6,2026-08-09,23.98,24,34.4526,127.097
fggm6,2026-08-10,24.22,24,34.4526,127.097
fggm6,2026-08-11,24.68,24,34.4526,127.097
fggm6,2026-08-12,24.85,24,34.4526,127.097
fggm6,2026-08-13,25.44,24,34.4526,127.097
fggm6,2026-08-14,25.68,24,34.4526,127.097
fggm6,2026-08-15,25.68,24,34.4526,127.097
fggm6,2026-08-16,25.66,24,34.4526,127.097
fggm6,2026-08-17,25.82,24,34.4526,127.097
fggm6,2026-08-18,26.23,24,34.4526,127.097
fggm6,2026-08-19,26.52,24,34.4526,127.097
fggm6,2026-08-20,26.69,24,34.4526,127.097
fggm6,2026-08-21,26.98,24,34.4526,127.097
fggm6,2026-08-22,27.58,24,34.4526,127.097
fggm6,2026-08-23,27.78,24,34.4526,127.097
fggm6,2026-08-24,27.8,24,34.4526,127.097
fggm6,2026-08-25,27.67,24,34.4526,127.097
fggm6,2026-08-26,27.85,24,34.4526,127.097
fggm6,2026-08-27,28.03,24,34.4526,127.097
fggm6,2026-08-28,28.05,24,34.4526,127.097
fggm6,2026-08-29,28.2,24,34.4526,127.097
fggm6,2026-08-30,28.23,24,34.4526,127.097
fggm6,2026-08-31,28.07,24,34.4526,127.097
fggm6,2026-09-01,27.9,24,34.4526,127.097
fggm6,2026-09-02,27.71,24,34.4526,127.097
fggm6,2026-09-03,27.41,24,34.4526,127.097
fggm6,2026-09-04,26.69,24,34.4526,127.097
fggm6,2026-09-05,26.23,24,34.4526,127.097
fggm6,2026-09-06,26.1,24,34.4526,127.097
fggm6,2026-09-07,26.26,24,34.4526,127.097
fggm6,2026-09-08,26.27,19,34.4526,127.097
fggm6,2026-09-09,26.35,24,34.4526,127.097
fggm6,2026-09-10,26.31,24,34.4526,127.097
fggm6,2026-09-11,26.22,24,34.4526,127.097
fggm6,2026-09-12,26.25,24,34.4526,127.097
fggm6,2026-09-13,26.15,24,34.4526,127.097
fggm6,2026-09-14,25.99,24,34.4526,127.097
fggm6,2026-09-15,25.88,24,34.4526,127.097
fggm6,2026-09-16,25.9,24,34.4526,127.097
fggm6,2026-09-17,25.88,24,34.4526,127.097
fggm6,2026-09-18,25.67,24,34.4526,127.097
fggm6,2026-09-19,25.72,24,34.4526,127.097
fggm6,2026-09-20,25.75,24,34.4526,127.097
fggm6,2026-09-21,25.7,24,34.4526,127.097
fggm6,2026-09-22,25.64,24,34.4526,127.097
fggm6,2026-09-23,25.55,24,34.4526,127.097
fggm6,2026-09-24,25.6,24,34.4526,127.097
fggp7,2026-05-01,15.73,24,34.7694,128.5519
fggp7,2026-05-02,15.68,23,34.7694,128.5519
fggp7,2026-05-03,15.69,24,34.7694,128.5519
fggp7,2026-05-04,15.75,24,34.7694,128.5519
fggp7,2026-05-05,15.9,24,34.7694,128.5519
fggp7,2026-05-06,16.26,24,34.7694,128.5519
fggp7,2026-05-07,16.65,24,34.7694,128.5519
fggp7,2026-05-08,16.64,24,34.7694,128.5519
fggp7,2026-05-09,17.05,24,34.7694,128.5519
fggp7,2026-05-10,17.27,24,34.7694,128.5519
fggp7,2026-05-11,17.6,24,34.7694,128.5519
fggp7,2026-05-12,17.5,24,34.7694,128.5519
fggp7,2026-05-13,17.33,24,34.7694,128.5519
fggp7,2026-05-14,17.09,24,34.7694,128.5519
fggp7,2026-05-15,17.0,24,34.7694,128.5519
fggp7,2026-05-16,17.12,24,34.7694,128.5519
fggp7,2026-05-17,17.09,21,34.7694,128.5519
fggp7,2026-05-18,17.25,22,34.7694,128.5519
fggp7,2026-05-19,17.62,23,34.7694,128.5519
fggp7,2026-05-20,17.41,24,34.7694,128.5519
fggp7,2026-05-21,17.84,23,34.7694,128.5519
fggp7,2026-05-22,17.71,24,34.7694,128.5519
fggp7,2026-05-23,17.7,24,34.7694,128.5519
fggp7,2026-05-24,18.03,24,34.7694,128.5519
fggp7,2026-05-25,18.52,24,34.7694,128.5519
fggp7,2026-05-26,18.47,24,34.7694,128.5519
fggp7,2026-05-27,18.56,24,34.7694,128.5519
fggp7,2026-05-28,19.07,24,34.7694,128.5519
fggp7,2026-05-29,18.88,24,34.7694,128.5519
fggp7,2026-05-30,18.9,24,34.7694,128.5519
fggp7,2026-05-31,19.1,24,34.7694,128.5519
fggp7,2026-06-01,19.2,23,34.7694,128.5519
fggp7,2026-06-02,19.25,24,34.7694,128.5519
fggp7,2026-06-03,19.85,24,34.7694,128.5519
fggp7,2026-06-04,19.4,24,34.7694,128.5519
fggp7,2026-06-05,19.66,24,34.7694,128.5519
fggp7,2026-06-06,19.51,24,34.7694,128.5519
fggp7,2026-06-07,19.69,24,34.7694,128.5519
fggp7,2026-06-08,19.81,24,34.7694,128.5519
fggp7,2026-06-09,19.59,24,34.7694,128.5519
fggp7,2026-06-10,19.81,24,34.7694,128.5519
fggp7,2026-06-11,20.2,24,34.7694,128.5519
fggp7,2026-06-12,20.16,24,34.7694,128.5519
fggp7,2026-06-13,19.97,24,34.7694,128.5519
fggp7,2026-06-14,19.8,24,34.7694,128.5519
fggp7,2026-06-15,19.58,24,34.7694,128.5519
fggp7,2026-06-16,19.58,24,34.7694,128.5519
fggp7,2026-06-17,19.57,24,34.7694,128.5519
fggp7,2026-06-18,19.84,24,34.7694,128.5519
fggp7,2026-06-19,19.65,24,34.7694,128.5519
fggp7,2026-06-20,19.97,24,34.7694,128.5519
fggp7,2026-06-21,20.23,24,34.7694,128.5519
fggp7,2026-06-22,20.47,24,34.7694,128.5519
fggp7,2026-06-23,20.28,24,34.7694,128.5519
fggp7,2026-06-24,20.1,24,34.7694,128.5519
fggp7,2026-06-25,20.15,19,34.7694,128.5519
fggp7,2026-06-29,21.34,12,34.7694,128.5519
fggp7,2026-06-30,21.38,24,34.7694,128.5519
fggp7,2026-07-01,21.17,24,34.7694,128.5519
fggp7,2026-07-02,21.38,24,34.7694,128.5519
fggp7,2026-07-03,21.27,24,34.7694,128.5519
fggp7,2026-07-04,21.2,24,34.7694,128.5519
fggp7,2026-07-05,21.27,24,34.7694,128.5519
fggp7,2026-07-06,21.43,24,34.7694,128.5519
fggp7,2026-07-07,21.56,24,34.7694,128.5519
fggp7,2026-07-08,21.58,24,34.7694,128.5519
fggp7,2026-07-09,21.9,24,34.7694,128.5519
fggp7,2026-07-10,22.49,24,34.7694,128.5519
fggp7,2026-07-11,22.71,24,34.7694,128.5519
fggp7,2026-07-12,22.84,24,34.7694,128.5519
fggp7,2026-07-13,22.99,24,34.7694,128.5519
fggp7,2026-07-14,22.58,24,34.7694,128.5519
fggp7,2026-07-15,22.24,24,34.7694,128.5519
fggp7,2026-07-16,22.13,24,34.7694,128.5519
fggp7,2026-07-17,21.9,24,34.7694,128.5519
fggp7,2026-07-18,21.62,24,34.7694,128.5519
fggp7,2026-07-19,21.46,24,34.7694,128.5519
fggp7,2026-07-20,21.69,24,34.7694,128.5519
fggp7,2026-07-21,21.83,24,34.7694,128.5519
fggp7,2026-07-22,22.6,24,34.7694,128.5519
fggp7,2026-07-23,23.62,24,34.7694,128.5519
fggp7,2026-07-24,24.46,24,34.7694,128.5519
fggp7,2026-07-25,24.82,24,34.7694,128.5519
fggp7,2026-07-26,24.4,24,34.7694,128.5519
fggp7,2026-07-27,24.22,24,34.7694,128.5519
fggp7,2026-07-28,23.72,24,34.7694,128.5519
fggp7,2026-07-29,23.33,24,34.7694,128.5519
fggp7,2026-07-30,23.01,24,34.7694,128.5519
fggp7,2026-07-31,22.61,24,34.7694,128.5519
fggp7,2026-08-01,22.36,24,34.7694,128.5519
fggp7,2026-08-02,21.8,24,34.7694,128.5519
fggp7,2026-08-03,21.77,24,34.7694,128.5519
fggp7,2026-08-04,22.08,24,34.7694,128.5519
fggp7,2026-08-05,22.15,24,34.7694,128.5519
fggp7,2026-08-06,22.95,24,34.7694,128.5519
fggp7,2026-08-07,24.33,24,34.7694,128.5519
fggp7,2026-08-08,25.83,24,34.7694,128.5519
fggp7,2026-08-09,26.3,24,34.7694,128.5519
fggp7,2026-08-10,26.36,24,34.7694,128.5519
fggp7,2026-08-11,26.12,24,34.7694,128.5519
fggp7,2026-08-12,25.93,24,34.7694,128.5519
fggp7,2026-08-13,26.21,24,34.7694,128.5519
fggp7,2026-08-14,26.4,24,34.7694,128.5519
fggp7,2026-08-15,26.44,24,34.7694,128.5519
fggp7,2026-08-16,26.1,24,34.7694,128.5519
fggp7,2026-08-17,25.62,24,34.7694,128.5519
fggp7,2026-08-18,25.59,23,34.7694,128.5519
fggp7,2026-08-19,25.9,23,34.7694,128.5519
fggp7,2026-08-20,26.13,20,34.7694,128.5519
fggp7,2026-08-21,26.32,24,34.7694,128.5519
fggp7,2026-08-22,26.74,24,34.7694,128.5519
fggp7,2026-08-23,27.67,24,34.7694,128.5519
fggp7,2026-08-24,27.8,24,34.7694,128.5519
fggp7,2026-08-25,27.83,12,34.7694,128.5519
fggp7,2026-08-26,27.78,18,34.7694,128.5519
fggp7,2026-08-27,27.49,21,34.7694,128.5519
fggp7,2026-09-05,25.84,24,34.7694,128.5519
fggp7,2026-09-06,26.27,24,34.7694,128.5519
fggp7,2026-09-07,26.33,20,34.7694,128.5519
fggp7,2026-09-08,26.32,24,34.7694,128.5519
fggp7,2026-09-09,25.97,24,34.7694,128.5519
fggp7,2026-09-10,25.67,24,34.7694,128.5519
fggp7,2026-09-11,25.63,24,34.7694,128.5519
fggp7,2026-09-12,25.71,24,34.7694,128.5519
fggp7,2026-09-13,25.79,24,34.7694,128.5519
fggp7,2026-09-14,25.9,23,34.7694,128.5519
fggp7,2026-09-15,25.97,24,34.7694,128.5519
fggp7,2026-09-16,25.89,24,34.7694,128.5519
fggp7,2026-09-17,25.7,24,34.7694,128.5519
fggp7,2026-09-18,25.48,24,34.7694,128.5519
fggp7,2026-09-19,25.42,24,34.7694,128.5519
fggp7,2026-09-20,25.52,24,34.7694,128.5519
fggp7,2026-09-21,25.52,23,34.7694,128.5519
fggp7,2026-09-22,25.45,24,34.7694,128.5519
fggp7,2026-09-23,25.41,24,34.7694,128.5519
fggp7,2026-09-24,25.35,24,34.7694,128.5519
fggq5,2026-05-28,18.13,15,34.7729,128.5514
fggq5,2026-05-29,18.25,24,34.7729,128.5514
fggq5,2026-05-30,18.33,13,34.7729,128.5514
fggq5,2026-06-01,18.75,12,34.7729,128.5514
fggq5,2026-06-02,18.66,24,34.7729,128.5514
fggq5,2026-06-03,18.89,23,34.7729,128.5514
fggq5,2026-06-04,18.89,24,34.7729,128.5514
fggq5,2026-06-05,18.8,24,34.7729,128.5514
fggq5,2026-06-06,18.86,24,34.7729,128.5514
fggq5,2026-06-07,18.96,24,34.7729,128.5514
fggq5,2026-06-08,18.83,24,34.7729,128.5514
fggq5,2026-06-09,18.94,24,34.7729,128.5514
fggq5,2026-06-10,19.09,24,34.7729,128.5514
fggq5,2026-06-11,19.29,24,34.7729,128.5514
fggq5,2026-06-12,19.3,24,34.7729,128.5514
fggq5,2026-06-13,19.29,24,34.7729,128.5514
fggq5,2026-06-14,19.12,24,34.7729,128.5514
fggq5,2026-06-15,19.08,24,34.7729,128.5514
fggq5,2026-06-16,19.07,24,34.7729,128.5514
fggq5,2026-06-17,19.08,24,34.7729,128.5514
fggq5,2026-06-18,19.27,24,34.7729,128.5514
fggq5,2026-06-19,19.34,24,34.7729,128.5514
fggq5,2026-06-20,19.71,24,34.7729,128.5514
fggq5,2026-06-21,19.84,24,34.7729,128.5514
fggq5,2026-06-22,19.93,23,34.7729,128.5514
fggq5,2026-06-23,19.71,24,34.7729,128.5514
fggq5,2026-06-24,19.6,24,34.7729,128.5514
fggq5,2026-06-25,19.71,24,34.7729,128.5514
fggq5,2026-06-26,20.0,24,34.7729,128.5514
fggq5,2026-06-27,20.38,24,34.7729,128.5514
fggq5,2026-06-28,20.6,24,34.7729,128.5514
fggq5,2026-06-29,20.77,24,34.7729,128.5514
fggq5,2026-06-30,20.88,24,34.7729,128.5514
fggq5,2026-07-01,20.81,24,34.7729,128.5514
fggq5,2026-07-02,20.86,23,34.7729,128.5514
fggq5,2026-07-03,20.85,24,34.7729,128.5514
fggq5,2026-07-04,20.69,24,34.7729,128.5514
fggq5,2026-07-05,20.75,24,34.7729,128.5514
fggq5,2026-07-06,20.83,24,34.7729,128.5514
fggq5,2026-07-07,20.65,24,34.7729,128.5514
fggq5,2026-07-08,20.84,24,34.7729,128.5514
fggq5,2026-07-09,21.15,24,34.7729,128.5514
fggq5,2026-07-10,21.47,24,34.7729,128.5514
fggq5,2026-07-11,21.44,24,34.7729,128.5514
fggq5,2026-07-12,21.61,24,34.7729,128.5514
fggq5,2026-07-13,21.78,24,34.7729,128.5514
fggq5,2026-07-14,21.64,24,34.7729,128.5514
fggq5,2026-07-15,21.68,24,34.7729,128.5514
fggq5,2026-07-16,21.29,24,34.7729,128.5514
fggq5,2026-07-17,20.97,24,34.7729,128.5514
fggq5,2026-07-18,20.59,24,34.7729,128.5514
fggq5,2026-07-19,20.43,24,34.7729,128.5514
fggq5,2026-07-20,20.28,24,34.7729,128.5514
fggq5,2026-07-21,20.12,24,34.7729,128.5514
fggq5,2026-07-22,20.4,22,34.7729,128.5514
fggq5,2026-07-23,21.12,24,34.7729,128.5514
fggq5,2026-07-24,21.48,24,34.7729,128.5514
fggq5,2026-07-25,21.6,24,34.7729,128.5514
fggq5,2026-07-26,21.15,24,34.7729,128.5514
fggq5,2026-07-27,21.0,24,34.7729,128.5514
fggq5,2026-07-28,20.93,24,34.7729,128.5514
fggq5,2026-07-29,20.92,24,34.7729,128.5514
fggq5,2026-07-30,20.84,24,34.7729,128.5514
fggq5,2026-07-31,20.63,24,34.7729,128.5514
fggq5,2026-08-01,20.61,24,34.7729,128.5514
fggq5,2026-08-02,20.38,24,34.7729,128.5514
fggq5,2026-08-03,20.43,24,34.7729,128.5514
fggq5,2026-08-04,20.39,24,34.7729,128.5514
fggq5,2026-08-05,20.61,24,34.7729,128.5514
fggq5,2026-08-06,21.8,24,34.7729,128.5514
fggq5,2026-08-07,23.7,24,34.7729,128.5514
fggq5,2026-08-08,25.27,24,34.7729,128.5514
fggq5,2026-08-09,26.1,24,34.7729,128.5514
fggq5,2026-08-10,26.25,24,34.7729,128.5514
fggq5,2026-08-11,26.01,24,34.7729,128.5514
fggq5,2026-08-12,25.8,24,34.7729,128.5514
fggq5,2026-08-13,26.05,24,34.7729,128.5514
fggq5,2026-08-14,26.3,24,34.7729,128.5514
fggq5,2026-08-15,26.34,24,34.7729,128.5514
fggq5,2026-08-16,26.07,24,34.7729,128.5514
fggq5,2026-08-17,25.85,24,34.7729,128.5514
fggq5,2026-08-18,25.77,24,34.7729,128.5514
fggq5,2026-08-19,25.8,24,34.7729,128.5514
fggq5,2026-08-20,25.8,24,34.7729,128.5514
fggq5,2026-08-21,25.85,24,34.7729,128.5514
fggq5,2026-08-22,25.96,24,34.7729,128.5514
fggq5,2026-08-23,26.4,24,34.7729,128.5514
fggq5,2026-08-24,26.84,24,34.7729,128.5514
fggq5,2026-08-25,26.86,24,34.7729,128.5514
fggq5,2026-08-26,26.67,24,34.7729,128.5514
fggq5,2026-08-27,26.49,24,34.7729,128.5514
fggq5,2026-08-28,26.11,24,34.7729,128.5514
fggq5,2026-08-29,25.91,24,34.7729,128.5514
fggq5,2026-08-30,25.24,24,34.7729,128.5514
fggq5,2026-08-31,24.4,24,34.7729,128.5514
fggq5,2026-09-01,24.02,24,34.7729,128.5514
fggq5,2026-09-02,23.82,24,34.7729,128.5514
fggq5,2026-09-03,23.85,24,34.7729,128.5514
fggq5,2026-09-04,24.72,24,34.7729,128.5514
fggq5,2026-09-05,25.41,24,34.7729,128.5514
fggq5,2026-09-06,25.78,24,34.7729,128.5514
fggq5,2026-09-07,25.9,20,34.7729,128.5514
fggq5,2026-09-08,25.86,24,34.7729,128.5514
fggq5,2026-09-09,25.55,24,34.7729,128.5514
fggq5,2026-09-10,25.22,23,34.7729,128.5514
fggq5,2026-09-11,25.23,24,34.7729,128.5514
fggq5,2026-09-12,25.31,24,34.7729,128.5514
fggq5,2026-09-13,25.44,24,34.7729,128.5514
fggq5,2026-09-14,25.52,23,34.7729,128.5514
fggq5,2026-09-15,25.56,24,34.7729,128.5514
fggq5,2026-09-16,25.47,24,34.7729,128.5514
fggq5,2026-09-17,25.28,24,34.7729,128.5514
fggq5,2026-09-18,25.11,24,34.7729,128.5514
fggq5,2026-09-19,25.0,24,34.7729,128.5514
fggq5,2026-09-20,25.04,24,34.7729,128.5514
fggq5,2026-09-21,25.03,23,34.7729,128.5514
fggq5,2026-09-22,24.97,24,34.7729,128.5514
fggq5,2026-09-23,24.96,24,34.7729,128.5514
fggq5,2026-09-24,24.93,24,34.7729,128.5514
fghk5,2026-05-01,15.24,23,34.502983,127.146095
fghk5,2026-05-02,15.38,24,34.502983,127.146095
fghk5,2026-05-03,15.13,24,34.502983,127.146095
fghk5,2026-05-04,15.09,24,34.502983,127.146095
fghk5,2026-05-05,15.25,24,34.502983,127.146095
fghk5,2026-05-06,15.36,24,34.502983,127.146095
fghk5,2026-05-07,15.73,24,34.502983,127.146095
fghk5,2026-05-08,15.75,24,34.502983,127.146095
fghk5,2026-05-09,16.0,24,34.502983,127.146095
fghk5,2026-05-10,16.23,24,34.502983,127.146095
fghk5,2026-05-11,16.47,24,34.502983,127.146095
fghk5,2026-05-12,16.35,24,34.502983,127.146095
fghk5,2026-05-13,16.53,24,34.502983,127.146095
fghk5,2026-05-14,16.79,23,34.502983,127.146095
fghk5,2026-05-15,16.88,24,34.502983,127.146095
fghk5,2026-05-16,17.08,23,34.502983,127.146095
fghk5,2026-05-17,17.28,24,34.502983,127.146095
fghk5,2026-05-18,17.3,24,34.502983,127.146095
fghk5,2026-05-19,17.44,24,34.502983,127.146095
fghk5,2026-05-20,17.55,24,34.502983,127.146095
fghk5,2026-05-21,17.77,24,34.502983,127.146095
fghk5,2026-05-22,17.9,24,34.502983,127.146095
fghk5,2026-05-23,17.91,24,34.502983,127.146095
fghk5,2026-05-24,18.28,24,34.502983,127.146095
fghk5,2026-05-25,18.5,24,34.502983,127.146095
fghk5,2026-05-26,18.62,24,34.502983,127.146095
fghk5,2026-05-27,18.71,24,34.502983,127.146095
fghk5,2026-05-28,19.3,24,34.502983,127.146095
fghk5,2026-05-29,19.52,24,34.502983,127.146095
fghk5,2026-05-30,19.36,24,34.502983,127.146095
fghk5,2026-05-31,19.59,24,34.502983,127.146095
fghk5,2026-06-01,19.47,24,34.502983,127.146095
fghk5,2026-06-02,19.68,24,34.502983,127.146095
fghk5,2026-06-03,19.95,24,34.502983,127.146095
fghk5,2026-06-04,19.95,24,34.502983,127.146095
fghk5,2026-06-05,20.05,24,34.502983,127.146095
fghk5,2026-06-06,20.26,24,34.502983,127.146095
fghk5,2026-06-07,20.61,24,34.502983,127.146095
fghk5,2026-06-08,20.31,24,34.502983,127.146095
fghk5,2026-06-09,20.51,24,34.502983,127.146095
fghk5,2026-06-10,20.83,24,34.502983,127.146095
fghk5,2026-06-11,20.97,24,34.502983,127.146095
fghk5,2026-06-12,21.07,24,34.502983,127.146095
fghk5,2026-06-13,21.19,24,34.502983,127.146095
fghk5,2026-06-14,21.24,24,34.502983,127.146095
fghk5,2026-06-15,21.21,24,34.502983,127.146095
fghk5,2026-06-16,21.32,24,34.502983,127.146095
fghk5,2026-06-17,21.45,24,34.502983,127.146095
fghk5,2026-06-18,21.7,24,34.502983,127.146095
fghk5,2026-06-19,21.73,24,34.502983,127.146095
fghk5,2026-06-20,21.9,24,34.502983,127.146095
fghk5,2026-06-21,22.28,24,34.502983,127.146095
fghk5,2026-06-22,21.55,24,34.502983,127.146095
fghk5,2026-06-23,21.58,24,34.502983,127.146095
fghk5,2026-06-24,21.54,24,34.502983,127.146095
fghk5,2026-06-25,21.65,24,34.502983,127.146095
fghk5,2026-06-26,22.15,24,34.502983,127.146095
fghk5,2026-06-27,22.23,24,34.502983,127.146095
fghk5,2026-06-28,22.25,24,34.502983,127.146095
fghk5,2026-06-29,22.4,24,34.502983,127.146095
fghk5,2026-06-30,22.52,24,34.502983,127.146095
fghk5,2026-07-01,22.29,24,34.502983,127.146095
fghk5,2026-07-02,22.8,24,34.502983,127.146095
fghk5,2026-07-03,22.88,24,34.502983,127.146095
fghk5,2026-07-04,22.8,24,34.502983,127.146095
fghk5,2026-07-05,22.92,24,34.502983,127.146095
fghk5,2026-07-06,23.25,24,34.502983,127.146095
fghk5,2026-07-07,23.46,24,34.502983,127.146095
fghk5,2026-07-08,23.83,24,34.502983,127.146095
fghk5,2026-07-09,23.87,24,34.502983,127.146095
fghk5,2026-07-10,23.92,24,34.502983,127.146095
fghk5,2026-07-11,24.08,24,34.502983,127.146095
fghk5,2026-07-12,24.24,24,34.502983,127.146095
fghk5,2026-07-13,24.55,24,34.502983,127.146095
fghk5,2026-07-14,24.75,24,34.502983,127.146095
fghk5,2026-07-15,24.89,24,34.502983,127.146095
fghk5,2026-07-16,24.62,24,34.502983,127.146095
fghk5,2026-07-17,24.55,24,34.502983,127.146095
fghk5,2026-07-18,24.69,24,34.502983,127.146095
fghk5,2026-07-19,24.72,24,34.502983,127.146095
fghk5,2026-07-20,24.97,24,34.502983,127.146095
fghk5,2026-07-21,25.27,24,34.502983,127.146095
fghk5,2026-07-22,25.44,24,34.502983,127.146095
fghk5,2026-07-23,25.76,24,34.502983,127.146095
fghk5,2026-07-24,26.17,24,34.502983,127.146095
fghk5,2026-07-25,26.3,24,34.502983,127.146095
fghk5,2026-07-26,26.44,24,34.502983,127.146095
fghk5,2026-07-27,25.54,24,34.502983,127.146095
fghk5,2026-07-28,25.42,24,34.502983,127.146095
fghk5,2026-07-29,25.42,24,34.502983,127.146095
fghk5,2026-07-30,25.53,24,34.502983,127.146095
fghk5,2026-07-31,25.44,24,34.502983,127.146095
fghk5,2026-08-01,25.42,24,34.502983,127.146095
fghk5,2026-08-02,25.31,24,34.502983,127.146095
fghk5,2026-08-03,25.24,24,34.502983,127.146095
fghk5,2026-08-04,25.19,24,34.502983,127.146095
fghk5,2026-08-05,25.24,24,34.502983,127.146095
fghk5,2026-08-06,25.1,24,34.502983,127.146095
fghk5,2026-08-07,24.7,24,34.502983,127.146095
fghk5,2026-08-08,24.58,23,34.502983,127.146095
fghk5,2026-08-09,24.27,24,34.502983,127.146095
fghk5,2026-08-10,24.52,24,34.502983,127.146095
fghk5,2026-08-11,24.75,24,34.502983,127.146095
fghk5,2026-08-12,25.11,23,34.502983,127.146095
fghk5,2026-08-13,25.58,24,34.502983,127.146095
fghk5,2026-08-14,25.81,24,34.502983,127.146095
fghk5,2026-08-15,25.88,24,34.502983,127.146095
fghk5,2026-08-16,25.77,24,34.502983,127.146095
fghk5,2026-08-17,26.0,24,34.502983,127.146095
fghk5,2026-08-18,26.33,24,34.502983,127.146095
fghk5,2026-08-19,26.62,24,34.502983,127.146095
fghk5,2026-08-20,26.89,24,34.502983,127.146095
fghk5,2026-08-21,27.25,24,34.502983,127.146095
fghk5,2026-08-22,27.65,24,34.502983,127.146095
fghk5,2026-08-23,27.83,24,34.502983,127.146095
fghk5,2026-08-24,27.9,24,34.502983,127.146095
fghk5,2026-08-25,28.0,24,34.502983,127.146095
fghk5,2026-08-26,28.13,24,34.502983,127.146095
fghk5,2026-08-27,28.42,24,34.502983,127.146095
fghk5,2026-08-28,28.33,24,34.502983,127.146095
fghk5,2026-08-29,28.48,24,34.502983,127.146095
fghk5,2026-08-30,28.42,24,34.502983,127.146095
fghk5,2026-08-31,28.42,24,34.502983,127.146095
fghk5,2026-09-01,28.33,24,34.502983,127.146095
fghk5,2026-09-02,28.31,24,34.502983,127.146095
fghk5,2026-09-03,28.18,24,34.502983,127.146095
fghk5,2026-09-04,27.75,24,34.502983,127.146095
fghk5,2026-09-05,27.0,24,34.502983,127.146095
fghk5,2026-09-06,26.79,24,34.502983,127.146095
fghk5,2026-09-07,26.78,24,34.502983,127.146095
fghk5,2026-09-08,26.72,24,34.502983,127.146095
fghk5,2026-09-09,26.71,24,34.502983,127.146095
fghk5,2026-09-10,26.67,24,34.502983,127.146095
fghk5,2026-09-11,26.46,24,34.502983,127.146095
fghk5,2026-09-12,26.35,24,34.502983,127.146095
fghk5,2026-09-13,26.31,24,34.502983,127.146095
fghk5,2026-09-14,26.09,24,34.502983,127.146095
fghk5,2026-09-15,26.1,24,34.502983,127.146095
fghk5,2026-09-16,25.9,24,34.502983,127.146095
fghk5,2026-09-17,25.96,24,34.502983,127.146095
fghk5,2026-09-18,25.82,24,34.502983,127.146095
fghk5,2026-09-19,25.95,24,34.502983,127.146095
fghk5,2026-09-20,25.97,24,34.502983,127.146095
fghk5,2026-09-21,25.9,24,34.502983,127.146095
fghk5,2026-09-22,25.93,24,34.502983,127.146095
fghk5,2026-09-23,25.74,24,34.502983,127.146095
fghk5,2026-09-24,25.71,24,34.502983,127.146095
fgim6,2026-05-01,16.33,24,34.4963,127.396
fgim6,2026-05-02,16.3,24,34.4963,127.396
fgim6,2026-05-03,15.82,24,34.4963,127.396
fgim6,2026-05-04,15.86,24,34.4963,127.396
fgim6,2026-05-05,15.91,24,34.4963,127.396
fgim6,2026-05-06,16.68,24,34.4963,127.396
fgim6,2026-05-07,17.2,24,34.4963,127.396
fgim6,2026-05-08,17.45,24,34.4963,127.396
fgim6,2026-05-09,17.41,24,34.4963,127.396
fgim6,2026-05-10,17.75,24,34.4963,127.396
fgim6,2026-05-11,18.81,24,34.4963,127.396
fgim6,2026-05-12,18.5,24,34.4963,127.396
fgim6,2026-05-13,18.65,24,34.4963,127.396
fgim6,2026-05-14,19.04,16,34.4963,127.396
fgim6,2026-05-15,19.43,24,34.4963,127.396
fgim6,2026-05-16,19.93,18,34.4963,127.396
fgim6,2026-05-17,19.99,24,34.4963,127.396
fgim6,2026-05-18,20.14,24,34.4963,127.396
fgim6,2026-05-19,20.17,24,34.4963,127.396
fgim6,2026-05-20,19.38,24,34.4963,127.396
fgim6,2026-05-21,19.31,24,34.4963,127.396
fgim6,2026-05-22,19.43,24,34.4963,127.396
fgim6,2026-05-23,19.17,14,34.4963,127.396
fgim6,2026-05-24,20.1,24,34.4963,127.396
fgim6,2026-05-25,21.13,24,34.4963,127.396
fgim6,2026-05-26,20.95,24,34.4963,127.396
fgim6,2026-05-27,20.86,24,34.4963,127.396
fgim6,2026-05-28,21.24,24,34.4963,127.396
fgim6,2026-05-29,21.08,24,34.4963,127.396
fgim6,2026-05-30,21.53,24,34.4963,127.396
fgim6,2026-05-31,21.93,24,34.4963,127.396
fgim6,2026-06-01,21.95,24,34.4963,127.396
fgim6,2026-06-02,21.53,24,34.4963,127.396
fgim6,2026-06-03,21.87,24,34.4963,127.396
fgim6,2026-06-04,21.95,24,34.4963,127.396
fgim6,2026-06-05,22.11,24,34.4963,127.396
fgim6,2026-06-06,21.8,24,34.4963,127.396
fgim6,2026-06-07,22.16,24,34.4963,127.396
fgim6,2026-06-08,21.98,24,34.4963,127.396
fgim6,2026-06-09,21.97,24,34.4963,127.396
fgim6,2026-06-10,22.33,24,34.4963,127.396
fgim6,2026-06-11,22.55,24,34.4963,127.396
fgim6,2026-06-12,22.6,24,34.4963,127.396
fgim6,2026-06-13,22.69,24,34.4963,127.396
fgim6,2026-06-14,23.17,24,34.4963,127.396
fgim6,2026-06-15,23.22,24,34.4963,127.396
fgim6,2026-06-16,23.02,24,34.4963,127.396
fgim6,2026-06-17,22.5,24,34.4963,127.396
fgim6,2026-06-18,23.12,24,34.4963,127.396
fgim6,2026-06-19,23.05,24,34.4963,127.396
fgim6,2026-06-20,22.89,24,34.4963,127.396
fgim6,2026-06-21,23.22,24,34.4963,127.396
fgim6,2026-06-22,22.57,24,34.4963,127.396
fgim6,2026-06-23,22.12,24,34.4963,127.396
fgim6,2026-06-24,22.2,24,34.4963,127.396
fgim6,2026-06-25,22.65,24,34.4963,127.396
fgim6,2026-06-26,23.12,24,34.4963,127.396
fgim6,2026-06-27,23.28,24,34.4963,127.396
fgim6,2026-06-28,23.64,24,34.4963,127.396
fgim6,2026-06-29,24.28,24,34.4963,127.396
fgim6,2026-06-30,24.28,24,34.4963,127.396
fgim6,2026-07-01,23.56,24,34.4963,127.396
fgim6,2026-07-02,23.96,24,34.4963,127.396
fgim6,2026-07-03,24.03,24,34.4963,127.396
fgim6,2026-07-04,23.92,24,34.4963,127.396
fgim6,2026-07-05,24.0,24,34.4963,127.396
fgim6,2026-07-06,24.24,24,34.4963,127.396
fgim6,2026-07-07,24.46,24,34.4963,127.396
fgim6,2026-07-08,24.82,24,34.4963,127.396
fgim6,2026-07-09,25.25,24,34.4963,127.396
fgim6,2026-07-10,25.69,24,34.4963,127.396
fgim6,2026-07-11,26.47,24,34.4963,127.396
fgim6,2026-07-12,25.77,24,34.4963,127.396
fgim6,2026-07-13,26.02,24,34.4963,127.396
fgim6,2026-07-14,26.02,24,34.4963,127.396
fgim6,2026-07-15,26.01,24,34.4963,127.396
fgim6,2026-07-16,25.92,24,34.4963,127.396
fgim6,2026-07-17,25.58,24,34.4963,127.396
fgim6,2026-07-18,25.65,24,34.4963,127.396
fgim6,2026-07-19,25.94,24,34.4963,127.396
fgim6,2026-07-20,26.13,24,34.4963,127.396
fgim6,2026-07-21,26.75,24,34.4963,127.396
fgim6,2026-07-22,27.32,24,34.4963,127.396
fgim6,2026-07-23,28.17,23,34.4963,127.396
fgim6,2026-07-24,28.32,24,34.4963,127.396
fgim6,2026-07-25,28.19,24,34.4963,127.396
fgim6,2026-07-26,28.22,23,34.4963,127.396
fgim6,2026-07-27,28.1,24,34.4963,127.396
fgim6,2026-07-28,27.78,24,34.4963,127.396
fgim6,2026-07-29,27.29,24,34.4963,127.396
fgim6,2026-07-30,26.75,24,34.4963,127.396
fgim6,2026-07-31,26.54,24,34.4963,127.396
fgim6,2026-08-01,26.4,24,34.4963,127.396
fgim6,2026-08-02,26.09,24,34.4963,127.396
fgim6,2026-08-03,26.08,24,34.4963,127.396
fgim6,2026-08-04,26.12,24,34.4963,127.396
fgim6,2026-08-05,26.43,24,34.4963,127.396
fgim6,2026-08-06,26.86,24,34.4963,127.396
fgim6,2026-08-07,27.29,24,34.4963,127.396
fgim6,2026-08-08,26.9,24,34.4963,127.396
fgim6,2026-08-09,26.85,24,34.4963,127.396
fgim6,2026-08-10,26.78,24,34.4963,127.396
fgim6,2026-08-11,26.59,24,34.4963,127.396
fgim6,2026-08-12,26.77,24,34.4963,127.396
fgim6,2026-08-13,27.29,24,34.4963,127.396
fgim6,2026-08-14,27.44,24,34.4963,127.396
fgim6,2026-08-15,27.26,24,34.4963,127.396
fgim6,2026-08-16,26.8,24,34.4963,127.396
fgim6,2026-08-17,26.9,24,34.4963,127.396
fgim6,2026-08-18,27.32,24,34.4963,127.396
fgim6,2026-08-19,27.77,24,34.4963,127.396
fgim6,2026-08-20,28.51,24,34.4963,127.396
fgim6,2026-08-21,28.84,24,34.4963,127.396
fgim6,2026-08-22,29.3,24,34.4963,127.396
fgim6,2026-08-23,29.72,24,34.4963,127.396
fgim6,2026-08-24,29.81,24,34.4963,127.396
fgim6,2026-08-25,29.96,24,34.4963,127.396
fgim6,2026-08-26,29.95,24,34.4963,127.396
fgim6,2026-08-27,30.14,24,34.4963,127.396
fgim6,2026-08-28,29.96,24,34.4963,127.396
fgim6,2026-08-29,29.83,24,34.4963,127.396
fgim6,2026-08-30,29.88,24,34.4963,127.396
fgim6,2026-08-31,29.71,24,34.4963,127.396
fgim6,2026-09-01,29.58,24,34.4963,127.396
fgim6,2026-09-02,29.63,24,34.4963,127.396
fgim6,2026-09-03,29.34,24,34.4963,127.396
fgim6,2026-09-04,28.03,24,34.4963,127.396
fgim6,2026-09-05,27.32,24,34.4963,127.396
fgim6,2026-09-06,27.12,24,34.4963,127.396
fgim6,2026-09-07,27.11,24,34.4963,127.396
fgim6,2026-09-08,27.19,24,34.4963,127.396
fgim6,2026-09-09,26.64,24,34.4963,127.396
fgim6,2026-09-10,26.2,24,34.4963,127.396
fgim6,2026-09-11,26.42,24,34.4963,127.396
fgim6,2026-09-12,26.51,24,34.4963,127.396
fgim6,2026-09-13,26.77,24,34.4963,127.396
fgim6,2026-09-14,26.69,24,34.4963,127.396
fgim6,2026-09-15,26.51,24,34.4963,127.396
fgim6,2026-09-16,26.47,24,34.4963,127.396
fgim6,2026-09-17,25.95,24,34.4963,127.396
fgim6,2026-09-18,25.66,24,34.4963,127.396
fgim6,2026-09-19,25.72,24,34.4963,127.396
fgim6,2026-09-20,25.77,24,34.4963,127.396
fgim6,2026-09-21,25.8,24,34.4963,127.396
fgim6,2026-09-22,25.91,24,34.4963,127.396
fgim6,2026-09-23,25.78,24,34.4963,127.396
fgim6,2026-09-24,25.92,24,34.4963,127.396
fgjm6,2026-05-01,15.35,24,34.4417,127.2962
fgjm6,2026-05-02,15.29,24,34.4417,127.2962
fgjm6,2026-05-03,14.93,24,34.4417,127.2962
fgjm6,2026-05-04,15.34,24,34.4417,127.2962
fgjm6,2026-05-05,15.45,24,34.4417,127.2962
fgjm6,2026-05-06,15.82,24,34.4417,127.2962
fgjm6,2026-05-07,16.16,24,34.4417,127.2962
fgjm6,2026-05-08,16.2,24,34.4417,127.2962
fgjm6,2026-05-09,16.21,24,34.4417,127.2962
fgjm6,2026-05-10,16.65,24,34.4417,127.2962
fgjm6,2026-05-11,17.15,24,34.4417,127.2962
fgjm6,2026-05-12,16.71,24,34.4417,127.2962
fgjm6,2026-05-13,16.92,24,34.4417,127.2962
fgjm6,2026-05-14,17.13,24,34.4417,127.2962
fgjm6,2026-05-15,17.22,24,34.4417,127.2962
fgjm6,2026-05-16,17.52,24,34.4417,127.2962
fgjm6,2026-05-17,17.9,24,34.4417,127.2962
fgjm6,2026-05-18,17.91,24,34.4417,127.2962
fgjm6,2026-05-19,17.95,24,34.4417,127.2962
fgjm6,2026-05-20,17.53,24,34.4417,127.2962
fgjm6,2026-05-21,17.87,24,34.4417,127.2962
fgjm6,2026-05-22,18.1,24,34.4417,127.2962
fgjm6,2026-05-23,18.16,24,34.4417,127.2962
fgjm6,2026-05-24,18.44,24,34.4417,127.2962
fgjm6,2026-05-25,19.03,24,34.4417,127.2962
fgjm6,2026-05-26,18.86,24,34.4417,127.2962
fgjm6,2026-05-27,19.04,24,34.4417,127.2962
fgjm6,2026-05-28,19.54,24,34.4417,127.2962
fgjm6,2026-05-29,19.62,24,34.4417,127.2962
fgjm6,2026-05-30,19.64,24,34.4417,127.2962
fgjm6,2026-05-31,20.01,24,34.4417,127.2962
fgjm6,2026-06-01,19.95,24,34.4417,127.2962
fgjm6,2026-06-02,19.75,24,34.4417,127.2962
fgjm6,2026-06-03,20.34,24,34.4417,127.2962
fgjm6,2026-06-04,20.02,24,34.4417,127.2962
fgjm6,2026-06-05,20.43,24,34.4417,127.2962
fgjm6,2026-06-06,20.35,24,34.4417,127.2962
fgjm6,2026-06-07,20.74,24,34.4417,127.2962
fgjm6,2026-06-08,20.53,24,34.4417,127.2962
fgjm6,2026-06-09,20.71,24,34.4417,127.2962
fgjm6,2026-06-10,21.08,24,34.4417,127.2962
fgjm6,2026-06-11,21.16,24,34.4417,127.2962
fgjm6,2026-06-12,21.11,24,34.4417,127.2962
fgjm6,2026-06-13,21.15,24,34.4417,127.2962
fgjm6,2026-06-14,21.39,24,34.4417,127.2962
fgjm6,2026-06-15,21.5,24,34.4417,127.2962
fgjm6,2026-06-16,21.58,24,34.4417,127.2962
fgjm6,2026-06-17,21.32,24,34.4417,127.2962
fgjm6,2026-06-18,21.78,24,34.4417,127.2962
fgjm6,2026-06-19,21.42,24,34.4417,127.2962
fgjm6,2026-06-20,21.66,24,34.4417,127.2962
fgjm6,2026-06-21,22.03,24,34.4417,127.2962
fgjm6,2026-06-22,21.38,24,34.4417,127.2962
fgjm6,2026-06-23,21.58,24,34.4417,127.2962
fgjm6,2026-06-24,21.69,24,34.4417,127.2962
fgjm6,2026-06-25,21.98,24,34.4417,127.2962
fgjm6,2026-06-26,22.38,24,34.4417,127.2962
fgjm6,2026-06-27,22.32,24,34.4417,127.2962
fgjm6,2026-06-28,22.62,24,34.4417,127.2962
fgjm6,2026-06-29,22.85,24,34.4417,127.2962
fgjm6,2026-06-30,22.96,24,34.4417,127.2962
fgjm6,2026-07-01,22.36,24,34.4417,127.2962
fgjm6,2026-07-02,23.12,24,34.4417,127.2962
fgjm6,2026-07-03,22.86,24,34.4417,127.2962
fgjm6,2026-07-04,22.93,24,34.4417,127.2962
fgjm6,2026-07-05,22.9,24,34.4417,127.2962
fgjm6,2026-07-06,23.32,24,34.4417,127.2962
fgjm6,2026-07-07,23.29,24,34.4417,127.2962
fgjm6,2026-07-08,23.65,24,34.4417,127.2962
fgjm6,2026-07-09,23.94,24,34.4417,127.2962
fgjm6,2026-07-10,24.07,24,34.4417,127.2962
fgjm6,2026-07-11,24.57,24,34.4417,127.2962
fgjm6,2026-07-12,24.6,24,34.4417,127.2962
fgjm6,2026-07-13,25.03,24,34.4417,127.2962
fgjm6,2026-07-14,25.04,24,34.4417,127.2962
fgjm6,2026-07-15,25.03,24,34.4417,127.2962
fgjm6,2026-07-16,24.43,24,34.4417,127.2962
fgjm6,2026-07-17,24.38,24,34.4417,127.2962
fgjm6,2026-07-18,24.5,24,34.4417,127.2962
fgjm6,2026-07-19,24.6,24,34.4417,127.2962
fgjm6,2026-07-20,24.75,24,34.4417,127.2962
fgjm6,2026-07-21,25.27,24,34.4417,127.2962
fgjm6,2026-07-22,25.88,24,34.4417,127.2962
fgjm6,2026-07-23,26.52,24,34.4417,127.2962
fgjm6,2026-07-24,26.85,24,34.4417,127.2962
fgjm6,2026-07-25,27.01,24,34.4417,127.2962
fgjm6,2026-07-26,26.92,24,34.4417,127.2962
fgjm6,2026-07-27,26.21,24,34.4417,127.2962
fgjm6,2026-07-28,25.7,24,34.4417,127.2962
fgjm6,2026-07-29,25.41,24,34.4417,127.2962
fgjm6,2026-07-30,25.01,24,34.4417,127.2962
fgjm6,2026-07-31,24.71,24,34.4417,127.2962
fgjm6,2026-08-01,24.54,24,34.4417,127.2962
fgjm6,2026-08-02,24.48,24,34.4417,127.2962
fgjm6,2026-08-03,24.28,24,34.4417,127.2962
fgjm6,2026-08-04,24.35,24,34.4417,127.2962
fgjm6,2026-08-05,24.74,24,34.4417,127.2962
fgjm6,2026-08-06,24.81,24,34.4417,127.2962
fgjm6,2026-08-07,24.98,24,34.4417,127.2962
fgjm6,2026-08-08,25.34,24,34.4417,127.2962
fgjm6,2026-08-09,25.66,24,34.4417,127.2962
fgjm6,2026-08-10,26.0,24,34.4417,127.2962
fgjm6,2026-08-11,26.01,24,34.4417,127.2962
fgjm6,2026-08-12,26.01,24,34.4417,127.2962
fgjm6,2026-08-13,26.35,24,34.4417,127.2962
fgjm6,2026-08-14,26.39,24,34.4417,127.2962
fgjm6,2026-08-15,26.11,24,34.4417,127.2962
fgjm6,2026-08-16,25.97,24,34.4417,127.2962
fgjm6,2026-08-17,26.26,24,34.4417,127.2962
fgjm6,2026-08-18,26.55,24,34.4417,127.2962
fgjm6,2026-08-19,27.18,24,34.4417,127.2962
fgjm6,2026-08-20,27.59,24,34.4417,127.2962
fgjm6,2026-08-21,28.01,24,34.4417,127.2962
fgjm6,2026-08-22,28.5,24,34.4417,127.2962
fgjm6,2026-08-23,28.69,24,34.4417,127.2962
fgjm6,2026-08-24,29.08,24,34.4417,127.2962
fgjm6,2026-08-25,29.28,24,34.4417,127.2962
fgjm6,2026-08-26,29.21,24,34.4417,127.2962
fgjm6,2026-08-27,29.39,24,34.4417,127.2962
fgjm6,2026-08-28,29.08,24,34.4417,127.2962
fgjm6,2026-08-29,29.07,24,34.4417,127.2962
fgjm6,2026-08-30,28.99,24,34.4417,127.2962
fgjm6,2026-08-31,28.77,24,34.4417,127.2962
fgjm6,2026-09-01,28.7,24,34.4417,127.2962
fgjm6,2026-09-02,28.51,24,34.4417,127.2962
fgjm6,2026-09-03,28.26,24,34.4417,127.2962
fgjm6,2026-09-04,27.78,24,34.4417,127.2962
fgjm6,2026-09-05,27.45,24,34.4417,127.2962
fgjm6,2026-09-06,27.15,24,34.4417,127.2962
fgjm6,2026-09-07,27.28,24,34.4417,127.2962
fgjm6,2026-09-08,27.27,24,34.4417,127.2962
fgjm6,2026-09-09,26.98,24,34.4417,127.2962
fgjm6,2026-09-10,26.65,24,34.4417,127.2962
fgjm6,2026-09-11,26.7,24,34.4417,127.2962
fgjm6,2026-09-12,26.65,24,34.4417,127.2962
fgjm6,2026-09-13,26.78,24,34.4417,127.2962
fgjm6,2026-09-14,26.48,24,34.4417,127.2962
fgjm6,2026-09-15,26.36,24,34.4417,127.2962
fgjm6,2026-09-16,26.45,24,34.4417,127.2962
fgjm6,2026-09-17,26.06,24,34.4417,127.2962
fgjm6,2026-09-18,25.98,24,34.4417,127.2962
fgjm6,2026-09-19,26.05,24,34.4417,127.2962
fgjm6,2026-09-20,26.18,24,34.4417,127.2962
fgjm6,2026-09-21,26.02,24,34.4417,127.2962
fgjm6,2026-09-22,26.03,24,34.4417,127.2962
fgjm6,2026-09-23,25.87,24,34.4417,127.2962
fgjm6,2026-09-24,26.0,24,34.4417,127.2962
fgjq5,2026-05-28,17.91,15,34.7271,128.5906
fgjq5,2026-05-29,17.93,24,34.7271,128.5906
fgjq5,2026-05-30,17.9,24,34.7271,128.5906
fgjq5,2026-05-31,18.02,24,34.7271,128.5906
fgjq5,2026-06-01,17.78,24,34.7271,128.5906
fgjq5,2026-06-02,17.5,24,34.7271,128.5906
fgjq5,2026-06-03,17.74,24,34.7271,128.5906
fgjq5,2026-06-04,17.78,24,34.7271,128.5906
fgjq5,2026-06-05,17.89,24,34.7271,128.5906
fgjq5,2026-06-06,17.66,24,34.7271,128.5906
fgjq5,2026-06-07,17.4,24,34.7271,128.5906
fgjq5,2026-06-08,17.96,24,34.7271,128.5906
fgjq5,2026-06-09,18.4,24,34.7271,128.5906
fgjq5,2026-06-10,18.37,24,34.7271,128.5906
fgjq5,2026-06-11,19.6,24,34.7271,128.5906
fgjq5,2026-06-12,19.07,26,34.7271,128.5906
fgjq5,2026-06-13,18.56,24,34.7271,128.5906
fgjq5,2026-06-14,18.26,24,34.7271,128.5906
fgjq5,2026-06-15,18.15,24,34.7271,128.5906
fgjq5,2026-06-16,18.03,24,34.7271,128.5906
fgjq5,2026-06-17,18.25,24,34.7271,128.5906
fgjq5,2026-06-18,18.65,24,34.7271,128.5906
fgjq5,2026-06-19,18.63,24,34.7271,128.5906
fgjq5,2026-06-20,18.94,24,34.7271,128.5906
fgjq5,2026-06-21,19.17,24,34.7271,128.5906
fgjq5,2026-06-22,18.33,24,34.7271,128.5906
fgjq5,2026-06-23,18.12,24,34.7271,128.5906
fgjq5,2026-06-24,18.2,24,34.7271,128.5906
fgjq5,2026-06-25,19.2,24,34.7271,128.5906
fgjq5,2026-06-26,20.25,24,34.7271,128.5906
fgjq5,2026-06-27,20.22,24,34.7271,128.5906
fgjq5,2026-06-28,20.57,24,34.7271,128.5906
fgjq5,2026-06-29,20.57,24,34.7271,128.5906
fgjq5,2026-06-30,20.37,24,34.7271,128.5906
fgjq5,2026-07-01,20.07,24,34.7271,128.5906
fgjq5,2026-07-02,20.08,24,34.7271,128.5906
fgjq5,2026-07-03,20.22,24,34.7271,128.5906
fgjq5,2026-07-04,20.25,24,34.7271,128.5906
fgjq5,2026-07-05,20.48,24,34.7271,128.5906
fgjq5,2026-07-06,20.48,24,34.7271,128.5906
fgjq5,2026-07-07,20.16,24,34.7271,128.5906
fgjq5,2026-07-08,20.72,24,34.7271,128.5906
fgjq5,2026-07-09,21.22,24,34.7271,128.5906
fgjq5,2026-07-10,21.35,24,34.7271,128.5906
fgjq5,2026-07-11,21.55,24,34.7271,128.5906
fgjq5,2026-07-12,22.0,24,34.7271,128.5906
fgjq5,2026-07-13,21.57,24,34.7271,128.5906
fgjq5,2026-07-14,21.3,24,34.7271,128.5906
fgjq5,2026-07-15,21.51,24,34.7271,128.5906
fgjq5,2026-07-16,20.04,24,34.7271,128.5906
fgjq5,2026-07-17,19.42,24,34.7271,128.5906
fgjq5,2026-07-18,19.35,23,34.7271,128.5906
fgjq5,2026-07-19,19.15,24,34.7271,128.5906
fgjq5,2026-07-20,19.15,24,34.7271,128.5906
fgjq5,2026-07-21,19.96,24,34.7271,128.5906
fgjq5,2026-07-22,20.84,24,34.7271,128.5906
fgjq5,2026-07-23,21.62,24,34.7271,128.5906
fgjq5,2026-07-24,22.3,24,34.7271,128.5906
fgjq5,2026-07-25,22.3,24,34.7271,128.5906
fgjq5,2026-07-26,21.86,24,34.7271,128.5906
fgjq5,2026-07-27,21.38,24,34.7271,128.5906
fgjq5,2026-07-28,21.04,24,34.7271,128.5906
fgjq5,2026-07-29,20.84,24,34.7271,128.5906
fgjq5,2026-07-30,20.58,24,34.7271,128.5906
fgjq5,2026-07-31,19.75,24,34.7271,128.5906
fgjq5,2026-08-01,19.65,24,34.7271,128.5906
fgjq5,2026-08-02,19.06,24,34.7271,128.5906
fgjq5,2026-08-03,18.64,24,34.7271,128.5906
fgjq5,2026-08-04,18.48,24,34.7271,128.5906
fgjq5,2026-08-05,19.83,24,34.7271,128.5906
fgjq5,2026-08-06,21.97,24,34.7271,128.5906
fgjq5,2026-08-07,24.43,24,34.7271,128.5906
fgjq5,2026-08-08,26.07,24,34.7271,128.5906
fgjq5,2026-08-09,26.25,24,34.7271,128.5906
fgjq5,2026-08-10,26.43,24,34.7271,128.5906
fgjq5,2026-08-11,26.07,24,34.7271,128.5906
fgjq5,2026-08-12,26.07,24,34.7271,128.5906
fgjq5,2026-08-13,26.36,24,34.7271,128.5906
fgjq5,2026-08-14,26.29,24,34.7271,128.5906
fgjq5,2026-08-15,25.77,24,34.7271,128.5906
fgjq5,2026-08-19,25.69,24,34.7271,128.5906
fgjq5,2026-08-20,25.82,24,34.7271,128.5906
fgjq5,2026-08-21,26.08,24,34.7271,128.5906
fgjq5,2026-08-22,26.43,24,34.7271,128.5906
fgjq5,2026-08-23,27.1,24,34.7271,128.5906
fgjq5,2026-08-24,27.41,23,34.7271,128.5906
fgjq5,2026-08-25,27.42,24,34.7271,128.5906
fgjq5,2026-08-26,26.85,24,34.7271,128.5906
fgjq5,2026-08-27,26.9,24,34.7271,128.5906
fgjq5,2026-08-28,26.56,24,34.7271,128.5906
fgjq5,2026-08-29,26.62,24,34.7271,128.5906
fgjq5,2026-08-30,25.02,24,34.7271,128.5906
fgjq5,2026-08-31,24.72,24,34.7271,128.5906
fgjq5,2026-09-01,24.42,24,34.7271,128.5906
fgjq5,2026-09-02,24.18,24,34.7271,128.5906
fgjq5,2026-09-03,23.91,24,34.7271,128.5906
fgjq5,2026-09-04,24.68,24,34.7271,128.5906
fgjq5,2026-09-05,25.99,24,34.7271,128.5906
fgjq5,2026-09-06,26.49,24,34.7271,128.5906
fgjq5,2026-09-07,26.44,20,34.7271,128.5906
fgjq5,2026-09-08,26.34,24,34.7271,128.5906
fgjq5,2026-09-09,25.94,24,34.7271,128.5906
fgjq5,2026-09-10,25.5,24,34.7271,128.5906
fgjq5,2026-09-11,25.39,23,34.7271,128.5906
fgjq5,2026-09-12,25.31,24,34.7271,128.5906
fgjq5,2026-09-13,25.51,24,34.7271,128.5906
fgjq5,2026-09-14,25.7,24,34.7271,128.5906
fgjq5,2026-09-15,25.49,12,34.7271,128.5906
fgjq5,2026-09-16,25.2,24,34.7271,128.5906
fgjq5,2026-09-17,24.8,24,34.7271,128.5906
fgjq5,2026-09-18,24.42,24,34.7271,128.5906
fgjq5,2026-09-19,24.53,24,34.7271,128.5906
fgjq5,2026-09-20,24.94,24,34.7271,128.5906
fgjq5,2026-09-21,24.96,24,34.7271,128.5906
fgjq5,2026-09-22,24.97,23,34.7271,128.5906
fgjq5,2026-09-23,24.85,24,34.7271,128.5906
fgjq5,2026-09-24,24.82,24,34.7271,128.5906
fgkq5,2026-05-28,17.82,15,34.7656,128.5567
fgkq5,2026-05-29,18.05,24,34.7656,128.5567
fgkq5,2026-05-30,18.12,23,34.7656,128.5567
fgkq5,2026-05-31,18.18,24,34.7656,128.5567
fgkq5,2026-06-01,18.26,24,34.7656,128.5567
fgkq5,2026-06-02,18.4,23,34.7656,128.5567
fgkq5,2026-06-03,18.38,24,34.7656,128.5567
fgkq5,2026-06-04,18.44,24,34.7656,128.5567
fgkq5,2026-06-05,18.31,23,34.7656,128.5567
fgkq5,2026-06-06,18.49,24,34.7656,128.5567
fgkq5,2026-06-07,18.41,23,34.7656,128.5567
fgkq5,2026-06-08,18.31,24,34.7656,128.5567
fgkq5,2026-06-09,18.41,24,34.7656,128.5567
fgkq5,2026-06-10,18.6,24,34.7656,128.5567
fgkq5,2026-06-11,18.73,24,34.7656,128.5567
fgkq5,2026-06-12,18.76,24,34.7656,128.5567
fgkq5,2026-06-13,18.68,24,34.7656,128.5567
fgkq5,2026-06-14,18.75,24,34.7656,128.5567
fgkq5,2026-06-15,18.68,24,34.7656,128.5567
fgkq5,2026-06-16,18.66,24,34.7656,128.5567
fgkq5,2026-06-17,18.78,24,34.7656,128.5567
fgkq5,2026-06-18,18.99,24,34.7656,128.5567
fgkq5,2026-06-19,18.94,24,34.7656,128.5567
fgkq5,2026-06-20,19.31,24,34.7656,128.5567
fgkq5,2026-06-21,19.41,23,34.7656,128.5567
fgkq5,2026-06-22,19.38,23,34.7656,128.5567
fgkq5,2026-06-23,19.2,26,34.7656,128.5567
fgkq5,2026-06-24,19.14,24,34.7656,128.5567
fgkq5,2026-06-25,19.35,24,34.7656,128.5567
fgkq5,2026-06-26,19.99,24,34.7656,128.5567
fgkq5,2026-06-27,20.36,24,34.7656,128.5567
fgkq5,2026-06-28,20.39,16,34.7656,128.5567
fgkq5,2026-07-03,20.58,24,34.7656,128.5567
fgkq5,2026-07-04,20.5,24,34.7656,128.5567
fgkq5,2026-07-05,20.49,24,34.7656,128.5567
fgkq5,2026-07-06,20.44,24,34.7656,128.5567
fgkq5,2026-07-07,20.24,24,34.7656,128.5567
fgkq5,2026-07-08,20.43,24,34.7656,128.5567
fgkq5,2026-07-09,20.87,24,34.7656,128.5567
fgkq5,2026-07-10,20.91,24,34.7656,128.5567
fgkq5,2026-07-11,20.91,24,34.7656,128.5567
fgkq5,2026-07-12,21.51,24,34.7656,128.5567
fgkq5,2026-07-13,21.48,24,34.7656,128.5567
fgkq5,2026-07-14,21.3,24,34.7656,128.5567
fgkq5,2026-07-15,21.17,24,34.7656,128.5567
fgkq5,2026-07-16,20.81,24,34.7656,128.5567
fgkq5,2026-07-17,20.52,24,34.7656,128.5567
fgkq5,2026-07-18,20.4,24,34.7656,128.5567
fgkq5,2026-07-19,19.89,24,34.7656,128.5567
fgkq5,2026-07-20,19.67,24,34.7656,128.5567
fgkq5,2026-07-21,19.4,24,34.7656,128.5567
fgkq5,2026-07-22,19.62,24,34.7656,128.5567
fgkq5,2026-07-23,19.82,24,34.7656,128.5567
fgkq5,2026-07-24,20.08,24,34.7656,128.5567
fgkq5,2026-07-25,20.06,24,34.7656,128.5567
fgkq5,2026-07-26,20.44,24,34.7656,128.5567
fgkq5,2026-07-27,20.36,18,34.7656,128.5567
fgkq5,2026-07-28,20.18,12,34.7656,128.5567
fgkq5,2026-07-29,20.26,24,34.7656,128.5567
fgkq5,2026-07-30,20.0,24,34.7656,128.5567
fgkq5,2026-07-31,20.27,24,34.7656,128.5567
fgkq5,2026-08-01,20.04,24,34.7656,128.5567
fgkq5,2026-08-02,19.82,23,34.7656,128.5567
fgkq5,2026-08-03,19.84,24,34.7656,128.5567
fgkq5,2026-08-04,19.63,24,34.7656,128.5567
fgkq5,2026-08-05,20.44,24,34.7656,128.5567
fgkq5,2026-08-06,21.76,24,34.7656,128.5567
fgkq5,2026-08-07,23.87,24,34.7656,128.5567
fgkq5,2026-08-08,25.57,24,34.7656,128.5567
fgkq5,2026-08-09,26.2,24,34.7656,128.5567
fgkq5,2026-08-10,26.31,24,34.7656,128.5567
fgkq5,2026-08-11,26.04,24,34.7656,128.5567
fgkq5,2026-08-12,25.92,23,34.7656,128.5567
fgkq5,2026-08-13,26.16,24,34.7656,128.5567
fgkq5,2026-08-14,26.25,24,34.7656,128.5567
fgkq5,2026-08-15,26.21,24,34.7656,128.5567
fgkq5,2026-08-16,25.84,24,34.7656,128.5567
fgkq5,2026-08-17,25.71,23,34.7656,128.5567
fgkq5,2026-08-18,25.69,24,34.7656,128.5567
fgkq5,2026-08-19,25.65,24,34.7656,128.5567
fgkq5,2026-08-20,25.5,24,34.7656,128.5567
fgkq5,2026-08-21,25.56,24,34.7656,128.5567
fgkq5,2026-08-22,25.71,24,34.7656,128.5567
fgkq5,2026-08-23,26.12,24,34.7656,128.5567
fgkq5,2026-08-24,26.3,24,34.7656,128.5567
fgkq5,2026-08-25,26.35,24,34.7656,128.5567
fgkq5,2026-08-26,26.2,24,34.7656,128.5567
fgkq5,2026-08-31,24.17,12,34.7656,128.5567
fgkq5,2026-09-01,23.88,24,34.7656,128.5567
fgkq5,2026-09-02,23.63,23,34.7656,128.5567
fgkq5,2026-09-03,23.42,24,34.7656,128.5567
fgkq5,2026-09-04,24.85,24,34.7656,128.5567
fgkq5,2026-09-05,25.73,24,34.7656,128.5567
fgkq5,2026-09-06,26.08,24,34.7656,128.5567
fgkq5,2026-09-07,26.18,20,34.7656,128.5567
fgkq5,2026-09-08,26.01,24,34.7656,128.5567
fgkq5,2026-09-09,25.73,24,34.7656,128.5567
fgkq5,2026-09-10,25.43,23,34.7656,128.5567
fgkq5,2026-09-11,25.31,24,34.7656,128.5567
fgkq5,2026-09-12,25.39,24,34.7656,128.5567
fgkq5,2026-09-13,25.44,24,34.7656,128.5567
fgkq5,2026-09-14,25.52,23,34.7656,128.5567
fgkq5,2026-09-15,25.5,24,34.7656,128.5567
fgkq5,2026-09-16,25.35,24,34.7656,128.5567
fgkq5,2026-09-17,25.19,24,34.7656,128.5567
fgkq5,2026-09-18,25.06,24,34.7656,128.5567
fgkq5,2026-09-19,24.95,24,34.7656,128.5567
fgkq5,2026-09-20,25.0,24,34.7656,128.5567
fgkq5,2026-09-21,25.05,23,34.7656,128.5567
fgkq5,2026-09-22,25.02,24,34.7656,128.5567
fgkq5,2026-09-23,24.96,24,34.7656,128.5567
fgkq5,2026-09-24,24.84,24,34.7656,128.5567
fgmk6,2026-05-01,15.46,24,34.4439,126.8125
fgmk6,2026-05-02,15.52,24,34.4439,126.8125
fgmk6,2026-05-03,15.46,24,34.4439,126.8125
fgmk6,2026-05-04,15.49,24,34.4439,126.8125
fgmk6,2026-05-05,15.66,24,34.4439,126.8125
fgmk6,2026-05-06,15.99,24,34.4439,126.8125
fgmk6,2026-05-07,16.52,24,34.4439,126.8125
fgmk6,2026-05-08,16.51,24,34.4439,126.8125
fgmk6,2026-05-09,16.64,24,34.4439,126.8125
fgmk6,2026-05-10,16.71,24,34.4439,126.8125
fgmk6,2026-05-11,17.03,24,34.4439,126.8125
fgmk6,2026-05-12,16.63,24,34.4439,126.8125
fgmk6,2026-05-13,16.95,24,34.4439,126.8125
fgmk6,2026-05-14,17.08,24,34.4439,126.8125
fgmk6,2026-05-15,17.25,24,34.4439,126.8125
fgmk6,2026-05-16,17.76,24,34.4439,126.8125
fgmk6,2026-05-17,17.97,24,34.4439,126.8125
fgmk6,2026-05-18,18.24,18,34.4439,126.8125
fgmk6,2026-05-19,18.14,24,34.4439,126.8125
fgmk6,2026-05-20,17.89,24,34.4439,126.8125
fgmk6,2026-05-21,18.57,24,34.4439,126.8125
fgmk6,2026-05-22,18.17,24,34.4439,126.8125
fgmk6,2026-05-23,18.01,24,34.4439,126.8125
fgmk6,2026-05-24,18.6,24,34.4439,126.8125
fgmk6,2026-05-25,18.27,23,34.4439,126.8125
fgmk6,2026-05-26,18.2,24,34.4439,126.8125
fgmk6,2026-05-27,18.56,24,34.4439,126.8125
fgmk6,2026-05-28,19.53,24,34.4439,126.8125
fgmk6,2026-05-29,19.35,24,34.4439,126.8125
fgmk6,2026-05-30,19.45,24,34.4439,126.8125
fgmk6,2026-05-31,19.77,24,34.4439,126.8125
fgmk6,2026-06-01,19.83,23,34.4439,126.8125
fgmk6,2026-06-02,19.94,24,34.4439,126.8125
fgmk6,2026-06-03,21.11,23,34.4439,126.8125
fgmk6,2026-06-04,20.63,23,34.4439,126.8125
fgmk6,2026-06-05,21.08,24,34.4439,126.8125
fgmk6,2026-06-06,20.34,24,34.4439,126.8125
fgmk6,2026-06-07,20.67,24,34.4439,126.8125
fgmk6,2026-06-08,20.91,23,34.4439,126.8125
fgmk6,2026-06-09,20.75,23,34.4439,126.8125
fgmk6,2026-06-10,20.81,23,34.4439,126.8125
fgmk6,2026-06-11,21.51,23,34.4439,126.8125
fgmk6,2026-06-12,21.43,23,34.4439,126.8125
fgmk6,2026-06-13,21.25,23,34.4439,126.8125
fgmk6,2026-06-14,21.45,24,34.4439,126.8125
fgmk6,2026-06-15,21.62,24,34.4439,126.8125
fgmk6,2026-06-16,21.6,23,34.4439,126.8125
fgmk6,2026-06-17,21.38,23,34.4439,126.8125
fgmk6,2026-06-18,21.86,24,34.4439,126.8125
fgmk6,2026-06-19,21.69,24,34.4439,126.8125
fgmk6,2026-06-20,22.26,24,34.4439,126.8125
fgmk6,2026-06-21,22.43,24,34.4439,126.8125
fgmk6,2026-06-22,21.54,24,34.4439,126.8125
fgmk6,2026-06-23,21.1,24,34.4439,126.8125
fgmk6,2026-06-24,20.9,24,34.4439,126.8125
fgmk6,2026-06-25,21.45,24,34.4439,126.8125
fgmk6,2026-06-26,22.04,23,34.4439,126.8125
fgmk6,2026-06-27,22.12,23,34.4439,126.8125
fgmk6,2026-06-28,22.44,24,34.4439,126.8125
fgmk6,2026-06-29,22.73,24,34.4439,126.8125
fgmk6,2026-06-30,22.91,23,34.4439,126.8125
fgmk6,2026-07-01,22.75,24,34.4439,126.8125
fgmk6,2026-07-02,23.45,24,34.4439,126.8125
fgmk6,2026-07-03,23.31,23,34.4439,126.8125
fgmk6,2026-07-04,23.24,24,34.4439,126.8125
fgmk6,2026-07-05,23.43,24,34.4439,126.8125
fgmk6,2026-07-06,23.66,24,34.4439,126.8125
fgmk6,2026-07-07,23.81,23,34.4439,126.8125
fgmk6,2026-07-08,23.66,23,34.4439,126.8125
fgmk6,2026-07-09,24.2,23,34.4439,126.8125
fgmk6,2026-07-10,24.08,24,34.4439,126.8125
fgmk6,2026-07-11,24.43,24,34.4439,126.8125
fgmk6,2026-07-12,24.07,24,34.4439,126.8125
fgmk6,2026-07-13,24.74,23,34.4439,126.8125
fgmk6,2026-07-14,25.1,24,34.4439,126.8125
fgmk6,2026-07-15,25.5,24,34.4439,126.8125
fgmk6,2026-07-16,25.03,24,34.4439,126.8125
fgmk6,2026-07-17,24.88,24,34.4439,126.8125
fgmk6,2026-07-18,25.03,23,34.4439,126.8125
fgmk6,2026-07-19,25.09,24,34.4439,126.8125
fgmk6,2026-07-20,25.29,23,34.4439,126.8125
fgmk6,2026-07-21,25.57,24,34.4439,126.8125
fgmk6,2026-07-22,26.26,24,34.4439,126.8125
fgmk6,2026-07-23,27.64,24,34.4439,126.8125
fgmk6,2026-07-24,27.78,23,34.4439,126.8125
fgmk6,2026-07-25,28.33,22,34.4439,126.8125
fgmk6,2026-07-26,28.73,22,34.4439,126.8125
fgmk6,2026-07-27,27.8,21,34.4439,126.8125
fgmk6,2026-07-28,27.26,22,34.4439,126.8125
fgmk6,2026-07-29,26.79,23,34.4439,126.8125
fgmk6,2026-07-30,26.25,22,34.4439,126.8125
fgmk6,2026-07-31,26.05,24,34.4439,126.8125
fgmk6,2026-08-01,26.31,23,34.4439,126.8125
fgmk6,2026-08-02,26.29,23,34.4439,126.8125
fgmk6,2026-08-03,26.38,21,34.4439,126.8125
fgmk6,2026-08-04,26.37,23,34.4439,126.8125
fgmk6,2026-08-05,26.17,23,34.4439,126.8125
fgmk6,2026-08-06,26.26,23,34.4439,126.8125
fgmk6,2026-08-07,26.02,24,34.4439,126.8125
fgmk6,2026-08-08,24.9,23,34.4439,126.8125
fgmk6,2026-08-09,24.99,24,34.4439,126.8125
fgmk6,2026-08-10,25.57,24,34.4439,126.8125
fgmk6,2026-08-11,25.74,23,34.4439,126.8125
fgmk6,2026-08-12,25.91,24,34.4439,126.8125
fgmk6,2026-08-13,26.26,24,34.4439,126.8125
fgmk6,2026-08-14,26.43,24,34.4439,126.8125
fgmk6,2026-08-15,26.32,24,34.4439,126.8125
fgmk6,2026-08-16,26.26,24,34.4439,126.8125
fgmk6,2026-08-17,26.44,24,34.4439,126.8125
fgmk6,2026-08-18,27.0,23,34.4439,126.8125
fgmk6,2026-08-19,27.2,24,34.4439,126.8125
fgmk6,2026-08-20,27.62,23,34.4439,126.8125
fgmk6,2026-08-21,27.79,24,34.4439,126.8125
fgmk6,2026-08-22,27.83,24,34.4439,126.8125
fgmk6,2026-08-23,28.03,23,34.4439,126.8125
fgmk6,2026-08-24,28.65,24,34.4439,126.8125
fgmk6,2026-08-25,29.24,23,34.4439,126.8125
fgmk6,2026-08-26,29.06,23,34.4439,126.8125
fgmk6,2026-08-27,29.06,23,34.4439,126.8125
fgmk6,2026-08-28,28.98,23,34.4439,126.8125
fgmk6,2026-08-29,29.1,23,34.4439,126.8125
fgmk6,2026-08-30,29.09,24,34.4439,126.8125
fgmk6,2026-08-31,29.01,23,34.4439,126.8125
fgmk6,2026-09-01,28.99,23,34.4439,126.8125
fgmk6,2026-09-02,28.99,18,34.4439,126.8125
fgmk6,2026-09-03,28.61,23,34.4439,126.8125
fgmk6,2026-09-04,27.57,23,34.4439,126.8125
fgmk6,2026-09-05,26.84,24,34.4439,126.8125
fgmk6,2026-09-06,26.51,24,34.4439,126.8125
fgmk6,2026-09-07,26.66,24,34.4439,126.8125
fgmk6,2026-09-08,26.8,24,34.4439,126.8125
fgmk6,2026-09-09,26.75,23,34.4439,126.8125
fgmk6,2026-09-10,26.6,24,34.4439,126.8125
fgmk6,2026-09-11,26.55,24,34.4439,126.8125
fgmk6,2026-09-12,26.51,23,34.4439,126.8125
fgmk6,2026-09-13,26.48,23,34.4439,126.8125
fgmk6,2026-09-14,26.24,23,34.4439,126.8125
fgmk6,2026-09-15,26.05,23,34.4439,126.8125
fgmk6,2026-09-16,25.97,23,34.4439,126.8125
fgmk6,2026-09-17,25.87,23,34.4439,126.8125
fgmk6,2026-09-18,25.74,23,34.4439,126.8125
fgmk6,2026-09-19,25.8,23,34.4439,126.8125
fgmk6,2026-09-20,26.02,24,34.4439,126.8125
fgmk6,2026-09-21,25.97,24,34.4439,126.8125
fgmk6,2026-09-22,25.88,24,34.4439,126.8125
fgmk6,2026-09-23,25.9,23,34.4439,126.8125
fgmk6,2026-09-24,25.84,23,34.4439,126.8125
fgnm6,2026-05-01,16.75,24,34.5713,127.4656
fgnm6,2026-05-02,16.71,24,34.5713,127.4656
fgnm6,2026-05-03,16.23,24,34.5713,127.4656
fgnm6,2026-05-04,16.16,24,34.5713,127.4656
fgnm6,2026-05-05,16.3,24,34.5713,127.4656
fgnm6,2026-05-06,17.0,24,34.5713,127.4656
fgnm6,2026-05-07,17.42,24,34.5713,127.4656
fgnm6,2026-05-08,17.39,24,34.5713,127.4656
fgnm6,2026-05-09,17.45,24,34.5713,127.4656
fgnm6,2026-05-10,17.97,24,34.5713,127.4656
fgnm6,2026-05-11,18.99,23,34.5713,127.4656
fgnm6,2026-05-12,18.7,24,34.5713,127.4656
fgnm6,2026-05-13,19.01,24,34.5713,127.4656
fgnm6,2026-05-14,19.55,24,34.5713,127.4656
fgnm6,2026-05-15,19.9,24,34.5713,127.4656
fgnm6,2026-05-16,20.14,24,34.5713,127.4656
fgnm6,2026-05-17,20.58,24,34.5713,127.4656
fgnm6,2026-05-18,20.6,24,34.5713,127.4656
fgnm6,2026-05-19,20.69,24,34.5713,127.4656
fgnm6,2026-05-20,19.92,24,34.5713,127.4656
fgnm6,2026-05-21,19.97,24,34.5713,127.4656
fgnm6,2026-05-22,19.8,24,34.5713,127.4656
fgnm6,2026-05-23,19.82,24,34.5713,127.4656
fgnm6,2026-05-24,20.58,24,34.5713,127.4656
fgnm6,2026-05-25,21.76,24,34.5713,127.4656
fgnm6,2026-05-26,21.67,24,34.5713,127.4656
fgnm6,2026-05-27,21.22,24,34.5713,127.4656
fgnm6,2026-05-28,21.72,24,34.5713,127.4656
fgnm6,2026-05-29,21.52,24,34.5713,127.4656
fgnm6,2026-05-30,22.01,24,34.5713,127.4656
fgnm6,2026-05-31,22.48,24,34.5713,127.4656
fgnm6,2026-06-01,22.45,24,34.5713,127.4656
fgnm6,2026-06-02,21.98,24,34.5713,127.4656
fgnm6,2026-06-03,22.75,24,34.5713,127.4656
fgnm6,2026-06-04,22.73,24,34.5713,127.4656
fgnm6,2026-06-05,22.57,24,34.5713,127.4656
fgnm6,2026-06-06,21.85,24,34.5713,127.4656
fgnm6,2026-06-07,22.48,24,34.5713,127.4656
fgnm6,2026-06-08,22.35,24,34.5713,127.4656
fgnm6,2026-06-09,22.21,24,34.5713,127.4656
fgnm6,2026-06-10,22.89,24,34.5713,127.4656
fgnm6,2026-06-11,22.65,24,34.5713,127.4656
fgnm6,2026-06-12,22.52,23,34.5713,127.4656
fgnm6,2026-06-13,22.91,24,34.5713,127.4656
fgnm6,2026-06-14,23.3,24,34.5713,127.4656
fgnm6,2026-06-15,23.48,24,34.5713,127.4656
fgnm6,2026-06-16,23.58,24,34.5713,127.4656
fgnm6,2026-06-17,23.07,24,34.5713,127.4656
fgnm6,2026-06-18,23.71,24,34.5713,127.4656
fgnm6,2026-06-19,23.45,24,34.5713,127.4656
fgnm6,2026-06-20,23.35,24,34.5713,127.4656
fgnm6,2026-06-21,23.68,24,34.5713,127.4656
fgnm6,2026-06-22,22.82,24,34.5713,127.4656
fgnm6,2026-06-23,22.48,24,34.5713,127.4656
fgnm6,2026-06-24,22.34,24,34.5713,127.4656
fgnm6,2026-06-25,22.79,24,34.5713,127.4656
fgnm6,2026-06-26,23.68,24,34.5713,127.4656
fgnm6,2026-06-27,24.05,24,34.5713,127.4656
fgnm6,2026-06-28,24.4,24,34.5713,127.4656
fgnm6,2026-06-29,24.92,24,34.5713,127.4656
fgnm6,2026-06-30,24.89,24,34.5713,127.4656
fgnm6,2026-07-01,23.84,24,34.5713,127.4656
fgnm6,2026-07-02,24.41,24,34.5713,127.4656
fgnm6,2026-07-03,24.3,24,34.5713,127.4656
fgnm6,2026-07-04,24.19,24,34.5713,127.4656
fgnm6,2026-07-05,24.3,24,34.5713,127.4656
fgnm6,2026-07-06,24.54,24,34.5713,127.4656
fgnm6,2026-07-07,24.61,24,34.5713,127.4656
fgnm6,2026-07-08,24.95,24,34.5713,127.4656
fgnm6,2026-07-09,25.38,24,34.5713,127.4656
fgnm6,2026-07-10,25.62,24,34.5713,127.4656
fgnm6,2026-07-11,26.57,24,34.5713,127.4656
fgnm6,2026-07-12,26.52,24,34.5713,127.4656
fgnm6,2026-07-13,26.94,24,34.5713,127.4656
fgnm6,2026-07-14,26.75,24,34.5713,127.4656
fgnm6,2026-07-15,26.39,24,34.5713,127.4656
fgnm6,2026-07-16,25.82,24,34.5713,127.4656
fgnm6,2026-07-17,26.0,24,34.5713,127.4656
fgnm6,2026-07-18,26.31,24,34.5713,127.4656
fgnm6,2026-07-19,26.78,24,34.5713,127.4656
fgnm6,2026-07-20,26.97,24,34.5713,127.4656
fgnm6,2026-07-21,27.48,24,34.5713,127.4656
fgnm6,2026-07-22,28.28,24,34.5713,127.4656
fgnm6,2026-07-23,28.7,24,34.5713,127.4656
fgnm6,2026-07-24,29.1,24,34.5713,127.4656
fgnm6,2026-07-25,29.11,24,34.5713,127.4656
fgnm6,2026-07-26,29.35,24,34.5713,127.4656
fgnm6,2026-07-27,29.07,24,34.5713,127.4656
fgnm6,2026-07-28,28.54,24,34.5713,127.4656
fgnm6,2026-07-29,27.67,23,34.5713,127.4656
fgnm6,2026-07-30,27.35,24,34.5713,127.4656
fgnm6,2026-07-31,27.5,24,34.5713,127.4656
fgnm6,2026-08-01,27.83,24,34.5713,127.4656
fgnm6,2026-08-02,27.95,24,34.5713,127.4656
fgnm6,2026-08-03,28.04,24,34.5713,127.4656
fgnm6,2026-08-04,27.93,24,34.5713,127.4656
fgnm6,2026-08-05,28.27,24,34.5713,127.4656
fgnm6,2026-08-06,28.25,24,34.5713,127.4656
fgnm6,2026-08-07,28.31,24,34.5713,127.4656
fgnm6,2026-08-08,27.95,24,34.5713,127.4656
fgnm6,2026-08-09,27.52,24,34.5713,127.4656
fgnm6,2026-08-10,27.23,24,34.5713,127.4656
fgnm6,2026-08-11,26.88,24,34.5713,127.4656
fgnm6,2026-08-12,27.05,24,34.5713,127.4656
fgnm6,2026-08-13,27.7,24,34.5713,127.4656
fgnm6,2026-08-14,27.93,24,34.5713,127.4656
fgnm6,2026-08-15,27.61,24,34.5713,127.4656
fgnm6,2026-08-16,26.85,24,34.5713,127.4656
fgnm6,2026-08-17,27.11,24,34.5713,127.4656
fgnm6,2026-08-18,27.72,24,34.5713,127.4656
fgnm6,2026-08-19,28.28,24,34.5713,127.4656
fgnm6,2026-08-20,28.9,24,34.5713,127.4656
fgnm6,2026-08-21,29.16,24,34.5713,127.4656
fgnm6,2026-08-22,29.34,24,34.5713,127.4656
fgnm6,2026-08-23,29.92,24,34.5713,127.4656
fgnm6,2026-08-24,30.3,24,34.5713,127.4656
fgnm6,2026-08-25,30.53,23,34.5713,127.4656
fgnm6,2026-08-26,30.34,24,34.5713,127.4656
fgnm6,2026-08-27,30.7,24,34.5713,127.4656
fgnm6,2026-08-28,30.33,24,34.5713,127.4656
fgnm6,2026-08-29,30.12,24,34.5713,127.4656
fgnm6,2026-08-30,29.98,24,34.5713,127.4656
fgnm6,2026-08-31,29.88,24,34.5713,127.4656
fgnm6,2026-09-01,29.89,24,34.5713,127.4656
fgnm6,2026-09-02,29.91,24,34.5713,127.4656
fgnm6,2026-09-03,29.65,24,34.5713,127.4656
fgnm6,2026-09-04,28.77,24,34.5713,127.4656
fgnm6,2026-09-05,28.05,24,34.5713,127.4656
fgnm6,2026-09-06,27.75,24,34.5713,127.4656
fgnm6,2026-09-07,27.76,24,34.5713,127.4656
fgnm6,2026-09-08,27.83,24,34.5713,127.4656
fgnm6,2026-09-09,27.5,24,34.5713,127.4656
fgnm6,2026-09-10,26.89,24,34.5713,127.4656
fgnm6,2026-09-11,27.0,24,34.5713,127.4656
fgnm6,2026-09-12,26.97,24,34.5713,127.4656
fgnm6,2026-09-13,27.08,24,34.5713,127.4656
fgnm6,2026-09-14,26.98,24,34.5713,127.4656
fgnm6,2026-09-15,26.89,24,34.5713,127.4656
fgnm6,2026-09-16,26.85,24,34.5713,127.4656
fgnm6,2026-09-17,26.3,24,34.5713,127.4656
fgnm6,2026-09-18,26.02,24,34.5713,127.4656
fgnm6,2026-09-19,26.01,24,34.5713,127.4656
fgnm6,2026-09-20,26.29,24,34.5713,127.4656
fgnm6,2026-09-21,26.48,24,34.5713,127.4656
fgnm6,2026-09-22,26.43,24,34.5713,127.4656
fgnm6,2026-09-23,26.28,24,34.5713,127.4656
fgnm6,2026-09-24,26.33,24,34.5713,127.4656
fgpo4,2026-05-01,14.93,24,34.4402,127.3702
fgpo4,2026-05-02,15.1,24,34.4402,127.3702
fgpo4,2026-05-03,14.95,24,34.4402,127.3702
fgpo4,2026-05-04,14.95,24,34.4402,127.3702
fgpo4,2026-05-05,15.23,24,34.4402,127.3702
fgpo4,2026-05-06,15.75,24,34.4402,127.3702
fgpo4,2026-05-07,16.1,24,34.4402,127.3702
fgpo4,2026-05-08,15.8,24,34.4402,127.3702
fgpo4,2026-05-09,16.33,24,34.4402,127.3702
fgpo4,2026-05-10,16.58,24,34.4402,127.3702
fgpo4,2026-05-11,17.16,24,34.4402,127.3702
fgpo4,2026-05-12,17.46,24,34.4402,127.3702
fgpo4,2026-05-13,17.34,24,34.4402,127.3702
fgpo4,2026-05-14,17.38,24,34.4402,127.3702
fgpo4,2026-05-15,17.61,23,34.4402,127.3702
fgpo4,2026-05-16,17.57,24,34.4402,127.3702
fgpo4,2026-05-17,17.75,24,34.4402,127.3702
fgpo4,2026-05-18,17.83,24,34.4402,127.3702
fgpo4,2026-05-19,18.08,24,34.4402,127.3702
fgpo4,2026-05-20,17.96,24,34.4402,127.3702
fgpo4,2026-05-21,18.12,24,34.4402,127.3702
fgpo4,2026-05-22,18.28,24,34.4402,127.3702
fgpo4,2026-05-23,18.4,24,34.4402,127.3702
fgpo4,2026-05-24,18.58,24,34.4402,127.3702
fgpo4,2026-05-25,19.59,24,34.4402,127.3702
fgpo4,2026-05-26,19.63,24,34.4402,127.3702
fgpo4,2026-05-27,19.79,24,34.4402,127.3702
fgpo4,2026-05-28,19.55,24,34.4402,127.3702
fgpo4,2026-05-29,19.69,24,34.4402,127.3702
fgpo4,2026-05-30,19.75,24,34.4402,127.3702
fgpo4,2026-05-31,19.98,24,34.4402,127.3702
fgpo4,2026-06-01,20.19,24,34.4402,127.3702
fgpo4,2026-06-02,20.09,24,34.4402,127.3702
fgpo4,2026-06-03,20.36,24,34.4402,127.3702
fgpo4,2026-06-04,20.39,24,34.4402,127.3702
fgpo4,2026-06-05,20.86,24,34.4402,127.3702
fgpo4,2026-06-06,20.51,24,34.4402,127.3702
fgpo4,2026-06-07,20.82,24,34.4402,127.3702
fgpo4,2026-06-08,20.88,24,34.4402,127.3702
fgpo4,2026-06-09,21.14,23,34.4402,127.3702
fgpo4,2026-06-10,21.21,24,34.4402,127.3702
fgpo4,2026-06-11,20.86,24,34.4402,127.3702
fgpo4,2026-06-12,20.72,23,34.4402,127.3702
fgpo4,2026-06-13,20.85,24,34.4402,127.3702
fgpo4,2026-06-14,21.07,24,34.4402,127.3702
fgpo4,2026-06-15,21.36,24,34.4402,127.3702
fgpo4,2026-06-16,21.45,24,34.4402,127.3702
fgpo4,2026-06-17,21.35,24,34.4402,127.3702
fgpo4,2026-06-18,21.86,24,34.4402,127.3702
fgpo4,2026-06-19,21.75,24,34.4402,127.3702
fgpo4,2026-06-20,21.62,24,34.4402,127.3702
fgpo4,2026-06-21,22.15,24,34.4402,127.3702
fgpo4,2026-06-22,21.92,24,34.4402,127.3702
fgpo4,2026-06-23,21.55,24,34.4402,127.3702
fgpo4,2026-06-24,21.48,24,34.4402,127.3702
fgpo4,2026-06-25,21.91,23,34.4402,127.3702
fgpo4,2026-06-26,22.32,24,34.4402,127.3702
fgpo4,2026-06-27,22.28,24,34.4402,127.3702
fgpo4,2026-06-28,22.67,23,34.4402,127.3702
fgpo4,2026-06-29,22.72,24,34.4402,127.3702
fgpo4,2026-06-30,22.77,24,34.4402,127.3702
fgpo4,2026-07-01,22.19,24,34.4402,127.3702
fgpo4,2026-07-02,22.75,24,34.4402,127.3702
fgpo4,2026-07-03,22.55,24,34.4402,127.3702
fgpo4,2026-07-04,22.51,24,34.4402,127.3702
fgpo4,2026-07-05,22.53,24,34.4402,127.3702
fgpo4,2026-07-06,22.67,24,34.4402,127.3702
fgpo4,2026-07-07,23.26,24,34.4402,127.3702
fgpo4,2026-07-08,23.48,24,34.4402,127.3702
fgpo4,2026-07-09,23.73,24,34.4402,127.3702
fgpo4,2026-07-10,24.1,24,34.4402,127.3702
fgpo4,2026-07-11,24.48,24,34.4402,127.3702
fgpo4,2026-07-12,24.64,24,34.4402,127.3702
fgpo4,2026-07-13,24.83,24,34.4402,127.3702
fgpo4,2026-07-14,24.74,24,34.4402,127.3702
fgpo4,2026-07-15,24.61,24,34.4402,127.3702
fgpo4,2026-07-16,24.34,24,34.4402,127.3702
fgpo4,2026-07-17,24.11,24,34.4402,127.3702
fgpo4,2026-07-18,24.2,24,34.4402,127.3702
fgpo4,2026-07-19,24.19,24,34.4402,127.3702
fgpo4,2026-07-20,24.65,24,34.4402,127.3702
fgpo4,2026-07-21,24.99,24,34.4402,127.3702
fgpo4,2026-07-22,25.42,24,34.4402,127.3702
fgpo4,2026-07-23,26.02,23,34.4402,127.3702
fgpo4,2026-07-24,26.46,24,34.4402,127.3702
fgpo4,2026-07-25,27.06,24,34.4402,127.3702
fgpo4,2026-07-26,26.32,23,34.4402,127.3702
fgpo4,2026-07-27,25.87,23,34.4402,127.3702
fgpo4,2026-07-28,24.82,24,34.4402,127.3702
fgpo4,2026-07-29,24.25,24,34.4402,127.3702
fgpo4,2026-07-30,23.79,24,34.4402,127.3702
fgpo4,2026-07-31,23.28,24,34.4402,127.3702
fgpo4,2026-08-01,23.05,24,34.4402,127.3702
fgpo4,2026-08-02,22.81,23,34.4402,127.3702
fgpo4,2026-08-03,22.9,23,34.4402,127.3702
fgpo4,2026-08-04,23.28,23,34.4402,127.3702
fgpo4,2026-08-05,24.14,24,34.4402,127.3702
fgpo4,2026-08-06,25.21,23,34.4402,127.3702
fgpo4,2026-08-07,25.32,24,34.4402,127.3702
fgpo4,2026-08-08,25.42,24,34.4402,127.3702
fgpo4,2026-08-09,25.84,23,34.4402,127.3702
fgpo4,2026-08-10,26.13,24,34.4402,127.3702
fgpo4,2026-08-11,26.02,24,34.4402,127.3702
fgpo4,2026-08-12,26.09,24,34.4402,127.3702
fgpo4,2026-08-13,26.28,24,34.4402,127.3702
fgpo4,2026-08-14,26.41,24,34.4402,127.3702
fgpo4,2026-08-15,26.25,24,34.4402,127.3702
fgpo4,2026-08-16,26.19,24,34.4402,127.3702
fgpo4,2026-08-17,26.33,23,34.4402,127.3702
fgpo4,2026-08-18,26.9,24,34.4402,127.3702
fgpo4,2026-08-19,27.31,24,34.4402,127.3702
fgpo4,2026-08-20,27.84,24,34.4402,127.3702
fgpo4,2026-08-21,28.11,24,34.4402,127.3702
fgpo4,2026-08-22,28.55,24,34.4402,127.3702
fgpo4,2026-08-23,28.83,24,34.4402,127.3702
fgpo4,2026-08-24,29.25,24,34.4402,127.3702
fgpo4,2026-08-25,29.44,24,34.4402,127.3702
fgpo4,2026-08-26,29.06,24,34.4402,127.3702
fgpo4,2026-08-27,29.25,24,34.4402,127.3702
fgpo4,2026-08-28,28.84,24,34.4402,127.3702
fgpo4,2026-08-29,28.73,24,34.4402,127.3702
fgpo4,2026-08-30,28.57,24,34.4402,127.3702
fgpo4,2026-08-31,28.31,24,34.4402,127.3702
fgpo4,2026-09-01,28.34,24,34.4402,127.3702
fgpo4,2026-09-02,28.31,24,34.4402,127.3702
fgpo4,2026-09-03,27.98,24,34.4402,127.3702
fgpo4,2026-09-04,27.15,24,34.4402,127.3702
fgpo4,2026-09-05,26.78,24,34.4402,127.3702
fgpo4,2026-09-06,26.5,24,34.4402,127.3702
fgpo4,2026-09-07,26.79,24,34.4402,127.3702
fgpo4,2026-09-08,26.84,24,34.4402,127.3702
fgpo4,2026-09-09,26.61,24,34.4402,127.3702
fgpo4,2026-09-10,26.4,24,34.4402,127.3702
fgpo4,2026-09-11,26.3,24,34.4402,127.3702
fgpo4,2026-09-12,26.4,24,34.4402,127.3702
fgpo4,2026-09-13,26.37,24,34.4402,127.3702
fgpo4,2026-09-14,26.35,24,34.4402,127.3702
fgpo4,2026-09-15,26.35,24,34.4402,127.3702
fgpo4,2026-09-16,26.09,24,34.4402,127.3702
fgpo4,2026-09-17,25.7,24,34.4402,127.3702
fgpo4,2026-09-18,25.45,24,34.4402,127.3702
fgpo4,2026-09-19,25.72,24,34.4402,127.3702
fgpo4,2026-09-20,25.88,24,34.4402,127.3702
fgpo4,2026-09-21,25.92,24,34.4402,127.3702
fgpo4,2026-09-22,25.76,24,34.4402,127.3702
fgpo4,2026-09-23,25.64,24,34.4402,127.3702
fgpo4,2026-09-24,25.86,24,34.4402,127.3702
fgsj3,2026-05-01,14.96,48,34.5049,127.1228
fgsj3,2026-05-02,15.02,48,34.5049,127.1228
fgsj3,2026-05-03,14.93,48,34.5049,127.1228
fgsj3,2026-05-04,14.91,48,34.5049,127.1228
fgsj3,2026-05-05,14.99,48,34.5049,127.1228
fgsj3,2026-05-06,15.17,48,34.5049,127.1228
fgsj3,2026-05-07,15.32,48,34.5049,127.1228
fgsj3,2026-05-08,15.42,48,34.5049,127.1228
fgsj3,2026-05-09,15.6,48,34.5049,127.1228
fgsj3,2026-05-10,15.8,48,34.5049,127.1228
fgsj3,2026-05-11,15.95,48,34.5049,127.1228
fgsj3,2026-05-12,15.97,48,34.5049,127.1228
fgsj3,2026-05-13,16.11,48,34.5049,127.1228
fgsj3,2026-05-14,16.47,45,34.5049,127.1228
fgsj3,2026-05-15,16.56,48,34.5049,127.1228
fgsj3,2026-05-16,16.71,48,34.5049,127.1228
fgsj3,2026-05-17,16.89,48,34.5049,127.1228
fgsj3,2026-05-18,16.99,48,34.5049,127.1228
fgsj3,2026-05-19,17.0,48,34.5049,127.1228
fgsj3,2026-05-20,16.99,48,34.5049,127.1228
fgsj3,2026-05-21,17.23,48,34.5049,127.1228
fgsj3,2026-05-22,17.37,48,34.5049,127.1228
fgsj3,2026-05-23,17.43,48,34.5049,127.1228
fgsj3,2026-05-24,17.64,48,34.5049,127.1228
fgsj3,2026-05-25,17.92,48,34.5049,127.1228
fgsj3,2026-05-26,17.94,48,34.5049,127.1228
fgsj3,2026-05-27,18.08,48,34.5049,127.1228
fgsj3,2026-05-28,18.56,48,34.5049,127.1228
fgsj3,2026-05-29,18.84,48,34.5049,127.1228
fgsj3,2026-05-30,18.88,48,34.5049,127.1228
fgsj3,2026-05-31,19.07,48,34.5049,127.1228
fgsj3,2026-06-01,19.11,48,34.5049,127.1228
fgsj3,2026-06-02,19.16,48,34.5049,127.1228
fgsj3,2026-06-03,19.39,48,34.5049,127.1228
fgsj3,2026-06-04,19.43,48,34.5049,127.1228
fgsj3,2026-06-05,19.5,48,34.5049,127.1228
fgsj3,2026-06-06,19.71,48,34.5049,127.1228
fgsj3,2026-06-07,19.8,48,34.5049,127.1228
fgsj3,2026-06-08,19.79,48,34.5049,127.1228
fgsj3,2026-06-09,19.97,48,34.5049,127.1228
fgsj3,2026-06-10,20.18,48,34.5049,127.1228
fgsj3,2026-06-11,20.32,48,34.5049,127.1228
fgsj3,2026-06-12,20.55,48,34.5049,127.1228
fgsj3,2026-06-13,20.69,48,34.5049,127.1228
fgsj3,2026-06-14,20.68,48,34.5049,127.1228
fgsj3,2026-06-15,20.83,48,34.5049,127.1228
fgsj3,2026-06-16,20.87,48,34.5049,127.1228
fgsj3,2026-06-17,20.94,42,34.5049,127.1228
fgsj3,2026-06-18,21.09,48,34.5049,127.1228
fgsj3,2026-06-19,21.11,48,34.5049,127.1228
fgsj3,2026-06-20,21.29,48,34.5049,127.1228
fgsj3,2026-06-21,21.38,48,34.5049,127.1228
fgsj3,2026-06-22,21.32,48,34.5049,127.1228
fgsj3,2026-06-23,21.16,48,34.5049,127.1228
fgsj3,2026-06-24,20.99,48,34.5049,127.1228
fgsj3,2026-06-25,20.95,48,34.5049,127.1228
fgsj3,2026-06-26,21.48,48,34.5049,127.1228
fgsj3,2026-06-27,21.57,48,34.5049,127.1228
fgsj3,2026-06-28,21.84,48,34.5049,127.1228
fgsj3,2026-06-29,21.96,48,34.5049,127.1228
fgsj3,2026-06-30,22.06,48,34.5049,127.1228
fgsj3,2026-07-01,22.09,48,34.5049,127.1228
fgsj3,2026-07-02,22.26,48,34.5049,127.1228
fgsj3,2026-07-03,22.41,48,34.5049,127.1228
fgsj3,2026-07-04,22.46,48,34.5049,127.1228
fgsj3,2026-07-05,22.52,48,34.5049,127.1228
fgsj3,2026-07-06,22.64,48,34.5049,127.1228
fgsj3,2026-07-07,22.8,48,34.5049,127.1228
fgsj3,2026-07-08,22.97,48,34.5049,127.1228
fgsj3,2026-07-09,23.02,48,34.5049,127.1228
fgsj3,2026-07-10,23.14,48,34.5049,127.1228
fgsj3,2026-07-11,23.37,48,34.5049,127.1228
fgsj3,2026-07-12,23.62,48,34.5049,127.1228
fgsj3,2026-07-13,24.0,48,34.5049,127.1228
fgsj3,2026-07-14,24.08,48,34.5049,127.1228
fgsj3,2026-07-15,24.28,48,34.5049,127.1228
fgsj3,2026-07-16,24.12,48,34.5049,127.1228
fgsj3,2026-07-17,24.0,48,34.5049,127.1228
fgsj3,2026-07-18,24.04,48,34.5049,127.1228
fgsj3,2026-07-19,24.06,48,34.5049,127.1228
fgsj3,2026-07-20,24.22,48,34.5049,127.1228
fgsj3,2026-07-21,24.34,48,34.5049,127.1228
fgsj3,2026-07-22,24.57,48,34.5049,127.1228
fgsj3,2026-07-23,24.88,48,34.5049,127.1228
fgsj3,2026-07-24,25.29,48,34.5049,127.1228
fgsj3,2026-07-25,25.47,48,34.5049,127.1228
fgsj3,2026-07-26,25.6,48,34.5049,127.1228
fgsj3,2026-07-27,24.76,48,34.5049,127.1228
fgsj3,2026-07-28,24.41,48,34.5049,127.1228
fgsj3,2026-07-29,24.38,48,34.5049,127.1228
fgsj3,2026-07-30,24.6,48,34.5049,127.1228
fgsj3,2026-07-31,24.63,48,34.5049,127.1228
fgsj3,2026-08-01,24.63,48,34.5049,127.1228
fgsj3,2026-08-02,24.56,48,34.5049,127.1228
fgsj3,2026-08-03,24.5,48,34.5049,127.1228
fgsj3,2026-08-04,24.43,48,34.5049,127.1228
fgsj3,2026-08-05,24.33,48,34.5049,127.1228
fgsj3,2026-08-06,24.16,48,34.5049,127.1228
fgsj3,2026-08-07,24.19,48,34.5049,127.1228
fgsj3,2026-08-08,23.95,48,34.5049,127.1228
fgsj3,2026-08-09,23.75,48,34.5049,127.1228
fgsj3,2026-08-10,24.03,48,34.5049,127.1228
fgsj3,2026-08-11,24.29,48,34.5049,127.1228
fgsj3,2026-08-12,24.67,48,34.5049,127.1228
fgsj3,2026-08-13,25.08,48,34.5049,127.1228
fgsj3,2026-08-14,25.37,48,34.5049,127.1228
fgsj3,2026-08-15,25.56,48,34.5049,127.1228
fgsj3,2026-08-16,25.59,48,34.5049,127.1228
fgsj3,2026-08-17,25.62,48,34.5049,127.1228
fgsj3,2026-08-18,25.81,48,34.5049,127.1228
fgsj3,2026-08-19,26.13,48,34.5049,127.1228
fgsj3,2026-08-20,26.41,48,34.5049,127.1228
fgsj3,2026-08-21,26.72,48,34.5049,127.1228
fgsj3,2026-08-22,27.09,48,34.5049,127.1228
fgsj3,2026-08-23,27.31,48,34.5049,127.1228
fgsj3,2026-08-24,27.42,48,34.5049,127.1228
fgsj3,2026-08-25,27.54,48,34.5049,127.1228
fgsj3,2026-08-26,27.7,48,34.5049,127.1228
fgsj3,2026-08-27,27.92,48,34.5049,127.1228
fgsj3,2026-08-28,28.0,48,34.5049,127.1228
fgsj3,2026-08-29,28.06,48,34.5049,127.1228
fgsj3,2026-08-30,28.11,48,34.5049,127.1228
fgsj3,2026-08-31,28.13,48,34.5049,127.1228
fgsj3,2026-09-01,28.04,48,34.5049,127.1228
fgsj3,2026-09-02,27.89,48,34.5049,127.1228
fgsj3,2026-09-03,27.75,48,34.5049,127.1228
fgsj3,2026-09-04,27.46,48,34.5049,127.1228
fgsj3,2026-09-05,26.83,48,34.5049,127.1228
fgsj3,2026-09-06,26.55,48,34.5049,127.1228
fgsj3,2026-09-07,26.36,48,34.5049,127.1228
fgsj3,2026-09-08,26.42,48,34.5049,127.1228
fgsj3,2026-09-09,26.45,48,34.5049,127.1228
fgsj3,2026-09-10,26.29,48,34.5049,127.1228
fgsj3,2026-09-11,26.28,48,34.5049,127.1228
fgsj3,2026-09-12,26.23,48,34.5049,127.1228
fgsj3,2026-09-13,26.15,48,34.5049,127.1228
fgsj3,2026-09-14,25.98,48,34.5049,127.1228
fgsj3,2026-09-15,25.84,48,34.5049,127.1228
fgsj3,2026-09-16,25.75,48,34.5049,127.1228
fgsj3,2026-09-17,25.65,48,34.5049,127.1228
fgsj3,2026-09-18,25.59,48,34.5049,127.1228
fgsj3,2026-09-19,25.58,48,34.5049,127.1228
fgsj3,2026-09-20,25.62,48,34.5049,127.1228
fgsj3,2026-09-21,25.57,48,34.5049,127.1228
fgsj3,2026-09-22,25.51,48,34.5049,127.1228
fgsj3,2026-09-23,25.48,48,34.5049,127.1228
fgsj3,2026-09-24,25.49,48,34.5049,127.1228
fgsl4,2026-05-01,15.52,24,34.4738,127.1017
fgsl4,2026-05-02,15.58,24,34.4738,127.1017
fgsl4,2026-05-03,15.25,24,34.4738,127.1017
fgsl4,2026-05-04,15.42,24,34.4738,127.1017
fgsl4,2026-05-05,15.6,24,34.4738,127.1017
fgsl4,2026-05-06,15.71,24,34.4738,127.1017
fgsl4,2026-05-07,16.08,24,34.4738,127.1017
fgsl4,2026-05-08,16.12,24,34.4738,127.1017
fgsl4,2026-05-09,16.32,24,34.4738,127.1017
fgsl4,2026-05-10,16.32,24,34.4738,127.1017
fgsl4,2026-05-11,17.01,24,34.4738,127.1017
fgsl4,2026-05-12,16.81,24,34.4738,127.1017
fgsl4,2026-05-13,17.29,24,34.4738,127.1017
fgsl4,2026-05-14,17.94,24,34.4738,127.1017
fgsl4,2026-05-15,17.57,24,34.4738,127.1017
fgsl4,2026-05-16,17.97,24,34.4738,127.1017
fgsl4,2026-05-17,18.3,24,34.4738,127.1017
fgsl4,2026-05-18,18.11,24,34.4738,127.1017
fgsl4,2026-05-19,17.99,24,34.4738,127.1017
fgsl4,2026-05-20,17.77,24,34.4738,127.1017
fgsl4,2026-05-21,18.7,24,34.4738,127.1017
fgsl4,2026-05-22,18.92,24,34.4738,127.1017
fgsl4,2026-05-23,18.3,24,34.4738,127.1017
fgsl4,2026-05-24,19.09,24,34.4738,127.1017
fgsl4,2026-05-25,19.7,24,34.4738,127.1017
fgsl4,2026-05-26,19.04,24,34.4738,127.1017
fgsl4,2026-05-27,19.43,24,34.4738,127.1017
fgsl4,2026-05-28,21.04,24,34.4738,127.1017
fgsl4,2026-05-29,20.98,24,34.4738,127.1017
fgsl4,2026-05-30,20.22,24,34.4738,127.1017
fgsl4,2026-05-31,20.27,24,34.4738,127.1017
fgsl4,2026-06-01,20.22,24,34.4738,127.1017
fgsl4,2026-06-02,19.95,24,34.4738,127.1017
fgsl4,2026-06-03,20.49,24,34.4738,127.1017
fgsl4,2026-06-04,20.35,24,34.4738,127.1017
fgsl4,2026-06-05,20.87,24,34.4738,127.1017
fgsl4,2026-06-06,20.88,24,34.4738,127.1017
fgsl4,2026-06-07,20.53,24,34.4738,127.1017
fgsl4,2026-06-08,21.04,24,34.4738,127.1017
fgsl4,2026-06-09,21.25,24,34.4738,127.1017
fgsl4,2026-06-10,21.66,24,34.4738,127.1017
fgsl4,2026-06-11,22.07,24,34.4738,127.1017
fgsl4,2026-06-12,21.88,24,34.4738,127.1017
fgsl4,2026-06-13,21.61,24,34.4738,127.1017
fgsl4,2026-06-14,21.61,24,34.4738,127.1017
fgsl4,2026-06-15,21.66,24,34.4738,127.1017
fgsl4,2026-06-16,21.57,24,34.4738,127.1017
fgsl4,2026-06-17,21.6,24,34.4738,127.1017
fgsl4,2026-06-18,21.99,24,34.4738,127.1017
fgsl4,2026-06-19,22.01,24,34.4738,127.1017
fgsl4,2026-06-20,22.04,24,34.4738,127.1017
fgsl4,2026-06-21,22.41,24,34.4738,127.1017
fgsl4,2026-06-22,21.64,24,34.4738,127.1017
fgsl4,2026-06-23,21.31,24,34.4738,127.1017
fgsl4,2026-06-24,21.16,24,34.4738,127.1017
fgsl4,2026-06-25,22.02,24,34.4738,127.1017
fgsl4,2026-06-26,22.96,24,34.4738,127.1017
fgsl4,2026-06-27,22.79,24,34.4738,127.1017
fgsl4,2026-06-28,22.67,24,34.4738,127.1017
fgsl4,2026-06-29,22.61,24,34.4738,127.1017
fgsl4,2026-06-30,22.69,24,34.4738,127.1017
fgsl4,2026-07-01,22.45,24,34.4738,127.1017
fgsl4,2026-07-02,22.99,24,34.4738,127.1017
fgsl4,2026-07-03,23.22,24,34.4738,127.1017
fgsl4,2026-07-04,22.94,24,34.4738,127.1017
fgsl4,2026-07-05,23.02,24,34.4738,127.1017
fgsl4,2026-07-06,23.24,24,34.4738,127.1017
fgsl4,2026-07-07,23.55,24,34.4738,127.1017
fgsl4,2026-07-08,23.26,24,34.4738,127.1017
fgsl4,2026-07-09,23.52,24,34.4738,127.1017
fgsl4,2026-07-10,23.89,24,34.4738,127.1017
fgsl4,2026-07-11,24.35,24,34.4738,127.1017
fgsl4,2026-07-12,24.5,24,34.4738,127.1017
fgsl4,2026-07-13,24.48,24,34.4738,127.1017
fgsl4,2026-07-14,24.64,24,34.4738,127.1017
fgsl4,2026-07-15,25.21,24,34.4738,127.1017
fgsl4,2026-07-16,25.35,24,34.4738,127.1017
fgsl4,2026-07-17,25.13,24,34.4738,127.1017
fgsl4,2026-07-18,24.95,24,34.4738,127.1017
fgsl4,2026-07-19,24.93,24,34.4738,127.1017
fgsl4,2026-07-20,25.2,24,34.4738,127.1017
fgsl4,2026-07-21,25.16,24,34.4738,127.1017
fgsl4,2026-07-22,25.38,24,34.4738,127.1017
fgsl4,2026-07-23,26.14,24,34.4738,127.1017
fgsl4,2026-07-24,27.34,24,34.4738,127.1017
fgsl4,2026-07-25,27.33,24,34.4738,127.1017
fgsl4,2026-07-26,27.85,24,34.4738,127.1017
fgsl4,2026-07-27,27.65,24,34.4738,127.1017
fgsl4,2026-07-28,28.21,24,34.4738,127.1017
fgsl4,2026-07-29,28.0,24,34.4738,127.1017
fgsl4,2026-07-30,28.0,24,34.4738,127.1017
fgsl4,2026-07-31,27.1,24,34.4738,127.1017
fgsl4,2026-08-01,26.85,24,34.4738,127.1017
fgsl4,2026-08-02,26.56,24,34.4738,127.1017
fgsl4,2026-08-03,26.35,24,34.4738,127.1017
fgsl4,2026-08-04,26.25,24,34.4738,127.1017
fgsl4,2026-08-05,26.41,24,34.4738,127.1017
fgsl4,2026-08-06,26.36,21,34.4738,127.1017
fgsl4,2026-08-07,26.25,24,34.4738,127.1017
fgsl4,2026-08-08,24.81,24,34.4738,127.1017
fgsl4,2026-08-09,24.39,24,34.4738,127.1017
fgsl4,2026-08-10,24.33,24,34.4738,127.1017
fgsl4,2026-08-11,25.36,24,34.4738,127.1017
fgsl4,2026-08-12,25.42,24,34.4738,127.1017
fgsl4,2026-08-13,25.72,24,34.4738,127.1017
fgsl4,2026-08-14,25.68,24,34.4738,127.1017
fgsl4,2026-08-15,25.46,24,34.4738,127.1017
fgsl4,2026-08-16,25.29,24,34.4738,127.1017
fgsl4,2026-08-17,25.45,24,34.4738,127.1017
fgsl4,2026-08-18,26.02,24,34.4738,127.1017
fgsl4,2026-08-19,26.33,24,34.4738,127.1017
fgsl4,2026-08-20,26.78,24,34.4738,127.1017
fgsl4,2026-08-21,27.12,24,34.4738,127.1017
fgsl4,2026-08-22,27.17,24,34.4738,127.1017
fgsl4,2026-08-23,27.45,24,34.4738,127.1017
fgsl4,2026-08-24,27.78,24,34.4738,127.1017
fgsl4,2026-08-25,28.34,24,34.4738,127.1017
fgsl4,2026-08-26,28.41,24,34.4738,127.1017
fgsl4,2026-08-27,28.22,24,34.4738,127.1017
fgsl4,2026-08-28,28.08,24,34.4738,127.1017
fgsl4,2026-08-29,28.09,24,34.4738,127.1017
fgsl4,2026-08-30,28.07,24,34.4738,127.1017
fgsl4,2026-08-31,27.94,24,34.4738,127.1017
fgsl4,2026-09-01,27.91,24,34.4738,127.1017
fgsl4,2026-09-02,27.84,24,34.4738,127.1017
fgsl4,2026-09-03,27.79,24,34.4738,127.1017
fgsl4,2026-09-04,27.02,24,34.4738,127.1017
fgsl4,2026-09-05,26.46,24,34.4738,127.1017
fgsl4,2026-09-06,26.04,24,34.4738,127.1017
fgsl4,2026-09-07,26.26,24,34.4738,127.1017
fgsl4,2026-09-08,26.46,24,34.4738,127.1017
fgsl4,2026-09-09,26.14,24,34.4738,127.1017
fgsl4,2026-09-10,25.92,24,34.4738,127.1017
fgsl4,2026-09-11,25.98,24,34.4738,127.1017
fgsl4,2026-09-12,25.85,24,34.4738,127.1017
fgsl4,2026-09-13,25.95,24,34.4738,127.1017
fgsl4,2026-09-14,25.71,24,34.4738,127.1017
fgsl4,2026-09-15,25.55,24,34.4738,127.1017
fgsl4,2026-09-16,25.61,24,34.4738,127.1017
fgsl4,2026-09-17,25.2,24,34.4738,127.1017
fgsl4,2026-09-18,25.23,24,34.4738,127.1017
fgsl4,2026-09-19,25.35,24,34.4738,127.1017
fgsl4,2026-09-20,25.52,24,34.4738,127.1017
fgsl4,2026-09-21,25.33,24,34.4738,127.1017
fgsl4,2026-09-22,25.39,24,34.4738,127.1017
fgsl4,2026-09-23,25.24,24,34.4738,127.1017
fgsl4,2026-09-24,25.39,24,34.4738,127.1017
fgsl6,2026-05-01,16.0,23,34.4599,126.7691
fgsl6,2026-05-02,16.18,23,34.4599,126.7691
fgsl6,2026-05-03,15.97,23,34.4599,126.7691
fgsl6,2026-05-04,15.79,23,34.4599,126.7691
fgsl6,2026-05-05,16.27,23,34.4599,126.7691
fgsl6,2026-05-06,16.93,23,34.4599,126.7691
fgsl6,2026-05-07,17.64,22,34.4599,126.7691
fgsl6,2026-05-08,16.8,23,34.4599,126.7691
fgsl6,2026-05-09,17.29,22,34.4599,126.7691
fgsl6,2026-05-10,17.63,23,34.4599,126.7691
fgsl6,2026-05-11,18.3,23,34.4599,126.7691
fgsl6,2026-05-12,18.0,22,34.4599,126.7691
fgsl6,2026-05-13,18.45,23,34.4599,126.7691
fgsl6,2026-05-14,18.53,23,34.4599,126.7691
fgsl6,2026-05-15,18.7,23,34.4599,126.7691
fgsl6,2026-05-16,19.4,22,34.4599,126.7691
fgsl6,2026-05-17,19.61,23,34.4599,126.7691
fgsl6,2026-05-18,19.97,23,34.4599,126.7691
fgsl6,2026-05-19,19.74,23,34.4599,126.7691
fgsl6,2026-05-20,19.39,23,34.4599,126.7691
fgsl6,2026-05-21,19.48,23,34.4599,126.7691
fgsl6,2026-05-22,19.61,23,34.4599,126.7691
fgsl6,2026-05-23,19.68,23,34.4599,126.7691
fgsl6,2026-05-24,20.06,23,34.4599,126.7691
fgsl6,2026-05-25,20.48,23,34.4599,126.7691
fgsl6,2026-05-26,20.0,23,34.4599,126.7691
fgsl6,2026-05-27,20.66,23,34.4599,126.7691
fgsl6,2026-05-28,20.61,23,34.4599,126.7691
fgsl6,2026-05-29,20.39,23,34.4599,126.7691
fgsl6,2026-05-30,20.66,23,34.4599,126.7691
fgsl6,2026-05-31,21.25,23,34.4599,126.7691
fgsl6,2026-06-01,21.19,22,34.4599,126.7691
fgsl6,2026-06-02,21.29,23,34.4599,126.7691
fgsl6,2026-06-03,22.05,22,34.4599,126.7691
fgsl6,2026-06-04,22.1,23,34.4599,126.7691
fgsl6,2026-06-05,21.87,23,34.4599,126.7691
fgsl6,2026-06-06,21.24,23,34.4599,126.7691
fgsl6,2026-06-07,21.9,23,34.4599,126.7691
fgsl6,2026-06-08,21.85,23,34.4599,126.7691
fgsl6,2026-06-09,21.53,23,34.4599,126.7691
fgsl6,2026-06-10,22.04,23,34.4599,126.7691
fgsl6,2026-06-11,22.29,23,34.4599,126.7691
fgsl6,2026-06-12,22.1,23,34.4599,126.7691
fgsl6,2026-06-13,22.27,23,34.4599,126.7691
fgsl6,2026-06-14,22.53,23,34.4599,126.7691
fgsl6,2026-06-15,22.76,23,34.4599,126.7691
fgsl6,2026-06-16,22.68,23,34.4599,126.7691
fgsl6,2026-06-17,22.34,23,34.4599,126.7691
fgsl6,2026-06-18,23.06,23,34.4599,126.7691
fgsl6,2026-06-19,22.98,23,34.4599,126.7691
fgsl6,2026-06-20,22.65,23,34.4599,126.7691
fgsl6,2026-06-21,23.53,23,34.4599,126.7691
fgsl6,2026-06-22,22.57,23,34.4599,126.7691
fgsl6,2026-06-23,21.95,23,34.4599,126.7691
fgsl6,2026-06-24,21.96,23,34.4599,126.7691
fgsl6,2026-06-25,22.3,23,34.4599,126.7691
fgsl6,2026-06-26,23.66,21,34.4599,126.7691
fgsl6,2026-06-27,23.5,22,34.4599,126.7691
fgsl6,2026-06-28,23.68,23,34.4599,126.7691
fgsl6,2026-06-29,24.18,22,34.4599,126.7691
fgsl6,2026-06-30,24.05,22,34.4599,126.7691
fgsl6,2026-07-01,23.59,23,34.4599,126.7691
fgsl6,2026-07-02,24.62,22,34.4599,126.7691
fgsl6,2026-07-03,24.35,21,34.4599,126.7691
fgsl6,2026-07-04,24.13,23,34.4599,126.7691
fgsl6,2026-07-05,24.24,23,34.4599,126.7691
fgsl6,2026-07-06,24.52,23,34.4599,126.7691
fgsl6,2026-07-07,25.12,23,34.4599,126.7691
fgsl6,2026-07-08,24.93,23,34.4599,126.7691
fgsl6,2026-07-09,25.63,23,34.4599,126.7691
fgsl6,2026-07-10,25.58,23,34.4599,126.7691
fgsl6,2026-07-11,26.23,23,34.4599,126.7691
fgsl6,2026-07-12,25.77,23,34.4599,126.7691
fgsl6,2026-07-13,25.93,23,34.4599,126.7691
fgsl6,2026-07-14,26.23,23,34.4599,126.7691
fgsl6,2026-07-15,26.23,23,34.4599,126.7691
fgsl6,2026-07-16,25.96,23,34.4599,126.7691
fgsl6,2026-08-04,27.59,14,34.4599,126.7691
fgsl6,2026-08-05,27.77,21,34.4599,126.7691
fgsl6,2026-08-06,28.17,23,34.4599,126.7691
fgsl6,2026-08-07,28.57,21,34.4599,126.7691
fgsl6,2026-08-08,27.07,23,34.4599,126.7691
fgsl6,2026-08-09,26.0,23,34.4599,126.7691
fgsl6,2026-08-10,25.96,23,34.4599,126.7691
fgsl6,2026-08-11,26.1,23,34.4599,126.7691
fgsl6,2026-08-12,26.39,23,34.4599,126.7691
fgsl6,2026-08-13,26.77,23,34.4599,126.7691
fgsl6,2026-08-14,27.08,23,34.4599,126.7691
fgsl6,2026-08-15,26.99,23,34.4599,126.7691
fgsl6,2026-08-16,26.73,23,34.4599,126.7691
fgsl6,2026-08-17,26.96,23,34.4599,126.7691
fgsl6,2026-08-18,27.28,23,34.4599,126.7691
fgsl6,2026-08-19,28.07,23,34.4599,126.7691
fgsl6,2026-08-20,28.63,23,34.4599,126.7691
fgsl6,2026-08-21,28.76,23,34.4599,126.7691
fgsl6,2026-08-22,28.56,23,34.4599,126.7691
fgsl6,2026-08-23,28.95,23,34.4599,126.7691
fgsl6,2026-08-24,29.76,23,34.4599,126.7691
fgsl6,2026-08-25,29.94,23,34.4599,126.7691
fgsl6,2026-08-26,29.86,23,34.4599,126.7691
fgsl6,2026-08-27,29.82,23,34.4599,126.7691
fgsl6,2026-08-28,29.48,23,34.4599,126.7691
fgsl6,2026-08-29,29.53,23,34.4599,126.7691
fgsl6,2026-08-30,29.65,23,34.4599,126.7691
fgsl6,2026-08-31,29.54,23,34.4599,126.7691
fgsl6,2026-09-01,29.71,23,34.4599,126.7691
fgsl6,2026-09-02,29.57,23,34.4599,126.7691
fgsl6,2026-09-03,29.32,23,34.4599,126.7691
fgsl6,2026-09-04,28.41,23,34.4599,126.7691
fgsl6,2026-09-05,27.33,23,34.4599,126.7691
fgsl6,2026-09-06,26.76,23,34.4599,126.7691
fgsl6,2026-09-07,26.87,23,34.4599,126.7691
fgsl6,2026-09-08,27.08,23,34.4599,126.7691
fgsl6,2026-09-09,26.98,23,34.4599,126.7691
fgsl6,2026-09-10,26.74,23,34.4599,126.7691
fgsl6,2026-09-11,26.75,23,34.4599,126.7691
fgsl6,2026-09-12,26.67,23,34.4599,126.7691
fgsl6,2026-09-13,26.67,23,34.4599,126.7691
fgsl6,2026-09-14,26.41,23,34.4599,126.7691
fgsl6,2026-09-15,26.08,23,34.4599,126.7691
fgsl6,2026-09-16,25.93,23,34.4599,126.7691
fgsl6,2026-09-17,25.87,23,34.4599,126.7691
fgsl6,2026-09-18,25.8,23,34.4599,126.7691
fgsl6,2026-09-19,26.01,23,34.4599,126.7691
fgsl6,2026-09-20,26.02,23,34.4599,126.7691
fgsl6,2026-09-21,25.9,23,34.4599,126.7691
fgsl6,2026-09-22,26.0,23,34.4599,126.7691
fgsl6,2026-09-23,25.98,23,34.4599,126.7691
fgsl6,2026-09-24,26.09,23,34.4599,126.7691
fgso4,2026-05-02,14.82,24,34.385,127.2768
fgso4,2026-05-03,14.52,24,34.385,127.2768
fgso4,2026-05-04,14.6,24,34.385,127.2768
fgso4,2026-05-05,15.03,24,34.385,127.2768
fgso4,2026-05-06,15.69,24,34.385,127.2768
fgso4,2026-05-07,16.1,24,34.385,127.2768
fgso4,2026-05-08,15.2,24,34.385,127.2768
fgso4,2026-05-09,15.53,24,34.385,127.2768
fgso4,2026-05-10,16.37,24,34.385,127.2768
fgso4,2026-05-11,16.89,24,34.385,127.2768
fgso4,2026-05-12,16.6,24,34.385,127.2768
fgso4,2026-05-13,16.6,24,34.385,127.2768
fgso4,2026-05-14,16.94,23,34.385,127.2768
fgso4,2026-05-15,16.78,24,34.385,127.2768
fgso4,2026-05-16,17.14,24,34.385,127.2768
fgso4,2026-05-17,17.09,24,34.385,127.2768
fgso4,2026-05-18,17.48,24,34.385,127.2768
fgso4,2026-05-19,17.57,24,34.385,127.2768
fgso4,2026-05-20,17.32,24,34.385,127.2768
fgso4,2026-05-21,17.7,24,34.385,127.2768
fgso4,2026-05-22,17.7,24,34.385,127.2768
fgso4,2026-05-23,17.75,24,34.385,127.2768
fgso4,2026-05-24,18.22,24,34.385,127.2768
fgso4,2026-05-25,18.58,24,34.385,127.2768
fgso4,2026-05-26,18.46,24,34.385,127.2768
fgso4,2026-05-27,18.88,24,34.385,127.2768
fgso4,2026-05-28,19.3,24,34.385,127.2768
fgso4,2026-05-29,19.39,24,34.385,127.2768
fgso4,2026-05-30,19.99,24,34.385,127.2768
fgso4,2026-05-31,19.94,24,34.385,127.2768
fgso4,2026-06-01,19.99,24,34.385,127.2768
fgso4,2026-06-02,19.73,23,34.385,127.2768
fgso4,2026-06-03,20.28,24,34.385,127.2768
fgso4,2026-06-04,20.25,24,34.385,127.2768
fgso4,2026-06-05,20.21,24,34.385,127.2768
fgso4,2026-06-06,20.18,24,34.385,127.2768
fgso4,2026-06-07,20.54,24,34.385,127.2768
fgso4,2026-06-08,20.4,24,34.385,127.2768
fgso4,2026-06-09,20.4,24,34.385,127.2768
fgso4,2026-06-10,20.86,24,34.385,127.2768
fgso4,2026-06-11,20.98,24,34.385,127.2768
fgso4,2026-06-12,20.79,24,34.385,127.2768
fgso4,2026-06-13,20.98,24,34.385,127.2768
fgso4,2026-06-14,21.1,24,34.385,127.2768
fgso4,2026-06-15,21.11,24,34.385,127.2768
fgso4,2026-06-16,21.0,24,34.385,127.2768
fgso4,2026-06-17,20.95,24,34.385,127.2768
fgso4,2026-06-18,21.55,24,34.385,127.2768
fgso4,2026-06-19,21.25,24,34.385,127.2768
fgso4,2026-06-20,21.27,24,34.385,127.2768
fgso4,2026-06-21,21.54,24,34.385,127.2768
fgso4,2026-06-22,21.4,24,34.385,127.2768
fgso4,2026-06-23,20.83,24,34.385,127.2768
fgso4,2026-06-24,21.07,24,34.385,127.2768
fgso4,2026-06-25,21.79,24,34.385,127.2768
fgso4,2026-06-26,22.14,24,34.385,127.2768
fgso4,2026-06-27,22.3,24,34.385,127.2768
fgso4,2026-06-28,22.42,24,34.385,127.2768
fgso4,2026-06-29,22.59,24,34.385,127.2768
fgso4,2026-06-30,22.57,24,34.385,127.2768
fgso4,2026-07-01,22.07,24,34.385,127.2768
fgso4,2026-07-02,22.92,24,34.385,127.2768
fgso4,2026-07-03,22.65,24,34.385,127.2768
fgso4,2026-07-04,22.59,24,34.385,127.2768
fgso4,2026-07-05,22.78,24,34.385,127.2768
fgso4,2026-07-06,22.95,24,34.385,127.2768
fgso4,2026-07-07,23.2,23,34.385,127.2768
fgso4,2026-07-08,23.27,24,34.385,127.2768
fgso4,2026-07-09,23.6,24,34.385,127.2768
fgso4,2026-07-10,23.88,24,34.385,127.2768
fgso4,2026-07-11,24.59,24,34.385,127.2768
fgso4,2026-09-08,27.02,13,34.385,127.2768
fgso4,2026-09-09,26.73,24,34.385,127.2768
fgso4,2026-09-10,26.43,24,34.385,127.2768
fgso4,2026-09-11,26.31,24,34.385,127.2768
fgso4,2026-09-12,26.2,24,34.385,127.2768
fgso4,2026-09-13,26.31,24,34.385,127.2768
fgso4,2026-09-14,26.31,24,34.385,127.2768
fgso4,2026-09-15,26.18,24,34.385,127.2768
fgso4,2026-09-16,25.99,24,34.385,127.2768
fgso4,2026-09-17,25.82,24,34.385,127.2768
fgso4,2026-09-18,25.61,24,34.385,127.2768
fgso4,2026-09-19,25.78,24,34.385,127.2768
fgso4,2026-09-20,25.82,24,34.385,127.2768
fgso4,2026-09-21,25.88,24,34.385,127.2768
fgso4,2026-09-22,25.75,24,34.385,127.2768
fgso4,2026-09-23,25.74,24,34.385,127.2768
fgso4,2026-09-24,25.62,24,34.385,127.2768
fguq5,2026-05-28,18.77,14,34.7858,128.5335
fguq5,2026-05-29,18.7,24,34.7858,128.5335
fguq5,2026-05-30,18.76,24,34.7858,128.5335
fguq5,2026-05-31,18.91,24,34.7858,128.5335
fguq5,2026-06-01,19.14,24,34.7858,128.5335
fguq5,2026-06-02,18.98,24,34.7858,128.5335
fguq5,2026-06-03,19.47,24,34.7858,128.5335
fguq5,2026-06-04,19.15,24,34.7858,128.5335
fguq5,2026-06-05,19.26,24,34.7858,128.5335
fguq5,2026-06-06,19.52,24,34.7858,128.5335
fguq5,2026-06-07,19.67,24,34.7858,128.5335
fguq5,2026-06-08,19.54,24,34.7858,128.5335
fguq5,2026-06-09,19.38,24,34.7858,128.5335
fguq5,2026-06-10,19.7,24,34.7858,128.5335
fguq5,2026-06-11,19.77,24,34.7858,128.5335
fguq5,2026-06-12,19.95,24,34.7858,128.5335
fguq5,2026-06-13,19.85,24,34.7858,128.5335
fguq5,2026-06-14,19.7,24,34.7858,128.5335
fguq5,2026-06-15,19.65,24,34.7858,128.5335
fguq5,2026-06-16,19.6,24,34.7858,128.5335
fguq5,2026-06-17,19.57,24,34.7858,128.5335
fguq5,2026-06-18,19.52,24,34.7858,128.5335
fguq5,2026-06-19,19.58,24,34.7858,128.5335
fguq5,2026-06-20,19.86,24,34.7858,128.5335
fguq5,2026-06-21,20.24,24,34.7858,128.5335
fguq5,2026-06-22,20.48,24,34.7858,128.5335
fguq5,2026-06-23,20.28,24,34.7858,128.5335
fguq5,2026-06-24,19.86,24,34.7858,128.5335
fguq5,2026-06-25,19.9,24,34.7858,128.5335
fguq5,2026-06-26,20.53,24,34.7858,128.5335
fguq5,2026-06-27,20.8,24,34.7858,128.5335
fguq5,2026-06-28,21.11,24,34.7858,128.5335
fguq5,2026-06-29,21.04,24,34.7858,128.5335
fguq5,2026-06-30,21.16,24,34.7858,128.5335
fguq5,2026-07-01,21.18,24,34.7858,128.5335
fguq5,2026-07-02,21.31,24,34.7858,128.5335
fguq5,2026-07-03,21.16,24,34.7858,128.5335
fguq5,2026-07-04,21.15,24,34.7858,128.5335
fguq5,2026-07-05,21.3,24,34.7858,128.5335
fguq5,2026-07-06,21.23,24,34.7858,128.5335
fguq5,2026-07-07,21.4,24,34.7858,128.5335
fguq5,2026-07-08,21.82,24,34.7858,128.5335
fguq5,2026-07-09,22.08,24,34.7858,128.5335
fguq5,2026-07-10,22.23,23,34.7858,128.5335
fguq5,2026-07-11,22.47,24,34.7858,128.5335
fguq5,2026-07-12,22.9,24,34.7858,128.5335
fguq5,2026-07-13,23.13,24,34.7858,128.5335
fguq5,2026-07-14,22.69,24,34.7858,128.5335
fguq5,2026-07-15,22.11,24,34.7858,128.5335
fguq5,2026-07-16,22.32,24,34.7858,128.5335
fguq5,2026-07-17,22.15,24,34.7858,128.5335
fguq5,2026-07-18,21.84,24,34.7858,128.5335
fguq5,2026-07-19,21.75,24,34.7858,128.5335
fguq5,2026-07-20,21.55,24,34.7858,128.5335
fguq5,2026-07-21,21.77,24,34.7858,128.5335
fguq5,2026-07-22,22.19,24,34.7858,128.5335
fguq5,2026-07-23,22.62,24,34.7858,128.5335
fguq5,2026-07-24,23.17,24,34.7858,128.5335
fguq5,2026-07-25,23.22,24,34.7858,128.5335
fguq5,2026-07-26,23.27,24,34.7858,128.5335
fguq5,2026-07-27,23.38,23,34.7858,128.5335
fguq5,2026-07-28,23.27,24,34.7858,128.5335
fguq5,2026-07-29,22.62,24,34.7858,128.5335
fguq5,2026-07-30,22.27,24,34.7858,128.5335
fguq5,2026-07-31,22.18,20,34.7858,128.5335
fguq5,2026-08-01,21.67,23,34.7858,128.5335
fguq5,2026-08-02,21.5,24,34.7858,128.5335
fguq5,2026-08-03,21.25,24,34.7858,128.5335
fguq5,2026-08-04,21.21,24,34.7858,128.5335
fguq5,2026-08-05,21.78,17,34.7858,128.5335
fguq5,2026-08-06,23.28,13,34.7858,128.5335
fguq5,2026-08-07,24.37,24,34.7858,128.5335
fguq5,2026-08-08,25.96,24,34.7858,128.5335
fguq5,2026-08-09,26.33,14,34.7858,128.5335
fguq5,2026-08-10,26.36,16,34.7858,128.5335
fguq5,2026-08-11,26.05,24,34.7858,128.5335
fguq5,2026-08-12,25.81,24,34.7858,128.5335
fguq5,2026-08-13,26.0,24,34.7858,128.5335
fguq5,2026-08-14,26.26,24,34.7858,128.5335
fguq5,2026-08-15,26.3,24,34.7858,128.5335
fguq5,2026-08-16,26.14,24,34.7858,128.5335
fguq5,2026-08-17,25.74,24,34.7858,128.5335
fguq5,2026-08-18,25.68,24,34.7858,128.5335
fguq5,2026-08-19,25.86,24,34.7858,128.5335
fguq5,2026-08-20,25.98,24,34.7858,128.5335
fguq5,2026-08-21,26.03,23,34.7858,128.5335
fguq5,2026-08-22,26.33,24,34.7858,128.5335
fguq5,2026-08-23,26.83,24,34.7858,128.5335
fguq5,2026-08-24,26.97,24,34.7858,128.5335
fguq5,2026-08-25,27.12,24,34.7858,128.5335
fguq5,2026-08-26,26.87,24,34.7858,128.5335
fguq5,2026-08-27,26.83,24,34.7858,128.5335
fguq5,2026-08-28,26.71,24,34.7858,128.5335
fguq5,2026-08-29,26.42,24,34.7858,128.5335
fguq5,2026-08-30,26.0,24,34.7858,128.5335
fguq5,2026-08-31,25.67,24,34.7858,128.5335
fguq5,2026-09-01,25.18,24,34.7858,128.5335
fguq5,2026-09-02,24.75,24,34.7858,128.5335
fguq5,2026-09-03,24.59,24,34.7858,128.5335
fguq5,2026-09-04,25.01,24,34.7858,128.5335
fguq5,2026-09-05,25.26,24,34.7858,128.5335
fguq5,2026-09-06,25.75,24,34.7858,128.5335
fguq5,2026-09-07,25.91,19,34.7858,128.5335
fguq5,2026-09-08,25.88,24,34.7858,128.5335
fguq5,2026-09-09,25.54,24,34.7858,128.5335
fguq5,2026-09-10,25.15,24,34.7858,128.5335
fguq5,2026-09-11,25.17,24,34.7858,128.5335
fguq5,2026-09-12,25.28,24,34.7858,128.5335
fguq5,2026-09-13,25.4,24,34.7858,128.5335
fguq5,2026-09-14,25.5,24,34.7858,128.5335
fguq5,2026-09-15,25.57,24,34.7858,128.5335
fguq5,2026-09-16,25.5,24,34.7858,128.5335
fguq5,2026-09-17,25.34,24,34.7858,128.5335
fguq5,2026-09-18,25.13,24,34.7858,128.5335
fguq5,2026-09-19,25.06,24,34.7858,128.5335
fguq5,2026-09-20,25.03,24,34.7858,128.5335
fguq5,2026-09-21,25.0,24,34.7858,128.5335
fguq5,2026-09-22,25.0,24,34.7858,128.5335
fguq5,2026-09-23,24.95,24,34.7858,128.5335
fguq5,2026-09-24,24.97,24,34.7858,128.5335
fgyl4,2026-05-01,14.97,23,34.4365,127.1181
fgyl4,2026-05-02,15.0,23,34.4365,127.1181
fgyl4,2026-05-03,14.86,23,34.4365,127.1181
fgyl4,2026-05-04,14.93,23,34.4365,127.1181
fgyl4,2026-05-05,14.96,23,34.4365,127.1181
fgyl4,2026-05-06,15.16,23,34.4365,127.1181
fgyl4,2026-05-07,15.29,23,34.4365,127.1181
fgyl4,2026-05-08,15.16,23,34.4365,127.1181
fgyl4,2026-05-09,15.27,23,34.4365,127.1181
fgyl4,2026-05-10,15.52,23,34.4365,127.1181
fgyl4,2026-05-11,15.81,23,34.4365,127.1181
fgyl4,2026-05-12,15.48,23,34.4365,127.1181
fgyl4,2026-05-13,15.56,23,34.4365,127.1181
fgyl4,2026-05-14,15.85,23,34.4365,127.1181
fgyl4,2026-05-15,16.22,23,34.4365,127.1181
fgyl4,2026-05-16,16.71,23,34.4365,127.1181
fgyl4,2026-05-17,16.92,23,34.4365,127.1181
fgyl4,2026-05-18,17.08,23,34.4365,127.1181
fgyl4,2026-05-19,17.0,23,34.4365,127.1181
fgyl4,2026-05-20,16.75,23,34.4365,127.1181
fgyl4,2026-05-21,17.05,23,34.4365,127.1181
fgyl4,2026-05-22,16.94,23,34.4365,127.1181
fgyl4,2026-05-23,17.24,23,34.4365,127.1181
fgyl4,2026-05-24,17.35,23,34.4365,127.1181
fgyl4,2026-05-25,17.8,23,34.4365,127.1181
fgyl4,2026-05-26,17.79,23,34.4365,127.1181
fgyl4,2026-05-27,17.91,23,34.4365,127.1181
fgyl4,2026-05-28,18.19,23,34.4365,127.1181
fgyl4,2026-05-29,18.5,23,34.4365,127.1181
fgyl4,2026-05-30,18.53,23,34.4365,127.1181
fgyl4,2026-05-31,18.71,23,34.4365,127.1181
fgyl4,2026-06-01,18.71,23,34.4365,127.1181
fgyl4,2026-06-02,18.61,23,34.4365,127.1181
fgyl4,2026-06-03,19.04,23,34.4365,127.1181
fgyl4,2026-06-04,18.9,23,34.4365,127.1181
fgyl4,2026-06-05,18.97,23,34.4365,127.1181
fgyl4,2026-06-06,18.97,23,34.4365,127.1181
fgyl4,2026-06-07,19.66,23,34.4365,127.1181
fgyl4,2026-06-08,19.62,23,34.4365,127.1181
fgyl4,2026-06-09,19.84,23,34.4365,127.1181
fgyl4,2026-06-10,20.1,23,34.4365,127.1181
fgyl4,2026-06-11,20.07,23,34.4365,127.1181
fgyl4,2026-06-12,20.02,23,34.4365,127.1181
fgyl4,2026-06-13,19.93,23,34.4365,127.1181
fgyl4,2026-06-14,20.08,23,34.4365,127.1181
fgyl4,2026-06-15,20.29,23,34.4365,127.1181
fgyl4,2026-06-16,20.52,23,34.4365,127.1181
fgyl4,2026-06-17,20.5,23,34.4365,127.1181
fgyl4,2026-06-18,20.73,23,34.4365,127.1181
fgyl4,2026-06-19,20.53,23,34.4365,127.1181
fgyl4,2026-06-20,20.84,23,34.4365,127.1181
fgyl4,2026-06-21,20.92,23,34.4365,127.1181
fgyl4,2026-06-22,20.29,23,34.4365,127.1181
fgyl4,2026-06-23,20.65,23,34.4365,127.1181
fgyl4,2026-06-24,20.79,23,34.4365,127.1181
fgyl4,2026-06-25,21.1,23,34.4365,127.1181
fgyl4,2026-06-26,21.57,23,34.4365,127.1181
fgyl4,2026-06-27,21.49,23,34.4365,127.1181
fgyl4,2026-06-28,21.49,23,34.4365,127.1181
fgyl4,2026-06-29,21.58,23,34.4365,127.1181
fgyl4,2026-06-30,21.67,23,34.4365,127.1181
fgyl4,2026-07-01,21.57,23,34.4365,127.1181
fgyl4,2026-07-02,21.99,23,34.4365,127.1181
fgyl4,2026-07-03,21.94,23,34.4365,127.1181
fgyl4,2026-07-04,22.01,23,34.4365,127.1181
fgyl4,2026-07-05,22.0,23,34.4365,127.1181
fgyl4,2026-07-06,22.15,23,34.4365,127.1181
fgyl4,2026-07-07,22.29,23,34.4365,127.1181
fgyl4,2026-07-08,22.38,23,34.4365,127.1181
fgyl4,2026-07-09,22.58,23,34.4365,127.1181
fgyl4,2026-07-10,22.79,23,34.4365,127.1181
fgyl4,2026-07-11,23.11,23,34.4365,127.1181
fgyl4,2026-07-12,23.08,23,34.4365,127.1181
fgyl4,2026-07-13,23.26,23,34.4365,127.1181
fgyl4,2026-07-14,23.43,23,34.4365,127.1181
fgyl4,2026-07-15,23.7,23,34.4365,127.1181
fgyl4,2026-07-16,23.16,23,34.4365,127.1181
fgyl4,2026-07-17,23.01,23,34.4365,127.1181
fgyl4,2026-07-18,22.94,23,34.4365,127.1181
fgyl4,2026-07-19,22.99,23,34.4365,127.1181
fgyl4,2026-07-20,23.13,23,34.4365,127.1181
fgyl4,2026-07-21,23.47,23,34.4365,127.1181
fgyl4,2026-07-22,24.2,23,34.4365,127.1181
fgyl4,2026-07-23,25.52,23,34.4365,127.1181
fgyl4,2026-07-24,26.22,23,34.4365,127.1181
fgyl4,2026-07-25,26.7,23,34.4365,127.1181
fgyl4,2026-07-26,26.1,23,34.4365,127.1181
fgyl4,2026-07-27,24.75,23,34.4365,127.1181
fgyl4,2026-07-28,24.07,23,34.4365,127.1181
fgyl4,2026-07-29,23.47,22,34.4365,127.1181
fgyl4,2026-07-30,22.93,23,34.4365,127.1181
fgyl4,2026-07-31,22.63,23,34.4365,127.1181
fgyl4,2026-08-01,22.73,23,34.4365,127.1181
fgyl4,2026-08-02,22.5,23,34.4365,127.1181
fgyl4,2026-08-03,22.44,23,34.4365,127.1181
fgyl4,2026-08-04,22.65,23,34.4365,127.1181
fgyl4,2026-08-05,22.87,23,34.4365,127.1181
fgyl4,2026-08-06,23.07,23,34.4365,127.1181
fgyl4,2026-08-07,23.19,23,34.4365,127.1181
fgyl4,2026-08-08,23.68,23,34.4365,127.1181
fgyl4,2026-08-09,24.34,23,34.4365,127.1181
fgyl4,2026-08-10,24.7,23,34.4365,127.1181
fgyl4,2026-08-11,25.03,23,34.4365,127.1181
fgyl4,2026-08-12,25.16,23,34.4365,127.1181
fgyl4,2026-08-13,25.43,23,34.4365,127.1181
fgyl4,2026-08-14,25.73,23,34.4365,127.1181
fgyl4,2026-08-15,25.71,23,34.4365,127.1181
fgyl4,2026-08-16,25.8,23,34.4365,127.1181
fgyl4,2026-08-17,25.93,23,34.4365,127.1181
fgyl4,2026-08-18,26.27,23,34.4365,127.1181
fgyl4,2026-08-19,26.62,23,34.4365,127.1181
fgyl4,2026-08-20,26.83,23,34.4365,127.1181
fgyl4,2026-08-21,27.09,23,34.4365,127.1181
fgyl4,2026-08-22,27.52,23,34.4365,127.1181
fgyl4,2026-08-23,28.02,23,34.4365,127.1181
fgyl4,2026-08-24,28.19,23,34.4365,127.1181
fgyl4,2026-08-25,27.71,23,34.4365,127.1181
fgyl4,2026-08-26,27.57,23,34.4365,127.1181
fgyl4,2026-08-27,27.8,23,34.4365,127.1181
fgyl4,2026-08-28,27.83,23,34.4365,127.1181
fgyl4,2026-08-29,27.94,23,34.4365,127.1181
fgyl4,2026-08-30,27.91,23,34.4365,127.1181
fgyl4,2026-08-31,27.59,23,34.4365,127.1181
fgyl4,2026-09-01,27.26,23,34.4365,127.1181
fgyl4,2026-09-02,26.88,23,34.4365,127.1181
fgyl4,2026-09-03,26.43,23,34.4365,127.1181
fgyl4,2026-09-04,26.02,23,34.4365,127.1181
fgyl4,2026-09-05,26.08,23,34.4365,127.1181
fgyl4,2026-09-06,26.13,23,34.4365,127.1181
fgyl4,2026-09-07,26.26,23,34.4365,127.1181
fgyl4,2026-09-08,26.45,23,34.4365,127.1181
fgyl4,2026-09-09,26.38,23,34.4365,127.1181
fgyl4,2026-09-10,26.28,23,34.4365,127.1181
fgyl4,2026-09-11,26.31,23,34.4365,127.1181
fgyl4,2026-09-12,26.3,23,34.4365,127.1181
fgyl4,2026-09-13,26.27,23,34.4365,127.1181
fgyl4,2026-09-14,26.05,23,34.4365,127.1181
fgyl4,2026-09-15,25.9,23,34.4365,127.1181
fgyl4,2026-09-16,25.9,23,34.4365,127.1181
fgyl4,2026-09-17,25.8,23,34.4365,127.1181
fgyl4,2026-09-18,25.74,23,34.4365,127.1181
fgyl4,2026-09-19,25.74,23,34.4365,127.1181
fgyl4,2026-09-20,25.83,23,34.4365,127.1181
fgyl4,2026-09-21,25.8,23,34.4365,127.1181
fgyl4,2026-09-22,25.68,23,34.4365,127.1181
fgyl4,2026-09-23,25.67,23,34.4365,127.1181
fgyl4,2026-09-24,25.68,23,34.4365,127.1181
fgym6,2026-05-01,16.34,24,34.6345,127.4945
fgym6,2026-05-02,16.53,24,34.6345,127.4945
fgym6,2026-05-03,16.18,24,34.6345,127.4945
fgym6,2026-05-04,16.1,24,34.6345,127.4945
fgym6,2026-05-05,16.21,24,34.6345,127.4945
fgym6,2026-05-06,16.59,24,34.6345,127.4945
fgym6,2026-05-07,17.06,24,34.6345,127.4945
fgym6,2026-05-08,17.19,24,34.6345,127.4945
fgym6,2026-05-09,17.23,24,34.6345,127.4945
fgym6,2026-05-10,17.16,24,34.6345,127.4945
fgym6,2026-05-11,17.56,24,34.6345,127.4945
fgym6,2026-05-12,17.47,24,34.6345,127.4945
fgym6,2026-05-13,18.04,24,34.6345,127.4945
fgym6,2026-05-14,18.28,24,34.6345,127.4945
fgym6,2026-05-15,18.5,24,34.6345,127.4945
fgym6,2026-05-16,19.11,24,34.6345,127.4945
fgym6,2026-05-17,19.62,24,34.6345,127.4945
fgym6,2026-05-18,19.87,24,34.6345,127.4945
fgym6,2026-05-19,20.18,24,34.6345,127.4945
fgym6,2026-05-20,19.95,24,34.6345,127.4945
fgym6,2026-05-21,20.09,24,34.6345,127.4945
fgym6,2026-05-22,20.09,24,34.6345,127.4945
fgym6,2026-05-23,19.95,24,34.6345,127.4945
fgym6,2026-05-24,20.31,24,34.6345,127.4945
fgym6,2026-05-25,20.71,24,34.6345,127.4945
fgym6,2026-05-26,20.94,24,34.6345,127.4945
fgym6,2026-05-27,21.28,24,34.6345,127.4945
fgym6,2026-05-28,21.78,24,34.6345,127.4945
fgym6,2026-05-29,21.28,24,34.6345,127.4945
fgym6,2026-05-30,21.53,24,34.6345,127.4945
fgym6,2026-05-31,21.63,24,34.6345,127.4945
fgym6,2026-06-01,21.68,24,34.6345,127.4945
fgym6,2026-06-02,21.67,24,34.6345,127.4945
fgym6,2026-06-03,21.93,24,34.6345,127.4945
fgym6,2026-06-04,21.59,24,34.6345,127.4945
fgym6,2026-06-05,22.19,24,34.6345,127.4945
fgym6,2026-06-06,22.48,24,34.6345,127.4945
fgym6,2026-06-07,22.32,24,34.6345,127.4945
fgym6,2026-06-08,21.99,24,34.6345,127.4945
fgym6,2026-06-09,22.11,24,34.6345,127.4945
fgym6,2026-06-10,22.0,24,34.6345,127.4945
fgym6,2026-06-11,22.12,24,34.6345,127.4945
fgym6,2026-06-12,21.82,24,34.6345,127.4945
fgym6,2026-06-13,22.0,24,34.6345,127.4945
fgym6,2026-06-14,22.19,24,34.6345,127.4945
fgym6,2026-06-15,22.5,24,34.6345,127.4945
fgym6,2026-06-16,22.69,24,34.6345,127.4945
fgym6,2026-06-17,22.59,24,34.6345,127.4945
fgym6,2026-06-18,22.83,24,34.6345,127.4945
fgym6,2026-06-19,22.91,24,34.6345,127.4945
fgym6,2026-06-20,22.94,24,34.6345,127.4945
fgym6,2026-06-21,23.04,24,34.6345,127.4945
fgym6,2026-06-22,22.63,24,34.6345,127.4945
fgym6,2026-06-23,22.68,24,34.6345,127.4945
fgym6,2026-06-24,23.03,24,34.6345,127.4945
fgym6,2026-06-25,23.25,24,34.6345,127.4945
fgym6,2026-06-26,23.41,24,34.6345,127.4945
fgym6,2026-06-27,23.15,24,34.6345,127.4945
fgym6,2026-06-28,23.23,24,34.6345,127.4945
fgym6,2026-06-29,23.4,24,34.6345,127.4945
fgym6,2026-06-30,23.5,24,34.6345,127.4945
fgym6,2026-07-01,23.34,24,34.6345,127.4945
fgym6,2026-07-02,23.65,24,34.6345,127.4945
fgym6,2026-07-03,23.66,24,34.6345,127.4945
fgym6,2026-07-04,23.71,24,34.6345,127.4945
fgym6,2026-07-05,23.82,24,34.6345,127.4945
fgym6,2026-07-06,24.07,24,34.6345,127.4945
fgym6,2026-07-07,24.22,24,34.6345,127.4945
fgym6,2026-07-08,24.17,24,34.6345,127.4945
fgym6,2026-07-09,24.16,24,34.6345,127.4945
fgym6,2026-07-10,24.87,24,34.6345,127.4945
fgym6,2026-07-11,25.7,24,34.6345,127.4945
fgym6,2026-07-12,25.86,24,34.6345,127.4945
fgym6,2026-07-13,25.25,24,34.6345,127.4945
fgym6,2026-07-14,25.37,24,34.6345,127.4945
fgym6,2026-07-15,25.76,24,34.6345,127.4945
fgym6,2026-07-16,25.72,24,34.6345,127.4945
fgym6,2026-07-17,25.74,24,34.6345,127.4945
fgym6,2026-07-18,25.82,24,34.6345,127.4945
fgym6,2026-07-19,26.05,24,34.6345,127.4945
fgym6,2026-07-20,26.22,24,34.6345,127.4945
fgym6,2026-07-21,26.38,24,34.6345,127.4945
fgym6,2026-07-22,26.88,24,34.6345,127.4945
fgym6,2026-07-23,27.19,24,34.6345,127.4945
fgym6,2026-07-24,27.84,24,34.6345,127.4945
fgym6,2026-07-25,28.21,24,34.6345,127.4945
fgym6,2026-07-26,28.86,23,34.6345,127.4945
fgym6,2026-07-27,28.5,23,34.6345,127.4945
fgym6,2026-07-28,27.69,23,34.6345,127.4945
fgym6,2026-07-29,27.45,24,34.6345,127.4945
fgym6,2026-07-30,26.72,24,34.6345,127.4945
fgym6,2026-07-31,26.48,24,34.6345,127.4945
fgym6,2026-08-01,26.75,24,34.6345,127.4945
fgym6,2026-08-02,26.68,23,34.6345,127.4945
fgym6,2026-08-03,26.76,24,34.6345,127.4945
fgym6,2026-08-04,26.8,24,34.6345,127.4945
fgym6,2026-08-05,26.88,24,34.6345,127.4945
fgym6,2026-08-06,27.0,24,34.6345,127.4945
fgym6,2026-08-07,28.08,24,34.6345,127.4945
fgym6,2026-08-08,28.45,24,34.6345,127.4945
fgym6,2026-08-09,27.98,24,34.6345,127.4945
fgym6,2026-08-10,27.88,24,34.6345,127.4945
fgym6,2026-08-11,27.29,24,34.6345,127.4945
fgym6,2026-08-12,27.25,24,34.6345,127.4945
fgym6,2026-08-13,27.48,24,34.6345,127.4945
fgym6,2026-08-14,27.63,24,34.6345,127.4945
fgym6,2026-08-15,27.65,24,34.6345,127.4945
fgym6,2026-08-16,27.3,24,34.6345,127.4945
fgym6,2026-08-17,27.43,24,34.6345,127.4945
fgym6,2026-08-18,27.64,24,34.6345,127.4945
fgym6,2026-08-19,27.86,24,34.6345,127.4945
fgym6,2026-08-20,28.17,24,34.6345,127.4945
fgym6,2026-08-21,28.67,24,34.6345,127.4945
fgym6,2026-08-22,28.65,24,34.6345,127.4945
fgym6,2026-08-23,29.0,24,34.6345,127.4945
fgym6,2026-08-24,29.48,24,34.6345,127.4945
fgym6,2026-08-25,29.76,24,34.6345,127.4945
fgym6,2026-08-26,29.73,24,34.6345,127.4945
fgym6,2026-08-27,29.85,24,34.6345,127.4945
fgym6,2026-08-28,29.72,24,34.6345,127.4945
fgym6,2026-08-29,29.82,24,34.6345,127.4945
fgym6,2026-08-30,29.8,24,34.6345,127.4945
fgym6,2026-08-31,29.75,24,34.6345,127.4945
fgym6,2026-09-01,29.65,24,34.6345,127.4945
fgym6,2026-09-02,29.75,24,34.6345,127.4945
fgym6,2026-09-03,29.8,24,34.6345,127.4945
fgym6,2026-09-04,29.31,24,34.6345,127.4945
fgym6,2026-09-05,28.63,24,34.6345,127.4945
fgym6,2026-09-06,27.88,24,34.6345,127.4945
fgym6,2026-09-07,27.73,24,34.6345,127.4945
fgym6,2026-09-08,27.86,24,34.6345,127.4945
fgym6,2026-09-09,27.62,24,34.6345,127.4945
fgym6,2026-09-10,27.14,24,34.6345,127.4945
fgym6,2026-09-11,27.16,24,34.6345,127.4945
fgym6,2026-09-12,27.15,24,34.6345,127.4945
fgym6,2026-09-13,27.18,24,34.6345,127.4945
fgym6,2026-09-14,27.13,24,34.6345,127.4945
fgym6,2026-09-15,27.12,24,34.6345,127.4945
fgym6,2026-09-16,27.13,24,34.6345,127.4945
fgym6,2026-09-17,26.91,24,34.6345,127.4945
fgym6,2026-09-18,26.79,24,34.6345,127.4945
fgym6,2026-09-19,26.87,24,34.6345,127.4945
fgym6,2026-09-20,26.77,24,34.6345,127.4945
fgym6,2026-09-21,26.42,24,34.6345,127.4945
fgym6,2026-09-22,26.35,24,34.6345,127.4945
fgym6,2026-09-23,26.32,24,34.6345,127.4945
fgym6,2026-09-24,26.43,24,34.6345,127.4945
fgyo4,2026-05-01,15.38,24,34.4271,127.4896
fgyo4,2026-05-02,15.89,24,34.4271,127.4896
fgyo4,2026-05-03,15.34,24,34.4271,127.4896
fgyo4,2026-05-04,15.32,24,34.4271,127.4896
fgyo4,2026-05-05,16.35,24,34.4271,127.4896
fgyo4,2026-05-06,17.01,24,34.4271,127.4896
fgyo4,2026-05-07,17.4,24,34.4271,127.4896
fgyo4,2026-05-08,16.85,24,34.4271,127.4896
fgyo4,2026-05-09,16.82,24,34.4271,127.4896
fgyo4,2026-05-10,17.32,24,34.4271,127.4896
fgyo4,2026-05-11,17.9,24,34.4271,127.4896
fgyo4,2026-05-12,17.45,24,34.4271,127.4896
fgyo4,2026-05-13,17.75,24,34.4271,127.4896
fgyo4,2026-05-14,17.25,24,34.4271,127.4896
fgyo4,2026-05-15,17.77,24,34.4271,127.4896
fgyo4,2026-05-16,18.86,24,34.4271,127.4896
fgyo4,2026-05-17,18.84,24,34.4271,127.4896
fgyo4,2026-05-18,18.97,24,34.4271,127.4896
fgyo4,2026-05-19,18.99,24,34.4271,127.4896
fgyo4,2026-05-20,18.29,24,34.4271,127.4896
fgyo4,2026-05-21,18.55,24,34.4271,127.4896
fgyo4,2026-05-22,18.76,24,34.4271,127.4896
fgyo4,2026-05-23,18.65,24,34.4271,127.4896
fgyo4,2026-05-24,19.01,24,34.4271,127.4896
fgyo4,2026-05-25,19.54,24,34.4271,127.4896
fgyo4,2026-05-26,19.36,24,34.4271,127.4896
fgyo4,2026-05-27,19.22,24,34.4271,127.4896
fgyo4,2026-05-28,19.72,24,34.4271,127.4896
fgyo4,2026-05-29,20.14,24,34.4271,127.4896
fgyo4,2026-05-30,20.84,24,34.4271,127.4896
fgyo4,2026-05-31,21.05,24,34.4271,127.4896
fgyo4,2026-06-01,21.02,24,34.4271,127.4896
fgyo4,2026-06-02,20.39,24,34.4271,127.4896
fgyo4,2026-06-03,21.38,24,34.4271,127.4896
fgyo4,2026-06-04,21.15,24,34.4271,127.4896
fgyo4,2026-06-05,21.22,24,34.4271,127.4896
fgyo4,2026-06-06,20.68,24,34.4271,127.4896
fgyo4,2026-06-07,21.13,24,34.4271,127.4896
fgyo4,2026-06-08,21.03,24,34.4271,127.4896
fgyo4,2026-06-09,21.21,24,34.4271,127.4896
fgyo4,2026-06-10,21.85,24,34.4271,127.4896
fgyo4,2026-06-11,21.78,24,34.4271,127.4896
fgyo4,2026-06-12,21.86,24,34.4271,127.4896
fgyo4,2026-06-13,21.65,24,34.4271,127.4896
fgyo4,2026-06-14,21.65,24,34.4271,127.4896
fgyo4,2026-06-15,21.69,24,34.4271,127.4896
fgyo4,2026-06-16,21.59,24,34.4271,127.4896
fgyo4,2026-06-17,21.66,24,34.4271,127.4896
fgyo4,2026-06-18,22.56,24,34.4271,127.4896
fgyo4,2026-06-19,22.19,24,34.4271,127.4896
fgyo4,2026-06-20,22.12,24,34.4271,127.4896
fgyo4,2026-06-21,22.84,24,34.4271,127.4896
fgyo4,2026-06-22,21.84,24,34.4271,127.4896
fgyo4,2026-06-23,21.59,24,34.4271,127.4896
fgyo4,2026-06-24,21.47,24,34.4271,127.4896
fgyo4,2026-06-25,21.98,24,34.4271,127.4896
fgyo4,2026-06-26,22.81,24,34.4271,127.4896
fgyo4,2026-06-27,22.53,24,34.4271,127.4896
fgyo4,2026-06-28,23.05,24,34.4271,127.4896
fgyo4,2026-06-29,23.12,24,34.4271,127.4896
fgyo4,2026-06-30,23.25,24,34.4271,127.4896
fgyo4,2026-07-01,22.68,24,34.4271,127.4896
fgyo4,2026-07-02,23.51,24,34.4271,127.4896
fgyo4,2026-07-03,23.53,24,34.4271,127.4896
fgyo4,2026-07-04,23.67,24,34.4271,127.4896
fgyo4,2026-07-05,23.69,24,34.4271,127.4896
fgyo4,2026-07-06,24.0,24,34.4271,127.4896
fgyo4,2026-07-07,24.02,24,34.4271,127.4896
fgyo4,2026-07-08,24.65,24,34.4271,127.4896
fgyo4,2026-07-09,25.03,24,34.4271,127.4896
fgyo4,2026-07-10,24.76,24,34.4271,127.4896
fgyo4,2026-07-11,25.16,24,34.4271,127.4896
fgyo4,2026-07-12,25.36,24,34.4271,127.4896
fgyo4,2026-07-13,25.7,24,34.4271,127.4896
fgyo4,2026-07-14,25.58,24,34.4271,127.4896
fgyo4,2026-07-15,25.15,24,34.4271,127.4896
fgyo4,2026-07-16,24.8,24,34.4271,127.4896
fgyo4,2026-07-17,24.67,24,34.4271,127.4896
fgyo4,2026-07-18,24.84,24,34.4271,127.4896
fgyo4,2026-07-19,25.04,24,34.4271,127.4896
fgyo4,2026-07-20,25.67,24,34.4271,127.4896
fgyo4,2026-07-21,26.31,24,34.4271,127.4896
fgyo4,2026-07-22,26.68,24,34.4271,127.4896
fgyo4,2026-07-23,27.26,24,34.4271,127.4896
fgyo4,2026-07-24,27.5,24,34.4271,127.4896
fgyo4,2026-07-25,27.82,23,34.4271,127.4896
fgyo4,2026-07-26,27.51,24,34.4271,127.4896
fgyo4,2026-07-27,27.13,23,34.4271,127.4896
fgyo4,2026-07-28,26.28,24,34.4271,127.4896
fgyo4,2026-07-29,25.72,24,34.4271,127.4896
fgyo4,2026-07-30,24.97,24,34.4271,127.4896
fgyo4,2026-07-31,24.72,24,34.4271,127.4896
fgyo4,2026-08-01,24.15,24,34.4271,127.4896
fgyo4,2026-08-02,24.12,24,34.4271,127.4896
fgyo4,2026-08-03,24.41,22,34.4271,127.4896
fgyo4,2026-08-04,25.28,23,34.4271,127.4896
fgyo4,2026-08-05,25.27,23,34.4271,127.4896
fgyo4,2026-08-06,25.74,24,34.4271,127.4896
fgyo4,2026-08-07,25.52,24,34.4271,127.4896
fgyo4,2026-08-08,25.5,24,34.4271,127.4896
fgyo4,2026-08-09,26.47,24,34.4271,127.4896
fgyo4,2026-08-10,27.03,22,34.4271,127.4896
fgyo4,2026-08-11,27.04,24,34.4271,127.4896
fgyo4,2026-08-12,27.2,24,34.4271,127.4896
fgyo4,2026-08-13,27.5,24,34.4271,127.4896
fgyo4,2026-08-14,27.55,22,34.4271,127.4896
fgyo4,2026-08-15,27.3,24,34.4271,127.4896
fgyo4,2026-08-16,27.16,23,34.4271,127.4896
fgyo4,2026-08-17,27.51,19,34.4271,127.4896
fgyo4,2026-08-18,27.59,19,34.4271,127.4896
fgyo4,2026-08-19,28.18,22,34.4271,127.4896
fgyo4,2026-08-20,28.52,20,34.4271,127.4896
fgyo4,2026-08-21,28.94,18,34.4271,127.4896
fgyo4,2026-08-24,29.99,14,34.4271,127.4896
fgyo4,2026-08-25,30.79,15,34.4271,127.4896
fgyo4,2026-08-26,29.87,20,34.4271,127.4896
fgyo4,2026-08-27,30.1,22,34.4271,127.4896
fgyo4,2026-08-28,29.68,24,34.4271,127.4896
fgyo4,2026-09-01,28.36,15,34.4271,127.4896
fgyo4,2026-09-02,28.23,24,34.4271,127.4896
fgyo4,2026-09-03,28.06,24,34.4271,127.4896
fgyo4,2026-09-04,26.92,24,34.4271,127.4896
fgyo4,2026-09-05,26.67,24,34.4271,127.4896
fgyo4,2026-09-06,26.52,24,34.4271,127.4896
fgyo4,2026-09-07,26.52,24,34.4271,127.4896
fgyo4,2026-09-08,26.59,24,34.4271,127.4896
fgyo4,2026-09-09,26.3,24,34.4271,127.4896
fgyo4,2026-09-10,26.08,24,34.4271,127.4896
fgyo4,2026-09-11,26.24,24,34.4271,127.4896
fgyo4,2026-09-12,26.45,24,34.4271,127.4896
fgyo4,2026-09-13,26.69,24,34.4271,127.4896
fgyo4,2026-09-14,26.67,24,34.4271,127.4896
fgyo4,2026-09-15,26.68,24,34.4271,127.4896
fgyo4,2026-09-16,26.63,24,34.4271,127.4896
fgyo4,2026-09-17,26.13,24,34.4271,127.4896
fgyo4,2026-09-18,25.76,24,34.4271,127.4896
fgyo4,2026-09-19,25.74,24,34.4271,127.4896
fgyo4,2026-09-20,25.8,24,34.4271,127.4896
fgyo4,2026-09-21,25.81,24,34.4271,127.4896
fgyo4,2026-09-22,25.77,24,34.4271,127.4896
fgyo4,2026-09-23,25.72,24,34.4271,127.4896
fgyo4,2026-09-24,25.82,24,34.4271,127.4896
fhbl6,2026-05-01,16.32,24,34.4394,126.7343
fhbl6,2026-05-02,16.45,24,34.4394,126.7343
fhbl6,2026-05-03,15.96,24,34.4394,126.7343
fhbl6,2026-05-04,15.67,24,34.4394,126.7343
fhbl6,2026-05-05,16.47,24,34.4394,126.7343
fhbl6,2026-05-06,17.42,24,34.4394,126.7343
fhbl6,2026-05-07,18.03,24,34.4394,126.7343
fhbl6,2026-05-08,17.76,24,34.4394,126.7343
fhbl6,2026-05-09,18.24,24,34.4394,126.7343
fhbl6,2026-05-10,18.69,24,34.4394,126.7343
fhbl6,2026-05-11,19.58,24,34.4394,126.7343
fhbl6,2026-05-12,19.45,24,34.4394,126.7343
fhbl6,2026-05-13,19.64,24,34.4394,126.7343
fhbl6,2026-05-14,20.38,24,34.4394,126.7343
fhbl6,2026-05-15,20.78,24,34.4394,126.7343
fhbl6,2026-05-16,20.72,24,34.4394,126.7343
fhbl6,2026-05-17,20.58,24,34.4394,126.7343
fhbl6,2026-05-18,20.64,24,34.4394,126.7343
fhbl6,2026-05-19,20.37,24,34.4394,126.7343
fhbl6,2026-05-20,19.7,24,34.4394,126.7343
fhbl6,2026-05-21,19.36,24,34.4394,126.7343
fhbl6,2026-05-22,19.65,24,34.4394,126.7343
fhbl6,2026-05-23,20.21,24,34.4394,126.7343
fhbl6,2026-05-24,21.12,24,34.4394,126.7343
fhbl6,2026-05-25,21.83,24,34.4394,126.7343
fhbl6,2026-05-26,21.55,24,34.4394,126.7343
fhbl6,2026-05-27,21.12,24,34.4394,126.7343
fhbl6,2026-05-28,20.88,24,34.4394,126.7343
fhbl6,2026-05-29,21.02,24,34.4394,126.7343
fhbl6,2026-05-30,21.54,24,34.4394,126.7343
fhbl6,2026-05-31,22.06,24,34.4394,126.7343
fhbl6,2026-06-01,22.27,24,34.4394,126.7343
fhbl6,2026-06-02,21.95,24,34.4394,126.7343
fhbl6,2026-06-03,22.82,24,34.4394,126.7343
fhbl6,2026-06-04,22.55,24,34.4394,126.7343
fhbl6,2026-06-05,21.92,24,34.4394,126.7343
fhbl6,2026-06-06,21.77,24,34.4394,126.7343
fhbl6,2026-06-07,22.87,24,34.4394,126.7343
fhbl6,2026-06-08,22.27,24,34.4394,126.7343
fhbl6,2026-06-09,22.01,24,34.4394,126.7343
fhbl6,2026-06-10,22.82,24,34.4394,126.7343
fhbl6,2026-06-11,22.53,24,34.4394,126.7343
fhbl6,2026-06-12,22.82,24,34.4394,126.7343
fhbl6,2026-06-13,23.29,24,34.4394,126.7343
fhbl6,2026-06-14,23.83,24,34.4394,126.7343
fhbl6,2026-06-15,24.04,24,34.4394,126.7343
fhbl6,2026-06-16,23.62,24,34.4394,126.7343
fhbl6,2026-06-17,23.09,24,34.4394,126.7343
fhbl6,2026-06-18,23.85,24,34.4394,126.7343
fhbl6,2026-06-19,23.46,24,34.4394,126.7343
fhbl6,2026-06-20,23.05,24,34.4394,126.7343
fhbl6,2026-06-21,23.21,24,34.4394,126.7343
fhbl6,2026-06-22,23.19,24,34.4394,126.7343
fhbl6,2026-06-23,22.34,24,34.4394,126.7343
fhbl6,2026-06-24,22.28,24,34.4394,126.7343
fhbl6,2026-06-25,22.9,24,34.4394,126.7343
fhbl6,2026-06-26,23.44,24,34.4394,126.7343
fhbl6,2026-06-27,24.14,24,34.4394,126.7343
fhbl6,2026-06-28,24.69,24,34.4394,126.7343
fhbl6,2026-06-29,25.04,24,34.4394,126.7343
fhbl6,2026-06-30,25.01,24,34.4394,126.7343
fhbl6,2026-07-01,24.32,24,34.4394,126.7343
fhbl6,2026-07-02,24.82,24,34.4394,126.7343
fhbl6,2026-07-03,24.82,24,34.4394,126.7343
fhbl6,2026-07-04,24.52,24,34.4394,126.7343
fhbl6,2026-07-05,24.38,24,34.4394,126.7343
fhbl6,2026-07-06,24.71,24,34.4394,126.7343
fhbl6,2026-07-07,25.54,24,34.4394,126.7343
fhbl6,2026-07-08,25.71,24,34.4394,126.7343
fhbl6,2026-07-09,26.34,23,34.4394,126.7343
fhbl6,2026-07-10,26.82,24,34.4394,126.7343
fhbl6,2026-07-11,27.49,23,34.4394,126.7343
fhbl6,2026-07-12,27.56,23,34.4394,126.7343
fhbl6,2026-07-13,27.62,23,34.4394,126.7343
fhbl6,2026-07-14,27.37,23,34.4394,126.7343
fhbl6,2026-07-15,26.74,23,34.4394,126.7343
fhbl6,2026-07-16,26.36,23,34.4394,126.7343
fhbl6,2026-07-17,26.44,23,34.4394,126.7343
fhbl6,2026-07-18,26.92,23,34.4394,126.7343
fhbl6,2026-07-19,27.3,23,34.4394,126.7343
fhbl6,2026-07-20,27.67,23,34.4394,126.7343
fhbl6,2026-07-21,28.08,23,34.4394,126.7343
fhbl6,2026-07-22,28.72,23,34.4394,126.7343
fhbl6,2026-07-23,29.11,23,34.4394,126.7343
fhbl6,2026-07-24,29.73,23,34.4394,126.7343
fhbl6,2026-07-25,30.51,23,34.4394,126.7343
fhbl6,2026-07-26,30.33,23,34.4394,126.7343
fhbl6,2026-07-27,30.11,23,34.4394,126.7343
fhbl6,2026-07-28,29.8,23,34.4394,126.7343
fhbl6,2026-07-29,28.86,23,34.4394,126.7343
fhbl6,2026-07-30,28.56,23,34.4394,126.7343
fhbl6,2026-07-31,28.67,23,34.4394,126.7343
fhbl6,2026-08-01,28.88,23,34.4394,126.7343
fhbl6,2026-08-02,28.83,23,34.4394,126.7343
fhbl6,2026-08-03,28.87,23,34.4394,126.7343
fhbl6,2026-08-04,29.09,23,34.4394,126.7343
fhbl6,2026-08-05,29.34,23,34.4394,126.7343
fhbl6,2026-08-06,29.78,23,34.4394,126.7343
fhbl6,2026-08-07,30.07,23,34.4394,126.7343
fhbl6,2026-08-08,29.67,23,34.4394,126.7343
fhbl6,2026-08-09,28.01,23,34.4394,126.7343
fhbl6,2026-08-10,27.07,23,34.4394,126.7343
fhbl6,2026-08-11,26.7,23,34.4394,126.7343
fhbl6,2026-08-12,27.0,23,34.4394,126.7343
fhbl6,2026-08-13,27.58,23,34.4394,126.7343
fhbl6,2026-08-14,27.93,23,34.4394,126.7343
fhbl6,2026-08-15,27.41,23,34.4394,126.7343
fhbl6,2026-08-16,26.93,23,34.4394,126.7343
fhbl6,2026-08-17,27.08,23,34.4394,126.7343
fhbl6,2026-08-18,28.03,23,34.4394,126.7343
fhbl6,2026-08-19,28.7,23,34.4394,126.7343
fhbl6,2026-08-20,29.07,23,34.4394,126.7343
fhbl6,2026-08-21,29.42,23,34.4394,126.7343
fhbl6,2026-08-22,29.53,23,34.4394,126.7343
fhbl6,2026-08-23,29.94,23,34.4394,126.7343
fhbl6,2026-08-24,30.62,23,34.4394,126.7343
fhbl6,2026-08-25,31.01,23,34.4394,126.7343
fhbl6,2026-08-26,31.1,23,34.4394,126.7343
fhbl6,2026-08-27,31.12,23,34.4394,126.7343
fhbl6,2026-08-28,30.57,23,34.4394,126.7343
fhbl6,2026-08-29,30.23,23,34.4394,126.7343
fhbl6,2026-08-30,30.12,23,34.4394,126.7343
fhbl6,2026-08-31,29.84,23,34.4394,126.7343
fhbl6,2026-09-01,29.93,23,34.4394,126.7343
fhbl6,2026-09-02,29.9,23,34.4394,126.7343
fhbl6,2026-09-03,29.76,23,34.4394,126.7343
fhbl6,2026-09-04,28.22,23,34.4394,126.7343
fhbl6,2026-09-05,27.14,23,34.4394,126.7343
fhbl6,2026-09-06,26.96,23,34.4394,126.7343
fhbl6,2026-09-07,27.33,23,34.4394,126.7343
fhbl6,2026-09-08,27.37,23,34.4394,126.7343
fhbl6,2026-09-09,26.98,23,34.4394,126.7343
fhbl6,2026-09-10,26.57,23,34.4394,126.7343
fhbl6,2026-09-11,26.64,23,34.4394,126.7343
fhbl6,2026-09-12,26.63,23,34.4394,126.7343
fhbl6,2026-09-13,26.76,23,34.4394,126.7343
fhbl6,2026-09-14,26.27,23,34.4394,126.7343
fhbl6,2026-09-15,25.91,23,34.4394,126.7343
fhbl6,2026-09-16,26.0,23,34.4394,126.7343
fhbl6,2026-09-17,25.8,23,34.4394,126.7343
fhbl6,2026-09-18,25.57,23,34.4394,126.7343
fhbl6,2026-09-19,26.22,23,34.4394,126.7343
fhbl6,2026-09-20,26.67,23,34.4394,126.7343
fhbl6,2026-09-21,26.56,23,34.4394,126.7343
fhbl6,2026-09-22,26.46,23,34.4394,126.7343
fhbl6,2026-09-23,26.53,23,34.4394,126.7343
fhbl6,2026-09-24,26.53,23,34.4394,126.7343
fhhfc,2026-05-01,14.61,48,34.4235,126.4216
fhhfc,2026-05-02,14.74,48,34.4235,126.4216
fhhfc,2026-05-03,14.61,48,34.4235,126.4216
fhhfc,2026-05-04,14.69,48,34.4235,126.4216
fhhfc,2026-05-05,15.2,48,34.4235,126.4216
fhhfc,2026-05-06,15.58,48,34.4235,126.4216
fhhfc,2026-05-07,16.01,48,34.4235,126.4216
fhhfc,2026-05-08,15.65,48,34.4235,126.4216
fhhfc,2026-05-09,16.09,48,34.4235,126.4216
fhhfc,2026-05-10,16.51,48,34.4235,126.4216
fhhfc,2026-05-11,16.92,48,34.4235,126.4216
fhhfc,2026-05-12,16.97,48,34.4235,126.4216
fhhfc,2026-05-13,17.03,48,34.4235,126.4216
fhhfc,2026-05-14,17.2,48,34.4235,126.4216
fhhfc,2026-05-15,17.57,48,34.4235,126.4216
fhhfc,2026-05-16,17.94,48,34.4235,126.4216
fhhfc,2026-05-17,18.08,48,34.4235,126.4216
fhhfc,2026-05-18,18.27,48,34.4235,126.4216
fhhfc,2026-05-19,18.21,48,34.4235,126.4216
fhhfc,2026-05-20,18.17,48,34.4235,126.4216
fhhfc,2026-05-21,18.3,48,34.4235,126.4216
fhhfc,2026-05-22,18.34,48,34.4235,126.4216
fhhfc,2026-05-23,18.45,48,34.4235,126.4216
fhhfc,2026-05-24,18.6,48,34.4235,126.4216
fhhfc,2026-05-25,18.67,48,34.4235,126.4216
fhhfc,2026-05-26,18.66,48,34.4235,126.4216
fhhfc,2026-05-27,18.93,48,34.4235,126.4216
fhhfc,2026-05-28,19.14,48,34.4235,126.4216
fhhfc,2026-05-29,19.1,48,34.4235,126.4216
fhhfc,2026-05-30,19.29,48,34.4235,126.4216
fhhfc,2026-05-31,19.45,48,34.4235,126.4216
fhhfc,2026-06-01,19.74,48,34.4235,126.4216
fhhfc,2026-06-02,19.92,48,34.4235,126.4216
fhhfc,2026-06-03,20.3,48,34.4235,126.4216
fhhfc,2026-06-04,20.18,48,34.4235,126.4216
fhhfc,2026-06-05,19.95,48,34.4235,126.4216
fhhfc,2026-06-06,19.62,48,34.4235,126.4216
fhhfc,2026-06-07,19.6,48,34.4235,126.4216
fhhfc,2026-06-08,19.5,48,34.4235,126.4216
fhhfc,2026-06-09,19.51,48,34.4235,126.4216
fhhfc,2026-06-10,19.93,48,34.4235,126.4216
fhhfc,2026-06-11,19.92,48,34.4235,126.4216
fhhfc,2026-06-12,19.9,48,34.4235,126.4216
fhhfc,2026-06-13,20.3,48,34.4235,126.4216
fhhfc,2026-06-14,20.66,48,34.4235,126.4216
fhhfc,2026-06-15,21.05,48,34.4235,126.4216
fhhfc,2026-06-16,21.02,48,34.4235,126.4216
fhhfc,2026-06-17,21.06,48,34.4235,126.4216
fhhfc,2026-06-18,21.42,48,34.4235,126.4216
fhhfc,2026-06-19,21.31,48,34.4235,126.4216
fhhfc,2026-06-20,21.32,48,34.4235,126.4216
fhhfc,2026-06-21,21.66,48,34.4235,126.4216
fhhfc,2026-06-22,21.46,48,34.4235,126.4216
fhhfc,2026-06-23,20.67,48,34.4235,126.4216
fhhfc,2026-06-24,20.79,48,34.4235,126.4216
fhhfc,2026-06-25,21.18,48,34.4235,126.4216
fhhfc,2026-06-26,21.22,48,34.4235,126.4216
fhhfc,2026-06-27,21.38,48,34.4235,126.4216
fhhfc,2026-06-28,21.76,48,34.4235,126.4216
fhhfc,2026-06-29,22.02,48,34.4235,126.4216
fhhfc,2026-06-30,22.16,48,34.4235,126.4216
fhhfc,2026-07-01,22.04,48,34.4235,126.4216
fhhfc,2026-07-02,22.5,48,34.4235,126.4216
fhhfc,2026-07-03,22.47,48,34.4235,126.4216
fhhfc,2026-07-04,22.38,48,34.4235,126.4216
fhhfc,2026-07-05,22.37,48,34.4235,126.4216
fhhfc,2026-07-06,22.51,48,34.4235,126.4216
fhhfc,2026-07-07,22.95,48,34.4235,126.4216
fhhfc,2026-07-08,22.82,48,34.4235,126.4216
fhhfc,2026-07-09,23.33,48,34.4235,126.4216
fhhfc,2026-07-10,23.1,48,34.4235,126.4216
fhhfc,2026-07-11,23.41,48,34.4235,126.4216
fhhfc,2026-07-12,23.61,48,34.4235,126.4216
fhhfc,2026-07-13,24.17,48,34.4235,126.4216
fhhfc,2026-07-14,24.32,48,34.4235,126.4216
fhhfc,2026-07-15,24.51,48,34.4235,126.4216
fhhfc,2026-07-16,24.22,48,34.4235,126.4216
fhhfc,2026-07-17,24.08,48,34.4235,126.4216
fhhfc,2026-07-18,24.03,48,34.4235,126.4216
fhhfc,2026-07-19,24.18,48,34.4235,126.4216
fhhfc,2026-07-20,24.45,48,34.4235,126.4216
fhhfc,2026-07-21,25.09,48,34.4235,126.4216
fhhfc,2026-07-22,25.93,48,34.4235,126.4216
fhhfc,2026-07-23,26.4,48,34.4235,126.4216
fhhfc,2026-07-24,26.75,48,34.4235,126.4216
fhhfc,2026-07-25,27.27,48,34.4235,126.4216
fhhfc,2026-07-26,27.26,48,34.4235,126.4216
fhhfc,2026-07-27,26.96,48,34.4235,126.4216
fhhfc,2026-07-28,26.59,48,34.4235,126.4216
fhhfc,2026-07-29,26.52,48,34.4235,126.4216
fhhfc,2026-07-30,26.52,48,34.4235,126.4216
fhhfc,2026-07-31,26.2,48,34.4235,126.4216
fhhfc,2026-08-01,26.06,48,34.4235,126.4216
fhhfc,2026-08-02,26.09,48,34.4235,126.4216
fhhfc,2026-08-03,25.99,48,34.4235,126.4216
fhhfc,2026-08-04,25.93,48,34.4235,126.4216
fhhfc,2026-08-05,26.02,48,34.4235,126.4216
fhhfc,2026-08-06,26.36,48,34.4235,126.4216
fhhfc,2026-08-07,25.77,48,34.4235,126.4216
fhhfc,2026-08-08,25.1,48,34.4235,126.4216
fhhfc,2026-08-09,24.29,48,34.4235,126.4216
fhhfc,2026-08-10,24.34,48,34.4235,126.4216
fhhfc,2026-08-11,24.57,48,34.4235,126.4216
fhhfc,2026-08-12,24.9,48,34.4235,126.4216
fhhfc,2026-08-13,25.32,48,34.4235,126.4216
fhhfc,2026-08-14,25.51,48,34.4235,126.4216
fhhfc,2026-08-15,25.56,48,34.4235,126.4216
fhhfc,2026-08-16,25.58,48,34.4235,126.4216
fhhfc,2026-08-17,26.02,48,34.4235,126.4216
fhhfc,2026-08-18,26.32,48,34.4235,126.4216
fhhfc,2026-08-19,26.68,48,34.4235,126.4216
fhhfc,2026-08-20,27.04,48,34.4235,126.4216
fhhfc,2026-08-21,27.18,48,34.4235,126.4216
fhhfc,2026-08-22,27.16,48,34.4235,126.4216
fhhfc,2026-08-23,27.43,48,34.4235,126.4216
fhhfc,2026-08-24,28.23,48,34.4235,126.4216
fhhfc,2026-08-25,28.56,48,34.4235,126.4216
fhhfc,2026-08-26,28.76,48,34.4235,126.4216
fhhfc,2026-08-27,28.96,48,34.4235,126.4216
fhhfc,2026-08-28,28.79,48,34.4235,126.4216
fhhfc,2026-08-29,28.7,48,34.4235,126.4216
fhhfc,2026-08-30,28.64,48,34.4235,126.4216
fhhfc,2026-08-31,28.35,48,34.4235,126.4216
fhhfc,2026-09-01,28.32,48,34.4235,126.4216
fhhfc,2026-09-02,28.13,48,34.4235,126.4216
fhhfc,2026-09-03,27.86,48,34.4235,126.4216
fhhfc,2026-09-04,27.24,48,34.4235,126.4216
fhhfc,2026-09-05,26.9,48,34.4235,126.4216
fhhfc,2026-09-06,26.69,48,34.4235,126.4216
fhhfc,2026-09-07,26.41,48,34.4235,126.4216
fhhfc,2026-09-08,26.18,48,34.4235,126.4216
fhhfc,2026-09-09,26.06,48,34.4235,126.4216
fhhfc,2026-09-10,26.04,48,34.4235,126.4216
fhhfc,2026-09-11,26.0,48,34.4235,126.4216
fhhfc,2026-09-12,25.85,48,34.4235,126.4216
fhhfc,2026-09-13,25.82,48,34.4235,126.4216
fhhfc,2026-09-14,25.55,48,34.4235,126.4216
fhhfc,2026-09-15,25.25,48,34.4235,126.4216
fhhfc,2026-09-16,25.13,48,34.4235,126.4216
fhhfc,2026-09-17,25.02,48,34.4235,126.4216
fhhfc,2026-09-18,25.04,48,34.4235,126.4216
fhhfc,2026-09-19,25.11,48,34.4235,126.4216
fhhfc,2026-09-20,25.16,48,34.4235,126.4216
fhhfc,2026-09-21,25.16,48,34.4235,126.4216
fhhfc,2026-09-22,25.12,48,34.4235,126.4216
fhhfc,2026-09-23,25.22,48,34.4235,126.4216
fhhfc,2026-09-24,25.26,48,34.4235,126.4216
fhhk5,2026-05-01,15.8,23,34.4042,126.4805
fhhk5,2026-05-02,16.02,23,34.4042,126.4805
fhhk5,2026-05-03,15.43,23,34.4042,126.4805
fhhk5,2026-05-04,15.39,23,34.4042,126.4805
fhhk5,2026-05-05,16.25,23,34.4042,126.4805
fhhk5,2026-05-06,16.83,23,34.4042,126.4805
fhhk5,2026-05-07,17.46,23,34.4042,126.4805
fhhk5,2026-05-08,16.51,23,34.4042,126.4805
fhhk5,2026-05-09,17.1,23,34.4042,126.4805
fhhk5,2026-05-10,17.23,23,34.4042,126.4805
fhhk5,2026-05-11,17.83,23,34.4042,126.4805
fhhk5,2026-05-12,17.47,23,34.4042,126.4805
fhhk5,2026-05-13,17.87,23,34.4042,126.4805
fhhk5,2026-05-14,18.77,23,34.4042,126.4805
fhhk5,2026-05-15,19.22,23,34.4042,126.4805
fhhk5,2026-05-16,19.39,23,34.4042,126.4805
fhhk5,2026-05-17,19.82,23,34.4042,126.4805
fhhk5,2026-05-18,20.13,23,34.4042,126.4805
fhhk5,2026-05-19,19.7,23,34.4042,126.4805
fhhk5,2026-05-20,18.62,23,34.4042,126.4805
fhhk5,2026-05-21,18.38,23,34.4042,126.4805
fhhk5,2026-05-22,18.52,23,34.4042,126.4805
fhhk5,2026-05-23,18.84,23,34.4042,126.4805
fhhk5,2026-05-24,19.17,23,34.4042,126.4805
fhhk5,2026-05-25,19.46,23,34.4042,126.4805
fhhk5,2026-05-26,19.35,23,34.4042,126.4805
fhhk5,2026-05-27,19.69,23,34.4042,126.4805
fhhk5,2026-05-28,19.77,23,34.4042,126.4805
fhhk5,2026-05-29,20.45,23,34.4042,126.4805
fhhk5,2026-05-30,20.4,23,34.4042,126.4805
fhhk5,2026-05-31,20.58,23,34.4042,126.4805
fhhk5,2026-06-01,20.49,23,34.4042,126.4805
fhhk5,2026-06-02,19.7,23,34.4042,126.4805
fhhk5,2026-06-03,20.51,23,34.4042,126.4805
fhhk5,2026-06-04,19.87,23,34.4042,126.4805
fhhk5,2026-06-05,20.23,23,34.4042,126.4805
fhhk5,2026-06-06,20.11,23,34.4042,126.4805
fhhk5,2026-06-07,19.85,23,34.4042,126.4805
fhhk5,2026-06-08,20.17,23,34.4042,126.4805
fhhk5,2026-06-09,20.16,23,34.4042,126.4805
fhhk5,2026-06-10,20.57,23,34.4042,126.4805
fhhk5,2026-06-11,21.03,23,34.4042,126.4805
fhhk5,2026-06-12,20.95,23,34.4042,126.4805
fhhk5,2026-06-13,20.98,23,34.4042,126.4805
fhhk5,2026-06-14,21.26,23,34.4042,126.4805
fhhk5,2026-06-15,21.44,23,34.4042,126.4805
fhhk5,2026-06-16,21.24,23,34.4042,126.4805
fhhk5,2026-06-17,21.22,23,34.4042,126.4805
fhhk5,2026-06-18,21.72,23,34.4042,126.4805
fhhk5,2026-06-19,21.55,23,34.4042,126.4805
fhhk5,2026-06-20,21.37,23,34.4042,126.4805
fhhk5,2026-06-21,22.12,23,34.4042,126.4805
fhhk5,2026-06-22,21.03,23,34.4042,126.4805
fhhk5,2026-06-23,20.35,23,34.4042,126.4805
fhhk5,2026-06-24,20.57,23,34.4042,126.4805
fhhk5,2026-06-25,21.26,23,34.4042,126.4805
fhhk5,2026-06-26,21.97,23,34.4042,126.4805
fhhk5,2026-06-27,22.09,23,34.4042,126.4805
fhhk5,2026-06-28,22.44,23,34.4042,126.4805
fhhk5,2026-06-29,22.95,23,34.4042,126.4805
fhhk5,2026-06-30,23.03,23,34.4042,126.4805
fhhk5,2026-07-01,21.98,23,34.4042,126.4805
fhhk5,2026-07-02,22.77,23,34.4042,126.4805
fhhk5,2026-07-03,22.83,23,34.4042,126.4805
fhhk5,2026-07-04,22.67,23,34.4042,126.4805
fhhk5,2026-07-05,22.61,23,34.4042,126.4805
fhhk5,2026-07-06,22.85,23,34.4042,126.4805
fhhk5,2026-07-07,23.34,23,34.4042,126.4805
fhhk5,2026-07-08,22.55,23,34.4042,126.4805
fhhk5,2026-07-09,23.56,23,34.4042,126.4805
fhhk5,2026-07-10,23.29,23,34.4042,126.4805
fhhk5,2026-07-11,23.42,23,34.4042,126.4805
fhhk5,2026-07-12,23.56,23,34.4042,126.4805
fhhk5,2026-07-13,24.43,23,34.4042,126.4805
fhhk5,2026-07-14,24.21,23,34.4042,126.4805
fhhk5,2026-07-15,24.99,23,34.4042,126.4805
fhhk5,2026-07-16,24.47,23,34.4042,126.4805
fhhk5,2026-07-17,24.44,23,34.4042,126.4805
fhhk5,2026-07-18,24.51,23,34.4042,126.4805
fhhk5,2026-07-19,25.1,23,34.4042,126.4805
fhhk5,2026-07-20,24.88,23,34.4042,126.4805
fhhk5,2026-07-21,25.46,23,34.4042,126.4805
fhhk5,2026-07-22,26.35,23,34.4042,126.4805
fhhk5,2026-07-23,27.18,23,34.4042,126.4805
fhhk5,2026-07-24,27.39,23,34.4042,126.4805
fhhk5,2026-07-25,28.26,23,34.4042,126.4805
fhhk5,2026-07-26,28.77,22,34.4042,126.4805
fhhk5,2026-07-27,28.37,23,34.4042,126.4805
fhhk5,2026-07-28,28.25,22,34.4042,126.4805
fhhk5,2026-07-29,27.92,23,34.4042,126.4805
fhhk5,2026-07-30,27.66,23,34.4042,126.4805
fhhk5,2026-07-31,27.17,23,34.4042,126.4805
fhhk5,2026-08-01,27.22,23,34.4042,126.4805
fhhk5,2026-08-02,27.18,23,34.4042,126.4805
fhhk5,2026-08-03,27.29,23,34.4042,126.4805
fhhk5,2026-08-04,27.0,23,34.4042,126.4805
fhhk5,2026-08-05,26.9,23,34.4042,126.4805
fhhk5,2026-08-06,26.54,23,34.4042,126.4805
fhhk5,2026-08-07,25.77,23,34.4042,126.4805
fhhk5,2026-08-08,23.97,23,34.4042,126.4805
fhhk5,2026-08-09,23.61,22,34.4042,126.4805
fhhk5,2026-08-10,23.74,23,34.4042,126.4805
fhhk5,2026-08-11,23.78,22,34.4042,126.4805
fhhk5,2026-08-12,24.39,24,34.4042,126.4805
fhhk5,2026-08-13,25.39,24,34.4042,126.4805
fhhk5,2026-08-14,26.11,24,34.4042,126.4805
fhhk5,2026-08-15,26.17,24,34.4042,126.4805
fhhk5,2026-08-16,26.05,24,34.4042,126.4805
fhhk5,2026-08-17,26.5,24,34.4042,126.4805
fhhk5,2026-08-18,27.01,24,34.4042,126.4805
fhhk5,2026-08-19,27.69,24,34.4042,126.4805
fhhk5,2026-08-20,27.86,24,34.4042,126.4805
fhhk5,2026-08-21,27.55,24,34.4042,126.4805
fhhk5,2026-08-22,27.52,24,34.4042,126.4805
fhhk5,2026-08-23,27.88,24,34.4042,126.4805
fhhk5,2026-08-24,28.7,24,34.4042,126.4805
fhhk5,2026-08-25,29.55,24,34.4042,126.4805
fhhk5,2026-08-26,29.84,24,34.4042,126.4805
fhhk5,2026-08-27,29.72,24,34.4042,126.4805
fhhk5,2026-08-28,29.39,24,34.4042,126.4805
fhhk5,2026-08-29,29.49,24,34.4042,126.4805
fhhk5,2026-08-30,29.45,24,34.4042,126.4805
fhhk5,2026-08-31,28.87,24,34.4042,126.4805
fhhk5,2026-09-01,28.75,24,34.4042,126.4805
fhhk5,2026-09-02,28.47,24,34.4042,126.4805
fhhk5,2026-09-03,28.25,24,34.4042,126.4805
fhhk5,2026-09-04,27.21,24,34.4042,126.4805
fhhk5,2026-09-05,26.3,24,34.4042,126.4805
fhhk5,2026-09-06,25.91,24,34.4042,126.4805
fhhk5,2026-09-07,25.9,24,34.4042,126.4805
fhhk5,2026-09-08,26.02,24,34.4042,126.4805
fhhk5,2026-09-09,26.08,24,34.4042,126.4805
fhhk5,2026-09-10,25.92,24,34.4042,126.4805
fhhk5,2026-09-11,26.05,24,34.4042,126.4805
fhhk5,2026-09-12,26.15,24,34.4042,126.4805
fhhk5,2026-09-13,26.28,24,34.4042,126.4805
fhhk5,2026-09-14,26.12,24,34.4042,126.4805
fhhk5,2026-09-15,25.52,24,34.4042,126.4805
fhhk5,2026-09-16,25.41,24,34.4042,126.4805
fhhk5,2026-09-17,25.37,24,34.4042,126.4805
fhhk5,2026-09-18,25.44,24,34.4042,126.4805
fhhk5,2026-09-19,25.6,24,34.4042,126.4805
fhhk5,2026-09-20,25.82,24,34.4042,126.4805
fhhk5,2026-09-21,25.85,24,34.4042,126.4805
fhhk5,2026-09-22,25.8,24,34.4042,126.4805
fhhk5,2026-09-23,25.72,24,34.4042,126.4805
fhhk5,2026-09-24,25.82,24,34.4042,126.4805
fhhl6,2026-05-01,13.91,24,34.5415,126.3752
fhhl6,2026-05-02,13.89,24,34.5415,126.3752
fhhl6,2026-05-03,13.92,24,34.5415,126.3752
fhhl6,2026-05-04,13.84,24,34.5415,126.3752
fhhl6,2026-05-05,14.15,24,34.5415,126.3752
fhhl6,2026-05-06,14.55,24,34.5415,126.3752
fhhl6,2026-05-07,14.82,24,34.5415,126.3752
fhhl6,2026-05-08,14.73,24,34.5415,126.3752
fhhl6,2026-05-09,14.94,24,34.5415,126.3752
fhhl6,2026-05-10,15.5,24,34.5415,126.3752
fhhl6,2026-05-11,16.25,24,34.5415,126.3752
fhhl6,2026-05-12,16.3,24,34.5415,126.3752
fhhl6,2026-05-13,16.25,24,34.5415,126.3752
fhhl6,2026-05-14,16.38,24,34.5415,126.3752
fhhl6,2026-05-15,16.66,24,34.5415,126.3752
fhhl6,2026-05-16,16.77,24,34.5415,126.3752
fhhl6,2026-05-17,16.73,24,34.5415,126.3752
fhhl6,2026-05-18,17.0,24,34.5415,126.3752
fhhl6,2026-05-19,17.36,24,34.5415,126.3752
fhhl6,2026-05-20,17.4,23,34.5415,126.3752
fhhl6,2026-05-21,17.25,24,34.5415,126.3752
fhhl6,2026-05-22,17.42,24,34.5415,126.3752
fhhl6,2026-05-23,17.72,24,34.5415,126.3752
fhhl6,2026-05-24,17.88,24,34.5415,126.3752
fhhl6,2026-05-25,18.25,24,34.5415,126.3752
fhhl6,2026-05-26,18.4,24,34.5415,126.3752
fhhl6,2026-05-27,18.36,24,34.5415,126.3752
fhhl6,2026-05-28,18.15,24,34.5415,126.3752
fhhl6,2026-05-29,18.12,24,34.5415,126.3752
fhhl6,2026-05-30,18.25,24,34.5415,126.3752
fhhl6,2026-05-31,18.38,24,34.5415,126.3752
fhhl6,2026-06-01,18.67,24,34.5415,126.3752
fhhl6,2026-06-02,18.85,24,34.5415,126.3752
fhhl6,2026-06-03,18.88,24,34.5415,126.3752
fhhl6,2026-06-04,19.05,24,34.5415,126.3752
fhhl6,2026-06-05,18.97,24,34.5415,126.3752
fhhl6,2026-06-06,19.4,24,34.5415,126.3752
fhhl6,2026-06-07,19.57,24,34.5415,126.3752
fhhl6,2026-06-08,19.41,24,34.5415,126.3752
fhhl6,2026-06-09,19.5,24,34.5415,126.3752
fhhl6,2026-06-10,19.58,24,34.5415,126.3752
fhhl6,2026-06-11,19.71,24,34.5415,126.3752
fhhl6,2026-06-12,19.82,24,34.5415,126.3752
fhhl6,2026-06-13,20.25,24,34.5415,126.3752
fhhl6,2026-06-14,20.24,24,34.5415,126.3752
fhhl6,2026-06-15,20.45,24,34.5415,126.3752
fhhl6,2026-06-16,20.45,24,34.5415,126.3752
fhhl6,2026-06-17,20.38,24,34.5415,126.3752
fhhl6,2026-06-18,20.56,24,34.5415,126.3752
fhhl6,2026-06-19,20.4,24,34.5415,126.3752
fhhl6,2026-06-20,21.12,24,34.5415,126.3752
fhhl6,2026-06-21,20.73,24,34.5415,126.3752
fhhl6,2026-06-22,20.89,24,34.5415,126.3752
fhhl6,2026-06-23,20.52,24,34.5415,126.3752
fhhl6,2026-06-24,20.48,24,34.5415,126.3752
fhhl6,2026-06-25,20.68,24,34.5415,126.3752
fhhl6,2026-06-26,20.87,24,34.5415,126.3752
fhhl6,2026-06-27,21.0,24,34.5415,126.3752
fhhl6,2026-06-28,21.38,24,34.5415,126.3752
fhhl6,2026-06-29,21.4,24,34.5415,126.3752
fhhl6,2026-06-30,21.61,24,34.5415,126.3752
fhhl6,2026-07-01,21.43,24,34.5415,126.3752
fhhl6,2026-07-02,21.68,24,34.5415,126.3752
fhhl6,2026-07-03,21.72,24,34.5415,126.3752
fhhl6,2026-07-04,21.63,24,34.5415,126.3752
fhhl6,2026-07-05,21.94,24,34.5415,126.3752
fhhl6,2026-07-06,22.32,24,34.5415,126.3752
fhhl6,2026-07-07,22.63,24,34.5415,126.3752
fhhl6,2026-07-08,22.88,24,34.5415,126.3752
fhhl6,2026-07-09,22.97,24,34.5415,126.3752
fhhl6,2026-07-10,23.18,24,34.5415,126.3752
fhhl6,2026-07-11,23.52,23,34.5415,126.3752
fhhl6,2026-07-12,24.31,23,34.5415,126.3752
fhhl6,2026-07-13,24.21,23,34.5415,126.3752
fhhl6,2026-07-14,24.42,23,34.5415,126.3752
fhhl6,2026-07-15,24.04,24,34.5415,126.3752
fhhl6,2026-07-16,23.32,24,34.5415,126.3752
fhhl6,2026-07-17,23.23,24,34.5415,126.3752
fhhl6,2026-07-18,23.42,24,34.5415,126.3752
fhhl6,2026-07-19,23.36,24,34.5415,126.3752
fhhl6,2026-07-20,23.81,24,34.5415,126.3752
fhhl6,2026-07-21,24.62,24,34.5415,126.3752
fhhl6,2026-07-22,25.67,23,34.5415,126.3752
fhhl6,2026-07-23,26.33,24,34.5415,126.3752
fhhl6,2026-07-24,25.84,23,34.5415,126.3752
fhhl6,2026-07-25,26.41,24,34.5415,126.3752
fhhl6,2026-07-26,26.25,23,34.5415,126.3752
fhhl6,2026-07-27,25.92,24,34.5415,126.3752
fhhl6,2026-07-28,25.76,24,34.5415,126.3752
fhhl6,2026-07-29,25.57,24,34.5415,126.3752
fhhl6,2026-07-30,25.51,24,34.5415,126.3752
fhhl6,2026-07-31,25.49,24,34.5415,126.3752
fhhl6,2026-08-01,25.58,24,34.5415,126.3752
fhhl6,2026-08-02,25.62,24,34.5415,126.3752
fhhl6,2026-08-03,25.76,24,34.5415,126.3752
fhhl6,2026-08-04,26.06,24,34.5415,126.3752
fhhl6,2026-08-05,26.15,24,34.5415,126.3752
fhhl6,2026-08-06,26.34,24,34.5415,126.3752
fhhl6,2026-08-07,26.37,24,34.5415,126.3752
fhhl6,2026-08-08,26.13,24,34.5415,126.3752
fhhl6,2026-08-09,25.92,23,34.5415,126.3752
fhhl6,2026-08-10,25.83,24,34.5415,126.3752
fhhl6,2026-08-11,25.47,24,34.5415,126.3752
fhhl6,2026-08-12,25.24,24,34.5415,126.3752
fhhl6,2026-08-13,25.16,24,34.5415,126.3752
fhhl6,2026-08-14,25.11,24,34.5415,126.3752
fhhl6,2026-08-15,24.86,24,34.5415,126.3752
fhhl6,2026-08-16,24.95,24,34.5415,126.3752
fhhl6,2026-08-17,25.08,24,34.5415,126.3752
fhhl6,2026-08-18,25.58,24,34.5415,126.3752
fhhl6,2026-08-19,26.07,24,34.5415,126.3752
fhhl6,2026-08-20,26.52,24,34.5415,126.3752
fhhl6,2026-08-21,26.98,24,34.5415,126.3752
fhhl6,2026-08-22,27.45,24,34.5415,126.3752
fhhl6,2026-08-23,27.77,24,34.5415,126.3752
fhhl6,2026-08-24,27.72,24,34.5415,126.3752
fhhl6,2026-08-25,27.84,24,34.5415,126.3752
fhhl6,2026-08-26,27.8,24,34.5415,126.3752
fhhl6,2026-08-27,27.82,24,34.5415,126.3752
fhhl6,2026-08-28,27.73,24,34.5415,126.3752
fhhl6,2026-08-29,27.61,24,34.5415,126.3752
fhhl6,2026-08-30,27.67,24,34.5415,126.3752
fhhl6,2026-08-31,27.73,23,34.5415,126.3752
fhhl6,2026-09-01,27.58,24,34.5415,126.3752
fhhl6,2026-09-02,27.46,24,34.5415,126.3752
fhhl6,2026-09-03,27.14,24,34.5415,126.3752
fhhl6,2026-09-04,27.17,24,34.5415,126.3752
fhhl6,2026-09-05,27.02,24,34.5415,126.3752
fhhl6,2026-09-06,26.75,24,34.5415,126.3752
fhhl6,2026-09-07,26.51,24,34.5415,126.3752
fhhl6,2026-09-08,26.31,24,34.5415,126.3752
fhhl6,2026-09-09,26.02,24,34.5415,126.3752
fhhl6,2026-09-10,25.73,24,34.5415,126.3752
fhhl6,2026-09-11,25.5,24,34.5415,126.3752
fhhl6,2026-09-12,25.36,24,34.5415,126.3752
fhhl6,2026-09-13,25.05,24,34.5415,126.3752
fhhl6,2026-09-14,24.84,24,34.5415,126.3752
fhhl6,2026-09-15,24.56,24,34.5415,126.3752
fhhl6,2026-09-16,24.62,24,34.5415,126.3752
fhhl6,2026-09-17,24.57,24,34.5415,126.3752
fhhl6,2026-09-18,24.66,24,34.5415,126.3752
fhhl6,2026-09-19,24.86,24,34.5415,126.3752
fhhl6,2026-09-20,25.02,24,34.5415,126.3752
fhhl6,2026-09-21,24.98,24,34.5415,126.3752
fhhl6,2026-09-22,25.04,24,34.5415,126.3752
fhhl6,2026-09-23,25.02,24,34.5415,126.3752
fhhl6,2026-09-24,25.01,24,34.5415,126.3752
fhno4,2026-05-01,14.75,24,34.3173,126.6107
fhno4,2026-05-02,14.74,24,34.3173,126.6107
fhno4,2026-05-03,14.63,24,34.3173,126.6107
fhno4,2026-05-04,14.65,24,34.3173,126.6107
fhno4,2026-05-05,14.75,24,34.3173,126.6107
fhno4,2026-05-06,15.08,24,34.3173,126.6107
fhno4,2026-05-07,15.29,24,34.3173,126.6107
fhno4,2026-05-08,15.09,24,34.3173,126.6107
fhno4,2026-05-09,15.28,24,34.3173,126.6107
fhno4,2026-05-10,15.57,24,34.3173,126.6107
fhno4,2026-05-11,16.14,24,34.3173,126.6107
fhno4,2026-05-12,16.0,24,34.3173,126.6107
fhno4,2026-05-13,15.39,23,34.3173,126.6107
fhno4,2026-05-14,15.71,23,34.3173,126.6107
fhno4,2026-05-15,15.97,23,34.3173,126.6107
fhno4,2026-05-16,15.8,23,34.3173,126.6107
fhno4,2026-05-17,15.77,24,34.3173,126.6107
fhno4,2026-05-18,15.7,22,34.3173,126.6107
fhno4,2026-05-19,16.27,23,34.3173,126.6107
fhno4,2026-05-20,16.43,24,34.3173,126.6107
fhno4,2026-05-21,16.28,24,34.3173,126.6107
fhno4,2026-05-22,17.07,24,34.3173,126.6107
fhno4,2026-05-23,17.34,24,34.3173,126.6107
fhno4,2026-05-24,17.47,24,34.3173,126.6107
fhno4,2026-05-25,18.86,24,34.3173,126.6107
fhno4,2026-05-26,19.4,22,34.3173,126.6107
fhno4,2026-05-27,18.61,23,34.3173,126.6107
fhno4,2026-05-28,17.41,24,34.3173,126.6107
fhno4,2026-05-29,17.32,24,34.3173,126.6107
fhno4,2026-05-30,17.24,24,34.3173,126.6107
fhno4,2026-05-31,17.48,24,34.3173,126.6107
fhno4,2026-06-01,17.97,24,34.3173,126.6107
fhno4,2026-06-02,19.05,23,34.3173,126.6107
fhno4,2026-06-03,18.25,24,34.3173,126.6107
fhno4,2026-06-04,18.92,24,34.3173,126.6107
fhno4,2026-06-05,18.76,23,34.3173,126.6107
fhno4,2026-06-06,18.77,24,34.3173,126.6107
fhno4,2026-06-07,19.28,24,34.3173,126.6107
fhno4,2026-06-08,18.95,24,34.3173,126.6107
fhno4,2026-06-09,18.56,24,34.3173,126.6107
fhno4,2026-06-10,18.58,24,34.3173,126.6107
fhno4,2026-06-11,18.75,24,34.3173,126.6107
fhno4,2026-06-12,19.09,24,34.3173,126.6107
fhno4,2026-06-13,19.44,24,34.3173,126.6107
fhno4,2026-06-14,19.82,24,34.3173,126.6107
fhno4,2026-06-15,20.14,23,34.3173,126.6107
fhno4,2026-06-16,20.04,24,34.3173,126.6107
fhno4,2026-06-17,20.1,22,34.3173,126.6107
fhno4,2026-06-18,19.74,24,34.3173,126.6107
fhno4,2026-06-19,19.78,24,34.3173,126.6107
fhno4,2026-06-20,19.4,24,34.3173,126.6107
fhno4,2026-06-21,19.67,24,34.3173,126.6107
fhno4,2026-06-22,19.92,24,34.3173,126.6107
fhno4,2026-06-23,20.53,24,34.3173,126.6107
fhno4,2026-06-24,21.04,24,34.3173,126.6107
fhno4,2026-06-25,20.58,24,34.3173,126.6107
fhno4,2026-06-26,20.68,23,34.3173,126.6107
fhno4,2026-06-27,20.35,24,34.3173,126.6107
fhno4,2026-06-28,20.72,23,34.3173,126.6107
fhno4,2026-06-29,21.05,24,34.3173,126.6107
fhno4,2026-06-30,21.35,24,34.3173,126.6107
fhno4,2026-07-01,21.7,24,34.3173,126.6107
fhno4,2026-07-02,21.39,24,34.3173,126.6107
fhno4,2026-07-03,21.49,24,34.3173,126.6107
fhno4,2026-07-04,21.51,24,34.3173,126.6107
fhno4,2026-07-05,21.11,24,34.3173,126.6107
fhno4,2026-07-06,21.34,24,34.3173,126.6107
fhno4,2026-07-07,22.03,24,34.3173,126.6107
fhno4,2026-07-08,22.5,24,34.3173,126.6107
fhno4,2026-07-09,22.65,24,34.3173,126.6107
fhno4,2026-07-10,23.48,24,34.3173,126.6107
fhno4,2026-07-11,24.28,22,34.3173,126.6107
fhno4,2026-07-12,24.66,22,34.3173,126.6107
fhno4,2026-07-13,24.37,22,34.3173,126.6107
fhno4,2026-07-14,23.5,20,34.3173,126.6107
fhno4,2026-07-15,22.23,24,34.3173,126.6107
fhno4,2026-07-16,22.53,24,34.3173,126.6107
fhno4,2026-07-17,22.25,24,34.3173,126.6107
fhno4,2026-07-18,22.32,24,34.3173,126.6107
fhno4,2026-07-19,22.27,24,34.3173,126.6107
fhno4,2026-07-20,22.43,23,34.3173,126.6107
fhno4,2026-07-21,22.6,24,34.3173,126.6107
fhno4,2026-07-22,23.5,24,34.3173,126.6107
fhno4,2026-07-23,22.98,22,34.3173,126.6107
fhno4,2026-07-24,23.22,23,34.3173,126.6107
fhno4,2026-07-25,23.46,24,34.3173,126.6107
fhno4,2026-07-26,23.36,21,34.3173,126.6107
fhno4,2026-07-27,23.71,21,34.3173,126.6107
fhno4,2026-07-28,23.09,19,34.3173,126.6107
fhno4,2026-07-29,23.13,23,34.3173,126.6107
fhno4,2026-07-30,22.26,23,34.3173,126.6107
fhno4,2026-07-31,22.58,24,34.3173,126.6107
fhno4,2026-08-01,22.33,21,34.3173,126.6107
fhno4,2026-08-02,22.36,20,34.3173,126.6107
fhno4,2026-08-03,22.27,21,34.3173,126.6107
fhno4,2026-08-04,22.28,24,34.3173,126.6107
fhno4,2026-08-05,22.16,20,34.3173,126.6107
fhno4,2026-08-06,22.32,23,34.3173,126.6107
fhno4,2026-08-07,23.76,17,34.3173,126.6107
fhno4,2026-08-08,24.49,21,34.3173,126.6107
fhno4,2026-08-09,24.89,21,34.3173,126.6107
fhno4,2026-08-10,24.53,22,34.3173,126.6107
fhno4,2026-08-11,24.2,23,34.3173,126.6107
fhno4,2026-08-12,24.72,23,34.3173,126.6107
fhno4,2026-08-13,24.85,24,34.3173,126.6107
fhno4,2026-08-14,25.22,24,34.3173,126.6107
fhno4,2026-08-15,25.26,24,34.3173,126.6107
fhno4,2026-08-16,25.43,24,34.3173,126.6107
fhno4,2026-08-17,25.74,24,34.3173,126.6107
fhno4,2026-08-18,26.02,24,34.3173,126.6107
fhno4,2026-08-19,26.39,24,34.3173,126.6107
fhno4,2026-08-20,26.62,24,34.3173,126.6107
fhno4,2026-08-21,26.96,24,34.3173,126.6107
fhno4,2026-08-22,27.33,24,34.3173,126.6107
fhno4,2026-08-23,27.68,24,34.3173,126.6107
fhno4,2026-08-24,27.62,24,34.3173,126.6107
fhno4,2026-08-25,27.57,23,34.3173,126.6107
fhno4,2026-08-26,27.55,24,34.3173,126.6107
fhno4,2026-08-27,27.54,24,34.3173,126.6107
fhno4,2026-08-28,27.43,22,34.3173,126.6107
fhno4,2026-08-29,26.94,23,34.3173,126.6107
fhno4,2026-08-30,26.73,23,34.3173,126.6107
fhno4,2026-08-31,26.47,22,34.3173,126.6107
fhno4,2026-09-01,26.32,22,34.3173,126.6107
fhno4,2026-09-02,25.78,24,34.3173,126.6107
fhno4,2026-09-03,25.4,24,34.3173,126.6107
fhno4,2026-09-04,25.35,23,34.3173,126.6107
fhno4,2026-09-05,25.02,24,34.3173,126.6107
fhno4,2026-09-06,24.9,24,34.3173,126.6107
fhno4,2026-09-07,25.0,24,34.3173,126.6107
fhno4,2026-09-08,24.88,24,34.3173,126.6107
fhno4,2026-09-09,24.93,24,34.3173,126.6107
fhno4,2026-09-10,24.87,24,34.3173,126.6107
fhno4,2026-09-11,24.91,24,34.3173,126.6107
fhno4,2026-09-12,25.1,24,34.3173,126.6107
fhno4,2026-09-13,25.35,24,34.3173,126.6107
fhno4,2026-09-14,25.21,24,34.3173,126.6107
fhno4,2026-09-15,25.06,24,34.3173,126.6107
fhno4,2026-09-16,25.14,24,34.3173,126.6107
fhno4,2026-09-17,25.12,24,34.3173,126.6107
fhno4,2026-09-18,25.17,24,34.3173,126.6107
fhno4,2026-09-19,25.24,24,34.3173,126.6107
fhno4,2026-09-20,25.39,24,34.3173,126.6107
fhno4,2026-09-21,25.22,24,34.3173,126.6107
fhno4,2026-09-22,25.18,24,34.3173,126.6107
fhno4,2026-09-23,25.13,24,34.3173,126.6107
fhno4,2026-09-24,25.18,24,34.3173,126.6107
fhom6,2026-05-01,13.6,24,34.5614,126.3548
fhom6,2026-05-02,13.6,24,34.5614,126.3548
fhom6,2026-05-03,13.52,24,34.5614,126.3548
fhom6,2026-05-04,13.54,24,34.5614,126.3548
fhom6,2026-05-05,13.72,21,34.5614,126.3548
fhom6,2026-05-06,14.07,24,34.5614,126.3548
fhom6,2026-05-07,14.45,24,34.5614,126.3548
fhom6,2026-05-08,14.47,24,34.5614,126.3548
fhom6,2026-05-09,14.42,24,34.5614,126.3548
fhom6,2026-05-10,14.82,24,34.5614,126.3548
fhom6,2026-05-11,15.54,24,34.5614,126.3548
fhom6,2026-05-12,15.68,24,34.5614,126.3548
fhom6,2026-05-13,15.7,24,34.5614,126.3548
fhom6,2026-05-14,15.94,24,34.5614,126.3548
fhom6,2026-05-15,16.12,24,34.5614,126.3548
fhom6,2026-05-16,16.23,24,34.5614,126.3548
fhom6,2026-05-17,16.28,24,34.5614,126.3548
fhom6,2026-05-18,16.36,24,34.5614,126.3548
fhom6,2026-05-19,16.63,24,34.5614,126.3548
fhom6,2026-05-20,16.64,24,34.5614,126.3548
fhom6,2026-05-21,16.57,24,34.5614,126.3548
fhom6,2026-05-22,16.66,24,34.5614,126.3548
fhom6,2026-05-23,16.9,24,34.5614,126.3548
fhom6,2026-05-24,17.2,24,34.5614,126.3548
fhom6,2026-05-25,17.87,24,34.5614,126.3548
fhom6,2026-05-26,18.03,24,34.5614,126.3548
fhom6,2026-05-27,18.05,24,34.5614,126.3548
fhom6,2026-05-28,17.5,24,34.5614,126.3548
fhom6,2026-05-29,17.53,24,34.5614,126.3548
fhom6,2026-05-30,17.51,24,34.5614,126.3548
fhom6,2026-05-31,17.65,24,34.5614,126.3548
fhom6,2026-06-01,17.95,24,34.5614,126.3548
fhom6,2026-06-02,18.28,24,34.5614,126.3548
fhom6,2026-06-03,18.43,24,34.5614,126.3548
fhom6,2026-06-04,18.72,24,34.5614,126.3548
fhom6,2026-06-05,18.59,24,34.5614,126.3548
fhom6,2026-06-06,18.75,24,34.5614,126.3548
fhom6,2026-06-07,19.03,24,34.5614,126.3548
fhom6,2026-06-08,18.87,24,34.5614,126.3548
fhom6,2026-06-09,19.03,24,34.5614,126.3548
fhom6,2026-06-10,19.1,24,34.5614,126.3548
fhom6,2026-06-11,19.35,24,34.5614,126.3548
fhom6,2026-06-12,19.33,24,34.5614,126.3548
fhom6,2026-06-13,19.61,24,34.5614,126.3548
fhom6,2026-06-14,19.84,24,34.5614,126.3548
fhom6,2026-06-15,19.87,24,34.5614,126.3548
fhom6,2026-06-16,19.88,24,34.5614,126.3548
fhom6,2026-06-17,19.9,24,34.5614,126.3548
fhom6,2026-06-18,20.04,24,34.5614,126.3548
fhom6,2026-06-19,19.86,24,34.5614,126.3548
fhom6,2026-06-20,20.28,24,34.5614,126.3548
fhom6,2026-06-21,20.16,24,34.5614,126.3548
fhom6,2026-06-22,20.07,24,34.5614,126.3548
fhom6,2026-06-23,20.01,24,34.5614,126.3548
fhom6,2026-06-24,20.09,24,34.5614,126.3548
fhom6,2026-06-25,20.21,24,34.5614,126.3548
fhom6,2026-06-26,20.35,24,34.5614,126.3548
fhom6,2026-06-27,20.47,24,34.5614,126.3548
fhom6,2026-06-28,20.67,24,34.5614,126.3548
fhom6,2026-06-29,20.81,24,34.5614,126.3548
fhom6,2026-06-30,20.92,24,34.5614,126.3548
fhom6,2026-07-01,20.8,24,34.5614,126.3548
fhom6,2026-07-02,21.0,24,34.5614,126.3548
fhom6,2026-07-03,20.89,24,34.5614,126.3548
fhom6,2026-07-04,21.0,24,34.5614,126.3548
fhom6,2026-07-05,21.22,24,34.5614,126.3548
fhom6,2026-07-06,21.62,24,34.5614,126.3548
fhom6,2026-07-07,22.13,24,34.5614,126.3548
fhom6,2026-07-08,22.28,24,34.5614,126.3548
fhom6,2026-07-09,22.43,24,34.5614,126.3548
fhom6,2026-07-10,22.68,24,34.5614,126.3548
fhom6,2026-07-11,22.88,24,34.5614,126.3548
fhom6,2026-07-12,23.32,24,34.5614,126.3548
fhom6,2026-07-13,23.28,24,34.5614,126.3548
fhom6,2026-07-14,23.45,24,34.5614,126.3548
fhom6,2026-07-15,23.31,24,34.5614,126.3548
fhom6,2026-07-16,22.78,24,34.5614,126.3548
fhom6,2026-07-17,22.69,24,34.5614,126.3548
fhom6,2026-07-18,22.85,24,34.5614,126.3548
fhom6,2026-07-19,22.93,24,34.5614,126.3548
fhom6,2026-07-20,23.07,24,34.5614,126.3548
fhom6,2026-07-21,23.88,24,34.5614,126.3548
fhom6,2026-07-22,24.57,24,34.5614,126.3548
fhom6,2026-07-23,24.98,24,34.5614,126.3548
fhom6,2026-07-24,25.13,24,34.5614,126.3548
fhom6,2026-07-25,25.44,24,34.5614,126.3548
fhom6,2026-08-27,27.11,24,34.5614,126.3548
fhom6,2026-08-28,26.85,24,34.5614,126.3548
fhom6,2026-08-29,26.99,16,34.5614,126.3548
fhom6,2026-09-21,24.9,13,34.5614,126.3548
fhom6,2026-09-22,24.69,24,34.5614,126.3548
fhom6,2026-09-23,24.68,24,34.5614,126.3548
fhom6,2026-09-24,24.68,24,34.5614,126.3548
fhsk5,2026-05-01,14.25,24,34.3214,126.508
fhsk5,2026-05-02,14.52,24,34.3214,126.508
fhsk5,2026-05-03,14.33,24,34.3214,126.508
fhsk5,2026-05-04,14.44,24,34.3214,126.508
fhsk5,2026-05-05,14.78,24,34.3214,126.508
fhsk5,2026-05-06,15.22,24,34.3214,126.508
fhsk5,2026-05-07,15.58,24,34.3214,126.508
fhsk5,2026-05-08,15.97,24,34.3214,126.508
fhsk5,2026-05-09,15.87,24,34.3214,126.508
fhsk5,2026-05-10,15.73,24,34.3214,126.508
fhsk5,2026-05-11,15.59,24,34.3214,126.508
fhsk5,2026-05-12,15.59,24,34.3214,126.508
fhsk5,2026-05-13,16.01,24,34.3214,126.508
fhsk5,2026-05-14,16.22,24,34.3214,126.508
fhsk5,2026-05-15,16.26,24,34.3214,126.508
fhsk5,2026-05-16,16.88,24,34.3214,126.508
fhsk5,2026-05-17,17.17,24,34.3214,126.508
fhsk5,2026-05-18,17.13,24,34.3214,126.508
fhsk5,2026-05-19,17.08,24,34.3214,126.508
fhsk5,2026-05-20,16.57,24,34.3214,126.508
fhsk5,2026-05-21,16.83,24,34.3214,126.508
fhsk5,2026-05-22,16.6,24,34.3214,126.508
fhsk5,2026-05-23,16.56,24,34.3214,126.508
fhsk5,2026-05-24,16.9,24,34.3214,126.508
fhsk5,2026-05-25,17.05,24,34.3214,126.508
fhsk5,2026-05-26,16.58,23,34.3214,126.508
fhsk5,2026-05-27,17.08,24,34.3214,126.508
fhsk5,2026-05-28,17.46,24,34.3214,126.508
fhsk5,2026-05-29,17.94,24,34.3214,126.508
fhsk5,2026-05-30,18.33,24,34.3214,126.508
fhsk5,2026-05-31,18.3,24,34.3214,126.508
fhsk5,2026-06-01,18.51,24,34.3214,126.508
fhsk5,2026-06-02,18.64,24,34.3214,126.508
fhsk5,2026-06-03,18.54,19,34.3214,126.508
fhsk5,2026-08-26,28.66,13,34.3214,126.508
fhsk5,2026-08-27,28.3,23,34.3214,126.508
fhsk5,2026-08-28,27.81,23,34.3214,126.508
fhsk5,2026-08-29,27.56,23,34.3214,126.508
fhsk5,2026-08-30,27.37,23,34.3214,126.508
fhsk5,2026-08-31,26.93,23,34.3214,126.508
fhsk5,2026-09-01,26.85,23,34.3214,126.508
fhsk5,2026-09-02,26.55,23,34.3214,126.508
fhsk5,2026-09-03,26.11,23,34.3214,126.508
fhsk5,2026-09-04,24.9,23,34.3214,126.508
fhsk5,2026-09-05,24.28,23,34.3214,126.508
fhsk5,2026-09-06,24.17,23,34.3214,126.508
fhsk5,2026-09-07,24.49,23,34.3214,126.508
fhsk5,2026-09-08,24.8,23,34.3214,126.508
fhsk5,2026-09-09,24.75,23,34.3214,126.508
fhsk5,2026-09-10,24.66,23,34.3214,126.508
fhsk5,2026-09-11,24.93,23,34.3214,126.508
fhsk5,2026-09-12,25.17,23,34.3214,126.508
fhsk5,2026-09-13,25.33,23,34.3214,126.508
fhsk5,2026-09-14,25.3,23,34.3214,126.508
fhsk5,2026-09-15,25.07,23,34.3214,126.508
fhsk5,2026-09-16,25.08,23,34.3214,126.508
fhsk5,2026-09-17,25.03,23,34.3214,126.508
fhsk5,2026-09-18,25.1,23,34.3214,126.508
fhsk5,2026-09-19,25.18,23,34.3214,126.508
fhsk5,2026-09-20,25.44,23,34.3214,126.508
fhsk5,2026-09-21,25.33,23,34.3214,126.508
fhsk5,2026-09-22,25.2,23,34.3214,126.508
fhsk5,2026-09-23,25.13,23,34.3214,126.508
fhsk5,2026-09-24,25.17,23,34.3214,126.508
fhsk7,2026-05-01,14.57,23,34.4687,126.4034
fhsk7,2026-05-02,14.69,23,34.4687,126.4034
fhsk7,2026-05-03,14.63,23,34.4687,126.4034
fhsk7,2026-05-04,14.55,23,34.4687,126.4034
fhsk7,2026-05-05,14.94,23,34.4687,126.4034
fhsk7,2026-05-06,15.5,23,34.4687,126.4034
fhsk7,2026-05-07,15.78,23,34.4687,126.4034
fhsk7,2026-05-08,15.52,24,34.4687,126.4034
fhsk7,2026-05-09,15.99,24,34.4687,126.4034
fhsk7,2026-05-10,16.34,24,34.4687,126.4034
fhsk7,2026-05-11,16.85,24,34.4687,126.4034
fhsk7,2026-05-12,16.85,24,34.4687,126.4034
fhsk7,2026-05-13,17.05,24,34.4687,126.4034
fhsk7,2026-05-14,17.34,24,34.4687,126.4034
fhsk7,2026-05-15,17.52,24,34.4687,126.4034
fhsk7,2026-05-16,17.72,24,34.4687,126.4034
fhsk7,2026-05-17,17.93,24,34.4687,126.4034
fhsk7,2026-05-18,18.11,24,34.4687,126.4034
fhsk7,2026-05-19,18.18,24,34.4687,126.4034
fhsk7,2026-05-20,18.19,24,34.4687,126.4034
fhsk7,2026-05-21,18.12,24,34.4687,126.4034
fhsk7,2026-05-22,18.45,24,34.4687,126.4034
fhsk7,2026-05-23,18.47,24,34.4687,126.4034
fhsk7,2026-05-24,18.5,24,34.4687,126.4034
fhsk7,2026-05-25,18.89,24,34.4687,126.4034
fhsk7,2026-05-26,18.95,24,34.4687,126.4034
fhsk7,2026-05-27,19.14,24,34.4687,126.4034
fhsk7,2026-05-28,19.06,24,34.4687,126.4034
fhsk7,2026-05-29,19.12,24,34.4687,126.4034
fhsk7,2026-05-30,19.34,24,34.4687,126.4034
fhsk7,2026-05-31,19.49,24,34.4687,126.4034
fhsk7,2026-06-01,19.84,24,34.4687,126.4034
fhsk7,2026-06-02,19.76,24,34.4687,126.4034
fhsk7,2026-06-03,20.1,24,34.4687,126.4034
fhsk7,2026-06-04,20.08,24,34.4687,126.4034
fhsk7,2026-06-05,19.78,24,34.4687,126.4034
fhsk7,2026-06-06,19.8,24,34.4687,126.4034
fhsk7,2026-06-07,19.93,24,34.4687,126.4034
fhsk7,2026-06-08,19.76,24,34.4687,126.4034
fhsk7,2026-06-09,19.75,24,34.4687,126.4034
fhsk7,2026-06-10,20.0,24,34.4687,126.4034
fhsk7,2026-06-11,20.04,24,34.4687,126.4034
fhsk7,2026-06-12,20.21,24,34.4687,126.4034
fhsk7,2026-06-13,20.45,24,34.4687,126.4034
fhsk7,2026-06-14,20.76,24,34.4687,126.4034
fhsk7,2026-06-15,21.09,24,34.4687,126.4034
fhsk7,2026-06-16,21.06,24,34.4687,126.4034
fhsk7,2026-06-17,21.05,24,34.4687,126.4034
fhsk7,2026-06-18,21.36,24,34.4687,126.4034
fhsk7,2026-06-19,21.3,24,34.4687,126.4034
fhsk7,2026-06-20,21.29,24,34.4687,126.4034
fhsk7,2026-06-21,21.66,24,34.4687,126.4034
fhsk7,2026-06-22,21.38,24,34.4687,126.4034
fhsk7,2026-06-23,21.24,24,34.4687,126.4034
fhsk7,2026-06-24,21.17,24,34.4687,126.4034
fhsk7,2026-06-25,21.4,24,34.4687,126.4034
fhsk7,2026-06-26,21.44,24,34.4687,126.4034
fhsk7,2026-06-27,21.58,24,34.4687,126.4034
fhsk7,2026-06-28,21.62,24,34.4687,126.4034
fhsk7,2026-06-29,21.95,24,34.4687,126.4034
fhsk7,2026-06-30,22.17,24,34.4687,126.4034
fhsk7,2026-07-01,22.12,24,34.4687,126.4034
fhsk7,2026-07-02,22.43,24,34.4687,126.4034
fhsk7,2026-07-03,22.44,24,34.4687,126.4034
fhsk7,2026-07-04,22.37,24,34.4687,126.4034
fhsk7,2026-07-05,22.35,24,34.4687,126.4034
fhsk7,2026-07-06,22.55,24,34.4687,126.4034
fhsk7,2026-07-07,23.06,24,34.4687,126.4034
fhsk7,2026-07-08,22.83,24,34.4687,126.4034
fhsk7,2026-07-09,23.1,22,34.4687,126.4034
fhsk7,2026-07-10,23.47,24,34.4687,126.4034
fhsk7,2026-07-11,23.7,24,34.4687,126.4034
fhsk7,2026-07-12,24.02,24,34.4687,126.4034
fhsk7,2026-07-13,24.31,24,34.4687,126.4034
fhsk7,2026-07-14,24.29,24,34.4687,126.4034
fhsk7,2026-07-15,24.23,24,34.4687,126.4034
fhsk7,2026-07-16,24.11,24,34.4687,126.4034
fhsk7,2026-07-17,24.01,24,34.4687,126.4034
fhsk7,2026-07-18,24.01,24,34.4687,126.4034
fhsk7,2026-07-19,24.05,24,34.4687,126.4034
fhsk7,2026-07-20,24.42,24,34.4687,126.4034
fhsk7,2026-07-21,25.04,24,34.4687,126.4034
fhsk7,2026-07-22,25.6,24,34.4687,126.4034
fhsk7,2026-07-23,25.85,24,34.4687,126.4034
fhsk7,2026-07-24,26.25,24,34.4687,126.4034
fhsk7,2026-07-25,26.59,24,34.4687,126.4034
fhsk7,2026-07-26,26.7,24,34.4687,126.4034
fhsk7,2026-07-27,26.51,24,34.4687,126.4034
fhsk7,2026-07-28,26.29,24,34.4687,126.4034
fhsk7,2026-07-29,26.37,24,34.4687,126.4034
fhsk7,2026-07-30,26.46,24,34.4687,126.4034
fhsk7,2026-07-31,26.37,24,34.4687,126.4034
fhsk7,2026-08-01,26.47,24,34.4687,126.4034
fhsk7,2026-08-02,26.55,24,34.4687,126.4034
fhsk7,2026-08-03,26.63,24,34.4687,126.4034
fhsk7,2026-08-04,26.74,24,34.4687,126.4034
fhsk7,2026-08-05,26.77,24,34.4687,126.4034
fhsk7,2026-08-06,26.82,24,34.4687,126.4034
fhsk7,2026-08-07,26.79,24,34.4687,126.4034
fhsk7,2026-08-08,26.33,24,34.4687,126.4034
fhsk7,2026-08-09,25.95,24,34.4687,126.4034
fhsk7,2026-08-10,25.61,24,34.4687,126.4034
fhsk7,2026-08-11,25.32,24,34.4687,126.4034
fhsk7,2026-08-12,25.3,24,34.4687,126.4034
fhsk7,2026-08-13,25.29,24,34.4687,126.4034
fhsk7,2026-08-14,25.33,24,34.4687,126.4034
fhsk7,2026-08-15,25.19,24,34.4687,126.4034
fhsk7,2026-08-16,25.26,24,34.4687,126.4034
fhsk7,2026-08-17,25.68,24,34.4687,126.4034
fhsk7,2026-08-18,26.05,24,34.4687,126.4034
fhsk7,2026-08-19,26.49,24,34.4687,126.4034
fhsk7,2026-08-20,26.91,24,34.4687,126.4034
fhsk7,2026-08-21,27.23,24,34.4687,126.4034
fhsk7,2026-08-22,27.09,24,34.4687,126.4034
fhsk7,2026-08-23,27.5,24,34.4687,126.4034
fhsk7,2026-08-24,28.1,24,34.4687,126.4034
fhsk7,2026-08-25,28.29,24,34.4687,126.4034
fhsk7,2026-08-26,28.13,24,34.4687,126.4034
fhsk7,2026-08-27,28.29,24,34.4687,126.4034
fhsk7,2026-08-28,28.35,24,34.4687,126.4034
fhsk7,2026-08-29,28.31,24,34.4687,126.4034
fhsk7,2026-08-30,28.22,24,34.4687,126.4034
fhsk7,2026-08-31,28.15,24,34.4687,126.4034
fhsk7,2026-09-01,28.1,24,34.4687,126.4034
fhsk7,2026-09-02,28.08,24,34.4687,126.4034
fhsk7,2026-09-03,27.94,24,34.4687,126.4034
fhsk7,2026-09-04,27.71,24,34.4687,126.4034
fhsk7,2026-09-05,27.36,24,34.4687,126.4034
fhsk7,2026-09-06,27.07,24,34.4687,126.4034
fhsk7,2026-09-07,26.85,24,34.4687,126.4034
fhsk7,2026-09-08,26.76,24,34.4687,126.4034
fhsk7,2026-09-09,26.36,24,34.4687,126.4034
fhsk7,2026-09-10,26.14,24,34.4687,126.4034
fhsk7,2026-09-11,25.79,24,34.4687,126.4034
fhsk7,2026-09-12,25.47,24,34.4687,126.4034
fhsk7,2026-09-13,25.51,24,34.4687,126.4034
fhsk7,2026-09-14,25.28,24,34.4687,126.4034
fhsk7,2026-09-15,24.91,24,34.4687,126.4034
fhsk7,2026-09-16,24.79,24,34.4687,126.4034
fhsk7,2026-09-17,24.92,24,34.4687,126.4034
fhsk7,2026-09-18,24.9,24,34.4687,126.4034
fhsk7,2026-09-19,25.16,24,34.4687,126.4034
fhsk7,2026-09-20,25.2,24,34.4687,126.4034
fhsk7,2026-09-21,25.41,24,34.4687,126.4034
fhsk7,2026-09-22,25.16,24,34.4687,126.4034
fhsk7,2026-09-23,25.18,24,34.4687,126.4034
fhsk7,2026-09-24,25.3,24,34.4687,126.4034
fhsm6,2026-05-01,14.21,24,34.316,126.5841
fhsm6,2026-05-02,14.16,24,34.316,126.5841
fhsm6,2026-05-03,13.95,24,34.316,126.5841
fhsm6,2026-05-04,14.17,24,34.316,126.5841
fhsm6,2026-05-05,14.34,24,34.316,126.5841
fhsm6,2026-05-06,14.99,24,34.316,126.5841
fhsm6,2026-05-07,15.12,24,34.316,126.5841
fhsm6,2026-05-08,15.21,24,34.316,126.5841
fhsm6,2026-05-09,15.06,24,34.316,126.5841
fhsm6,2026-05-10,15.13,24,34.316,126.5841
fhsm6,2026-05-11,15.66,24,34.316,126.5841
fhsm6,2026-05-12,15.38,24,34.316,126.5841
fhsm6,2026-05-13,15.38,24,34.316,126.5841
fhsm6,2026-05-14,15.86,24,34.316,126.5841
fhsm6,2026-05-15,15.86,24,34.316,126.5841
fhsm6,2026-05-16,15.88,24,34.316,126.5841
fhsm6,2026-05-17,16.39,24,34.316,126.5841
fhsm6,2026-05-18,16.35,24,34.316,126.5841
fhsm6,2026-05-19,17.03,24,34.316,126.5841
fhsm6,2026-05-20,16.6,24,34.316,126.5841
fhsm6,2026-05-21,16.11,24,34.316,126.5841
fhsm6,2026-05-22,16.28,24,34.316,126.5841
fhsm6,2026-05-23,16.57,24,34.316,126.5841
fhsm6,2026-05-24,16.74,24,34.316,126.5841
fhsm6,2026-05-25,17.3,24,34.316,126.5841
fhsm6,2026-05-26,17.3,24,34.316,126.5841
fhsm6,2026-05-27,17.31,24,34.316,126.5841
fhsm6,2026-05-28,16.94,24,34.316,126.5841
fhsm6,2026-05-29,17.32,24,34.316,126.5841
fhsm6,2026-05-30,17.28,24,34.316,126.5841
fhsm6,2026-05-31,17.54,24,34.316,126.5841
fhsm6,2026-06-01,17.9,24,34.316,126.5841
fhsm6,2026-06-02,17.7,24,34.316,126.5841
fhsm6,2026-06-03,17.95,24,34.316,126.5841
fhsm6,2026-06-04,18.03,24,34.316,126.5841
fhsm6,2026-06-05,18.31,24,34.316,126.5841
fhsm6,2026-06-06,18.33,24,34.316,126.5841
fhsm6,2026-06-07,18.71,24,34.316,126.5841
fhsm6,2026-06-08,18.38,24,34.316,126.5841
fhsm6,2026-06-09,18.52,24,34.316,126.5841
fhsm6,2026-06-10,18.67,24,34.316,126.5841
fhsm6,2026-06-11,19.0,24,34.316,126.5841
fhsm6,2026-06-12,18.98,24,34.316,126.5841
fhsm6,2026-06-13,19.01,24,34.316,126.5841
fhsm6,2026-06-14,19.32,24,34.316,126.5841
fhsm6,2026-06-15,19.77,24,34.316,126.5841
fhsm6,2026-06-16,20.06,24,34.316,126.5841
fhsm6,2026-06-17,20.34,24,34.316,126.5841
fhsm6,2026-06-18,20.19,24,34.316,126.5841
fhsm6,2026-06-19,19.5,24,34.316,126.5841
fhsm6,2026-06-20,20.05,24,34.316,126.5841
fhsm6,2026-06-21,19.94,24,34.316,126.5841
fhsm6,2026-06-22,19.48,24,34.316,126.5841
fhsm6,2026-06-23,19.74,24,34.316,126.5841
fhsm6,2026-06-24,19.99,24,34.316,126.5841
fhsm6,2026-06-25,20.0,24,34.316,126.5841
fhsm6,2026-06-26,20.41,24,34.316,126.5841
fhsm6,2026-06-27,20.26,24,34.316,126.5841
fhsm6,2026-06-28,20.24,24,34.316,126.5841
fhsm6,2026-06-29,20.44,24,34.316,126.5841
fhsm6,2026-06-30,20.64,24,34.316,126.5841
fhsm6,2026-07-01,20.32,24,34.316,126.5841
fhsm6,2026-07-02,20.79,24,34.316,126.5841
fhsm6,2026-07-03,20.65,24,34.316,126.5841
fhsm6,2026-07-04,20.73,24,34.316,126.5841
fhsm6,2026-07-05,20.8,24,34.316,126.5841
fhsm6,2026-07-06,21.02,24,34.316,126.5841
fhsm6,2026-07-07,21.61,24,34.316,126.5841
fhsm6,2026-07-08,21.88,24,34.316,126.5841
fhsm6,2026-07-09,21.81,24,34.316,126.5841
fhsm6,2026-07-10,22.16,24,34.316,126.5841
fhsm6,2026-07-11,22.7,24,34.316,126.5841
fhsm6,2026-07-12,22.57,24,34.316,126.5841
fhsm6,2026-07-13,22.68,24,34.316,126.5841
fhsm6,2026-07-14,22.75,24,34.316,126.5841
fhsm6,2026-07-15,22.75,24,34.316,126.5841
fhsm6,2026-07-16,22.21,24,34.316,126.5841
fhsm6,2026-07-17,22.13,24,34.316,126.5841
fhsm6,2026-07-18,22.45,24,34.316,126.5841
fhsm6,2026-07-19,22.26,24,34.316,126.5841
fhsm6,2026-07-20,22.45,24,34.316,126.5841
fhsm6,2026-07-21,22.46,24,34.316,126.5841
fhsm6,2026-07-22,22.73,24,34.316,126.5841
fhsm6,2026-07-23,22.75,24,34.316,126.5841
fhsm6,2026-07-24,22.92,24,34.316,126.5841
fhsm6,2026-07-25,22.78,24,34.316,126.5841
fhsm6,2026-07-26,22.87,24,34.316,126.5841
fhsm6,2026-07-27,22.55,24,34.316,126.5841
fhsm6,2026-07-28,22.48,24,34.316,126.5841
fhsm6,2026-07-29,22.53,24,34.316,126.5841
fhsm6,2026-07-30,22.38,24,34.316,126.5841
fhsm6,2026-07-31,22.24,24,34.316,126.5841
fhsm6,2026-08-01,22.1,24,34.316,126.5841
fhsm6,2026-08-02,22.09,24,34.316,126.5841
fhsm6,2026-08-03,22.12,24,34.316,126.5841
fhsm6,2026-08-04,22.03,24,34.316,126.5841
fhsm6,2026-08-05,22.16,24,34.316,126.5841
fhsm6,2026-08-06,22.14,24,34.316,126.5841
fhsm6,2026-08-07,22.58,24,34.316,126.5841
fhsm6,2026-08-08,22.95,24,34.316,126.5841
fhsm6,2026-08-09,23.02,24,34.316,126.5841
fhsm6,2026-08-10,23.18,24,34.316,126.5841
fhsm6,2026-08-11,23.39,24,34.316,126.5841
fhsm6,2026-08-12,23.91,24,34.316,126.5841
fhsm6,2026-08-13,24.25,24,34.316,126.5841
fhsm6,2026-08-14,24.86,24,34.316,126.5841
fhsm6,2026-08-15,24.9,24,34.316,126.5841
fhsm6,2026-08-16,25.1,24,34.316,126.5841
fhsm6,2026-08-17,25.51,24,34.316,126.5841
fhsm6,2026-08-18,26.0,24,34.316,126.5841
fhsm6,2026-08-19,26.25,24,34.316,126.5841
fhsm6,2026-08-20,26.54,24,34.316,126.5841
fhsm6,2026-08-21,26.69,24,34.316,126.5841
fhsm6,2026-08-22,27.07,24,34.316,126.5841
fhsm6,2026-08-23,27.2,24,34.316,126.5841
fhsm6,2026-08-24,27.3,24,34.316,126.5841
fhsm6,2026-08-25,27.24,24,34.316,126.5841
fhsm6,2026-08-26,27.37,24,34.316,126.5841
fhsm6,2026-08-27,27.42,24,34.316,126.5841
fhsm6,2026-08-28,26.9,24,34.316,126.5841
fhsm6,2026-08-29,26.61,24,34.316,126.5841
fhsm6,2026-08-30,26.34,24,34.316,126.5841
fhsm6,2026-08-31,26.07,24,34.316,126.5841
fhsm6,2026-09-01,25.88,24,34.316,126.5841
fhsm6,2026-09-02,25.52,24,34.316,126.5841
fhsm6,2026-09-03,25.12,24,34.316,126.5841
fhsm6,2026-09-04,24.61,24,34.316,126.5841
fhsm6,2026-09-05,24.42,24,34.316,126.5841
fhsm6,2026-09-06,24.28,24,34.316,126.5841
fhsm6,2026-09-07,24.3,24,34.316,126.5841
fhsm6,2026-09-08,24.38,24,34.316,126.5841
fhsm6,2026-09-09,24.58,24,34.316,126.5841
fhsm6,2026-09-10,24.52,24,34.316,126.5841
fhsm6,2026-09-11,24.76,24,34.316,126.5841
fhsm6,2026-09-12,25.0,24,34.316,126.5841
fhsm6,2026-09-13,25.19,24,34.316,126.5841
fhsm6,2026-09-14,25.19,24,34.316,126.5841
fhsm6,2026-09-15,24.92,24,34.316,126.5841
fhsm6,2026-09-16,25.05,24,34.316,126.5841
fhsm6,2026-09-17,25.06,24,34.316,126.5841
fhsm6,2026-09-18,25.11,24,34.316,126.5841
fhsm6,2026-09-19,25.15,24,34.316,126.5841
fhsm6,2026-09-20,25.25,24,34.316,126.5841
fhsm6,2026-09-21,25.12,24,34.316,126.5841
fhsm6,2026-09-22,25.06,24,34.316,126.5841
fhsm6,2026-09-23,25.0,24,34.316,126.5841
fhsm6,2026-09-24,25.08,24,34.316,126.5841
fhso4,2026-05-01,13.63,24,34.5602,126.3412
fhso4,2026-05-02,13.58,24,34.5602,126.3412
fhso4,2026-05-03,13.56,24,34.5602,126.3412
fhso4,2026-05-04,13.57,24,34.5602,126.3412
fhso4,2026-05-05,13.66,24,34.5602,126.3412
fhso4,2026-05-06,13.96,24,34.5602,126.3412
fhso4,2026-05-07,14.28,24,34.5602,126.3412
fhso4,2026-05-08,14.38,24,34.5602,126.3412
fhso4,2026-05-09,14.48,24,34.5602,126.3412
fhso4,2026-05-10,14.66,24,34.5602,126.3412
fhso4,2026-05-11,15.26,24,34.5602,126.3412
fhso4,2026-05-12,15.41,24,34.5602,126.3412
fhso4,2026-05-13,15.5,24,34.5602,126.3412
fhso4,2026-05-14,15.81,24,34.5602,126.3412
fhso4,2026-05-15,15.89,24,34.5602,126.3412
fhso4,2026-05-16,16.01,24,34.5602,126.3412
fhso4,2026-05-17,16.07,24,34.5602,126.3412
fhso4,2026-05-18,16.15,24,34.5602,126.3412
fhso4,2026-05-19,16.32,24,34.5602,126.3412
fhso4,2026-05-20,16.28,24,34.5602,126.3412
fhso4,2026-05-21,16.31,24,34.5602,126.3412
fhso4,2026-05-22,16.36,24,34.5602,126.3412
fhso4,2026-05-23,16.58,24,34.5602,126.3412
fhso4,2026-05-24,16.78,24,34.5602,126.3412
fhso4,2026-05-25,17.2,24,34.5602,126.3412
fhso4,2026-05-26,17.69,24,34.5602,126.3412
fhso4,2026-05-27,17.59,24,34.5602,126.3412
fhso4,2026-05-28,17.28,24,34.5602,126.3412
fhso4,2026-05-29,17.36,24,34.5602,126.3412
fhso4,2026-05-30,17.39,24,34.5602,126.3412
fhso4,2026-05-31,17.51,24,34.5602,126.3412
fhso4,2026-06-01,17.75,24,34.5602,126.3412
fhso4,2026-06-02,17.96,24,34.5602,126.3412
fhso4,2026-06-03,18.18,23,34.5602,126.3412
fhso4,2026-06-04,18.45,24,34.5602,126.3412
fhso4,2026-06-05,18.44,24,34.5602,126.3412
fhso4,2026-06-06,18.46,24,34.5602,126.3412
fhso4,2026-06-07,18.84,24,34.5602,126.3412
fhso4,2026-06-08,18.72,24,34.5602,126.3412
fhso4,2026-06-09,18.83,24,34.5602,126.3412
fhso4,2026-06-10,18.95,24,34.5602,126.3412
fhso4,2026-06-11,19.18,24,34.5602,126.3412
fhso4,2026-06-12,19.28,24,34.5602,126.3412
fhso4,2026-06-13,19.41,24,34.5602,126.3412
fhso4,2026-06-14,19.48,24,34.5602,126.3412
fhso4,2026-06-15,19.56,24,34.5602,126.3412
fhso4,2026-06-16,19.67,24,34.5602,126.3412
fhso4,2026-06-17,19.6,24,34.5602,126.3412
fhso4,2026-06-18,19.73,24,34.5602,126.3412
fhso4,2026-06-19,19.55,24,34.5602,126.3412
fhso4,2026-06-20,19.99,24,34.5602,126.3412
fhso4,2026-06-21,19.8,24,34.5602,126.3412
fhso4,2026-06-22,19.7,24,34.5602,126.3412
fhso4,2026-06-23,19.85,24,34.5602,126.3412
fhso4,2026-06-24,19.96,24,34.5602,126.3412
fhso4,2026-06-25,20.07,24,34.5602,126.3412
fhso4,2026-06-26,20.1,24,34.5602,126.3412
fhso4,2026-06-27,20.24,24,34.5602,126.3412
fhso4,2026-06-28,20.45,24,34.5602,126.3412
fhso4,2026-06-29,20.68,24,34.5602,126.3412
fhso4,2026-06-30,20.7,24,34.5602,126.3412
fhso4,2026-07-01,20.7,24,34.5602,126.3412
fhso4,2026-07-02,20.75,24,34.5602,126.3412
fhso4,2026-07-03,20.74,24,34.5602,126.3412
fhso4,2026-07-04,20.76,24,34.5602,126.3412
fhso4,2026-07-05,20.97,24,34.5602,126.3412
fhso4,2026-07-06,21.22,24,34.5602,126.3412
fhso4,2026-07-07,21.59,24,34.5602,126.3412
fhso4,2026-07-08,21.85,24,34.5602,126.3412
fhso4,2026-07-09,21.95,24,34.5602,126.3412
fhso4,2026-07-10,22.15,24,34.5602,126.3412
fhso4,2026-07-11,22.39,24,34.5602,126.3412
fhso4,2026-07-12,22.76,24,34.5602,126.3412
fhso4,2026-07-13,22.92,24,34.5602,126.3412
fhso4,2026-07-14,22.95,24,34.5602,126.3412
fhso4,2026-07-15,22.86,24,34.5602,126.3412
fhso4,2026-07-16,22.53,24,34.5602,126.3412
fhso4,2026-07-17,22.46,24,34.5602,126.3412
fhso4,2026-07-18,22.53,24,34.5602,126.3412
fhso4,2026-07-19,22.45,24,34.5602,126.3412
fhso4,2026-07-20,22.57,24,34.5602,126.3412
fhso4,2026-07-21,23.1,24,34.5602,126.3412
fhso4,2026-07-22,23.65,24,34.5602,126.3412
fhso4,2026-07-23,24.05,24,34.5602,126.3412
fhso4,2026-07-24,24.55,24,34.5602,126.3412
fhso4,2026-07-25,24.54,24,34.5602,126.3412
fhso4,2026-07-26,24.71,23,34.5602,126.3412
fhso4,2026-07-27,24.87,24,34.5602,126.3412
fhso4,2026-07-28,24.89,24,34.5602,126.3412
fhso4,2026-07-29,24.78,24,34.5602,126.3412
fhso4,2026-07-30,24.73,24,34.5602,126.3412
fhso4,2026-07-31,24.76,24,34.5602,126.3412
fhso4,2026-08-01,24.72,24,34.5602,126.3412
fhso4,2026-08-02,24.88,24,34.5602,126.3412
fhso4,2026-08-03,24.85,24,34.5602,126.3412
fhso4,2026-08-04,24.88,24,34.5602,126.3412
fhso4,2026-08-05,24.99,24,34.5602,126.3412
fhso4,2026-08-06,25.04,24,34.5602,126.3412
fhso4,2026-08-07,25.21,24,34.5602,126.3412
fhso4,2026-08-08,25.28,24,34.5602,126.3412
fhso4,2026-08-09,25.01,24,34.5602,126.3412
fhso4,2026-08-10,24.86,24,34.5602,126.3412
fhso4,2026-08-11,24.65,24,34.5602,126.3412
fhso4,2026-08-12,24.46,24,34.5602,126.3412
fhso4,2026-08-13,24.33,24,34.5602,126.3412
fhso4,2026-08-14,24.27,24,34.5602,126.3412
fhso4,2026-08-15,24.05,24,34.5602,126.3412
fhso4,2026-08-16,24.2,24,34.5602,126.3412
fhso4,2026-08-17,24.4,24,34.5602,126.3412
fhso4,2026-08-18,24.68,24,34.5602,126.3412
fhso4,2026-08-19,25.02,24,34.5602,126.3412
fhso4,2026-08-20,25.24,24,34.5602,126.3412
fhso4,2026-08-21,25.63,24,34.5602,126.3412
fhso4,2026-08-22,26.04,24,34.5602,126.3412
fhso4,2026-08-23,26.35,23,34.5602,126.3412
fhso4,2026-08-24,26.5,24,34.5602,126.3412
fhso4,2026-08-25,26.66,24,34.5602,126.3412
fhso4,2026-08-26,26.81,24,34.5602,126.3412
fhso4,2026-08-27,26.85,24,34.5602,126.3412
fhso4,2026-08-28,26.65,24,34.5602,126.3412
fhso4,2026-08-29,26.68,24,34.5602,126.3412
fhso4,2026-08-30,26.69,24,34.5602,126.3412
fhso4,2026-08-31,26.61,24,34.5602,126.3412
fhso4,2026-09-01,26.55,24,34.5602,126.3412
fhso4,2026-09-02,26.49,24,34.5602,126.3412
fhso4,2026-09-03,26.32,24,34.5602,126.3412
fhso4,2026-09-04,26.17,24,34.5602,126.3412
fhso4,2026-09-05,25.98,24,34.5602,126.3412
fhso4,2026-09-06,25.92,24,34.5602,126.3412
fhso4,2026-09-07,25.85,24,34.5602,126.3412
fhso4,2026-09-08,25.73,24,34.5602,126.3412
fhso4,2026-09-09,25.48,24,34.5602,126.3412
fhso4,2026-09-10,25.09,24,34.5602,126.3412
fhso4,2026-09-11,24.9,24,34.5602,126.3412
fhso4,2026-09-12,24.73,24,34.5602,126.3412
fhso4,2026-09-13,24.64,24,34.5602,126.3412
fhso4,2026-09-14,24.49,24,34.5602,126.3412
fhso4,2026-09-15,24.26,24,34.5602,126.3412
fhso4,2026-09-16,24.31,24,34.5602,126.3412
fhso4,2026-09-17,24.34,24,34.5602,126.3412
fhso4,2026-09-18,24.43,24,34.5602,126.3412
fhso4,2026-09-19,24.56,24,34.5602,126.3412
fhso4,2026-09-20,24.65,24,34.5602,126.3412
fhso4,2026-09-21,24.69,24,34.5602,126.3412
fhso4,2026-09-22,24.73,24,34.5602,126.3412
fhso4,2026-09-23,24.75,24,34.5602,126.3412
fhso4,2026-09-24,24.75,24,34.5602,126.3412
fhyk7,2026-05-01,14.76,24,34.35,126.4627
fhyk7,2026-05-02,14.62,24,34.35,126.4627
fhyk7,2026-05-03,14.46,24,34.35,126.4627
fhyk7,2026-05-04,14.89,24,34.35,126.4627
fhyk7,2026-05-05,14.8,24,34.35,126.4627
fhyk7,2026-05-06,15.17,24,34.35,126.4627
fhyk7,2026-05-07,15.28,24,34.35,126.4627
fhyk7,2026-05-08,15.61,24,34.35,126.4627
fhyk7,2026-05-09,15.72,24,34.35,126.4627
fhyk7,2026-05-10,15.69,24,34.35,126.4627
fhyk7,2026-05-11,15.92,24,34.35,126.4627
fhyk7,2026-05-12,15.81,24,34.35,126.4627
fhyk7,2026-05-13,15.78,24,34.35,126.4627
fhyk7,2026-05-14,16.11,24,34.35,126.4627
fhyk7,2026-05-15,16.41,24,34.35,126.4627
fhyk7,2026-05-16,16.93,24,34.35,126.4627
fhyk7,2026-05-17,17.08,24,34.35,126.4627
fhyk7,2026-05-18,17.23,24,34.35,126.4627
fhyk7,2026-05-19,17.2,24,34.35,126.4627
fhyk7,2026-05-20,17.07,24,34.35,126.4627
fhyk7,2026-05-21,16.95,24,34.35,126.4627
fhyk7,2026-05-22,16.97,24,34.35,126.4627
fhyk7,2026-05-23,17.12,24,34.35,126.4627
fhyk7,2026-05-24,17.25,24,34.35,126.4627
fhyk7,2026-05-25,17.71,24,34.35,126.4627
fhyk7,2026-05-26,18.48,22,34.35,126.4627
fhyk7,2026-05-27,17.72,24,34.35,126.4627
fhyk7,2026-05-28,17.6,24,34.35,126.4627
fhyk7,2026-05-29,18.1,24,34.35,126.4627
fhyk7,2026-05-30,18.13,24,34.35,126.4627
fhyk7,2026-05-31,18.28,24,34.35,126.4627
fhyk7,2026-06-01,18.25,24,34.35,126.4627
fhyk7,2026-06-02,18.44,24,34.35,126.4627
fhyk7,2026-06-03,18.74,24,34.35,126.4627
fhyk7,2026-06-04,18.46,24,34.35,126.4627
fhyk7,2026-06-05,18.89,24,34.35,126.4627
fhyk7,2026-06-06,18.58,24,34.35,126.4627
fhyk7,2026-06-07,18.95,24,34.35,126.4627
fhyk7,2026-06-08,18.72,24,34.35,126.4627
fhyk7,2026-06-09,18.85,24,34.35,126.4627
fhyk7,2026-06-10,19.11,24,34.35,126.4627
fhyk7,2026-06-11,19.31,24,34.35,126.4627
fhyk7,2026-06-12,19.32,24,34.35,126.4627
fhyk7,2026-06-13,19.54,24,34.35,126.4627
fhyk7,2026-06-14,19.73,24,34.35,126.4627
fhyk7,2026-06-15,20.02,24,34.35,126.4627
fhyk7,2026-06-16,20.05,24,34.35,126.4627
fhyk7,2026-06-17,20.01,24,34.35,126.4627
fhyk7,2026-06-18,20.27,24,34.35,126.4627
fhyk7,2026-06-19,20.02,24,34.35,126.4627
fhyk7,2026-06-20,20.48,24,34.35,126.4627
fhyk7,2026-06-21,20.82,24,34.35,126.4627
fhyk7,2026-06-22,19.91,24,34.35,126.4627
fhyk7,2026-06-23,19.87,24,34.35,126.4627
fhyk7,2026-06-24,19.96,24,34.35,126.4627
fhyk7,2026-06-25,20.12,24,34.35,126.4627
fhyk7,2026-06-26,20.54,24,34.35,126.4627
fhyk7,2026-06-27,20.57,24,34.35,126.4627
fhyk7,2026-06-28,20.71,24,34.35,126.4627
fhyk7,2026-06-29,21.04,24,34.35,126.4627
fhyk7,2026-06-30,21.0,24,34.35,126.4627
fhyk7,2026-07-01,20.75,24,34.35,126.4627
fhyk7,2026-07-02,21.31,24,34.35,126.4627
fhyk7,2026-07-03,21.16,24,34.35,126.4627
fhyk7,2026-07-04,21.34,24,34.35,126.4627
fhyk7,2026-07-05,21.33,24,34.35,126.4627
fhyk7,2026-07-06,21.53,24,34.35,126.4627
fhyk7,2026-07-07,21.83,24,34.35,126.4627
fhyk7,2026-07-08,22.18,24,34.35,126.4627
fhyk7,2026-07-09,22.64,24,34.35,126.4627
fhyk7,2026-07-10,22.93,24,34.35,126.4627
fhyk7,2026-07-11,23.14,23,34.35,126.4627
fhyk7,2026-07-12,23.55,23,34.35,126.4627
fhyk7,2026-07-13,23.42,24,34.35,126.4627
fhyk7,2026-07-14,23.41,24,34.35,126.4627
fhyk7,2026-07-15,23.8,24,34.35,126.4627
fhyk7,2026-07-16,23.38,24,34.35,126.4627
fhyk7,2026-07-17,23.36,24,34.35,126.4627
fhyk7,2026-07-18,23.35,24,34.35,126.4627
fhyk7,2026-07-19,23.22,24,34.35,126.4627
fhyk7,2026-07-20,23.29,24,34.35,126.4627
fhyk7,2026-07-21,23.65,24,34.35,126.4627
fhyk7,2026-07-22,24.0,24,34.35,126.4627
fhyk7,2026-07-23,24.52,24,34.35,126.4627
fhyk7,2026-07-24,25.18,23,34.35,126.4627
fhyk7,2026-07-25,25.52,23,34.35,126.4627
fhyk7,2026-07-26,25.29,21,34.35,126.4627
fhyk7,2026-07-27,24.98,20,34.35,126.4627
fhyk7,2026-07-28,24.56,21,34.35,126.4627
fhyk7,2026-07-29,24.2,23,34.35,126.4627
fhyk7,2026-07-30,23.85,24,34.35,126.4627
fhyk7,2026-07-31,23.76,24,34.35,126.4627
fhyk7,2026-08-01,23.7,24,34.35,126.4627
fhyk7,2026-08-02,23.61,24,34.35,126.4627
fhyk7,2026-08-03,23.5,24,34.35,126.4627
fhyk7,2026-08-04,23.4,24,34.35,126.4627
fhyk7,2026-08-05,23.27,24,34.35,126.4627
fhyk7,2026-08-06,23.36,24,34.35,126.4627
fhyk7,2026-08-07,23.16,23,34.35,126.4627
fhyk7,2026-08-08,23.42,23,34.35,126.4627
fhyk7,2026-08-09,22.99,22,34.35,126.4627
fhyk7,2026-08-10,22.98,23,34.35,126.4627
fhyk7,2026-08-11,22.82,24,34.35,126.4627
fhyk7,2026-08-12,23.37,24,34.35,126.4627
fhyk7,2026-08-13,24.2,24,34.35,126.4627
fhyk7,2026-08-14,24.94,24,34.35,126.4627
fhyk7,2026-08-15,25.07,24,34.35,126.4627
fhyk7,2026-08-16,25.3,24,34.35,126.4627
fhyk7,2026-08-17,25.78,24,34.35,126.4627
fhyk7,2026-08-18,26.18,24,34.35,126.4627
fhyk7,2026-08-19,26.37,24,34.35,126.4627
fhyk7,2026-08-20,26.58,24,34.35,126.4627
fhyk7,2026-08-21,26.95,24,34.35,126.4627
fhyk7,2026-08-22,27.57,24,34.35,126.4627
fhyk7,2026-08-23,27.84,24,34.35,126.4627
fhyk7,2026-08-24,28.45,24,34.35,126.4627
fhyk7,2026-08-25,28.65,24,34.35,126.4627
fhyk7,2026-08-26,28.59,24,34.35,126.4627
fhyk7,2026-08-27,28.4,24,34.35,126.4627
fhyk7,2026-08-28,28.1,24,34.35,126.4627
fhyk7,2026-08-29,28.0,24,34.35,126.4627
fhyk7,2026-08-30,27.72,24,34.35,126.4627
fhyk7,2026-08-31,27.32,24,34.35,126.4627
fhyk7,2026-09-01,27.09,24,34.35,126.4627
fhyk7,2026-09-02,26.69,24,34.35,126.4627
fhyk7,2026-09-03,26.15,24,34.35,126.4627
fhyk7,2026-09-04,25.36,24,34.35,126.4627
fhyk7,2026-09-05,25.04,24,34.35,126.4627
fhyk7,2026-09-06,24.79,24,34.35,126.4627
fhyk7,2026-09-07,24.74,24,34.35,126.4627
fhyk7,2026-09-08,24.87,24,34.35,126.4627
fhyk7,2026-09-09,24.86,24,34.35,126.4627
fhyk7,2026-09-10,25.14,24,34.35,126.4627
fhyk7,2026-09-11,25.49,24,34.35,126.4627
fhyk7,2026-09-12,25.67,24,34.35,126.4627
fhyk7,2026-09-13,25.78,24,34.35,126.4627
fhyk7,2026-09-14,25.74,24,34.35,126.4627
fhyk7,2026-09-15,25.49,24,34.35,126.4627
fhyk7,2026-09-16,25.43,24,34.35,126.4627
fhyk7,2026-09-17,25.45,24,34.35,126.4627
fhyk7,2026-09-18,25.45,24,34.35,126.4627
fhyk7,2026-09-19,25.49,24,34.35,126.4627
fhyk7,2026-09-20,25.5,24,34.35,126.4627
fhyk7,2026-09-21,25.44,24,34.35,126.4627
fhyk7,2026-09-22,25.37,24,34.35,126.4627
fhyk7,2026-09-23,25.38,24,34.35,126.4627
fhyk7,2026-09-24,25.4,24,34.35,126.4627
fjdl4,2026-05-01,14.15,24,34.4019,126.315
fjdl4,2026-05-02,14.58,24,34.4019,126.315
fjdl4,2026-05-03,14.4,24,34.4019,126.315
fjdl4,2026-05-04,14.33,24,34.4019,126.315
fjdl4,2026-05-05,14.86,24,34.4019,126.315
fjdl4,2026-05-06,15.9,24,34.4019,126.315
fjdl4,2026-05-07,16.6,24,34.4019,126.315
fjdl4,2026-05-08,15.63,24,34.4019,126.315
fjdl4,2026-05-09,15.34,13,34.4019,126.315
fjdl4,2026-05-15,19.14,14,34.4019,126.315
fjdl4,2026-05-16,18.33,24,34.4019,126.315
fjdl4,2026-05-17,18.2,24,34.4019,126.315
fjdl4,2026-05-18,18.15,24,34.4019,126.315
fjdl4,2026-05-19,18.23,24,34.4019,126.315
fjdl4,2026-05-20,18.1,20,34.4019,126.315
fjdl4,2026-05-21,18.01,17,34.4019,126.315
fjdl4,2026-05-23,18.45,24,34.4019,126.315
fjdl4,2026-05-24,19.26,24,34.4019,126.315
fjdl4,2026-05-25,20.48,24,34.4019,126.315
fjdl4,2026-05-26,20.17,19,34.4019,126.315
fjdl4,2026-05-27,20.41,12,34.4019,126.315
fjdl4,2026-05-28,19.9,24,34.4019,126.315
fjdl4,2026-05-29,18.73,16,34.4019,126.315
fjdl4,2026-05-30,19.26,16,34.4019,126.315
fjdl4,2026-05-31,19.79,24,34.4019,126.315
fjdl4,2026-06-01,20.45,24,34.4019,126.315
fjdl4,2026-06-02,20.36,24,34.4019,126.315
fjdl4,2026-06-03,20.72,24,34.4019,126.315
fjdl4,2026-06-04,20.98,24,34.4019,126.315
fjdl4,2026-06-05,20.18,24,34.4019,126.315
fjdl4,2026-06-06,19.63,24,34.4019,126.315
fjdl4,2026-06-07,20.73,24,34.4019,126.315
fjdl4,2026-06-08,20.21,24,34.4019,126.315
fjdl4,2026-06-09,19.65,24,34.4019,126.315
fjdl4,2026-06-10,20.85,24,34.4019,126.315
fjdl4,2026-06-11,21.16,24,34.4019,126.315
fjdl4,2026-06-12,20.61,24,34.4019,126.315
fjdl4,2026-06-13,21.37,23,34.4019,126.315
fjdl4,2026-06-14,22.08,22,34.4019,126.315
fjdl4,2026-06-15,22.43,24,34.4019,126.315
fjdl4,2026-06-16,22.3,24,34.4019,126.315
fjdl4,2026-06-17,21.87,24,34.4019,126.315
fjdl4,2026-06-18,21.83,24,34.4019,126.315
fjdl4,2026-06-19,21.78,24,34.4019,126.315
fjdl4,2026-06-20,21.6,24,34.4019,126.315
fjdl4,2026-06-21,21.38,24,34.4019,126.315
fjdl4,2026-06-22,20.49,24,34.4019,126.315
fjdl4,2026-06-23,20.62,24,34.4019,126.315
fjdl4,2026-06-24,21.34,24,34.4019,126.315
fjdl4,2026-06-25,21.78,24,34.4019,126.315
fjdl4,2026-06-26,22.07,24,34.4019,126.315
fjdl4,2026-06-27,21.8,24,34.4019,126.315
fjdl4,2026-06-28,22.68,24,34.4019,126.315
fjdl4,2026-06-29,23.32,24,34.4019,126.315
fjdl4,2026-06-30,23.68,24,34.4019,126.315
fjdl4,2026-07-01,22.72,24,34.4019,126.315
fjdl4,2026-07-02,23.04,24,34.4019,126.315
fjdl4,2026-07-03,22.8,24,34.4019,126.315
fjdl4,2026-07-04,22.27,24,34.4019,126.315
fjdl4,2026-07-05,22.16,24,34.4019,126.315
fjdl4,2026-07-06,22.27,24,34.4019,126.315
fjdl4,2026-07-07,22.78,24,34.4019,126.315
fjdl4,2026-07-08,22.81,24,34.4019,126.315
fjdl4,2026-07-09,23.93,24,34.4019,126.315
fjdl4,2026-07-10,24.82,24,34.4019,126.315
fjdl4,2026-07-11,25.73,24,34.4019,126.315
fjdl4,2026-07-12,26.39,24,34.4019,126.315
fjdl4,2026-07-13,26.81,24,34.4019,126.315
fjdl4,2026-07-14,25.89,24,34.4019,126.315
fjdl4,2026-07-15,25.49,24,34.4019,126.315
fjdl4,2026-07-16,23.89,24,34.4019,126.315
fjdl4,2026-07-17,23.45,24,34.4019,126.315
fjdl4,2026-07-18,23.39,24,34.4019,126.315
fjdl4,2026-07-19,23.68,24,34.4019,126.315
fjdl4,2026-07-20,24.63,24,34.4019,126.315
fjdl4,2026-07-21,25.52,24,34.4019,126.315
fjdl4,2026-07-22,27.0,24,34.4019,126.315
fjdl4,2026-07-23,27.85,24,34.4019,126.315
fjdl4,2026-07-24,28.76,24,34.4019,126.315
fjdl4,2026-07-25,29.0,24,34.4019,126.315
fjdl4,2026-07-26,29.66,24,34.4019,126.315
fjdl4,2026-07-27,29.65,24,34.4019,126.315
fjdl4,2026-07-28,28.66,23,34.4019,126.315
fjdl4,2026-07-29,27.02,24,34.4019,126.315
fjdl4,2026-07-30,25.8,24,34.4019,126.315
fjdl4,2026-07-31,25.62,24,34.4019,126.315
fjdl4,2026-08-01,25.95,24,34.4019,126.315
fjdl4,2026-08-02,26.03,24,34.4019,126.315
fjdl4,2026-08-03,25.78,24,34.4019,126.315
fjdl4,2026-08-04,26.34,24,34.4019,126.315
fjdl4,2026-08-05,26.78,24,34.4019,126.315
fjdl4,2026-08-06,27.05,24,34.4019,126.315
fjdl4,2026-08-07,27.88,24,34.4019,126.315
fjdl4,2026-08-08,27.64,24,34.4019,126.315
fjdl4,2026-08-09,27.2,23,34.4019,126.315
fjdl4,2026-08-10,26.83,24,34.4019,126.315
fjdl4,2026-08-11,26.53,23,34.4019,126.315
fjdl4,2026-08-12,26.28,24,34.4019,126.315
fjdl4,2026-08-13,26.56,24,34.4019,126.315
fjdl4,2026-08-14,26.85,24,34.4019,126.315
fjdl4,2026-08-15,26.43,24,34.4019,126.315
fjdl4,2026-08-16,26.09,24,34.4019,126.315
fjdl4,2026-08-17,26.7,24,34.4019,126.315
fjdl4,2026-08-18,27.2,24,34.4019,126.315
fjdl4,2026-08-19,27.75,24,34.4019,126.315
fjdl4,2026-08-20,28.34,24,34.4019,126.315
fjdl4,2026-08-21,28.78,24,34.4019,126.315
fjdl4,2026-08-22,28.79,24,34.4019,126.315
fjdl4,2026-08-23,29.19,24,34.4019,126.315
fjdl4,2026-08-24,30.03,24,34.4019,126.315
fjdl4,2026-08-25,30.3,24,34.4019,126.315
fjdl4,2026-08-26,30.09,24,34.4019,126.315
fjdl4,2026-08-27,29.76,24,34.4019,126.315
fjdl4,2026-08-28,29.12,24,34.4019,126.315
fjdl4,2026-08-29,28.86,24,34.4019,126.315
fjdl4,2026-08-30,28.61,24,34.4019,126.315
fjdl4,2026-08-31,27.85,24,34.4019,126.315
fjdl4,2026-09-01,27.91,24,34.4019,126.315
fjdl4,2026-09-02,27.65,24,34.4019,126.315
fjdl4,2026-09-03,27.2,24,34.4019,126.315
fjdl4,2026-09-04,26.68,24,34.4019,126.315
fjdl4,2026-09-05,26.24,24,34.4019,126.315
fjdl4,2026-09-06,26.32,24,34.4019,126.315
fjdl4,2026-09-07,26.13,24,34.4019,126.315
fjdl4,2026-09-08,26.14,24,34.4019,126.315
fjdl4,2026-09-09,25.92,24,34.4019,126.315
fjdl4,2026-09-10,25.75,24,34.4019,126.315
fjdl4,2026-09-11,25.71,24,34.4019,126.315
fjdl4,2026-09-12,25.6,24,34.4019,126.315
fjdl4,2026-09-13,25.62,24,34.4019,126.315
fjdl4,2026-09-14,25.4,24,34.4019,126.315
fjdl4,2026-09-15,24.86,24,34.4019,126.315
fjdl4,2026-09-16,24.86,24,34.4019,126.315
fjdl4,2026-09-17,25.08,24,34.4019,126.315
fjdl4,2026-09-18,25.31,24,34.4019,126.315
fjdl4,2026-09-19,25.46,24,34.4019,126.315
fjdl4,2026-09-20,25.42,24,34.4019,126.315
fjdl4,2026-09-21,25.28,24,34.4019,126.315
fjdl4,2026-09-22,25.18,24,34.4019,126.315
fjdl4,2026-09-23,25.28,24,34.4019,126.315
fjdl4,2026-09-24,25.39,24,34.4019,126.315
fjgl6,2026-05-01,12.73,24,34.3836,126.2754
fjgl6,2026-05-02,13.27,24,34.3836,126.2754
fjgl6,2026-05-03,13.13,24,34.3836,126.2754
fjgl6,2026-05-04,12.91,24,34.3836,126.2754
fjgl6,2026-05-05,13.7,24,34.3836,126.2754
fjgl6,2026-05-06,14.85,24,34.3836,126.2754
fjgl6,2026-05-07,15.62,24,34.3836,126.2754
fjgl6,2026-05-08,14.05,24,34.3836,126.2754
fjgl6,2026-05-09,14.02,24,34.3836,126.2754
fjgl6,2026-05-10,14.7,24,34.3836,126.2754
fjgl6,2026-05-11,15.45,24,34.3836,126.2754
fjgl6,2026-05-12,15.92,24,34.3836,126.2754
fjgl6,2026-05-13,15.95,24,34.3836,126.2754
fjgl6,2026-05-14,16.19,24,34.3836,126.2754
fjgl6,2026-05-15,16.54,24,34.3836,126.2754
fjgl6,2026-05-16,17.35,24,34.3836,126.2754
fjgl6,2026-05-17,17.0,24,34.3836,126.2754
fjgl6,2026-05-18,17.33,24,34.3836,126.2754
fjgl6,2026-05-19,16.38,24,34.3836,126.2754
fjgl6,2026-05-20,16.0,24,34.3836,126.2754
fjgl6,2026-05-21,17.27,24,34.3836,126.2754
fjgl6,2026-05-22,16.05,24,34.3836,126.2754
fjgl6,2026-05-23,17.25,24,34.3836,126.2754
fjgl6,2026-05-24,17.76,24,34.3836,126.2754
fjgl6,2026-05-25,17.9,24,34.3836,126.2754
fjgl6,2026-05-26,18.01,24,34.3836,126.2754
fjgl6,2026-05-27,18.52,24,34.3836,126.2754
fjgl6,2026-05-28,18.12,24,34.3836,126.2754
fjgl6,2026-05-29,16.72,24,34.3836,126.2754
fjgl6,2026-05-30,17.53,24,34.3836,126.2754
fjgl6,2026-05-31,18.28,24,34.3836,126.2754
fjgl6,2026-06-01,18.4,24,34.3836,126.2754
fjgl6,2026-06-02,18.84,24,34.3836,126.2754
fjgl6,2026-06-03,18.86,24,34.3836,126.2754
fjgl6,2026-06-04,19.08,24,34.3836,126.2754
fjgl6,2026-06-05,18.38,24,34.3836,126.2754
fjgl6,2026-06-06,17.9,24,34.3836,126.2754
fjgl6,2026-06-07,19.13,24,34.3836,126.2754
fjgl6,2026-06-08,18.43,24,34.3836,126.2754
fjgl6,2026-06-09,18.11,24,34.3836,126.2754
fjgl6,2026-06-10,19.1,24,34.3836,126.2754
fjgl6,2026-06-11,19.42,24,34.3836,126.2754
fjgl6,2026-06-12,19.26,24,34.3836,126.2754
fjgl6,2026-06-13,20.02,24,34.3836,126.2754
fjgl6,2026-06-14,20.62,24,34.3836,126.2754
fjgl6,2026-06-15,20.35,24,34.3836,126.2754
fjgl6,2026-06-16,20.05,24,34.3836,126.2754
fjgl6,2026-06-17,19.7,24,34.3836,126.2754
fjgl6,2026-06-18,20.69,24,34.3836,126.2754
fjgl6,2026-06-19,20.22,24,34.3836,126.2754
fjgl6,2026-06-20,19.76,24,34.3836,126.2754
fjgl6,2026-06-21,19.82,24,34.3836,126.2754
fjgl6,2026-06-22,18.82,24,34.3836,126.2754
fjgl6,2026-06-23,19.01,24,34.3836,126.2754
fjgl6,2026-06-24,19.53,24,34.3836,126.2754
fjgl6,2026-06-25,20.38,24,34.3836,126.2754
fjgl6,2026-06-26,19.99,24,34.3836,126.2754
fjgl6,2026-06-27,20.29,24,34.3836,126.2754
fjgl6,2026-06-28,21.14,24,34.3836,126.2754
fjgl6,2026-06-29,21.93,24,34.3836,126.2754
fjgl6,2026-06-30,21.59,24,34.3836,126.2754
fjgl6,2026-07-01,21.2,24,34.3836,126.2754
fjgl6,2026-07-02,21.36,24,34.3836,126.2754
fjgl6,2026-07-03,21.43,24,34.3836,126.2754
fjgl6,2026-07-04,21.08,24,34.3836,126.2754
fjgl6,2026-07-05,20.88,24,34.3836,126.2754
fjgl6,2026-07-06,20.85,24,34.3836,126.2754
fjgl6,2026-07-07,21.15,24,34.3836,126.2754
fjgl6,2026-07-08,21.37,24,34.3836,126.2754
fjgl6,2026-07-09,21.65,24,34.3836,126.2754
fjgl6,2026-07-10,22.43,24,34.3836,126.2754
fjgl6,2026-07-11,23.69,24,34.3836,126.2754
fjgl6,2026-07-12,23.89,24,34.3836,126.2754
fjgl6,2026-07-13,24.3,24,34.3836,126.2754
fjgl6,2026-07-14,24.35,24,34.3836,126.2754
fjgl6,2026-07-15,23.95,24,34.3836,126.2754
fjgl6,2026-07-16,22.86,24,34.3836,126.2754
fjgl6,2026-07-17,22.3,24,34.3836,126.2754
fjgl6,2026-07-18,22.51,24,34.3836,126.2754
fjgl6,2026-07-19,22.72,24,34.3836,126.2754
fjgl6,2026-07-20,23.1,24,34.3836,126.2754
fjgl6,2026-07-21,23.65,24,34.3836,126.2754
fjgl6,2026-07-22,24.73,24,34.3836,126.2754
fjgl6,2026-07-23,25.51,24,34.3836,126.2754
fjgl6,2026-07-24,26.44,24,34.3836,126.2754
fjgl6,2026-07-25,27.48,24,34.3836,126.2754
fjgl6,2026-07-26,27.92,24,34.3836,126.2754
fjgl6,2026-07-27,27.15,24,34.3836,126.2754
fjgl6,2026-07-28,26.97,24,34.3836,126.2754
fjgl6,2026-07-29,25.43,24,34.3836,126.2754
fjgl6,2026-07-30,24.44,24,34.3836,126.2754
fjgl6,2026-07-31,24.42,23,34.3836,126.2754
fjgl6,2026-08-01,24.67,23,34.3836,126.2754
fjgl6,2026-08-02,24.92,24,34.3836,126.2754
fjgl6,2026-08-03,23.87,24,34.3836,126.2754
fjgl6,2026-08-04,24.84,24,34.3836,126.2754
fjgl6,2026-08-05,24.84,23,34.3836,126.2754
fjgl6,2026-08-06,25.05,24,34.3836,126.2754
fjgl6,2026-08-07,25.0,24,34.3836,126.2754
fjgl6,2026-08-08,24.65,24,34.3836,126.2754
fjgl6,2026-08-09,24.14,24,34.3836,126.2754
fjgl6,2026-08-10,24.18,24,34.3836,126.2754
fjgl6,2026-08-11,24.48,24,34.3836,126.2754
fjgl6,2026-08-12,24.92,24,34.3836,126.2754
fjgl6,2026-08-13,25.38,24,34.3836,126.2754
fjgl6,2026-08-14,25.94,24,34.3836,126.2754
fjgl6,2026-08-15,25.06,24,34.3836,126.2754
fjgl6,2026-08-16,25.05,24,34.3836,126.2754
fjgl6,2026-08-17,25.87,24,34.3836,126.2754
fjgl6,2026-08-18,26.52,24,34.3836,126.2754
fjgl6,2026-08-19,26.81,24,34.3836,126.2754
fjgl6,2026-08-20,26.78,24,34.3836,126.2754
fjgl6,2026-08-21,26.71,24,34.3836,126.2754
fjgl6,2026-08-22,26.85,24,34.3836,126.2754
fjgl6,2026-08-23,27.41,24,34.3836,126.2754
fjgl6,2026-08-24,28.39,24,34.3836,126.2754
fjgl6,2026-08-25,29.3,24,34.3836,126.2754
fjgl6,2026-08-26,28.97,24,34.3836,126.2754
fjgl6,2026-08-27,28.82,24,34.3836,126.2754
fjgl6,2026-08-28,27.86,24,34.3836,126.2754
fjgl6,2026-08-29,27.39,24,34.3836,126.2754
fjgl6,2026-08-30,27.0,24,34.3836,126.2754
fjgl6,2026-08-31,26.78,24,34.3836,126.2754
fjgl6,2026-09-01,26.77,24,34.3836,126.2754
fjgl6,2026-09-02,26.82,23,34.3836,126.2754
fjgl6,2026-09-03,25.5,24,34.3836,126.2754
fjgl6,2026-09-04,24.7,24,34.3836,126.2754
fjgl6,2026-09-05,24.51,24,34.3836,126.2754
fjgl6,2026-09-06,24.79,24,34.3836,126.2754
fjgl6,2026-09-07,24.96,24,34.3836,126.2754
fjgl6,2026-09-08,25.08,24,34.3836,126.2754
fjgl6,2026-09-09,24.67,24,34.3836,126.2754
fjgl6,2026-09-10,24.52,24,34.3836,126.2754
fjgl6,2026-09-11,24.48,24,34.3836,126.2754
fjgl6,2026-09-12,24.52,24,34.3836,126.2754
fjgl6,2026-09-13,24.64,24,34.3836,126.2754
fjgl6,2026-09-14,24.45,24,34.3836,126.2754
fjgl6,2026-09-15,23.96,24,34.3836,126.2754
fjgl6,2026-09-16,24.03,24,34.3836,126.2754
fjgl6,2026-09-17,24.2,24,34.3836,126.2754
fjgl6,2026-09-18,24.33,24,34.3836,126.2754
fjgl6,2026-09-19,24.55,24,34.3836,126.2754
fjgl6,2026-09-20,24.52,24,34.3836,126.2754
fjgl6,2026-09-21,24.29,24,34.3836,126.2754
fjgl6,2026-09-22,24.26,24,34.3836,126.2754
fjgl6,2026-09-23,24.43,24,34.3836,126.2754
fjgl6,2026-09-24,24.56,24,34.3836,126.2754
fjhk9,2026-05-01,14.13,23,34.3991,126.4035
fjhk9,2026-05-02,14.22,24,34.3991,126.4035
fjhk9,2026-05-03,14.1,24,34.3991,126.4035
fjhk9,2026-05-04,14.23,24,34.3991,126.4035
fjhk9,2026-05-05,14.85,24,34.3991,126.4035
fjhk9,2026-05-06,15.32,24,34.3991,126.4035
fjhk9,2026-05-07,15.72,24,34.3991,126.4035
fjhk9,2026-05-08,15.29,24,34.3991,126.4035
fjhk9,2026-05-09,15.85,24,34.3991,126.4035
fjhk9,2026-05-10,16.45,24,34.3991,126.4035
fjhk9,2026-05-11,16.93,24,34.3991,126.4035
fjhk9,2026-05-12,16.97,24,34.3991,126.4035
fjhk9,2026-05-13,17.02,24,34.3991,126.4035
fjhk9,2026-05-14,16.93,24,34.3991,126.4035
fjhk9,2026-05-15,17.1,24,34.3991,126.4035
fjhk9,2026-05-16,17.35,24,34.3991,126.4035
fjhk9,2026-05-17,17.44,24,34.3991,126.4035
fjhk9,2026-05-18,17.56,24,34.3991,126.4035
fjhk9,2026-05-19,17.45,23,34.3991,126.4035
fjhk9,2026-05-20,17.53,24,34.3991,126.4035
fjhk9,2026-05-21,17.8,24,34.3991,126.4035
fjhk9,2026-05-22,17.7,24,34.3991,126.4035
fjhk9,2026-05-23,17.94,24,34.3991,126.4035
fjhk9,2026-05-24,18.16,24,34.3991,126.4035
fjhk9,2026-05-25,18.25,24,34.3991,126.4035
fjhk9,2026-05-26,18.21,24,34.3991,126.4035
fjhk9,2026-05-27,18.62,24,34.3991,126.4035
fjhk9,2026-05-28,19.1,24,34.3991,126.4035
fjhk9,2026-05-29,19.05,24,34.3991,126.4035
fjhk9,2026-05-30,19.2,23,34.3991,126.4035
fjhk9,2026-05-31,19.45,24,34.3991,126.4035
fjhk9,2026-06-01,19.4,24,34.3991,126.4035
fjhk9,2026-06-02,19.28,24,34.3991,126.4035
fjhk9,2026-06-03,20.15,24,34.3991,126.4035
fjhk9,2026-06-04,19.81,23,34.3991,126.4035
fjhk9,2026-06-05,19.75,24,34.3991,126.4035
fjhk9,2026-06-06,19.46,24,34.3991,126.4035
fjhk9,2026-06-07,19.89,24,34.3991,126.4035
fjhk9,2026-06-08,19.73,24,34.3991,126.4035
fjhk9,2026-06-09,19.68,24,34.3991,126.4035
fjhk9,2026-06-10,20.15,24,34.3991,126.4035
fjhk9,2026-06-11,20.18,24,34.3991,126.4035
fjhk9,2026-06-12,19.97,24,34.3991,126.4035
fjhk9,2026-06-13,20.04,24,34.3991,126.4035
fjhk9,2026-06-14,20.32,24,34.3991,126.4035
fjhk9,2026-06-15,20.61,24,34.3991,126.4035
fjhk9,2026-06-16,20.7,24,34.3991,126.4035
fjhk9,2026-06-17,20.66,24,34.3991,126.4035
fjhk9,2026-06-18,21.02,24,34.3991,126.4035
fjhk9,2026-06-19,20.93,24,34.3991,126.4035
fjhk9,2026-06-20,21.02,24,34.3991,126.4035
fjhk9,2026-06-21,21.65,24,34.3991,126.4035
fjhk9,2026-06-22,21.15,24,34.3991,126.4035
fjhk9,2026-06-23,20.47,24,34.3991,126.4035
fjhk9,2026-06-24,20.49,24,34.3991,126.4035
fjhk9,2026-06-25,21.24,24,34.3991,126.4035
fjhk9,2026-06-26,21.49,24,34.3991,126.4035
fjhk9,2026-06-27,21.6,24,34.3991,126.4035
fjhk9,2026-06-28,21.8,24,34.3991,126.4035
fjhk9,2026-06-29,21.85,24,34.3991,126.4035
fjhk9,2026-06-30,21.87,24,34.3991,126.4035
fjhk9,2026-07-01,21.64,24,34.3991,126.4035
fjhk9,2026-07-02,22.22,24,34.3991,126.4035
fjhk9,2026-07-03,22.07,24,34.3991,126.4035
fjhk9,2026-07-04,21.92,24,34.3991,126.4035
fjhk9,2026-07-05,21.95,24,34.3991,126.4035
fjhk9,2026-07-06,22.24,24,34.3991,126.4035
fjhk9,2026-07-07,22.51,24,34.3991,126.4035
fjhk9,2026-07-08,22.61,24,34.3991,126.4035
fjhk9,2026-07-09,23.13,24,34.3991,126.4035
fjhk9,2026-07-10,23.33,24,34.3991,126.4035
fjhk9,2026-07-11,23.63,24,34.3991,126.4035
fjhk9,2026-07-12,23.67,24,34.3991,126.4035
fjhk9,2026-07-13,24.18,24,34.3991,126.4035
fjhk9,2026-07-14,24.13,24,34.3991,126.4035
fjhk9,2026-07-15,24.35,24,34.3991,126.4035
fjhk9,2026-07-16,23.96,24,34.3991,126.4035
fjhk9,2026-07-17,23.71,24,34.3991,126.4035
fjhk9,2026-07-18,23.54,24,34.3991,126.4035
fjhk9,2026-07-19,23.76,24,34.3991,126.4035
fjhk9,2026-07-20,24.1,23,34.3991,126.4035
fjhk9,2026-07-21,24.72,24,34.3991,126.4035
fjhk9,2026-07-22,26.05,24,34.3991,126.4035
fjhk9,2026-07-23,26.61,24,34.3991,126.4035
fjhk9,2026-07-24,27.0,24,34.3991,126.4035
fjhk9,2026-07-25,27.32,24,34.3991,126.4035
fjhk9,2026-07-26,27.53,24,34.3991,126.4035
fjhk9,2026-07-27,27.26,24,34.3991,126.4035
fjhk9,2026-07-28,26.88,24,34.3991,126.4035
fjhk9,2026-07-29,26.79,24,34.3991,126.4035
fjhk9,2026-07-30,26.3,23,34.3991,126.4035
fjhk9,2026-07-31,25.73,21,34.3991,126.4035
fjhk9,2026-08-01,25.58,22,34.3991,126.4035
fjhk9,2026-08-02,25.45,22,34.3991,126.4035
fjhk9,2026-08-03,25.51,21,34.3991,126.4035
fjhk9,2026-08-04,25.62,20,34.3991,126.4035
fjhk9,2026-08-05,25.63,19,34.3991,126.4035
fjhk9,2026-08-06,26.03,22,34.3991,126.4035
fjhk9,2026-08-07,25.7,22,34.3991,126.4035
fjhk9,2026-08-08,25.03,23,34.3991,126.4035
fjhk9,2026-08-09,24.88,24,34.3991,126.4035
fjhk9,2026-08-10,24.78,24,34.3991,126.4035
fjhk9,2026-08-11,24.7,24,34.3991,126.4035
fjhk9,2026-08-12,24.78,24,34.3991,126.4035
fjhk9,2026-08-13,24.97,24,34.3991,126.4035
fjhk9,2026-08-14,25.07,24,34.3991,126.4035
fjhk9,2026-08-15,24.98,24,34.3991,126.4035
fjhk9,2026-08-16,25.1,24,34.3991,126.4035
fjhk9,2026-08-17,25.48,24,34.3991,126.4035
fjhk9,2026-08-18,25.91,24,34.3991,126.4035
fjhk9,2026-08-19,26.32,24,34.3991,126.4035
fjhk9,2026-08-20,26.73,24,34.3991,126.4035
fjhk9,2026-08-21,26.93,24,34.3991,126.4035
fjhk9,2026-08-22,27.24,24,34.3991,126.4035
fjhk9,2026-08-23,27.77,24,34.3991,126.4035
fjhk9,2026-08-24,28.38,24,34.3991,126.4035
fjhk9,2026-08-25,28.86,24,34.3991,126.4035
fjhk9,2026-08-26,28.75,24,34.3991,126.4035
fjhk9,2026-08-27,28.68,24,34.3991,126.4035
fjhk9,2026-08-28,28.4,24,34.3991,126.4035
fjhk9,2026-08-29,28.15,24,34.3991,126.4035
fjhk9,2026-08-30,27.95,23,34.3991,126.4035
fjhk9,2026-08-31,27.7,24,34.3991,126.4035
fjhk9,2026-09-01,27.68,24,34.3991,126.4035
fjhk9,2026-09-02,27.53,24,34.3991,126.4035
fjhk9,2026-09-03,27.21,24,34.3991,126.4035
fjhk9,2026-09-04,26.78,24,34.3991,126.4035
fjhk9,2026-09-05,26.5,24,34.3991,126.4035
fjhk9,2026-09-06,26.22,24,34.3991,126.4035
fjhk9,2026-09-07,26.27,24,34.3991,126.4035
fjhk9,2026-09-08,26.08,24,34.3991,126.4035
fjhk9,2026-09-09,25.72,24,34.3991,126.4035
fjhk9,2026-09-10,25.58,24,34.3991,126.4035
fjhk9,2026-09-11,25.41,24,34.3991,126.4035
fjhk9,2026-09-12,25.23,24,34.3991,126.4035
fjhk9,2026-09-13,25.21,24,34.3991,126.4035
fjhk9,2026-09-14,25.02,24,34.3991,126.4035
fjhk9,2026-09-15,24.75,24,34.3991,126.4035
fjhk9,2026-09-16,24.68,24,34.3991,126.4035
fjhk9,2026-09-17,24.68,24,34.3991,126.4035
fjhk9,2026-09-18,24.74,24,34.3991,126.4035
fjhk9,2026-09-19,25.0,24,34.3991,126.4035
fjhk9,2026-09-20,25.1,24,34.3991,126.4035
fjhk9,2026-09-21,25.12,24,34.3991,126.4035
fjhk9,2026-09-22,25.07,24,34.3991,126.4035
fjhk9,2026-09-23,25.18,24,34.3991,126.4035
fjhk9,2026-09-24,25.25,24,34.3991,126.4035
fjil6,2026-05-01,14.3,24,34.4288,126.9278
fjil6,2026-05-02,14.33,24,34.4288,126.9278
fjil6,2026-05-03,14.25,24,34.4288,126.9278
fjil6,2026-05-04,14.15,24,34.4288,126.9278
fjil6,2026-05-05,14.38,24,34.4288,126.9278
fjil6,2026-05-06,14.77,24,34.4288,126.9278
fjil6,2026-05-07,14.97,24,34.4288,126.9278
fjil6,2026-05-08,14.75,24,34.4288,126.9278
fjil6,2026-05-09,15.43,24,34.4288,126.9278
fjil6,2026-05-10,15.72,24,34.4288,126.9278
fjil6,2026-05-11,16.29,24,34.4288,126.9278
fjil6,2026-05-12,16.07,24,34.4288,126.9278
fjil6,2026-05-13,15.76,24,34.4288,126.9278
fjil6,2026-05-14,15.79,24,34.4288,126.9278
fjil6,2026-05-15,15.83,24,34.4288,126.9278
fjil6,2026-05-16,15.94,24,34.4288,126.9278
fjil6,2026-05-17,15.94,24,34.4288,126.9278
fjil6,2026-05-18,16.0,24,34.4288,126.9278
fjil6,2026-05-19,15.94,24,34.4288,126.9278
fjil6,2026-05-20,15.9,24,34.4288,126.9278
fjil6,2026-05-21,16.33,24,34.4288,126.9278
fjil6,2026-05-22,16.45,24,34.4288,126.9278
fjil6,2026-05-23,16.84,24,34.4288,126.9278
fjil6,2026-05-24,17.28,24,34.4288,126.9278
fjil6,2026-05-25,17.7,24,34.4288,126.9278
fjil6,2026-05-26,17.77,24,34.4288,126.9278
fjil6,2026-05-27,18.67,24,34.4288,126.9278
fjil6,2026-05-28,18.69,24,34.4288,126.9278
fjil6,2026-05-29,18.28,24,34.4288,126.9278
fjil6,2026-05-30,18.39,24,34.4288,126.9278
fjil6,2026-05-31,18.59,24,34.4288,126.9278
fjil6,2026-06-01,18.65,24,34.4288,126.9278
fjil6,2026-06-02,18.71,24,34.4288,126.9278
fjil6,2026-06-03,19.33,24,34.4288,126.9278
fjil6,2026-06-04,19.03,24,34.4288,126.9278
fjil6,2026-06-05,19.27,24,34.4288,126.9278
fjil6,2026-06-06,19.28,24,34.4288,126.9278
fjil6,2026-06-07,20.44,24,34.4288,126.9278
fjil6,2026-06-08,20.02,24,34.4288,126.9278
fjil6,2026-06-09,20.05,24,34.4288,126.9278
fjil6,2026-06-10,20.41,24,34.4288,126.9278
fjil6,2026-06-11,20.06,24,34.4288,126.9278
fjil6,2026-06-12,20.12,24,34.4288,126.9278
fjil6,2026-06-13,20.16,24,34.4288,126.9278
fjil6,2026-06-14,20.29,24,34.4288,126.9278
fjil6,2026-06-15,20.45,24,34.4288,126.9278
fjil6,2026-06-16,20.29,24,34.4288,126.9278
fjil6,2026-06-17,20.13,24,34.4288,126.9278
fjil6,2026-06-18,20.33,24,34.4288,126.9278
fjil6,2026-06-19,20.19,24,34.4288,126.9278
fjil6,2026-06-20,20.29,24,34.4288,126.9278
fjil6,2026-06-21,20.65,24,34.4288,126.9278
fjil6,2026-06-22,20.55,24,34.4288,126.9278
fjil6,2026-06-23,20.64,24,34.4288,126.9278
fjil6,2026-06-24,21.74,24,34.4288,126.9278
fjil6,2026-06-25,22.35,24,34.4288,126.9278
fjil6,2026-06-26,22.11,24,34.4288,126.9278
fjil6,2026-06-27,22.01,24,34.4288,126.9278
fjil6,2026-06-28,21.99,24,34.4288,126.9278
fjil6,2026-06-29,22.05,24,34.4288,126.9278
fjil6,2026-06-30,22.09,24,34.4288,126.9278
fjil6,2026-07-01,21.87,24,34.4288,126.9278
fjil6,2026-07-02,22.22,24,34.4288,126.9278
fjil6,2026-07-03,22.16,24,34.4288,126.9278
fjil6,2026-07-04,22.16,24,34.4288,126.9278
fjil6,2026-07-05,22.21,24,34.4288,126.9278
fjil6,2026-07-06,22.37,24,34.4288,126.9278
fjil6,2026-07-07,22.55,24,34.4288,126.9278
fjil6,2026-07-08,22.6,24,34.4288,126.9278
fjil6,2026-07-09,22.8,24,34.4288,126.9278
fjil6,2026-07-10,23.16,24,34.4288,126.9278
fjil6,2026-07-11,23.51,24,34.4288,126.9278
fjil6,2026-07-12,23.52,24,34.4288,126.9278
fjil6,2026-07-13,23.65,24,34.4288,126.9278
fjil6,2026-07-14,23.54,24,34.4288,126.9278
fjil6,2026-07-15,23.41,24,34.4288,126.9278
fjil6,2026-07-16,22.87,24,34.4288,126.9278
fjil6,2026-07-17,22.7,24,34.4288,126.9278
fjil6,2026-07-18,22.7,24,34.4288,126.9278
fjil6,2026-07-19,22.96,24,34.4288,126.9278
fjil6,2026-07-20,23.32,24,34.4288,126.9278
fjil6,2026-07-21,23.88,24,34.4288,126.9278
fjil6,2026-07-22,24.89,24,34.4288,126.9278
fjil6,2026-07-23,25.99,24,34.4288,126.9278
fjil6,2026-07-24,26.61,24,34.4288,126.9278
fjil6,2026-07-25,27.35,24,34.4288,126.9278
fjil6,2026-07-26,27.1,24,34.4288,126.9278
fjil6,2026-07-27,25.95,24,34.4288,126.9278
fjil6,2026-07-28,24.49,24,34.4288,126.9278
fjil6,2026-07-29,23.5,24,34.4288,126.9278
fjil6,2026-07-30,23.21,24,34.4288,126.9278
fjil6,2026-07-31,22.96,24,34.4288,126.9278
fjil6,2026-08-01,22.91,23,34.4288,126.9278
fjil6,2026-08-02,23.0,24,34.4288,126.9278
fjil6,2026-08-03,23.07,24,34.4288,126.9278
fjil6,2026-08-04,23.15,24,34.4288,126.9278
fjil6,2026-08-05,23.58,24,34.4288,126.9278
fjil6,2026-08-06,23.85,24,34.4288,126.9278
fjil6,2026-08-07,24.87,24,34.4288,126.9278
fjil6,2026-08-08,27.07,24,34.4288,126.9278
fjil6,2026-08-09,27.95,24,34.4288,126.9278
fjil6,2026-08-10,27.2,24,34.4288,126.9278
fjil6,2026-08-11,25.81,24,34.4288,126.9278
fjil6,2026-08-12,25.37,24,34.4288,126.9278
fjil6,2026-08-13,25.52,24,34.4288,126.9278
fjil6,2026-08-14,25.75,24,34.4288,126.9278
fjil6,2026-08-15,25.81,24,34.4288,126.9278
fjil6,2026-08-16,25.81,24,34.4288,126.9278
fjil6,2026-08-17,25.92,24,34.4288,126.9278
fjil6,2026-08-18,26.37,24,34.4288,126.9278
fjil6,2026-08-19,26.59,24,34.4288,126.9278
fjil6,2026-08-20,27.06,24,34.4288,126.9278
fjil6,2026-08-21,27.49,24,34.4288,126.9278
fjil6,2026-08-22,27.8,24,34.4288,126.9278
fjil6,2026-08-23,28.2,24,34.4288,126.9278
fjil6,2026-08-24,28.31,24,34.4288,126.9278
fjil6,2026-08-25,28.16,24,34.4288,126.9278
fjil6,2026-08-26,27.82,24,34.4288,126.9278
fjil6,2026-08-27,27.89,24,34.4288,126.9278
fjil6,2026-08-28,27.56,24,34.4288,126.9278
fjil6,2026-08-29,27.41,24,34.4288,126.9278
fjil6,2026-08-30,27.25,24,34.4288,126.9278
fjil6,2026-08-31,26.98,24,34.4288,126.9278
fjil6,2026-09-01,26.78,24,34.4288,126.9278
fjil6,2026-09-02,26.79,24,34.4288,126.9278
fjil6,2026-09-03,26.76,24,34.4288,126.9278
fjil6,2026-09-04,26.45,24,34.4288,126.9278
fjil6,2026-09-05,27.1,24,34.4288,126.9278
fjil6,2026-09-06,27.35,24,34.4288,126.9278
fjil6,2026-09-07,26.84,24,34.4288,126.9278
fjil6,2026-09-08,26.64,24,34.4288,126.9278
fjil6,2026-09-09,26.3,24,34.4288,126.9278
fjil6,2026-09-10,25.92,24,34.4288,126.9278
fjil6,2026-09-11,25.7,24,34.4288,126.9278
fjil6,2026-09-12,25.63,24,34.4288,126.9278
fjil6,2026-09-13,25.77,24,34.4288,126.9278
fjil6,2026-09-14,25.75,24,34.4288,126.9278
fjil6,2026-09-15,25.78,24,34.4288,126.9278
fjil6,2026-09-16,25.72,24,34.4288,126.9278
fjil6,2026-09-17,25.59,24,34.4288,126.9278
fjil6,2026-09-18,25.4,24,34.4288,126.9278
fjil6,2026-09-19,25.5,24,34.4288,126.9278
fjil6,2026-09-20,25.62,24,34.4288,126.9278
fjil6,2026-09-21,25.68,24,34.4288,126.9278
fjil6,2026-09-22,25.62,24,34.4288,126.9278
fjil6,2026-09-23,25.69,24,34.4288,126.9278
fjil6,2026-09-24,25.72,24,34.4288,126.9278
fjmm6,2026-05-01,13.14,24,34.3982,126.359
fjmm6,2026-05-02,13.27,24,34.3982,126.359
fjmm6,2026-05-03,12.93,24,34.3982,126.359
fjmm6,2026-05-04,12.96,24,34.3982,126.359
fjmm6,2026-05-05,14.17,24,34.3982,126.359
fjmm6,2026-05-06,14.9,24,34.3982,126.359
fjmm6,2026-05-07,15.54,24,34.3982,126.359
fjmm6,2026-05-08,14.71,24,34.3982,126.359
fjmm6,2026-05-09,15.08,24,34.3982,126.359
fjmm6,2026-05-10,16.06,24,34.3982,126.359
fjmm6,2026-05-11,16.75,24,34.3982,126.359
fjmm6,2026-05-12,16.75,24,34.3982,126.359
fjmm6,2026-05-13,16.68,24,34.3982,126.359
fjmm6,2026-05-14,16.65,24,34.3982,126.359
fjmm6,2026-05-15,16.42,24,34.3982,126.359
fjmm6,2026-05-16,16.42,24,34.3982,126.359
fjmm6,2026-05-17,16.45,24,34.3982,126.359
fjmm6,2026-05-18,16.71,24,34.3982,126.359
fjmm6,2026-05-19,16.71,24,34.3982,126.359
fjmm6,2026-05-20,16.47,24,34.3982,126.359
fjmm6,2026-05-21,16.39,24,34.3982,126.359
fjmm6,2026-05-22,16.9,24,34.3982,126.359
fjmm6,2026-05-23,17.38,24,34.3982,126.359
fjmm6,2026-05-24,17.95,24,34.3982,126.359
fjmm6,2026-05-25,18.4,24,34.3982,126.359
fjmm6,2026-05-26,18.4,24,34.3982,126.359
fjmm6,2026-05-27,18.86,24,34.3982,126.359
fjmm6,2026-05-28,18.99,24,34.3982,126.359
fjmm6,2026-05-29,19.15,24,34.3982,126.359
fjmm6,2026-05-30,19.27,24,34.3982,126.359
fjmm6,2026-05-31,19.3,24,34.3982,126.359
fjmm6,2026-06-01,19.41,24,34.3982,126.359
fjmm6,2026-06-02,19.45,24,34.3982,126.359
fjmm6,2026-06-03,19.98,24,34.3982,126.359
fjmm6,2026-06-04,19.75,24,34.3982,126.359
fjmm6,2026-06-05,19.35,24,34.3982,126.359
fjmm6,2026-06-06,19.76,24,34.3982,126.359
fjmm6,2026-06-07,20.19,24,34.3982,126.359
fjmm6,2026-06-08,19.58,24,34.3982,126.359
fjmm6,2026-06-09,19.65,24,34.3982,126.359
fjmm6,2026-06-10,19.91,24,34.3982,126.359
fjmm6,2026-06-11,20.03,24,34.3982,126.359
fjmm6,2026-06-12,20.08,24,34.3982,126.359
fjmm6,2026-06-13,20.14,24,34.3982,126.359
fjmm6,2026-06-14,20.31,24,34.3982,126.359
fjmm6,2026-06-15,20.66,24,34.3982,126.359
fjmm6,2026-06-16,20.43,24,34.3982,126.359
fjmm6,2026-06-17,20.1,24,34.3982,126.359
fjmm6,2026-06-18,20.75,24,34.3982,126.359
fjmm6,2026-06-19,20.58,24,34.3982,126.359
fjmm6,2026-06-20,20.07,24,34.3982,126.359
fjmm6,2026-06-21,21.33,24,34.3982,126.359
fjmm6,2026-06-22,21.2,24,34.3982,126.359
fjmm6,2026-06-23,20.69,24,34.3982,126.359
fjmm6,2026-06-24,20.89,24,34.3982,126.359
fjmm6,2026-06-25,21.25,24,34.3982,126.359
fjmm6,2026-06-26,21.6,24,34.3982,126.359
fjmm6,2026-06-27,21.5,24,34.3982,126.359
fjmm6,2026-06-28,21.45,24,34.3982,126.359
fjmm6,2026-06-29,21.78,24,34.3982,126.359
fjmm6,2026-06-30,21.66,24,34.3982,126.359
fjmm6,2026-07-01,21.28,24,34.3982,126.359
fjmm6,2026-07-02,21.97,24,34.3982,126.359
fjmm6,2026-07-03,21.74,24,34.3982,126.359
fjmm6,2026-07-04,21.55,24,34.3982,126.359
fjmm6,2026-07-05,21.55,24,34.3982,126.359
fjmm6,2026-07-06,22.03,24,34.3982,126.359
fjmm6,2026-07-07,22.68,24,34.3982,126.359
fjmm6,2026-07-08,22.24,24,34.3982,126.359
fjmm6,2026-07-09,23.2,24,34.3982,126.359
fjmm6,2026-07-10,23.66,24,34.3982,126.359
fjmm6,2026-07-11,24.38,24,34.3982,126.359
fjmm6,2026-07-12,24.34,24,34.3982,126.359
fjmm6,2026-07-13,24.47,24,34.3982,126.359
fjmm6,2026-07-14,24.0,24,34.3982,126.359
fjmm6,2026-07-15,23.97,24,34.3982,126.359
fjmm6,2026-07-16,23.42,24,34.3982,126.359
fjmm6,2026-07-17,23.35,24,34.3982,126.359
fjmm6,2026-07-18,23.19,24,34.3982,126.359
fjmm6,2026-07-19,24.05,24,34.3982,126.359
fjmm6,2026-07-20,24.55,24,34.3982,126.359
fjmm6,2026-07-21,24.98,24,34.3982,126.359
fjmm6,2026-07-22,25.9,24,34.3982,126.359
fjmm6,2026-07-23,26.2,24,34.3982,126.359
fjmm6,2026-07-24,26.81,24,34.3982,126.359
fjmm6,2026-07-25,27.13,24,34.3982,126.359
fjmm6,2026-07-26,27.37,24,34.3982,126.359
fjmm6,2026-07-27,26.94,24,34.3982,126.359
fjmm6,2026-07-28,26.81,24,34.3982,126.359
fjmm6,2026-07-29,26.33,24,34.3982,126.359
fjmm6,2026-07-30,25.97,24,34.3982,126.359
fjmm6,2026-07-31,25.85,24,34.3982,126.359
fjmm6,2026-08-01,25.75,24,34.3982,126.359
fjmm6,2026-08-02,25.83,24,34.3982,126.359
fjmm6,2026-08-03,26.44,24,34.3982,126.359
fjmm6,2026-08-04,26.52,24,34.3982,126.359
fjmm6,2026-08-05,26.52,24,34.3982,126.359
fjmm6,2026-08-06,26.68,24,34.3982,126.359
fjmm6,2026-08-07,26.54,24,34.3982,126.359
fjmm6,2026-08-08,26.04,24,34.3982,126.359
fjmm6,2026-08-09,25.4,24,34.3982,126.359
fjmm6,2026-08-10,24.89,24,34.3982,126.359
fjmm6,2026-08-11,24.45,24,34.3982,126.359
fjmm6,2026-08-12,24.56,24,34.3982,126.359
fjmm6,2026-08-13,24.62,24,34.3982,126.359
fjmm6,2026-08-14,24.73,24,34.3982,126.359
fjmm6,2026-08-15,24.28,24,34.3982,126.359
fjmm6,2026-08-16,24.37,24,34.3982,126.359
fjmm6,2026-08-17,25.05,24,34.3982,126.359
fjmm6,2026-08-18,25.72,24,34.3982,126.359
fjmm6,2026-08-19,26.32,24,34.3982,126.359
fjmm6,2026-08-20,26.62,24,34.3982,126.359
fjmm6,2026-08-21,26.93,24,34.3982,126.359
fjmm6,2026-08-22,27.07,24,34.3982,126.359
fjmm6,2026-08-23,27.42,24,34.3982,126.359
fjmm6,2026-08-24,28.2,24,34.3982,126.359
fjmm6,2026-08-25,28.3,24,34.3982,126.359
fjmm6,2026-08-26,28.25,24,34.3982,126.359
fjmm6,2026-08-27,28.44,24,34.3982,126.359
fjmm6,2026-08-28,27.97,24,34.3982,126.359
fjmm6,2026-08-29,27.91,24,34.3982,126.359
fjmm6,2026-08-30,27.73,24,34.3982,126.359
fjmm6,2026-08-31,27.08,24,34.3982,126.359
fjmm6,2026-09-01,26.98,24,34.3982,126.359
fjmm6,2026-09-02,27.26,24,34.3982,126.359
fjmm6,2026-09-03,26.9,24,34.3982,126.359
fjmm6,2026-09-04,26.45,24,34.3982,126.359
fjmm6,2026-09-05,26.17,24,34.3982,126.359
fjmm6,2026-09-06,26.07,24,34.3982,126.359
fjmm6,2026-09-07,25.78,24,34.3982,126.359
fjmm6,2026-09-08,25.44,24,34.3982,126.359
fjmm6,2026-09-09,24.69,24,34.3982,126.359
fjmm6,2026-09-10,24.3,24,34.3982,126.359
fjmm6,2026-09-11,24.39,24,34.3982,126.359
fjmm6,2026-09-12,24.48,24,34.3982,126.359
fjmm6,2026-09-13,24.56,24,34.3982,126.359
fjmm6,2026-09-14,24.41,24,34.3982,126.359
fjmm6,2026-09-15,23.91,22,34.3982,126.359
fjmm6,2026-09-16,24.01,24,34.3982,126.359
fjmm6,2026-09-17,24.12,24,34.3982,126.359
fjmm6,2026-09-18,24.28,24,34.3982,126.359
fjmm6,2026-09-19,24.58,24,34.3982,126.359
fjmm6,2026-09-20,24.63,24,34.3982,126.359
fjmm6,2026-09-21,24.46,24,34.3982,126.359
fjmm6,2026-09-22,24.47,24,34.3982,126.359
fjmm6,2026-09-23,24.46,24,34.3982,126.359
fjmm6,2026-09-24,24.38,24,34.3982,126.359
fjnk6,2026-05-01,15.4,24,34.4355,126.8628
fjnk6,2026-05-02,15.44,24,34.4355,126.8628
fjnk6,2026-05-03,15.27,24,34.4355,126.8628
fjnk6,2026-05-04,15.26,24,34.4355,126.8628
fjnk6,2026-05-05,15.38,24,34.4355,126.8628
fjnk6,2026-05-06,15.55,24,34.4355,126.8628
fjnk6,2026-05-07,15.91,24,34.4355,126.8628
fjnk6,2026-05-08,16.09,24,34.4355,126.8628
fjnk6,2026-05-09,16.31,24,34.4355,126.8628
fjnk6,2026-05-10,16.53,24,34.4355,126.8628
fjnk6,2026-05-11,16.73,24,34.4355,126.8628
fjnk6,2026-05-12,16.42,24,34.4355,126.8628
fjnk6,2026-05-13,16.55,24,34.4355,126.8628
fjnk6,2026-05-14,16.92,24,34.4355,126.8628
fjnk6,2026-05-15,17.15,24,34.4355,126.8628
fjnk6,2026-05-16,17.29,24,34.4355,126.8628
fjnk6,2026-05-17,17.58,24,34.4355,126.8628
fjnk6,2026-05-18,17.71,24,34.4355,126.8628
fjnk6,2026-05-19,17.8,24,34.4355,126.8628
fjnk6,2026-05-20,17.56,24,34.4355,126.8628
fjnk6,2026-05-21,17.79,24,34.4355,126.8628
fjnk6,2026-05-22,17.87,24,34.4355,126.8628
fjnk6,2026-05-23,17.68,24,34.4355,126.8628
fjnk6,2026-05-24,17.85,24,34.4355,126.8628
fjnk6,2026-05-25,18.03,24,34.4355,126.8628
fjnk6,2026-05-26,18.13,23,34.4355,126.8628
fjnk6,2026-05-27,18.28,24,34.4355,126.8628
fjnk6,2026-05-28,18.65,24,34.4355,126.8628
fjnk6,2026-05-29,18.82,24,34.4355,126.8628
fjnk6,2026-05-30,18.95,24,34.4355,126.8628
fjnk6,2026-05-31,19.3,24,34.4355,126.8628
fjnk6,2026-06-01,19.44,24,34.4355,126.8628
fjnk6,2026-06-02,19.52,24,34.4355,126.8628
fjnk6,2026-06-03,19.84,24,34.4355,126.8628
fjnk6,2026-06-04,19.99,24,34.4355,126.8628
fjnk6,2026-06-05,20.38,24,34.4355,126.8628
fjnk6,2026-06-06,19.88,24,34.4355,126.8628
fjnk6,2026-06-07,19.94,24,34.4355,126.8628
fjnk6,2026-06-08,20.08,24,34.4355,126.8628
fjnk6,2026-06-09,20.35,24,34.4355,126.8628
fjnk6,2026-06-10,20.28,24,34.4355,126.8628
fjnk6,2026-06-11,20.53,24,34.4355,126.8628
fjnk6,2026-06-12,20.76,24,34.4355,126.8628
fjnk6,2026-06-13,20.82,24,34.4355,126.8628
fjnk6,2026-06-14,21.3,24,34.4355,126.8628
fjnk6,2026-06-15,21.26,24,34.4355,126.8628
fjnk6,2026-06-16,21.28,24,34.4355,126.8628
fjnk6,2026-06-17,21.23,24,34.4355,126.8628
fjnk6,2026-06-18,21.34,24,34.4355,126.8628
fjnk6,2026-06-19,21.54,24,34.4355,126.8628
fjnk6,2026-06-20,21.79,24,34.4355,126.8628
fjnk6,2026-06-21,21.85,24,34.4355,126.8628
fjnk6,2026-06-22,21.27,24,34.4355,126.8628
fjnk6,2026-06-23,21.12,24,34.4355,126.8628
fjnk6,2026-06-24,21.12,24,34.4355,126.8628
fjnk6,2026-06-25,21.4,24,34.4355,126.8628
fjnk6,2026-06-26,21.88,24,34.4355,126.8628
fjnk6,2026-06-27,22.09,24,34.4355,126.8628
fjnk6,2026-06-28,22.19,24,34.4355,126.8628
fjnk6,2026-06-29,22.5,24,34.4355,126.8628
fjnk6,2026-06-30,22.88,24,34.4355,126.8628
fjnk6,2026-07-01,22.42,24,34.4355,126.8628
fjnk6,2026-07-02,22.78,24,34.4355,126.8628
fjnk6,2026-07-03,22.88,24,34.4355,126.8628
fjnk6,2026-07-04,22.95,24,34.4355,126.8628
fjnk6,2026-07-05,23.02,24,34.4355,126.8628
fjnk6,2026-07-06,23.28,24,34.4355,126.8628
fjnk6,2026-07-07,23.47,24,34.4355,126.8628
fjnk6,2026-07-08,23.32,24,34.4355,126.8628
fjnk6,2026-07-09,23.48,24,34.4355,126.8628
fjnk6,2026-07-10,23.62,24,34.4355,126.8628
fjnk6,2026-07-11,23.86,24,34.4355,126.8628
fjnk6,2026-07-12,24.03,24,34.4355,126.8628
fjnk6,2026-07-13,24.35,24,34.4355,126.8628
fjnk6,2026-07-14,24.53,24,34.4355,126.8628
fjnk6,2026-07-15,24.98,24,34.4355,126.8628
fjnk6,2026-07-16,24.66,24,34.4355,126.8628
fjnk6,2026-07-17,24.37,24,34.4355,126.8628
fjnk6,2026-07-18,24.26,24,34.4355,126.8628
fjnk6,2026-07-19,24.21,24,34.4355,126.8628
fjnk6,2026-07-20,24.37,23,34.4355,126.8628
fjnk6,2026-07-21,24.6,23,34.4355,126.8628
fjnk6,2026-07-22,25.03,24,34.4355,126.8628
fjnk6,2026-07-23,25.59,23,34.4355,126.8628
fjnk6,2026-07-24,26.17,24,34.4355,126.8628
fjnk6,2026-07-25,25.96,23,34.4355,126.8628
fjnk6,2026-07-26,26.37,24,34.4355,126.8628
fjnk6,2026-07-27,25.72,24,34.4355,126.8628
fjnk6,2026-07-28,25.45,24,34.4355,126.8628
fjnk6,2026-07-29,25.29,24,34.4355,126.8628
fjnk6,2026-07-30,25.08,24,34.4355,126.8628
fjnk6,2026-07-31,25.1,24,34.4355,126.8628
fjnk6,2026-08-01,25.12,24,34.4355,126.8628
fjnk6,2026-08-02,25.06,24,34.4355,126.8628
fjnk6,2026-08-03,25.01,24,34.4355,126.8628
fjnk6,2026-08-04,25.13,24,34.4355,126.8628
fjnk6,2026-08-05,25.24,24,34.4355,126.8628
fjnk6,2026-08-06,25.19,24,34.4355,126.8628
fjnk6,2026-08-07,25.36,24,34.4355,126.8628
fjnk6,2026-08-08,25.5,24,34.4355,126.8628
fjnk6,2026-08-09,26.42,24,34.4355,126.8628
fjnk6,2026-08-10,26.38,24,34.4355,126.8628
fjnk6,2026-08-11,26.17,24,34.4355,126.8628
fjnk6,2026-08-12,26.16,24,34.4355,126.8628
fjnk6,2026-08-13,26.45,24,34.4355,126.8628
fjnk6,2026-08-14,26.38,24,34.4355,126.8628
fjnk6,2026-08-15,26.36,24,34.4355,126.8628
fjnk6,2026-08-16,26.22,24,34.4355,126.8628
fjnk6,2026-08-17,26.39,24,34.4355,126.8628
fjnk6,2026-08-18,26.73,24,34.4355,126.8628
fjnk6,2026-08-19,27.13,24,34.4355,126.8628
fjnk6,2026-08-20,27.52,24,34.4355,126.8628
fjnk6,2026-08-21,27.83,24,34.4355,126.8628
fjnk6,2026-08-22,28.25,24,34.4355,126.8628
fjnk6,2026-08-23,28.31,24,34.4355,126.8628
fjnk6,2026-08-24,28.66,24,34.4355,126.8628
fjnk6,2026-08-25,28.41,24,34.4355,126.8628
fjnk6,2026-08-26,28.95,24,34.4355,126.8628
fjnk6,2026-08-27,29.11,24,34.4355,126.8628
fjnk6,2026-08-28,28.85,24,34.4355,126.8628
fjnk6,2026-08-29,28.95,24,34.4355,126.8628
fjnk6,2026-08-30,28.98,24,34.4355,126.8628
fjnk6,2026-08-31,29.15,24,34.4355,126.8628
fjnk6,2026-09-01,28.82,24,34.4355,126.8628
fjnk6,2026-09-02,28.63,24,34.4355,126.8628
fjnk6,2026-09-03,28.31,24,34.4355,126.8628
fjnk6,2026-09-04,27.73,24,34.4355,126.8628
fjnk6,2026-09-05,27.21,24,34.4355,126.8628
fjnk6,2026-09-06,26.96,24,34.4355,126.8628
fjnk6,2026-09-07,27.11,24,34.4355,126.8628
fjnk6,2026-09-08,27.07,24,34.4355,126.8628
fjnk6,2026-09-09,26.93,24,34.4355,126.8628
fjnk6,2026-09-10,26.69,24,34.4355,126.8628
fjnk6,2026-09-11,26.75,24,34.4355,126.8628
fjnk6,2026-09-12,26.66,24,34.4355,126.8628
fjnk6,2026-09-13,26.71,24,34.4355,126.8628
fjnk6,2026-09-14,26.5,24,34.4355,126.8628
fjnk6,2026-09-15,26.13,24,34.4355,126.8628
fjnk6,2026-09-16,26.14,24,34.4355,126.8628
fjnk6,2026-09-17,26.04,24,34.4355,126.8628
fjnk6,2026-09-18,25.98,24,34.4355,126.8628
fjnk6,2026-09-19,26.02,24,34.4355,126.8628
fjnk6,2026-09-20,26.07,24,34.4355,126.8628
fjnk6,2026-09-21,26.1,24,34.4355,126.8628
fjnk6,2026-09-22,26.11,24,34.4355,126.8628
fjnk6,2026-09-23,26.27,24,34.4355,126.8628
fjnk6,2026-09-24,26.25,24,34.4355,126.8628
fjnka,2026-05-01,14.51,23,34.4589,126.9696
fjnka,2026-05-02,14.47,23,34.4589,126.9696
fjnka,2026-05-03,14.34,23,34.4589,126.9696
fjnka,2026-05-04,14.25,23,34.4589,126.9696
fjnka,2026-05-05,14.52,23,34.4589,126.9696
fjnka,2026-05-06,14.93,23,34.4589,126.9696
fjnka,2026-05-07,15.24,23,34.4589,126.9696
fjnka,2026-05-08,15.03,23,34.4589,126.9696
fjnka,2026-05-09,15.25,23,34.4589,126.9696
fjnka,2026-05-10,16.24,23,34.4589,126.9696
fjnka,2026-05-11,17.37,23,34.4589,126.9696
fjnka,2026-05-12,17.08,23,34.4589,126.9696
fjnka,2026-05-13,16.67,23,34.4589,126.9696
fjnka,2026-05-14,16.71,23,34.4589,126.9696
fjnka,2026-05-15,16.96,23,34.4589,126.9696
fjnka,2026-05-16,16.68,23,34.4589,126.9696
fjnka,2026-05-17,16.45,23,34.4589,126.9696
fjnka,2026-05-18,16.46,23,34.4589,126.9696
fjnka,2026-05-19,16.57,23,34.4589,126.9696
fjnka,2026-05-20,16.51,23,34.4589,126.9696
fjnka,2026-05-21,17.03,23,34.4589,126.9696
fjnka,2026-05-22,17.05,23,34.4589,126.9696
fjnka,2026-05-23,17.83,23,34.4589,126.9696
fjnka,2026-05-24,19.59,23,34.4589,126.9696
fjnka,2026-05-25,20.13,23,34.4589,126.9696
fjnka,2026-05-26,20.12,23,34.4589,126.9696
fjnka,2026-05-27,21.5,23,34.4589,126.9696
fjnka,2026-05-28,20.0,23,34.4589,126.9696
fjnka,2026-05-29,19.01,23,34.4589,126.9696
fjnka,2026-05-30,19.15,23,34.4589,126.9696
fjnka,2026-05-31,19.36,23,34.4589,126.9696
fjnka,2026-06-01,19.49,23,34.4589,126.9696
fjnka,2026-06-02,20.13,23,34.4589,126.9696
fjnka,2026-06-03,20.22,23,34.4589,126.9696
fjnka,2026-06-04,20.0,24,34.4589,126.9696
fjnka,2026-06-05,19.77,24,34.4589,126.9696
fjnka,2026-06-06,21.18,24,34.4589,126.9696
fjnka,2026-06-07,22.02,24,34.4589,126.9696
fjnka,2026-06-08,21.29,24,34.4589,126.9696
fjnka,2026-06-09,21.07,24,34.4589,126.9696
fjnka,2026-06-10,20.99,24,34.4589,126.9696
fjnka,2026-06-11,20.6,24,34.4589,126.9696
fjnka,2026-06-12,20.53,24,34.4589,126.9696
fjnka,2026-06-13,20.86,24,34.4589,126.9696
fjnka,2026-06-14,21.01,24,34.4589,126.9696
fjnka,2026-06-15,21.05,24,34.4589,126.9696
fjnka,2026-06-16,21.06,24,34.4589,126.9696
fjnka,2026-06-17,20.79,24,34.4589,126.9696
fjnka,2026-06-18,21.14,24,34.4589,126.9696
fjnka,2026-06-19,20.87,24,34.4589,126.9696
fjnka,2026-06-20,20.5,24,34.4589,126.9696
fjnka,2026-06-21,20.68,24,34.4589,126.9696
fjnka,2026-06-22,21.3,24,34.4589,126.9696
fjnka,2026-06-23,22.04,24,34.4589,126.9696
fjnka,2026-06-24,22.58,24,34.4589,126.9696
fjnka,2026-06-25,22.94,24,34.4589,126.9696
fjnka,2026-06-26,22.93,24,34.4589,126.9696
fjnka,2026-06-27,22.79,24,34.4589,126.9696
fjnka,2026-06-28,22.8,24,34.4589,126.9696
fjnka,2026-06-29,22.94,24,34.4589,126.9696
fjnka,2026-06-30,22.83,24,34.4589,126.9696
fjnka,2026-07-01,22.67,24,34.4589,126.9696
fjnka,2026-07-02,23.06,23,34.4589,126.9696
fjnka,2026-07-03,22.74,24,34.4589,126.9696
fjnka,2026-07-04,22.58,24,34.4589,126.9696
fjnka,2026-07-05,22.51,24,34.4589,126.9696
fjnka,2026-07-06,22.5,24,34.4589,126.9696
fjnka,2026-07-07,23.13,24,34.4589,126.9696
fjnka,2026-07-08,23.1,24,34.4589,126.9696
fjnka,2026-07-09,23.29,24,34.4589,126.9696
fjnka,2026-07-10,23.87,24,34.4589,126.9696
fjnka,2026-07-11,25.15,24,34.4589,126.9696
fjnka,2026-07-12,25.21,24,34.4589,126.9696
fjnka,2026-07-13,24.77,24,34.4589,126.9696
fjnka,2026-07-14,24.25,24,34.4589,126.9696
fjnka,2026-07-15,23.72,24,34.4589,126.9696
fjnka,2026-07-16,23.47,24,34.4589,126.9696
fjnka,2026-07-17,23.36,24,34.4589,126.9696
fjnka,2026-07-18,23.62,24,34.4589,126.9696
fjnka,2026-07-19,23.91,24,34.4589,126.9696
fjnka,2026-07-20,24.62,24,34.4589,126.9696
fjnka,2026-07-21,25.09,24,34.4589,126.9696
fjnka,2026-07-22,25.91,24,34.4589,126.9696
fjnka,2026-07-23,26.87,24,34.4589,126.9696
fjnka,2026-07-24,27.65,24,34.4589,126.9696
fjnka,2026-07-25,27.91,24,34.4589,126.9696
fjnka,2026-07-26,27.45,24,34.4589,126.9696
fjnka,2026-07-27,26.9,24,34.4589,126.9696
fjnka,2026-07-28,25.91,23,34.4589,126.9696
fjnka,2026-07-29,24.86,24,34.4589,126.9696
fjnka,2026-07-30,23.91,24,34.4589,126.9696
fjnka,2026-07-31,24.18,24,34.4589,126.9696
fjnka,2026-08-01,23.89,24,34.4589,126.9696
fjnka,2026-08-02,23.76,24,34.4589,126.9696
fjnka,2026-08-03,24.0,24,34.4589,126.9696
fjnka,2026-08-04,23.83,22,34.4589,126.9696
fjnka,2026-08-05,24.54,24,34.4589,126.9696
fjnka,2026-08-06,25.88,23,34.4589,126.9696
fjnka,2026-08-07,28.11,24,34.4589,126.9696
fjnka,2026-08-08,29.36,24,34.4589,126.9696
fjnka,2026-08-09,29.02,24,34.4589,126.9696
fjnka,2026-08-10,28.09,24,34.4589,126.9696
fjnka,2026-08-11,26.82,24,34.4589,126.9696
fjnka,2026-08-12,25.72,24,34.4589,126.9696
fjnka,2026-08-13,25.78,24,34.4589,126.9696
fjnka,2026-08-14,25.97,24,34.4589,126.9696
fjnka,2026-08-15,25.94,24,34.4589,126.9696
fjnka,2026-08-16,25.75,24,34.4589,126.9696
fjnka,2026-08-17,25.88,24,34.4589,126.9696
fjnka,2026-08-18,26.37,24,34.4589,126.9696
fjnka,2026-08-19,26.85,24,34.4589,126.9696
fjnka,2026-08-20,27.55,24,34.4589,126.9696
fjnka,2026-08-21,28.02,24,34.4589,126.9696
fjnka,2026-08-22,28.42,24,34.4589,126.9696
fjnka,2026-08-23,28.6,24,34.4589,126.9696
fjnka,2026-08-24,28.92,24,34.4589,126.9696
fjnka,2026-08-25,28.27,24,34.4589,126.9696
fjnka,2026-08-26,28.15,24,34.4589,126.9696
fjnka,2026-08-27,28.18,24,34.4589,126.9696
fjnka,2026-08-28,27.78,24,34.4589,126.9696
fjnka,2026-08-29,27.62,24,34.4589,126.9696
fjnka,2026-08-30,27.42,24,34.4589,126.9696
fjnka,2026-08-31,27.46,24,34.4589,126.9696
fjnka,2026-09-01,27.37,24,34.4589,126.9696
fjnka,2026-09-02,27.19,24,34.4589,126.9696
fjnka,2026-09-03,27.19,24,34.4589,126.9696
fjnka,2026-09-04,27.66,24,34.4589,126.9696
fjnka,2026-09-05,27.88,24,34.4589,126.9696
fjnka,2026-09-06,27.1,24,34.4589,126.9696
fjnka,2026-09-07,27.01,24,34.4589,126.9696
fjnka,2026-09-08,26.77,24,34.4589,126.9696
fjnka,2026-09-09,26.4,24,34.4589,126.9696
fjnka,2026-09-10,25.99,24,34.4589,126.9696
fjnka,2026-09-11,25.76,24,34.4589,126.9696
fjnka,2026-09-12,25.69,24,34.4589,126.9696
fjnka,2026-09-13,25.8,24,34.4589,126.9696
fjnka,2026-09-14,25.68,24,34.4589,126.9696
fjnka,2026-09-15,25.68,24,34.4589,126.9696
fjnka,2026-09-16,25.8,24,34.4589,126.9696
fjnka,2026-09-17,25.41,24,34.4589,126.9696
fjnka,2026-09-18,25.18,24,34.4589,126.9696
fjnka,2026-09-19,25.38,24,34.4589,126.9696
fjnka,2026-09-20,25.6,24,34.4589,126.9696
fjnka,2026-09-21,25.73,24,34.4589,126.9696
fjnka,2026-09-22,25.59,24,34.4589,126.9696
fjnka,2026-09-23,25.51,24,34.4589,126.9696
fjnka,2026-09-24,25.62,24,34.4589,126.9696
fjskb,2026-05-01,16.47,24,34.5882,127.0272
fjskb,2026-05-02,16.8,24,34.5882,127.0272
fjskb,2026-05-03,16.6,24,34.5882,127.0272
fjskb,2026-05-04,16.43,23,34.5882,127.0272
fjskb,2026-05-05,16.78,24,34.5882,127.0272
fjskb,2026-05-06,17.28,24,34.5882,127.0272
fjskb,2026-05-07,17.75,24,34.5882,127.0272
fjskb,2026-05-08,17.38,23,34.5882,127.0272
fjskb,2026-05-09,17.77,24,34.5882,127.0272
fjskb,2026-05-10,17.96,23,34.5882,127.0272
fjskb,2026-05-11,18.57,24,34.5882,127.0272
fjskb,2026-05-12,18.77,24,34.5882,127.0272
fjskb,2026-05-13,19.38,24,34.5882,127.0272
fjskb,2026-05-14,20.08,24,34.5882,127.0272
fjskb,2026-05-15,20.6,23,34.5882,127.0272
fjskb,2026-05-16,21.34,24,34.5882,127.0272
fjskb,2026-05-17,21.83,24,34.5882,127.0272
fjskb,2026-05-18,22.07,24,34.5882,127.0272
fjskb,2026-05-19,22.3,24,34.5882,127.0272
fjskb,2026-05-20,21.41,24,34.5882,127.0272
fjskb,2026-05-21,20.91,23,34.5882,127.0272
fjskb,2026-05-22,20.26,24,34.5882,127.0272
fjskb,2026-05-23,20.22,23,34.5882,127.0272
fjskb,2026-05-24,20.94,24,34.5882,127.0272
fjskb,2026-05-25,22.13,24,34.5882,127.0272
fjskb,2026-05-26,22.04,24,34.5882,127.0272
fjskb,2026-05-27,21.46,24,34.5882,127.0272
fjskb,2026-05-28,21.71,24,34.5882,127.0272
fjskb,2026-05-29,20.85,24,34.5882,127.0272
fjskb,2026-05-30,21.7,24,34.5882,127.0272
fjskb,2026-05-31,21.97,23,34.5882,127.0272
fjskb,2026-06-01,22.28,23,34.5882,127.0272
fjskb,2026-06-02,21.92,24,34.5882,127.0272
fjskb,2026-06-03,22.9,24,34.5882,127.0272
fjskb,2026-06-04,22.69,24,34.5882,127.0272
fjskb,2026-06-05,22.55,23,34.5882,127.0272
fjskb,2026-06-06,22.15,23,34.5882,127.0272
fjskb,2026-06-07,22.66,23,34.5882,127.0272
fjskb,2026-06-08,22.17,23,34.5882,127.0272
fjskb,2026-06-09,22.08,23,34.5882,127.0272
fjskb,2026-06-10,22.67,23,34.5882,127.0272
fjskb,2026-06-11,22.61,23,34.5882,127.0272
fjskb,2026-06-12,22.11,23,34.5882,127.0272
fjskb,2026-06-13,22.67,23,34.5882,127.0272
fjskb,2026-06-14,23.54,23,34.5882,127.0272
fjskb,2026-06-15,24.1,23,34.5882,127.0272
fjskb,2026-06-16,24.4,23,34.5882,127.0272
fjskb,2026-06-17,24.44,24,34.5882,127.0272
fjskb,2026-06-18,25.07,24,34.5882,127.0272
fjskb,2026-06-19,24.76,23,34.5882,127.0272
fjskb,2026-06-20,24.45,23,34.5882,127.0272
fjskb,2026-06-21,24.27,24,34.5882,127.0272
fjskb,2026-06-22,23.59,23,34.5882,127.0272
fjskb,2026-06-23,23.2,23,34.5882,127.0272
fjskb,2026-06-24,22.84,23,34.5882,127.0272
fjskb,2026-06-25,23.2,23,34.5882,127.0272
fjskb,2026-06-26,23.45,23,34.5882,127.0272
fjskb,2026-06-27,23.81,23,34.5882,127.0272
fjskb,2026-06-28,24.13,24,34.5882,127.0272
fjskb,2026-06-29,24.62,23,34.5882,127.0272
fjskb,2026-06-30,25.11,23,34.5882,127.0272
fjskb,2026-07-01,24.54,23,34.5882,127.0272
fjskb,2026-07-02,25.2,23,34.5882,127.0272
fjskb,2026-07-03,24.86,23,34.5882,127.0272
fjskb,2026-07-04,24.91,23,34.5882,127.0272
fjskb,2026-07-05,24.81,23,34.5882,127.0272
fjskb,2026-07-06,24.8,23,34.5882,127.0272
fjskb,2026-07-07,25.67,23,34.5882,127.0272
fjskb,2026-07-08,25.59,23,34.5882,127.0272
fjskb,2026-07-09,25.59,23,34.5882,127.0272
fjskb,2026-07-10,25.96,23,34.5882,127.0272
fjskb,2026-07-11,27.1,23,34.5882,127.0272
fjskb,2026-07-12,27.22,23,34.5882,127.0272
fjskb,2026-07-13,27.56,23,34.5882,127.0272
fjskb,2026-07-14,27.7,23,34.5882,127.0272
fjskb,2026-07-15,27.87,23,34.5882,127.0272
fjskb,2026-07-16,27.23,23,34.5882,127.0272
fjskb,2026-07-17,27.4,23,34.5882,127.0272
fjskb,2026-07-18,27.63,23,34.5882,127.0272
fjskb,2026-07-19,27.96,23,34.5882,127.0272
fjskb,2026-07-20,28.07,23,34.5882,127.0272
fjskb,2026-07-21,27.97,23,34.5882,127.0272
fjskb,2026-07-22,28.1,23,34.5882,127.0272
fjskb,2026-07-23,28.09,23,34.5882,127.0272
fjskb,2026-07-24,28.52,23,34.5882,127.0272
fjskb,2026-07-25,29.77,23,34.5882,127.0272
fjskb,2026-07-26,30.25,23,34.5882,127.0272
fjskb,2026-07-27,30.6,23,34.5882,127.0272
fjskb,2026-07-28,31.08,23,34.5882,127.0272
fjskb,2026-07-29,30.21,23,34.5882,127.0272
fjskb,2026-07-30,29.47,23,34.5882,127.0272
fjskb,2026-07-31,29.65,23,34.5882,127.0272
fjskb,2026-08-01,29.47,23,34.5882,127.0272
fjskb,2026-08-02,29.47,23,34.5882,127.0272
fjskb,2026-08-03,29.7,23,34.5882,127.0272
fjskb,2026-08-04,29.86,23,34.5882,127.0272
fjskb,2026-08-05,30.01,23,34.5882,127.0272
fjskb,2026-08-06,29.95,23,34.5882,127.0272
fjskb,2026-08-07,30.0,23,34.5882,127.0272
fjskb,2026-08-08,29.88,23,34.5882,127.0272
fjskb,2026-08-09,29.4,23,34.5882,127.0272
fjskb,2026-08-10,29.01,23,34.5882,127.0272
fjskb,2026-08-11,28.58,23,34.5882,127.0272
fjskb,2026-08-12,28.01,23,34.5882,127.0272
fjskb,2026-08-13,28.14,23,34.5882,127.0272
fjskb,2026-08-14,28.38,23,34.5882,127.0272
fjskb,2026-08-15,28.03,23,34.5882,127.0272
fjskb,2026-08-16,27.61,23,34.5882,127.0272
fjskb,2026-08-17,26.98,23,34.5882,127.0272
fjskb,2026-08-18,27.42,23,34.5882,127.0272
fjskb,2026-08-19,27.91,23,34.5882,127.0272
fjskb,2026-08-20,28.62,23,34.5882,127.0272
fjskb,2026-08-21,28.74,23,34.5882,127.0272
fjskb,2026-08-22,28.98,23,34.5882,127.0272
fjskb,2026-08-23,29.46,23,34.5882,127.0272
fjskb,2026-08-24,30.03,23,34.5882,127.0272
fjskb,2026-08-25,30.63,23,34.5882,127.0272
fjskb,2026-08-26,30.43,23,34.5882,127.0272
fjskb,2026-08-27,30.71,23,34.5882,127.0272
fjskb,2026-08-28,30.43,23,34.5882,127.0272
fjskb,2026-08-29,30.42,23,34.5882,127.0272
fjskb,2026-08-30,30.46,23,34.5882,127.0272
fjskb,2026-08-31,29.97,23,34.5882,127.0272
fjskb,2026-09-01,29.93,23,34.5882,127.0272
fjskb,2026-09-02,29.99,23,34.5882,127.0272
fjskb,2026-09-03,29.92,23,34.5882,127.0272
fjskb,2026-09-04,29.13,23,34.5882,127.0272
fjskb,2026-09-05,28.1,23,34.5882,127.0272
fjskb,2026-09-06,27.41,23,34.5882,127.0272
fjskb,2026-09-07,27.24,23,34.5882,127.0272
fjskb,2026-09-08,27.36,23,34.5882,127.0272
fjskb,2026-09-09,27.3,23,34.5882,127.0272
fjskb,2026-09-10,26.63,23,34.5882,127.0272
fjskb,2026-09-11,26.39,23,34.5882,127.0272
fjskb,2026-09-12,26.43,23,34.5882,127.0272
fjskb,2026-09-13,26.67,23,34.5882,127.0272
fjskb,2026-09-14,26.45,23,34.5882,127.0272
fjskb,2026-09-15,26.23,23,34.5882,127.0272
fjskb,2026-09-16,25.74,23,34.5882,127.0272
fjskb,2026-09-17,25.61,23,34.5882,127.0272
fjskb,2026-09-18,25.33,23,34.5882,127.0272
fjskb,2026-09-19,25.5,23,34.5882,127.0272
fjskb,2026-09-20,25.81,23,34.5882,127.0272
fjskb,2026-09-21,25.76,23,34.5882,127.0272
fjskb,2026-09-22,25.64,23,34.5882,127.0272
fjskb,2026-09-23,25.8,23,34.5882,127.0272
fjskb,2026-09-24,25.96,23,34.5882,127.0272
fjsm6,2026-05-01,11.47,24,34.2678,126.0784
fjsm6,2026-05-02,11.44,24,34.2678,126.0784
fjsm6,2026-05-03,11.43,24,34.2678,126.0784
fjsm6,2026-05-04,11.55,24,34.2678,126.0784
fjsm6,2026-05-05,11.66,24,34.2678,126.0784
fjsm6,2026-05-06,11.73,24,34.2678,126.0784
fjsm6,2026-05-07,11.92,24,34.2678,126.0784
fjsm6,2026-05-08,11.88,24,34.2678,126.0784
fjsm6,2026-05-09,11.95,24,34.2678,126.0784
fjsm6,2026-05-10,12.21,24,34.2678,126.0784
fjsm6,2026-05-11,12.35,24,34.2678,126.0784
fjsm6,2026-05-12,12.4,24,34.2678,126.0784
fjsm6,2026-05-13,12.42,24,34.2678,126.0784
fjsm6,2026-05-14,12.65,24,34.2678,126.0784
fjsm6,2026-05-15,12.99,24,34.2678,126.0784
fjsm6,2026-05-16,12.95,24,34.2678,126.0784
fjsm6,2026-05-17,13.01,24,34.2678,126.0784
fjsm6,2026-05-18,13.14,24,34.2678,126.0784
fjsm6,2026-05-19,13.55,24,34.2678,126.0784
fjsm6,2026-05-20,13.92,24,34.2678,126.0784
fjsm6,2026-05-21,13.94,24,34.2678,126.0784
fjsm6,2026-05-22,14.13,24,34.2678,126.0784
fjsm6,2026-05-23,14.29,24,34.2678,126.0784
fjsm6,2026-05-24,14.54,24,34.2678,126.0784
fjsm6,2026-05-25,14.8,24,34.2678,126.0784
fjsm6,2026-05-26,15.65,24,34.2678,126.0784
fjsm6,2026-05-27,16.18,24,34.2678,126.0784
fjsm6,2026-05-28,15.95,24,34.2678,126.0784
fjsm6,2026-05-29,16.1,24,34.2678,126.0784
fjsm6,2026-05-30,15.81,24,34.2678,126.0784
fjsm6,2026-05-31,15.87,24,34.2678,126.0784
fjsm6,2026-06-01,15.84,24,34.2678,126.0784
fjsm6,2026-06-02,16.22,24,34.2678,126.0784
fjsm6,2026-06-03,16.33,24,34.2678,126.0784
fjsm6,2026-06-04,16.49,24,34.2678,126.0784
fjsm6,2026-06-05,16.65,24,34.2678,126.0784
fjsm6,2026-06-06,16.82,24,34.2678,126.0784
fjsm6,2026-06-07,17.2,24,34.2678,126.0784
fjsm6,2026-06-08,16.81,24,34.2678,126.0784
fjsm6,2026-06-09,17.05,24,34.2678,126.0784
fjsm6,2026-06-10,16.8,24,34.2678,126.0784
fjsm6,2026-06-11,16.96,24,34.2678,126.0784
fjsm6,2026-06-12,16.73,24,34.2678,126.0784
fjsm6,2026-06-13,16.59,24,34.2678,126.0784
fjsm6,2026-06-14,16.72,24,34.2678,126.0784
fjsm6,2026-06-15,16.96,24,34.2678,126.0784
fjsm6,2026-06-16,17.1,24,34.2678,126.0784
fjsm6,2026-06-17,17.25,24,34.2678,126.0784
fjsm6,2026-06-18,17.64,24,34.2678,126.0784
fjsm6,2026-06-19,17.34,24,34.2678,126.0784
fjsm6,2026-06-20,18.43,24,34.2678,126.0784
fjsm6,2026-06-21,18.13,24,34.2678,126.0784
fjsm6,2026-06-22,17.56,24,34.2678,126.0784
fjsm6,2026-06-23,18.01,24,34.2678,126.0784
fjsm6,2026-06-24,18.46,24,34.2678,126.0784
fjsm6,2026-06-25,18.84,24,34.2678,126.0784
fjsm6,2026-06-26,19.08,24,34.2678,126.0784
fjsm6,2026-06-27,18.61,24,34.2678,126.0784
fjsm6,2026-06-28,18.55,24,34.2678,126.0784
fjsm6,2026-06-29,18.54,24,34.2678,126.0784
fjsm6,2026-06-30,18.44,24,34.2678,126.0784
fjsm6,2026-07-01,18.49,24,34.2678,126.0784
fjsm6,2026-07-02,18.89,24,34.2678,126.0784
fjsm6,2026-07-03,18.51,24,34.2678,126.0784
fjsm6,2026-07-04,18.9,24,34.2678,126.0784
fjsm6,2026-07-05,19.21,24,34.2678,126.0784
fjsm6,2026-07-06,19.35,24,34.2678,126.0784
fjsm6,2026-07-07,19.38,24,34.2678,126.0784
fjsm6,2026-07-08,19.75,24,34.2678,126.0784
fjsm6,2026-07-09,19.63,24,34.2678,126.0784
fjsm6,2026-07-10,19.44,24,34.2678,126.0784
fjsm6,2026-07-11,20.06,24,34.2678,126.0784
fjsm6,2026-07-12,21.12,24,34.2678,126.0784
fjsm6,2026-07-13,21.04,24,34.2678,126.0784
fjsm6,2026-07-14,20.72,24,34.2678,126.0784
fjsm6,2026-07-15,19.72,24,34.2678,126.0784
fjsm6,2026-07-16,18.77,24,34.2678,126.0784
fjsm6,2026-07-17,19.08,24,34.2678,126.0784
fjsm6,2026-07-18,19.52,24,34.2678,126.0784
fjsm6,2026-07-19,19.35,24,34.2678,126.0784
fjsm6,2026-07-20,20.04,24,34.2678,126.0784
fjsm6,2026-07-21,20.44,24,34.2678,126.0784
fjsm6,2026-07-22,20.7,24,34.2678,126.0784
fjsm6,2026-07-23,20.6,24,34.2678,126.0784
fjsm6,2026-07-24,20.32,24,34.2678,126.0784
fjsm6,2026-07-25,20.44,24,34.2678,126.0784
fjsm6,2026-07-26,20.43,24,34.2678,126.0784
fjsm6,2026-07-27,20.41,24,34.2678,126.0784
fjsm6,2026-07-28,20.04,24,34.2678,126.0784
fjsm6,2026-07-29,19.81,24,34.2678,126.0784
fjsm6,2026-07-30,19.56,24,34.2678,126.0784
fjsm6,2026-07-31,19.33,24,34.2678,126.0784
fjsm6,2026-08-01,19.18,24,34.2678,126.0784
fjsm6,2026-08-02,19.19,24,34.2678,126.0784
fjsm6,2026-08-03,19.26,24,34.2678,126.0784
fjsm6,2026-08-04,19.53,24,34.2678,126.0784
fjsm6,2026-08-05,19.52,24,34.2678,126.0784
fjsm6,2026-08-06,19.9,24,34.2678,126.0784
fjsm6,2026-08-07,20.44,24,34.2678,126.0784
fjsm6,2026-08-08,21.99,24,34.2678,126.0784
fjsm6,2026-08-09,24.19,23,34.2678,126.0784
fjsm6,2026-08-10,23.81,24,34.2678,126.0784
fjsm6,2026-08-11,24.57,24,34.2678,126.0784
fjsm6,2026-08-12,24.68,24,34.2678,126.0784
fjsm6,2026-08-13,24.19,24,34.2678,126.0784
fjsm6,2026-08-14,23.93,24,34.2678,126.0784
fjsm6,2026-08-15,23.68,24,34.2678,126.0784
fjsm6,2026-08-16,24.35,24,34.2678,126.0784
fjsm6,2026-08-17,24.6,24,34.2678,126.0784
fjsm6,2026-08-18,24.88,24,34.2678,126.0784
fjsm6,2026-08-19,25.0,24,34.2678,126.0784
fjsm6,2026-08-20,25.69,24,34.2678,126.0784
fjsm6,2026-08-21,26.59,24,34.2678,126.0784
fjsm6,2026-08-22,26.97,24,34.2678,126.0784
fjsm6,2026-08-23,27.0,24,34.2678,126.0784
fjsm6,2026-08-24,26.69,24,34.2678,126.0784
fjsm6,2026-08-25,25.82,23,34.2678,126.0784
fjsm6,2026-08-26,24.64,24,34.2678,126.0784
fjsm6,2026-08-27,23.4,24,34.2678,126.0784
fjsm6,2026-08-28,23.18,24,34.2678,126.0784
fjsm6,2026-08-29,22.39,24,34.2678,126.0784
fjsm6,2026-08-30,21.9,24,34.2678,126.0784
fjsm6,2026-08-31,22.0,24,34.2678,126.0784
fjsm6,2026-09-01,22.01,24,34.2678,126.0784
fjsm6,2026-09-02,22.13,24,34.2678,126.0784
fjsm6,2026-09-03,22.69,24,34.2678,126.0784
fjsm6,2026-09-04,23.92,22,34.2678,126.0784
fjsm6,2026-09-05,24.88,24,34.2678,126.0784
fjsm6,2026-09-06,26.32,24,34.2678,126.0784
fjsm6,2026-09-07,25.86,24,34.2678,126.0784
fjsm6,2026-09-08,24.4,24,34.2678,126.0784
fjsm6,2026-09-09,24.66,23,34.2678,126.0784
fjsm6,2026-09-10,25.18,24,34.2678,126.0784
fjsm6,2026-09-11,24.28,24,34.2678,126.0784
fjsm6,2026-09-12,24.42,24,34.2678,126.0784
fjsm6,2026-09-13,24.67,24,34.2678,126.0784
fjsm6,2026-09-14,24.47,24,34.2678,126.0784
fjsm6,2026-09-15,24.25,24,34.2678,126.0784
fjsm6,2026-09-16,24.24,24,34.2678,126.0784
fjsm6,2026-09-17,24.17,24,34.2678,126.0784
fjsm6,2026-09-18,24.33,24,34.2678,126.0784
fjsm6,2026-09-19,24.87,24,34.2678,126.0784
fjsm6,2026-09-20,24.99,24,34.2678,126.0784
fjsm6,2026-09-21,24.88,24,34.2678,126.0784
fjsm6,2026-09-22,24.85,24,34.2678,126.0784
fjsm6,2026-09-23,24.4,24,34.2678,126.0784
fjsm6,2026-09-24,24.14,24,34.2678,126.0784
fncp7,2026-05-01,16.22,24,34.8972,128.0403
fncp7,2026-05-02,16.25,24,34.8972,128.0403
fncp7,2026-05-03,16.16,24,34.8972,128.0403
fncp7,2026-05-04,16.16,24,34.8972,128.0403
fncp7,2026-05-05,16.1,24,34.8972,128.0403
fncp7,2026-05-06,16.43,24,34.8972,128.0403
fncp7,2026-05-07,16.74,24,34.8972,128.0403
fncp7,2026-05-08,16.73,24,34.8972,128.0403
fncp7,2026-05-09,17.07,24,34.8972,128.0403
fncp7,2026-05-10,17.12,24,34.8972,128.0403
fncp7,2026-05-11,17.38,24,34.8972,128.0403
fncp7,2026-05-12,17.15,24,34.8972,128.0403
fncp7,2026-05-13,17.46,24,34.8972,128.0403
fncp7,2026-05-14,17.71,24,34.8972,128.0403
fncp7,2026-05-15,18.07,24,34.8972,128.0403
fncp7,2026-05-16,18.42,18,34.8972,128.0403
fncp7,2026-05-17,18.73,24,34.8972,128.0403
fncp7,2026-05-18,19.0,24,34.8972,128.0403
fncp7,2026-05-19,19.08,24,34.8972,128.0403
fncp7,2026-05-20,19.05,24,34.8972,128.0403
fncp7,2026-05-21,19.11,24,34.8972,128.0403
fncp7,2026-05-22,19.25,24,34.8972,128.0403
fncp7,2026-05-23,19.05,24,34.8972,128.0403
fncp7,2026-05-24,19.23,24,34.8972,128.0403
fncp7,2026-05-25,19.43,24,34.8972,128.0403
fncp7,2026-05-26,19.55,24,34.8972,128.0403
fncp7,2026-05-27,19.44,24,34.8972,128.0403
fncp7,2026-05-28,19.87,24,34.8972,128.0403
fncp7,2026-05-29,20.17,23,34.8972,128.0403
fncp7,2026-05-30,20.21,22,34.8972,128.0403
fncp7,2026-05-31,20.41,24,34.8972,128.0403
fncp7,2026-06-01,20.24,24,34.8972,128.0403
fncp7,2026-06-02,20.32,24,34.8972,128.0403
fncp7,2026-06-03,20.47,24,34.8972,128.0403
fncp7,2026-06-04,20.57,24,34.8972,128.0403
fncp7,2026-06-05,20.67,24,34.8972,128.0403
fncp7,2026-06-06,20.71,24,34.8972,128.0403
fncp7,2026-06-07,20.53,24,34.8972,128.0403
fncp7,2026-06-08,20.64,24,34.8972,128.0403
fncp7,2026-06-09,20.6,24,34.8972,128.0403
fncp7,2026-06-10,20.74,24,34.8972,128.0403
fncp7,2026-06-11,20.93,24,34.8972,128.0403
fncp7,2026-06-13,21.02,24,34.8972,128.0403
fncp7,2026-06-14,21.2,24,34.8972,128.0403
fncp7,2026-06-15,21.49,24,34.8972,128.0403
fncp7,2026-06-16,21.69,24,34.8972,128.0403
fncp7,2026-06-17,21.72,24,34.8972,128.0403
fncp7,2026-06-18,21.95,24,34.8972,128.0403
fncp7,2026-06-19,21.84,24,34.8972,128.0403
fncp7,2026-06-20,21.95,24,34.8972,128.0403
fncp7,2026-06-21,22.12,24,34.8972,128.0403
fncp7,2026-06-22,21.92,24,34.8972,128.0403
fncp7,2026-06-23,21.89,15,34.8972,128.0403
fncp7,2026-06-24,21.92,12,34.8972,128.0403
fncp7,2026-06-25,22.15,24,34.8972,128.0403
fncp7,2026-06-26,22.48,24,34.8972,128.0403
fncp7,2026-06-27,22.3,23,34.8972,128.0403
fncp7,2026-06-28,22.56,24,34.8972,128.0403
fncp7,2026-06-29,22.56,24,34.8972,128.0403
fncp7,2026-06-30,22.71,24,34.8972,128.0403
fncp7,2026-07-01,22.68,24,34.8972,128.0403
fncp7,2026-07-02,22.83,24,34.8972,128.0403
fncp7,2026-07-03,22.86,24,34.8972,128.0403
fncp7,2026-07-04,22.95,24,34.8972,128.0403
fncp7,2026-07-05,23.0,24,34.8972,128.0403
fncp7,2026-07-06,23.27,24,34.8972,128.0403
fncp7,2026-07-07,23.25,24,34.8972,128.0403
fncp7,2026-07-08,23.42,24,34.8972,128.0403
fncp7,2026-07-09,23.76,24,34.8972,128.0403
fncp7,2026-07-10,24.06,24,34.8972,128.0403
fncp7,2026-07-11,24.34,24,34.8972,128.0403
fncp7,2026-07-12,24.46,24,34.8972,128.0403
fncp7,2026-07-13,24.52,24,34.8972,128.0403
fncp7,2026-07-14,24.39,24,34.8972,128.0403
fncp7,2026-07-15,24.54,20,34.8972,128.0403
fncp7,2026-07-16,24.63,20,34.8972,128.0403
fncp7,2026-07-17,24.72,13,34.8972,128.0403
fncp7,2026-07-18,24.82,19,34.8972,128.0403
fncp7,2026-07-19,24.9,24,34.8972,128.0403
fncp7,2026-07-20,24.93,24,34.8972,128.0403
fncp7,2026-07-21,25.07,24,34.8972,128.0403
fncp7,2026-07-22,25.58,24,34.8972,128.0403
fncp7,2026-07-23,26.1,23,34.8972,128.0403
fncp7,2026-07-28,25.67,15,34.8972,128.0403
fncp7,2026-07-29,25.09,16,34.8972,128.0403
fncp7,2026-07-30,25.16,17,34.8972,128.0403
fncp7,2026-07-31,24.96,24,34.8972,128.0403
fncp7,2026-08-01,24.62,21,34.8972,128.0403
fncp7,2026-08-02,24.77,24,34.8972,128.0403
fncp7,2026-08-03,24.54,24,34.8972,128.0403
fncp7,2026-08-04,24.55,24,34.8972,128.0403
fncp7,2026-08-05,24.71,24,34.8972,128.0403
fncp7,2026-08-06,24.68,24,34.8972,128.0403
fncp7,2026-08-07,25.15,24,34.8972,128.0403
fncp7,2026-08-08,25.38,24,34.8972,128.0403
fncp7,2026-08-09,25.98,24,34.8972,128.0403
fncp7,2026-08-10,26.37,24,34.8972,128.0403
fncp7,2026-08-11,26.59,24,34.8972,128.0403
fncp7,2026-08-12,26.62,24,34.8972,128.0403
fncp7,2026-08-13,26.79,24,34.8972,128.0403
fncp7,2026-08-14,27.1,24,34.8972,128.0403
fncp7,2026-08-15,27.36,24,34.8972,128.0403
fncp7,2026-08-16,27.17,24,34.8972,128.0403
fncp7,2026-08-17,26.99,24,34.8972,128.0403
fncp7,2026-08-18,27.15,23,34.8972,128.0403
fncp7,2026-08-19,27.51,24,34.8972,128.0403
fncp7,2026-08-20,27.89,24,34.8972,128.0403
fncp7,2026-08-21,28.32,24,34.8972,128.0403
fncp7,2026-08-22,28.73,24,34.8972,128.0403
fncp7,2026-08-23,28.95,24,34.8972,128.0403
fncp7,2026-08-24,28.57,24,34.8972,128.0403
fncp7,2026-08-25,28.57,24,34.8972,128.0403
fncp7,2026-08-26,28.48,24,34.8972,128.0403
fncp7,2026-08-27,28.47,24,34.8972,128.0403
fncp7,2026-08-28,28.45,24,34.8972,128.0403
fncp7,2026-08-29,28.14,24,34.8972,128.0403
fncp7,2026-08-30,28.22,24,34.8972,128.0403
fncp7,2026-08-31,28.22,24,34.8972,128.0403
fncp7,2026-09-01,28.01,24,34.8972,128.0403
fncp7,2026-09-02,27.82,24,34.8972,128.0403
fncp7,2026-09-03,27.68,24,34.8972,128.0403
fncp7,2026-09-04,27.26,24,34.8972,128.0403
fncp7,2026-09-05,27.06,24,34.8972,128.0403
fncp7,2026-09-06,26.54,24,34.8972,128.0403
fncp7,2026-09-07,26.19,20,34.8972,128.0403
fncp7,2026-09-08,26.22,24,34.8972,128.0403
fncp7,2026-09-09,26.19,24,34.8972,128.0403
fncp7,2026-09-10,26.0,24,34.8972,128.0403
fncp7,2026-09-11,25.98,24,34.8972,128.0403
fncp7,2026-09-12,26.03,24,34.8972,128.0403
fncp7,2026-09-13,26.25,24,34.8972,128.0403
fncp7,2026-09-14,26.33,24,34.8972,128.0403
fncp7,2026-09-15,26.36,24,34.8972,128.0403
fncp7,2026-09-16,26.56,18,34.8972,128.0403
fncp7,2026-09-17,26.24,24,34.8972,128.0403
fncp7,2026-09-18,26.04,24,34.8972,128.0403
fncp7,2026-09-19,26.03,24,34.8972,128.0403
fncp7,2026-09-20,26.08,24,34.8972,128.0403
fncp7,2026-09-21,26.01,24,34.8972,128.0403
fncp7,2026-09-22,26.0,24,34.8972,128.0403
fncp7,2026-09-23,25.92,24,34.8972,128.0403
fncp7,2026-09-24,25.97,24,34.8972,128.0403
fnm5b,2026-05-01,15.38,48,34.7255,128.0497
fnm5b,2026-05-02,15.61,48,34.7255,128.0497
fnm5b,2026-05-03,15.51,48,34.7255,128.0497
fnm5b,2026-05-04,15.12,48,34.7255,128.0497
fnm5b,2026-05-05,15.4,48,34.7255,128.0497
fnm5b,2026-05-06,15.29,48,34.7255,128.0497
fnm5b,2026-05-07,15.24,48,34.7255,128.0497
fnm5b,2026-05-08,15.43,48,34.7255,128.0497
fnm5b,2026-05-09,15.8,48,34.7255,128.0497
fnm5b,2026-05-10,15.72,48,34.7255,128.0497
fnm5b,2026-05-11,15.92,48,34.7255,128.0497
fnm5b,2026-05-12,16.11,48,34.7255,128.0497
fnm5b,2026-05-13,16.49,48,34.7255,128.0497
fnm5b,2026-05-14,17.17,48,34.7255,128.0497
fnm5b,2026-05-15,18.03,48,34.7255,128.0497
fnm5b,2026-05-16,17.94,48,34.7255,128.0497
fnm5b,2026-05-17,17.81,48,34.7255,128.0497
fnm5b,2026-05-18,17.88,48,34.7255,128.0497
fnm5b,2026-05-19,17.87,48,34.7255,128.0497
fnm5b,2026-05-20,18.57,48,34.7255,128.0497
fnm5b,2026-05-21,18.49,48,34.7255,128.0497
fnm5b,2026-05-22,18.99,48,34.7255,128.0497
fnm5b,2026-05-23,19.21,48,34.7255,128.0497
fnm5b,2026-05-24,19.02,48,34.7255,128.0497
fnm5b,2026-05-25,18.99,48,34.7255,128.0497
fnm5b,2026-05-26,19.08,48,34.7255,128.0497
fnm5b,2026-05-27,20.2,48,34.7255,128.0497
fnm5b,2026-05-28,19.19,48,34.7255,128.0497
fnm5b,2026-05-29,19.35,48,34.7255,128.0497
fnm5b,2026-05-30,19.16,48,34.7255,128.0497
fnm5b,2026-05-31,19.72,48,34.7255,128.0497
fnm5b,2026-06-01,19.65,48,34.7255,128.0497
fnm5b,2026-06-02,20.1,48,34.7255,128.0497
fnm5b,2026-06-03,20.12,48,34.7255,128.0497
fnm5b,2026-06-04,19.79,48,34.7255,128.0497
fnm5b,2026-06-05,19.62,48,34.7255,128.0497
fnm5b,2026-06-06,20.37,48,34.7255,128.0497
fnm5b,2026-06-07,20.62,48,34.7255,128.0497
fnm5b,2026-06-08,20.25,48,34.7255,128.0497
fnm5b,2026-06-09,20.47,48,34.7255,128.0497
fnm5b,2026-06-10,20.39,48,34.7255,128.0497
fnm5b,2026-06-11,20.05,48,34.7255,128.0497
fnm5b,2026-06-12,20.29,48,34.7255,128.0497
fnm5b,2026-06-13,20.09,48,34.7255,128.0497
fnm5b,2026-06-14,20.09,48,34.7255,128.0497
fnm5b,2026-06-15,20.89,48,34.7255,128.0497
fnm5b,2026-06-16,21.28,48,34.7255,128.0497
fnm5b,2026-06-17,21.42,48,34.7255,128.0497
fnm5b,2026-06-18,21.16,48,34.7255,128.0497
fnm5b,2026-06-19,21.26,48,34.7255,128.0497
fnm5b,2026-06-20,19.61,48,34.7255,128.0497
fnm5b,2026-06-21,20.94,48,34.7255,128.0497
fnm5b,2026-06-22,21.5,48,34.7255,128.0497
fnm5b,2026-06-23,21.56,48,34.7255,128.0497
fnm5b,2026-06-24,21.48,48,34.7255,128.0497
fnm5b,2026-06-25,21.35,48,34.7255,128.0497
fnm5b,2026-06-26,21.31,48,34.7255,128.0497
fnm5b,2026-06-27,21.78,48,34.7255,128.0497
fnm5b,2026-06-28,21.34,48,34.7255,128.0497
fnm5b,2026-06-29,21.62,48,34.7255,128.0497
fnm5b,2026-06-30,22.02,48,34.7255,128.0497
fnm5b,2026-07-01,22.21,48,34.7255,128.0497
fnm5b,2026-07-02,22.41,48,34.7255,128.0497
fnm5b,2026-07-03,22.01,48,34.7255,128.0497
fnm5b,2026-07-04,21.94,48,34.7255,128.0497
fnm5b,2026-07-05,21.85,48,34.7255,128.0497
fnm5b,2026-07-06,21.81,48,34.7255,128.0497
fnm5b,2026-07-07,22.01,48,34.7255,128.0497
fnm5b,2026-07-08,21.89,48,34.7255,128.0497
fnm5b,2026-07-09,21.03,48,34.7255,128.0497
fnm5b,2026-07-10,22.11,48,34.7255,128.0497
fnm5b,2026-07-11,23.18,48,34.7255,128.0497
fnm5b,2026-07-12,23.84,48,34.7255,128.0497
fnm5b,2026-07-13,23.31,48,34.7255,128.0497
fnm5b,2026-07-14,22.76,48,34.7255,128.0497
fnm5b,2026-07-15,21.2,48,34.7255,128.0497
fnm5b,2026-07-16,22.74,48,34.7255,128.0497
fnm5b,2026-07-17,23.3,48,34.7255,128.0497
fnm5b,2026-07-18,22.86,48,34.7255,128.0497
fnm5b,2026-07-19,22.82,48,34.7255,128.0497
fnm5b,2026-07-20,22.96,48,34.7255,128.0497
fnm5b,2026-07-21,23.07,48,34.7255,128.0497
fnm5b,2026-07-22,23.04,48,34.7255,128.0497
fnm5b,2026-07-23,22.94,48,34.7255,128.0497
fnm5b,2026-07-24,22.79,48,34.7255,128.0497
fnm5b,2026-07-25,23.12,48,34.7255,128.0497
fnm5b,2026-07-26,23.35,48,34.7255,128.0497
fnm5b,2026-07-27,23.41,48,34.7255,128.0497
fnm5b,2026-07-28,23.33,48,34.7255,128.0497
fnm5b,2026-07-29,23.83,48,34.7255,128.0497
fnm5b,2026-07-30,23.79,48,34.7255,128.0497
fnm5b,2026-07-31,23.65,48,34.7255,128.0497
fnm5b,2026-08-01,23.14,48,34.7255,128.0497
fnm5b,2026-08-02,23.36,48,34.7255,128.0497
fnm5b,2026-08-03,23.38,44,34.7255,128.0497
fnm5b,2026-08-04,23.73,48,34.7255,128.0497
fnm5b,2026-08-05,23.48,48,34.7255,128.0497
fnm5b,2026-08-06,24.18,48,34.7255,128.0497
fnm5b,2026-08-07,25.18,48,34.7255,128.0497
fnm5b,2026-08-08,26.3,48,34.7255,128.0497
fnm5b,2026-08-09,26.92,48,34.7255,128.0497
fnm5b,2026-08-10,27.02,48,34.7255,128.0497
fnm5b,2026-08-11,26.96,48,34.7255,128.0497
fnm5b,2026-08-12,26.85,48,34.7255,128.0497
fnm5b,2026-08-13,26.94,48,34.7255,128.0497
fnm5b,2026-08-14,27.04,48,34.7255,128.0497
fnm5b,2026-08-15,27.11,48,34.7255,128.0497
fnm5b,2026-08-16,27.02,48,34.7255,128.0497
fnm5b,2026-08-17,26.6,48,34.7255,128.0497
fnm5b,2026-08-18,26.67,48,34.7255,128.0497
fnm5b,2026-08-19,26.88,48,34.7255,128.0497
fnm5b,2026-08-20,27.11,48,34.7255,128.0497
fnm5b,2026-08-21,27.38,48,34.7255,128.0497
fnm5b,2026-08-22,27.83,48,34.7255,128.0497
fnm5b,2026-08-23,27.78,48,34.7255,128.0497
fnm5b,2026-08-24,27.89,48,34.7255,128.0497
fnm5b,2026-08-25,28.39,48,34.7255,128.0497
fnm5b,2026-08-26,28.59,48,34.7255,128.0497
fnm5b,2026-08-27,28.61,48,34.7255,128.0497
fnm5b,2026-08-28,28.43,48,34.7255,128.0497
fnm5b,2026-08-29,27.87,48,34.7255,128.0497
fnm5b,2026-08-30,27.61,48,34.7255,128.0497
fnm5b,2026-08-31,27.49,48,34.7255,128.0497
fnm5b,2026-09-01,27.28,48,34.7255,128.0497
fnm5b,2026-09-02,27.49,48,34.7255,128.0497
fnm5b,2026-09-03,27.71,48,34.7255,128.0497
fnm5b,2026-09-04,27.49,48,34.7255,128.0497
fnm5b,2026-09-05,27.06,48,34.7255,128.0497
fnm5b,2026-09-06,26.79,48,34.7255,128.0497
fnm5b,2026-09-07,26.66,48,34.7255,128.0497
fnm5b,2026-09-08,26.59,48,34.7255,128.0497
fnm5b,2026-09-09,26.42,48,34.7255,128.0497
fnm5b,2026-09-10,26.06,48,34.7255,128.0497
fnm5b,2026-09-11,26.07,48,34.7255,128.0497
fnm5b,2026-09-12,26.27,48,34.7255,128.0497
fnm5b,2026-09-13,26.44,48,34.7255,128.0497
fnm5b,2026-09-14,26.23,48,34.7255,128.0497
fnm5b,2026-09-15,26.28,48,34.7255,128.0497
fnm5b,2026-09-16,26.12,48,34.7255,128.0497
fnm5b,2026-09-17,25.75,48,34.7255,128.0497
fnm5b,2026-09-18,25.51,48,34.7255,128.0497
fnm5b,2026-09-19,25.46,48,34.7255,128.0497
fnm5b,2026-09-20,25.59,48,34.7255,128.0497
fnm5b,2026-09-21,25.69,48,34.7255,128.0497
fnm5b,2026-09-22,25.63,48,34.7255,128.0497
fnm5b,2026-09-23,25.5,48,34.7255,128.0497
fnm5b,2026-09-24,25.59,48,34.7255,128.0497
fnsp7,2026-05-01,16.17,24,34.936,127.8608
fnsp7,2026-05-02,16.2,24,34.936,127.8608
fnsp7,2026-05-03,16.11,24,34.936,127.8608
fnsp7,2026-05-04,16.07,24,34.936,127.8608
fnsp7,2026-05-05,16.09,24,34.936,127.8608
fnsp7,2026-05-06,16.4,24,34.936,127.8608
fnsp7,2026-05-07,16.84,24,34.936,127.8608
fnsp7,2026-05-08,17.5,24,34.936,127.8608
fnsp7,2026-05-09,17.27,24,34.936,127.8608
fnsp7,2026-05-10,17.85,24,34.936,127.8608
fnsp7,2026-05-11,18.62,24,34.936,127.8608
fnsp7,2026-05-12,18.54,24,34.936,127.8608
fnsp7,2026-05-13,17.6,24,34.936,127.8608
fnsp7,2026-05-14,17.61,24,34.936,127.8608
fnsp7,2026-05-15,17.9,23,34.936,127.8608
fnsp7,2026-05-16,18.22,24,34.936,127.8608
fnsp7,2026-05-17,18.54,24,34.936,127.8608
fnsp7,2026-05-18,18.79,18,34.936,127.8608
fnsp7,2026-05-19,19.1,24,34.936,127.8608
fnsp7,2026-05-20,19.14,24,34.936,127.8608
fnsp7,2026-05-21,19.21,24,34.936,127.8608
fnsp7,2026-05-22,19.43,24,34.936,127.8608
fnsp7,2026-05-23,19.2,24,34.936,127.8608
fnsp7,2026-05-24,19.82,24,34.936,127.8608
fnsp7,2026-05-25,20.58,24,34.936,127.8608
fnsp7,2026-05-26,20.71,24,34.936,127.8608
fnsp7,2026-05-27,19.86,24,34.936,127.8608
fnsp7,2026-05-28,19.92,24,34.936,127.8608
fnsp7,2026-05-29,20.01,24,34.936,127.8608
fnsp7,2026-05-30,20.13,24,34.936,127.8608
fnsp7,2026-05-31,20.18,24,34.936,127.8608
fnsp7,2026-06-01,20.48,24,34.936,127.8608
fnsp7,2026-06-02,20.45,24,34.936,127.8608
fnsp7,2026-06-03,20.67,24,34.936,127.8608
fnsp7,2026-06-04,20.75,24,34.936,127.8608
fnsp7,2026-06-05,20.86,24,34.936,127.8608
fnsp7,2026-06-06,20.83,24,34.936,127.8608
fnsp7,2026-06-07,20.8,24,34.936,127.8608
fnsp7,2026-06-08,21.06,24,34.936,127.8608
fnsp7,2026-06-09,21.22,24,34.936,127.8608
fnsp7,2026-06-10,21.66,24,34.936,127.8608
fnsp7,2026-06-11,21.47,24,34.936,127.8608
fnsp7,2026-06-12,21.2,24,34.936,127.8608
fnsp7,2026-06-13,21.16,24,34.936,127.8608
fnsp7,2026-06-14,21.24,24,34.936,127.8608
fnsp7,2026-06-15,21.46,24,34.936,127.8608
fnsp7,2026-06-16,21.53,24,34.936,127.8608
fnsp7,2026-06-17,21.57,24,34.936,127.8608
fnsp7,2026-06-18,21.84,24,34.936,127.8608
fnsp7,2026-06-19,22.07,24,34.936,127.8608
fnsp7,2026-06-20,22.13,24,34.936,127.8608
fnsp7,2026-06-21,22.56,24,34.936,127.8608
fnsp7,2026-06-22,22.58,24,34.936,127.8608
fnsp7,2026-06-23,22.34,24,34.936,127.8608
fnsp7,2026-06-24,21.79,24,34.936,127.8608
fnsp7,2026-06-25,21.9,24,34.936,127.8608
fnsp7,2026-06-26,22.77,24,34.936,127.8608
fnsp7,2026-06-27,23.24,24,34.936,127.8608
fnsp7,2026-06-28,23.0,24,34.936,127.8608
fnsp7,2026-06-29,22.86,24,34.936,127.8608
fnsp7,2026-06-30,22.98,24,34.936,127.8608
fnsp7,2026-07-01,22.95,24,34.936,127.8608
fnsp7,2026-07-02,22.95,23,34.936,127.8608
fnsp7,2026-07-03,23.03,24,34.936,127.8608
fnsp7,2026-07-04,23.15,23,34.936,127.8608
fnsp7,2026-07-05,23.29,24,34.936,127.8608
fnsp7,2026-07-06,23.44,24,34.936,127.8608
fnsp7,2026-07-07,23.75,24,34.936,127.8608
fnsp7,2026-07-08,24.5,24,34.936,127.8608
fnsp7,2026-07-09,25.54,24,34.936,127.8608
fnsp7,2026-07-10,25.79,24,34.936,127.8608
fnsp7,2026-07-11,25.92,24,34.936,127.8608
fnsp7,2026-07-12,24.89,24,34.936,127.8608
fnsp7,2026-07-13,24.72,23,34.936,127.8608
fnsp7,2026-07-14,24.38,24,34.936,127.8608
fnsp7,2026-07-15,24.62,24,34.936,127.8608
fnsp7,2026-07-16,24.65,24,34.936,127.8608
fnsp7,2026-07-17,24.7,24,34.936,127.8608
fnsp7,2026-07-18,24.75,24,34.936,127.8608
fnsp7,2026-07-19,24.85,24,34.936,127.8608
fnsp7,2026-07-20,25.18,24,34.936,127.8608
fnsp7,2026-07-21,26.19,24,34.936,127.8608
fnsp7,2026-07-22,27.5,24,34.936,127.8608
fnsp7,2026-07-23,28.3,24,34.936,127.8608
fnsp7,2026-07-24,28.49,24,34.936,127.8608
fnsp7,2026-07-25,28.72,24,34.936,127.8608
fnsp7,2026-07-26,28.32,24,34.936,127.8608
fnsp7,2026-07-27,27.6,20,34.936,127.8608
fnsp7,2026-07-28,26.18,22,34.936,127.8608
fnsp7,2026-07-29,24.92,24,34.936,127.8608
fnsp7,2026-07-30,24.3,24,34.936,127.8608
fnsp7,2026-07-31,24.07,24,34.936,127.8608
fnsp7,2026-08-01,24.27,24,34.936,127.8608
fnsp7,2026-08-02,24.28,24,34.936,127.8608
fnsp7,2026-08-03,24.31,24,34.936,127.8608
fnsp7,2026-08-04,24.42,24,34.936,127.8608
fnsp7,2026-08-05,24.82,24,34.936,127.8608
fnsp7,2026-08-06,25.21,24,34.936,127.8608
fnsp7,2026-08-07,25.66,24,34.936,127.8608
fnsp7,2026-08-08,25.89,24,34.936,127.8608
fnsp7,2026-08-09,25.45,24,34.936,127.8608
fnsp7,2026-08-10,25.35,24,34.936,127.8608
fnsp7,2026-08-11,25.32,24,34.936,127.8608
fnsp7,2026-08-12,25.66,24,34.936,127.8608
fnsp7,2026-08-13,26.11,24,34.936,127.8608
fnsp7,2026-08-14,26.52,24,34.936,127.8608
fnsp7,2026-08-15,26.8,24,34.936,127.8608
fnsp7,2026-08-16,26.76,24,34.936,127.8608
fnsp7,2026-08-17,26.69,24,34.936,127.8608
fnsp7,2026-08-18,27.04,24,34.936,127.8608
fnsp7,2026-08-19,27.84,24,34.936,127.8608
fnsp7,2026-08-20,28.5,24,34.936,127.8608
fnsp7,2026-08-21,29.25,24,34.936,127.8608
fnsp7,2026-08-22,29.66,23,34.936,127.8608
fnsp7,2026-08-23,30.05,24,34.936,127.8608
fnsp7,2026-08-24,30.18,24,34.936,127.8608
fnsp7,2026-08-25,29.91,24,34.936,127.8608
fnsp7,2026-08-26,29.0,24,34.936,127.8608
fnsp7,2026-08-27,28.64,24,34.936,127.8608
fnsp7,2026-08-28,28.36,24,34.936,127.8608
fnsp7,2026-08-29,28.38,24,34.936,127.8608
fnsp7,2026-08-30,28.42,24,34.936,127.8608
fnsp7,2026-08-31,28.37,24,34.936,127.8608
fnsp7,2026-09-01,28.2,24,34.936,127.8608
fnsp7,2026-09-02,28.12,24,34.936,127.8608
fnsp7,2026-09-03,27.9,24,34.936,127.8608
fnsp7,2026-09-04,27.1,23,34.936,127.8608
fnsp7,2026-09-05,26.43,24,34.936,127.8608
fnsp7,2026-09-06,26.07,22,34.936,127.8608
fnsp7,2026-09-07,25.86,20,34.936,127.8608
fnsp7,2026-09-08,25.82,24,34.936,127.8608
fnsp7,2026-09-09,25.76,24,34.936,127.8608
fnsp7,2026-09-10,25.57,24,34.936,127.8608
fnsp7,2026-09-11,25.67,24,34.936,127.8608
fnsp7,2026-09-12,25.81,24,34.936,127.8608
fnsp7,2026-09-13,25.99,12,34.936,127.8608
fnsp7,2026-09-15,26.24,19,34.936,127.8608
fnsp7,2026-09-16,26.28,24,34.936,127.8608
fnsp7,2026-09-17,26.0,24,34.936,127.8608
fnsp7,2026-09-18,25.85,23,34.936,127.8608
fnsp7,2026-09-19,25.73,24,34.936,127.8608
fnsp7,2026-09-20,25.7,23,34.936,127.8608
fnsp7,2026-09-21,25.65,24,34.936,127.8608
fnsp7,2026-09-22,25.72,22,34.936,127.8608
fnsp7,2026-09-23,25.72,24,34.936,127.8608
fnsp7,2026-09-24,25.84,24,34.936,127.8608
fsboa,2026-05-01,17.0,24,34.9649547,127.9960686
fsboa,2026-05-02,16.97,24,34.9649547,127.9960686
fsboa,2026-05-03,16.89,24,34.9649547,127.9960686
fsboa,2026-05-04,16.5,24,34.9649547,127.9960686
fsboa,2026-05-05,16.8,24,34.9649547,127.9960686
fsboa,2026-05-06,17.47,24,34.9649547,127.9960686
fsboa,2026-05-07,18.18,24,34.9649547,127.9960686
fsboa,2026-05-08,17.79,23,34.9649547,127.9960686
fsboa,2026-05-09,17.91,24,34.9649547,127.9960686
fsboa,2026-05-10,18.45,24,34.9649547,127.9960686
fsboa,2026-05-11,18.94,24,34.9649547,127.9960686
fsboa,2026-05-12,18.77,24,34.9649547,127.9960686
fsboa,2026-05-13,18.91,24,34.9649547,127.9960686
fsboa,2026-05-14,19.33,24,34.9649547,127.9960686
fsboa,2026-05-15,19.45,24,34.9649547,127.9960686
fsboa,2026-05-16,19.72,24,34.9649547,127.9960686
fsboa,2026-05-17,19.87,24,34.9649547,127.9960686
fsboa,2026-05-18,20.17,23,34.9649547,127.9960686
fsboa,2026-05-19,20.58,24,34.9649547,127.9960686
fsboa,2026-05-20,20.11,24,34.9649547,127.9960686
fsboa,2026-05-21,20.35,24,34.9649547,127.9960686
fsboa,2026-05-22,20.58,24,34.9649547,127.9960686
fsboa,2026-05-23,20.15,24,34.9649547,127.9960686
fsboa,2026-05-24,20.56,24,34.9649547,127.9960686
fsboa,2026-05-25,20.92,24,34.9649547,127.9960686
fsboa,2026-05-26,21.64,24,34.9649547,127.9960686
fsboa,2026-05-27,20.74,24,34.9649547,127.9960686
fsboa,2026-05-28,20.97,24,34.9649547,127.9960686
fsboa,2026-05-29,21.38,24,34.9649547,127.9960686
fsboa,2026-05-30,21.81,24,34.9649547,127.9960686
fsboa,2026-05-31,21.98,24,34.9649547,127.9960686
fsboa,2026-06-01,22.24,23,34.9649547,127.9960686
fsboa,2026-06-02,21.75,24,34.9649547,127.9960686
fsboa,2026-06-03,21.9,24,34.9649547,127.9960686
fsboa,2026-06-04,22.36,24,34.9649547,127.9960686
fsboa,2026-06-05,22.32,24,34.9649547,127.9960686
fsboa,2026-06-06,21.91,24,34.9649547,127.9960686
fsboa,2026-06-07,22.33,24,34.9649547,127.9960686
fsboa,2026-06-08,22.34,20,34.9649547,127.9960686
fsboa,2026-06-09,21.89,24,34.9649547,127.9960686
fsboa,2026-06-10,22.24,23,34.9649547,127.9960686
fsboa,2026-06-11,22.4,24,34.9649547,127.9960686
fsboa,2026-06-12,22.34,24,34.9649547,127.9960686
fsboa,2026-06-13,22.72,24,34.9649547,127.9960686
fsboa,2026-06-14,22.88,24,34.9649547,127.9960686
fsboa,2026-06-15,22.83,24,34.9649547,127.9960686
fsboa,2026-06-16,22.92,24,34.9649547,127.9960686
fsboa,2026-06-17,22.91,24,34.9649547,127.9960686
fsboa,2026-06-18,23.34,24,34.9649547,127.9960686
fsboa,2026-06-19,23.51,24,34.9649547,127.9960686
fsboa,2026-06-20,23.25,24,34.9649547,127.9960686
fsboa,2026-06-21,23.29,24,34.9649547,127.9960686
fsboa,2026-06-22,23.45,24,34.9649547,127.9960686
fsboa,2026-06-23,23.17,24,34.9649547,127.9960686
fsboa,2026-06-24,22.57,24,34.9649547,127.9960686
fsboa,2026-06-25,22.75,24,34.9649547,127.9960686
fsboa,2026-06-26,23.56,24,34.9649547,127.9960686
fsboa,2026-06-27,23.9,24,34.9649547,127.9960686
fsboa,2026-06-28,23.97,24,34.9649547,127.9960686
fsboa,2026-06-29,24.18,24,34.9649547,127.9960686
fsboa,2026-06-30,24.35,24,34.9649547,127.9960686
fsboa,2026-07-01,23.78,24,34.9649547,127.9960686
fsboa,2026-07-02,23.9,24,34.9649547,127.9960686
fsboa,2026-07-03,24.31,24,34.9649547,127.9960686
fsboa,2026-07-04,24.48,24,34.9649547,127.9960686
fsboa,2026-07-05,24.51,24,34.9649547,127.9960686
fsboa,2026-07-06,24.62,24,34.9649547,127.9960686
fsboa,2026-07-07,24.98,24,34.9649547,127.9960686
fsboa,2026-07-08,25.12,24,34.9649547,127.9960686
fsboa,2026-07-09,25.42,24,34.9649547,127.9960686
fsboa,2026-07-10,26.0,24,34.9649547,127.9960686
fsboa,2026-07-11,26.64,24,34.9649547,127.9960686
fsboa,2026-07-12,27.15,24,34.9649547,127.9960686
fsboa,2026-07-13,26.97,24,34.9649547,127.9960686
fsboa,2026-07-14,26.59,24,34.9649547,127.9960686
fsboa,2026-07-15,26.29,24,34.9649547,127.9960686
fsboa,2026-07-16,26.26,24,34.9649547,127.9960686
fsboa,2026-07-17,26.31,24,34.9649547,127.9960686
fsboa,2026-07-18,26.66,24,34.9649547,127.9960686
fsboa,2026-07-19,26.85,24,34.9649547,127.9960686
fsboa,2026-07-20,27.1,24,34.9649547,127.9960686
fsboa,2026-07-21,27.7,23,34.9649547,127.9960686
fsboa,2026-07-22,28.06,24,34.9649547,127.9960686
fsboa,2026-07-23,28.51,24,34.9649547,127.9960686
fsboa,2026-07-24,28.72,24,34.9649547,127.9960686
fsboa,2026-07-25,29.23,24,34.9649547,127.9960686
fsboa,2026-07-26,30.13,24,34.9649547,127.9960686
fsboa,2026-07-27,29.46,24,34.9649547,127.9960686
fsboa,2026-07-28,28.77,22,34.9649547,127.9960686
fsboa,2026-07-29,28.17,24,34.9649547,127.9960686
fsboa,2026-07-30,27.52,24,34.9649547,127.9960686
fsboa,2026-07-31,27.21,24,34.9649547,127.9960686
fsboa,2026-08-01,27.32,24,34.9649547,127.9960686
fsboa,2026-08-02,27.06,24,34.9649547,127.9960686
fsboa,2026-08-03,27.21,24,34.9649547,127.9960686
fsboa,2026-08-04,27.27,24,34.9649547,127.9960686
fsboa,2026-08-05,27.4,24,34.9649547,127.9960686
fsboa,2026-08-06,27.52,24,34.9649547,127.9960686
fsboa,2026-08-07,27.68,24,34.9649547,127.9960686
fsboa,2026-08-08,28.0,24,34.9649547,127.9960686
fsboa,2026-08-09,27.26,24,34.9649547,127.9960686
fsboa,2026-08-10,26.61,24,34.9649547,127.9960686
fsboa,2026-08-11,26.42,23,34.9649547,127.9960686
fsboa,2026-08-12,26.58,24,34.9649547,127.9960686
fsboa,2026-08-13,26.9,24,34.9649547,127.9960686
fsboa,2026-08-14,27.31,24,34.9649547,127.9960686
fsboa,2026-08-15,27.59,24,34.9649547,127.9960686
fsboa,2026-08-16,27.17,24,34.9649547,127.9960686
fsboa,2026-08-17,26.81,24,34.9649547,127.9960686
fsboa,2026-08-18,27.53,24,34.9649547,127.9960686
fsboa,2026-08-19,27.93,24,34.9649547,127.9960686
fsboa,2026-08-20,28.29,24,34.9649547,127.9960686
fsboa,2026-08-21,28.59,24,34.9649547,127.9960686
fsboa,2026-08-22,29.15,24,34.9649547,127.9960686
fsboa,2026-08-23,29.27,24,34.9649547,127.9960686
fsboa,2026-08-24,29.81,24,34.9649547,127.9960686
fsboa,2026-08-25,29.55,24,34.9649547,127.9960686
fsboa,2026-08-26,29.7,24,34.9649547,127.9960686
fsboa,2026-08-27,29.92,24,34.9649547,127.9960686
fsboa,2026-08-28,29.41,24,34.9649547,127.9960686
fsboa,2026-08-29,28.95,24,34.9649547,127.9960686
fsboa,2026-08-30,29.15,24,34.9649547,127.9960686
fsboa,2026-08-31,29.12,24,34.9649547,127.9960686
fsboa,2026-09-01,29.08,23,34.9649547,127.9960686
fsboa,2026-09-02,29.1,24,34.9649547,127.9960686
fsboa,2026-09-03,29.09,24,34.9649547,127.9960686
fsboa,2026-09-04,28.43,24,34.9649547,127.9960686
fsboa,2026-09-05,27.53,24,34.9649547,127.9960686
fsboa,2026-09-06,26.62,21,34.9649547,127.9960686
fsboa,2026-09-07,26.31,20,34.9649547,127.9960686
fsboa,2026-09-08,26.38,24,34.9649547,127.9960686
fsboa,2026-09-09,26.12,24,34.9649547,127.9960686
fsboa,2026-09-10,25.6,24,34.9649547,127.9960686
fsboa,2026-09-11,25.55,24,34.9649547,127.9960686
fsboa,2026-09-12,25.86,24,34.9649547,127.9960686
fsboa,2026-09-13,26.23,24,34.9649547,127.9960686
fsboa,2026-09-14,26.27,24,34.9649547,127.9960686
fsboa,2026-09-15,26.34,24,34.9649547,127.9960686
fsboa,2026-09-16,26.4,24,34.9649547,127.9960686
fsboa,2026-09-17,26.04,24,34.9649547,127.9960686
fsboa,2026-09-18,25.91,24,34.9649547,127.9960686
fsboa,2026-09-19,25.75,24,34.9649547,127.9960686
fsboa,2026-09-20,25.68,24,34.9649547,127.9960686
fsboa,2026-09-21,25.47,24,34.9649547,127.9960686
fsboa,2026-09-22,25.49,24,34.9649547,127.9960686
fsboa,2026-09-23,25.52,24,34.9649547,127.9960686
fsboa,2026-09-24,25.66,24,34.9649547,127.9960686
fscoa,2026-05-01,16.88,24,34.9641293,127.995612
fscoa,2026-05-02,16.95,24,34.9641293,127.995612
fscoa,2026-05-03,16.84,24,34.9641293,127.995612
fscoa,2026-05-04,16.49,24,34.9641293,127.995612
fscoa,2026-05-05,16.82,24,34.9641293,127.995612
fscoa,2026-05-06,17.42,24,34.9641293,127.995612
fscoa,2026-05-07,18.08,24,34.9641293,127.995612
fscoa,2026-05-08,17.74,23,34.9641293,127.995612
fscoa,2026-05-09,17.93,24,34.9641293,127.995612
fscoa,2026-05-10,18.4,24,34.9641293,127.995612
fscoa,2026-05-11,18.74,24,34.9641293,127.995612
fscoa,2026-05-12,18.76,24,34.9641293,127.995612
fscoa,2026-05-13,18.91,24,34.9641293,127.995612
fscoa,2026-05-14,19.32,24,34.9641293,127.995612
fscoa,2026-05-15,19.44,24,34.9641293,127.995612
fscoa,2026-05-16,19.61,24,34.9641293,127.995612
fscoa,2026-05-17,19.76,24,34.9641293,127.995612
fscoa,2026-05-18,20.1,24,34.9641293,127.995612
fscoa,2026-05-19,20.35,24,34.9641293,127.995612
fscoa,2026-05-20,19.9,24,34.9641293,127.995612
fscoa,2026-05-21,20.33,24,34.9641293,127.995612
fscoa,2026-05-22,20.43,24,34.9641293,127.995612
fscoa,2026-05-23,20.17,24,34.9641293,127.995612
fscoa,2026-05-24,20.52,24,34.9641293,127.995612
fscoa,2026-05-25,20.98,24,34.9641293,127.995612
fscoa,2026-05-26,21.65,24,34.9641293,127.995612
fscoa,2026-05-27,20.71,24,34.9641293,127.995612
fscoa,2026-05-28,21.1,24,34.9641293,127.995612
fscoa,2026-05-29,21.31,24,34.9641293,127.995612
fscoa,2026-05-30,22.09,24,34.9641293,127.995612
fscoa,2026-05-31,22.03,24,34.9641293,127.995612
fscoa,2026-06-01,22.21,24,34.9641293,127.995612
fscoa,2026-06-02,21.67,24,34.9641293,127.995612
fscoa,2026-06-03,21.83,24,34.9641293,127.995612
fscoa,2026-06-04,22.29,24,34.9641293,127.995612
fscoa,2026-06-05,22.35,24,34.9641293,127.995612
fscoa,2026-06-06,21.84,24,34.9641293,127.995612
fscoa,2026-06-07,22.07,24,34.9641293,127.995612
fscoa,2026-06-08,22.2,24,34.9641293,127.995612
fscoa,2026-06-09,21.85,24,34.9641293,127.995612
fscoa,2026-06-10,22.32,23,34.9641293,127.995612
fscoa,2026-06-11,22.35,24,34.9641293,127.995612
fscoa,2026-06-12,22.34,24,34.9641293,127.995612
fscoa,2026-06-13,22.58,24,34.9641293,127.995612
fscoa,2026-06-14,22.74,24,34.9641293,127.995612
fscoa,2026-06-15,22.87,24,34.9641293,127.995612
fscoa,2026-06-16,22.78,24,34.9641293,127.995612
fscoa,2026-06-17,22.71,24,34.9641293,127.995612
fscoa,2026-06-18,23.2,24,34.9641293,127.995612
fscoa,2026-06-19,23.28,24,34.9641293,127.995612
fscoa,2026-06-20,23.17,24,34.9641293,127.995612
fscoa,2026-06-21,23.27,24,34.9641293,127.995612
fscoa,2026-06-22,23.36,24,34.9641293,127.995612
fscoa,2026-06-23,23.09,24,34.9641293,127.995612
fscoa,2026-06-24,22.55,24,34.9641293,127.995612
fscoa,2026-06-25,22.71,24,34.9641293,127.995612
fscoa,2026-06-26,23.38,24,34.9641293,127.995612
fscoa,2026-06-27,23.67,24,34.9641293,127.995612
fscoa,2026-06-28,24.0,24,34.9641293,127.995612
fscoa,2026-06-29,24.12,24,34.9641293,127.995612
fscoa,2026-06-30,24.26,24,34.9641293,127.995612
fscoa,2026-07-01,23.64,24,34.9641293,127.995612
fscoa,2026-07-02,23.91,24,34.9641293,127.995612
fscoa,2026-07-03,24.21,24,34.9641293,127.995612
fscoa,2026-07-04,24.44,24,34.9641293,127.995612
fscoa,2026-07-05,24.36,24,34.9641293,127.995612
fscoa,2026-07-06,24.46,24,34.9641293,127.995612
fscoa,2026-07-07,24.75,24,34.9641293,127.995612
fscoa,2026-07-08,24.99,24,34.9641293,127.995612
fscoa,2026-07-09,25.27,24,34.9641293,127.995612
fscoa,2026-07-10,25.86,24,34.9641293,127.995612
fscoa,2026-07-11,26.38,24,34.9641293,127.995612
fscoa,2026-07-12,26.98,24,34.9641293,127.995612
fscoa,2026-07-13,26.84,24,34.9641293,127.995612
fscoa,2026-07-14,26.41,24,34.9641293,127.995612
fscoa,2026-07-15,26.17,24,34.9641293,127.995612
fscoa,2026-07-16,26.2,24,34.9641293,127.995612
fscoa,2026-07-17,26.02,24,34.9641293,127.995612
fscoa,2026-07-18,26.46,24,34.9641293,127.995612
fscoa,2026-07-19,26.45,15,34.9641293,127.995612
fscoa,2026-07-22,27.93,24,34.9641293,127.995612
fscoa,2026-07-23,28.42,24,34.9641293,127.995612
fscoa,2026-07-24,28.59,24,34.9641293,127.995612
fscoa,2026-07-25,29.19,24,34.9641293,127.995612
fscoa,2026-07-26,29.77,24,34.9641293,127.995612
fscoa,2026-07-27,29.26,24,34.9641293,127.995612
fscoa,2026-07-28,28.63,24,34.9641293,127.995612
fscoa,2026-07-29,28.2,24,34.9641293,127.995612
fscoa,2026-07-30,27.36,23,34.9641293,127.995612
fscoa,2026-07-31,26.96,19,34.9641293,127.995612
fscoa,2026-08-02,26.82,24,34.9641293,127.995612
fscoa,2026-08-03,27.22,24,34.9641293,127.995612
fscoa,2026-08-05,27.32,12,34.9641293,127.995612
fscoa,2026-08-19,28.19,24,34.9641293,127.995612
fscoa,2026-08-20,28.83,24,34.9641293,127.995612
fscoa,2026-08-21,29.32,24,34.9641293,127.995612
fscoa,2026-08-22,30.14,24,34.9641293,127.995612
fscoa,2026-08-23,29.77,24,34.9641293,127.995612
fscoa,2026-08-24,30.1,24,34.9641293,127.995612
fscoa,2026-08-25,30.01,24,34.9641293,127.995612
fscoa,2026-08-26,29.91,24,34.9641293,127.995612
fscoa,2026-08-27,30.01,24,34.9641293,127.995612
fscoa,2026-08-28,29.39,24,34.9641293,127.995612
fscoa,2026-08-29,28.99,24,34.9641293,127.995612
fscoa,2026-08-30,29.22,24,34.9641293,127.995612
fscoa,2026-08-31,29.15,24,34.9641293,127.995612
fscoa,2026-09-01,29.17,23,34.9641293,127.995612
fscoa,2026-09-02,29.3,24,34.9641293,127.995612
fscoa,2026-09-03,29.26,24,34.9641293,127.995612
fscoa,2026-09-04,28.44,24,34.9641293,127.995612
fscoa,2026-09-05,27.58,24,34.9641293,127.995612
fscoa,2026-09-06,26.79,21,34.9641293,127.995612
fscoa,2026-09-07,26.38,20,34.9641293,127.995612
fscoa,2026-09-08,26.48,24,34.9641293,127.995612
fscoa,2026-09-09,26.11,24,34.9641293,127.995612
fscoa,2026-09-10,25.74,24,34.9641293,127.995612
fscoa,2026-09-11,25.69,24,34.9641293,127.995612
fscoa,2026-09-12,25.89,24,34.9641293,127.995612
fscoa,2026-09-13,26.21,24,34.9641293,127.995612
fscoa,2026-09-14,26.37,24,34.9641293,127.995612
fscoa,2026-09-15,26.37,24,34.9641293,127.995612
fscoa,2026-09-16,26.45,24,34.9641293,127.995612
fscoa,2026-09-17,26.2,24,34.9641293,127.995612
fscoa,2026-09-18,25.95,24,34.9641293,127.995612
fscoa,2026-09-19,25.89,24,34.9641293,127.995612
fscoa,2026-09-20,25.88,24,34.9641293,127.995612
fscoa,2026-09-21,25.63,24,34.9641293,127.995612
fscoa,2026-09-22,25.64,24,34.9641293,127.995612
fscoa,2026-09-23,25.64,24,34.9641293,127.995612
fscoa,2026-09-24,25.69,24,34.9641293,127.995612
fsdoa,2026-05-01,16.79,24,34.9640095,127.9965293
fsdoa,2026-05-02,16.88,24,34.9640095,127.9965293
fsdoa,2026-05-03,16.76,24,34.9640095,127.9965293
fsdoa,2026-05-04,16.45,24,34.9640095,127.9965293
fsdoa,2026-05-05,16.75,24,34.9640095,127.9965293
fsdoa,2026-05-06,17.41,24,34.9640095,127.9965293
fsdoa,2026-05-07,18.0,24,34.9640095,127.9965293
fsdoa,2026-05-08,17.78,24,34.9640095,127.9965293
fsdoa,2026-05-09,17.87,23,34.9640095,127.9965293
fsdoa,2026-05-10,18.42,24,34.9640095,127.9965293
fsdoa,2026-05-11,18.64,19,34.9640095,127.9965293
fsdoa,2026-05-12,18.86,17,34.9640095,127.9965293
fsdoa,2026-05-15,19.45,24,34.9640095,127.9965293
fsdoa,2026-05-16,19.67,24,34.9640095,127.9965293
fsdoa,2026-05-17,19.84,24,34.9640095,127.9965293
fsdoa,2026-05-18,20.04,24,34.9640095,127.9965293
fsdoa,2026-05-19,20.4,24,34.9640095,127.9965293
fsdoa,2026-05-20,20.06,24,34.9640095,127.9965293
fsdoa,2026-05-21,20.26,24,34.9640095,127.9965293
fsdoa,2026-05-22,20.7,24,34.9640095,127.9965293
fsdoa,2026-05-23,20.08,24,34.9640095,127.9965293
fsdoa,2026-05-24,20.57,24,34.9640095,127.9965293
fsdoa,2026-05-25,20.96,24,34.9640095,127.9965293
fsdoa,2026-05-26,21.76,24,34.9640095,127.9965293
fsdoa,2026-05-27,20.72,24,34.9640095,127.9965293
fsdoa,2026-05-28,20.92,24,34.9640095,127.9965293
fsdoa,2026-05-29,21.42,24,34.9640095,127.9965293
fsdoa,2026-05-30,21.7,24,34.9640095,127.9965293
fsdoa,2026-05-31,21.92,24,34.9640095,127.9965293
fsdoa,2026-06-01,22.13,24,34.9640095,127.9965293
fsdoa,2026-06-02,21.65,24,34.9640095,127.9965293
fsdoa,2026-06-03,21.78,24,34.9640095,127.9965293
fsdoa,2026-06-04,22.27,24,34.9640095,127.9965293
fsdoa,2026-06-05,22.35,24,34.9640095,127.9965293
fsdoa,2026-06-06,21.95,24,34.9640095,127.9965293
fsdoa,2026-06-07,22.27,24,34.9640095,127.9965293
fsdoa,2026-06-08,22.19,24,34.9640095,127.9965293
fsdoa,2026-06-09,21.92,24,34.9640095,127.9965293
fsdoa,2026-06-10,22.3,24,34.9640095,127.9965293
fsdoa,2026-06-11,22.57,24,34.9640095,127.9965293
fsdoa,2026-06-12,22.37,24,34.9640095,127.9965293
fsdoa,2026-06-13,22.48,24,34.9640095,127.9965293
fsdoa,2026-06-14,22.61,24,34.9640095,127.9965293
fsdoa,2026-06-15,22.71,24,34.9640095,127.9965293
fsdoa,2026-06-16,22.82,24,34.9640095,127.9965293
fsdoa,2026-06-17,22.74,24,34.9640095,127.9965293
fsdoa,2026-06-18,23.08,24,34.9640095,127.9965293
fsdoa,2026-06-19,23.29,24,34.9640095,127.9965293
fsdoa,2026-06-20,23.12,24,34.9640095,127.9965293
fsdoa,2026-06-21,23.28,24,34.9640095,127.9965293
fsdoa,2026-06-22,23.45,24,34.9640095,127.9965293
fsdoa,2026-06-23,23.12,24,34.9640095,127.9965293
fsdoa,2026-06-24,22.55,24,34.9640095,127.9965293
fsdoa,2026-06-25,22.61,24,34.9640095,127.9965293
fsdoa,2026-06-26,23.45,24,34.9640095,127.9965293
fsdoa,2026-06-27,23.8,24,34.9640095,127.9965293
fsdoa,2026-06-28,23.92,24,34.9640095,127.9965293
fsdoa,2026-06-29,24.12,24,34.9640095,127.9965293
fsdoa,2026-06-30,24.25,24,34.9640095,127.9965293
fsdoa,2026-07-01,23.75,24,34.9640095,127.9965293
fsdoa,2026-07-02,23.82,24,34.9640095,127.9965293
fsdoa,2026-07-03,24.15,24,34.9640095,127.9965293
fsdoa,2026-07-04,24.46,24,34.9640095,127.9965293
fsdoa,2026-07-05,24.31,24,34.9640095,127.9965293
fsdoa,2026-07-06,24.45,24,34.9640095,127.9965293
fsdoa,2026-07-07,24.75,24,34.9640095,127.9965293
fsdoa,2026-07-08,25.03,24,34.9640095,127.9965293
fsdoa,2026-07-09,25.25,24,34.9640095,127.9965293
fsdoa,2026-07-10,25.87,24,34.9640095,127.9965293
fsdoa,2026-07-11,26.68,24,34.9640095,127.9965293
fsdoa,2026-07-12,26.91,24,34.9640095,127.9965293
fsdoa,2026-07-13,26.68,24,34.9640095,127.9965293
fsdoa,2026-07-14,26.35,24,34.9640095,127.9965293
fsdoa,2026-07-15,26.16,24,34.9640095,127.9965293
fsdoa,2026-07-16,26.23,24,34.9640095,127.9965293
fsdoa,2026-07-17,26.11,24,34.9640095,127.9965293
fsdoa,2026-07-18,26.49,24,34.9640095,127.9965293
fsdoa,2026-07-19,26.6,24,34.9640095,127.9965293
fsdoa,2026-07-20,26.92,24,34.9640095,127.9965293
fsdoa,2026-07-21,27.46,23,34.9640095,127.9965293
fsdoa,2026-07-22,27.96,24,34.9640095,127.9965293
fsdoa,2026-07-23,28.38,24,34.9640095,127.9965293
fsdoa,2026-07-24,28.61,24,34.9640095,127.9965293
fsdoa,2026-07-25,29.13,24,34.9640095,127.9965293
fsdoa,2026-07-26,29.82,24,34.9640095,127.9965293
fsdoa,2026-07-27,29.2,24,34.9640095,127.9965293
fsdoa,2026-07-28,28.42,24,34.9640095,127.9965293
fsdoa,2026-07-29,28.12,24,34.9640095,127.9965293
fsdoa,2026-07-30,27.45,24,34.9640095,127.9965293
fsdoa,2026-07-31,27.05,24,34.9640095,127.9965293
fsdoa,2026-08-01,27.31,24,34.9640095,127.9965293
fsdoa,2026-08-02,26.85,24,34.9640095,127.9965293
fsdoa,2026-08-03,27.09,24,34.9640095,127.9965293
fsdoa,2026-08-04,27.12,24,34.9640095,127.9965293
fsdoa,2026-08-05,27.19,24,34.9640095,127.9965293
fsdoa,2026-08-06,27.34,24,34.9640095,127.9965293
fsdoa,2026-08-07,27.66,24,34.9640095,127.9965293
fsdoa,2026-08-08,27.8,24,34.9640095,127.9965293
fsdoa,2026-08-09,27.1,24,34.9640095,127.9965293
fsdoa,2026-08-10,26.43,24,34.9640095,127.9965293
fsdoa,2026-08-11,26.43,24,34.9640095,127.9965293
fsdoa,2026-08-12,26.52,24,34.9640095,127.9965293
fsdoa,2026-08-13,26.85,24,34.9640095,127.9965293
fsdoa,2026-08-14,27.28,24,34.9640095,127.9965293
fsdoa,2026-08-15,27.52,24,34.9640095,127.9965293
fsdoa,2026-08-16,27.12,24,34.9640095,127.9965293
fsdoa,2026-08-17,26.78,24,34.9640095,127.9965293
fsdoa,2026-08-18,27.45,24,34.9640095,127.9965293
fsdoa,2026-08-19,28.05,24,34.9640095,127.9965293
fsdoa,2026-08-20,28.32,24,34.9640095,127.9965293
fsdoa,2026-08-21,28.64,24,34.9640095,127.9965293
fsdoa,2026-08-22,29.24,24,34.9640095,127.9965293
fsdoa,2026-08-23,29.38,24,34.9640095,127.9965293
fsdoa,2026-08-24,29.73,24,34.9640095,127.9965293
fsdoa,2026-08-25,29.54,24,34.9640095,127.9965293
fsdoa,2026-08-26,29.72,24,34.9640095,127.9965293
fsdoa,2026-08-27,29.75,24,34.9640095,127.9965293
fsdoa,2026-08-28,29.4,24,34.9640095,127.9965293
fsdoa,2026-08-29,28.95,24,34.9640095,127.9965293
fsdoa,2026-08-30,29.09,24,34.9640095,127.9965293
fsdoa,2026-08-31,29.07,24,34.9640095,127.9965293
fsdoa,2026-09-01,29.02,24,34.9640095,127.9965293
fsdoa,2026-09-02,29.08,24,34.9640095,127.9965293
fsdoa,2026-09-03,29.08,24,34.9640095,127.9965293
fsdoa,2026-09-04,28.32,24,34.9640095,127.9965293
fsdoa,2026-09-05,27.53,24,34.9640095,127.9965293
fsdoa,2026-09-06,26.69,21,34.9640095,127.9965293
fsdoa,2026-09-07,26.34,20,34.9640095,127.9965293
fsdoa,2026-09-08,26.41,24,34.9640095,127.9965293
fsdoa,2026-09-09,26.12,24,34.9640095,127.9965293
fsdoa,2026-09-10,25.65,24,34.9640095,127.9965293
fsdoa,2026-09-11,25.67,24,34.9640095,127.9965293
fsdoa,2026-09-12,25.93,24,34.9640095,127.9965293
fsdoa,2026-09-13,26.17,24,34.9640095,127.9965293
fsdoa,2026-09-14,26.34,24,34.9640095,127.9965293
fsdoa,2026-09-15,26.34,24,34.9640095,127.9965293
fsdoa,2026-09-16,26.38,24,34.9640095,127.9965293
fsdoa,2026-09-17,26.12,24,34.9640095,127.9965293
fsdoa,2026-09-18,25.92,24,34.9640095,127.9965293
fsdoa,2026-09-19,25.85,24,34.9640095,127.9965293
fsdoa,2026-09-20,25.74,24,34.9640095,127.9965293
fsdoa,2026-09-21,25.58,24,34.9640095,127.9965293
fsdoa,2026-09-22,25.56,24,34.9640095,127.9965293
fsdoa,2026-09-23,25.55,24,34.9640095,127.9965293
fsdoa,2026-09-24,25.61,24,34.9640095,127.9965293
fswoa,2026-05-01,16.91,24,34.9700033,128.001078
fswoa,2026-05-02,17.08,24,34.9700033,128.001078
fswoa,2026-05-03,16.89,24,34.9700033,128.001078
fswoa,2026-05-04,16.6,24,34.9700033,128.001078
fswoa,2026-05-05,16.88,24,34.9700033,128.001078
fswoa,2026-05-06,17.48,24,34.9700033,128.001078
fswoa,2026-05-07,18.31,24,34.9700033,128.001078
fswoa,2026-05-08,18.01,24,34.9700033,128.001078
fswoa,2026-05-09,18.13,24,34.9700033,128.001078
fswoa,2026-05-10,18.73,24,34.9700033,128.001078
fswoa,2026-05-11,19.14,24,34.9700033,128.001078
fswoa,2026-05-12,19.01,24,34.9700033,128.001078
fswoa,2026-05-13,19.11,24,34.9700033,128.001078
fswoa,2026-05-14,19.42,24,34.9700033,128.001078
fswoa,2026-05-15,19.56,23,34.9700033,128.001078
fswoa,2026-05-16,19.88,24,34.9700033,128.001078
fswoa,2026-05-17,19.95,24,34.9700033,128.001078
fswoa,2026-05-18,20.34,23,34.9700033,128.001078
fswoa,2026-05-19,20.65,24,34.9700033,128.001078
fswoa,2026-05-20,20.25,24,34.9700033,128.001078
fswoa,2026-05-21,20.42,24,34.9700033,128.001078
fswoa,2026-05-22,20.97,24,34.9700033,128.001078
fswoa,2026-05-23,20.27,24,34.9700033,128.001078
fswoa,2026-05-24,20.94,24,34.9700033,128.001078
fswoa,2026-05-25,21.53,24,34.9700033,128.001078
fswoa,2026-05-26,21.88,24,34.9700033,128.001078
fswoa,2026-05-27,20.9,24,34.9700033,128.001078
fswoa,2026-05-28,20.94,24,34.9700033,128.001078
fswoa,2026-05-29,21.67,24,34.9700033,128.001078
fswoa,2026-05-30,22.14,24,34.9700033,128.001078
fswoa,2026-05-31,22.12,24,34.9700033,128.001078
fswoa,2026-06-01,22.4,24,34.9700033,128.001078
fswoa,2026-06-02,21.79,24,34.9700033,128.001078
fswoa,2026-06-03,21.96,24,34.9700033,128.001078
fswoa,2026-06-04,22.36,24,34.9700033,128.001078
fswoa,2026-06-05,22.62,24,34.9700033,128.001078
fswoa,2026-06-06,22.12,24,34.9700033,128.001078
fswoa,2026-06-07,22.41,24,34.9700033,128.001078
fswoa,2026-06-08,22.37,24,34.9700033,128.001078
fswoa,2026-06-09,22.06,24,34.9700033,128.001078
fswoa,2026-06-10,22.47,24,34.9700033,128.001078
fswoa,2026-06-11,22.69,24,34.9700033,128.001078
fswoa,2026-06-12,22.65,24,34.9700033,128.001078
fswoa,2026-06-13,22.72,24,34.9700033,128.001078
fswoa,2026-06-14,23.04,24,34.9700033,128.001078
fswoa,2026-06-15,23.08,24,34.9700033,128.001078
fswoa,2026-06-16,23.03,24,34.9700033,128.001078
fswoa,2026-06-17,22.94,24,34.9700033,128.001078
fswoa,2026-06-18,23.32,24,34.9700033,128.001078
fswoa,2026-06-19,23.53,24,34.9700033,128.001078
fswoa,2026-06-20,23.35,24,34.9700033,128.001078
fswoa,2026-06-21,23.48,24,34.9700033,128.001078
fswoa,2026-06-22,23.72,24,34.9700033,128.001078
fswoa,2026-06-23,23.31,24,34.9700033,128.001078
fswoa,2026-06-24,22.6,24,34.9700033,128.001078
fswoa,2026-06-25,22.89,24,34.9700033,128.001078
fswoa,2026-06-26,23.62,24,34.9700033,128.001078
fswoa,2026-06-27,23.97,24,34.9700033,128.001078
fswoa,2026-06-28,24.11,24,34.9700033,128.001078
fswoa,2026-06-29,24.38,24,34.9700033,128.001078
fswoa,2026-06-30,24.47,24,34.9700033,128.001078
fswoa,2026-07-01,23.98,24,34.9700033,128.001078
fswoa,2026-07-02,24.02,24,34.9700033,128.001078
fswoa,2026-07-03,24.42,24,34.9700033,128.001078
fswoa,2026-07-04,24.77,24,34.9700033,128.001078
fswoa,2026-07-05,24.62,24,34.9700033,128.001078
fswoa,2026-07-06,24.8,24,34.9700033,128.001078
fswoa,2026-07-07,25.13,24,34.9700033,128.001078
fswoa,2026-07-08,25.34,24,34.9700033,128.001078
fswoa,2026-07-09,25.48,24,34.9700033,128.001078
fswoa,2026-07-10,26.32,24,34.9700033,128.001078
fswoa,2026-07-11,27.2,24,34.9700033,128.001078
fswoa,2026-07-12,27.4,24,34.9700033,128.001078
fswoa,2026-07-13,26.77,24,34.9700033,128.001078
fswoa,2026-07-14,26.62,24,34.9700033,128.001078
fswoa,2026-07-15,26.43,24,34.9700033,128.001078
fswoa,2026-07-16,26.5,25,34.9700033,128.001078
fswoa,2026-07-17,26.32,24,34.9700033,128.001078
fswoa,2026-07-18,26.61,24,34.9700033,128.001078
fswoa,2026-07-19,27.0,24,34.9700033,128.001078
fswoa,2026-07-20,27.2,24,34.9700033,128.001078
fswoa,2026-07-21,27.72,24,34.9700033,128.001078
fswoa,2026-07-22,28.17,24,34.9700033,128.001078
fswoa,2026-07-23,28.55,24,34.9700033,128.001078
fswoa,2026-07-24,28.94,24,34.9700033,128.001078
fswoa,2026-07-25,29.58,24,34.9700033,128.001078
fswoa,2026-07-26,30.45,24,34.9700033,128.001078
fswoa,2026-07-27,29.92,24,34.9700033,128.001078
fswoa,2026-07-28,28.89,23,34.9700033,128.001078
fswoa,2026-07-29,28.48,24,34.9700033,128.001078
fswoa,2026-07-30,27.85,24,34.9700033,128.001078
fswoa,2026-07-31,27.33,24,34.9700033,128.001078
fswoa,2026-08-01,27.47,24,34.9700033,128.001078
fswoa,2026-08-02,27.28,24,34.9700033,128.001078
fswoa,2026-08-03,27.42,24,34.9700033,128.001078
fswoa,2026-08-04,27.51,24,34.9700033,128.001078
fswoa,2026-08-05,27.31,24,34.9700033,128.001078
fswoa,2026-08-06,27.49,24,34.9700033,128.001078
fswoa,2026-08-07,27.89,24,34.9700033,128.001078
fswoa,2026-08-08,28.25,24,34.9700033,128.001078
fswoa,2026-08-09,27.38,24,34.9700033,128.001078
fswoa,2026-08-10,26.68,24,34.9700033,128.001078
fswoa,2026-08-11,26.5,24,34.9700033,128.001078
fswoa,2026-08-12,26.62,24,34.9700033,128.001078
fswoa,2026-08-13,27.02,24,34.9700033,128.001078
fswoa,2026-08-14,27.42,24,34.9700033,128.001078
fswoa,2026-08-15,27.67,24,34.9700033,128.001078
fswoa,2026-08-16,27.13,24,34.9700033,128.001078
fswoa,2026-08-17,26.58,24,34.9700033,128.001078
fswoa,2026-08-18,27.34,24,34.9700033,128.001078
fswoa,2026-08-19,28.26,24,34.9700033,128.001078
fswoa,2026-08-20,28.8,24,34.9700033,128.001078
fswoa,2026-08-21,29.44,24,34.9700033,128.001078
fswoa,2026-08-22,29.97,24,34.9700033,128.001078
fswoa,2026-08-23,30.12,24,34.9700033,128.001078
fswoa,2026-08-24,30.04,24,34.9700033,128.001078
fswoa,2026-08-25,28.7,24,34.9700033,128.001078
fswoa,2026-08-31,29.33,12,34.9700033,128.001078
fswoa,2026-09-01,29.04,24,34.9700033,128.001078
fswoa,2026-09-02,29.2,24,34.9700033,128.001078
fswoa,2026-09-03,29.11,24,34.9700033,128.001078
fswoa,2026-09-04,28.35,24,34.9700033,128.001078
fswoa,2026-09-05,27.36,24,34.9700033,128.001078
fswoa,2026-09-06,26.66,24,34.9700033,128.001078
fswoa,2026-09-07,26.35,20,34.9700033,128.001078
fswoa,2026-09-08,26.58,24,34.9700033,128.001078
fswoa,2026-09-09,26.12,24,34.9700033,128.001078
fswoa,2026-09-10,25.54,17,34.9700033,128.001078
fswoa,2026-09-12,25.87,23,34.9700033,128.001078
fswoa,2026-09-13,26.24,24,34.9700033,128.001078
fswoa,2026-09-14,26.4,24,34.9700033,128.001078
fswoa,2026-09-15,26.36,24,34.9700033,128.001078
fswoa,2026-09-16,26.42,24,34.9700033,128.001078
fswoa,2026-09-17,26.12,24,34.9700033,128.001078
fswoa,2026-09-18,25.88,24,34.9700033,128.001078
fswoa,2026-09-19,25.83,24,34.9700033,128.001078
fswoa,2026-09-20,25.68,24,34.9700033,128.001078
fswoa,2026-09-21,25.57,24,34.9700033,128.001078
fswoa,2026-09-22,25.59,24,34.9700033,128.001078
fswoa,2026-09-23,25.68,24,34.9700033,128.001078
fswoa,2026-09-24,25.65,24,34.9700033,128.001078
fsxoa,2026-05-01,16.91,24,34.9656331,128.0001761
fsxoa,2026-05-02,16.91,24,34.9656331,128.0001761
fsxoa,2026-05-03,16.74,24,34.9656331,128.0001761
fsxoa,2026-05-04,16.5,24,34.9656331,128.0001761
fsxoa,2026-05-05,16.77,24,34.9656331,128.0001761
fsxoa,2026-05-06,17.4,24,34.9656331,128.0001761
fsxoa,2026-05-07,18.24,24,34.9656331,128.0001761
fsxoa,2026-05-08,17.95,24,34.9656331,128.0001761
fsxoa,2026-05-09,17.98,24,34.9656331,128.0001761
fsxoa,2026-05-10,18.31,22,34.9656331,128.0001761
fsxoa,2026-05-11,18.82,24,34.9656331,128.0001761
fsxoa,2026-05-12,18.85,24,34.9656331,128.0001761
fsxoa,2026-05-13,18.91,24,34.9656331,128.0001761
fsxoa,2026-05-14,19.21,24,34.9656331,128.0001761
fsxoa,2026-05-15,19.25,24,34.9656331,128.0001761
fsxoa,2026-05-16,19.34,24,34.9656331,128.0001761
fsxoa,2026-05-17,19.6,24,34.9656331,128.0001761
fsxoa,2026-05-18,19.94,24,34.9656331,128.0001761
fsxoa,2026-05-19,20.2,24,34.9656331,128.0001761
fsxoa,2026-05-20,19.97,24,34.9656331,128.0001761
fsxoa,2026-05-21,20.43,24,34.9656331,128.0001761
fsxoa,2026-05-22,20.78,24,34.9656331,128.0001761
fsxoa,2026-05-23,20.25,24,34.9656331,128.0001761
fsxoa,2026-05-27,20.75,13,34.9656331,128.0001761
fsxoa,2026-05-28,21.13,24,34.9656331,128.0001761
fsxoa,2026-05-29,21.49,24,34.9656331,128.0001761
fsxoa,2026-05-30,22.22,24,34.9656331,128.0001761
fsxoa,2026-05-31,21.88,23,34.9656331,128.0001761
fsxoa,2026-06-01,22.16,24,34.9656331,128.0001761
fsxoa,2026-06-02,21.75,24,34.9656331,128.0001761
fsxoa,2026-06-03,21.85,24,34.9656331,128.0001761
fsxoa,2026-06-04,22.4,24,34.9656331,128.0001761
fsxoa,2026-06-05,22.57,24,34.9656331,128.0001761
fsxoa,2026-06-06,22.0,24,34.9656331,128.0001761
fsxoa,2026-06-07,22.18,24,34.9656331,128.0001761
fsxoa,2026-06-08,22.23,24,34.9656331,128.0001761
fsxoa,2026-06-09,22.01,24,34.9656331,128.0001761
fsxoa,2026-06-10,22.4,24,34.9656331,128.0001761
fsxoa,2026-06-11,22.69,24,34.9656331,128.0001761
fsxoa,2026-06-12,22.41,24,34.9656331,128.0001761
fsxoa,2026-06-13,22.32,24,34.9656331,128.0001761
fsxoa,2026-06-14,22.62,24,34.9656331,128.0001761
fsxoa,2026-06-15,22.74,24,34.9656331,128.0001761
fsxoa,2026-06-16,22.74,12,34.9656331,128.0001761
fsxoa,2026-06-17,22.65,24,34.9656331,128.0001761
fsxoa,2026-06-18,23.02,24,34.9656331,128.0001761
fsxoa,2026-06-19,23.12,24,34.9656331,128.0001761
fsxoa,2026-06-20,23.06,24,34.9656331,128.0001761
fsxoa,2026-06-21,23.38,24,34.9656331,128.0001761
fsxoa,2026-06-22,23.51,24,34.9656331,128.0001761
fsxoa,2026-06-23,23.18,24,34.9656331,128.0001761
fsxoa,2026-06-24,22.51,24,34.9656331,128.0001761
fsxoa,2026-06-25,22.75,24,34.9656331,128.0001761
fsxoa,2026-06-26,23.48,24,34.9656331,128.0001761
fsxoa,2026-06-27,23.62,24,34.9656331,128.0001761
fsxoa,2026-06-28,23.88,24,34.9656331,128.0001761
fsxoa,2026-06-29,24.1,24,34.9656331,128.0001761
fsxoa,2026-06-30,24.18,24,34.9656331,128.0001761
fsxoa,2026-07-01,23.67,24,34.9656331,128.0001761
fsxoa,2026-07-02,23.88,24,34.9656331,128.0001761
fsxoa,2026-07-03,24.21,24,34.9656331,128.0001761
fsxoa,2026-07-04,24.52,24,34.9656331,128.0001761
fsxoa,2026-07-05,24.41,24,34.9656331,128.0001761
fsxoa,2026-07-06,24.48,24,34.9656331,128.0001761
fsxoa,2026-07-07,24.87,24,34.9656331,128.0001761
fsxoa,2026-07-08,25.04,24,34.9656331,128.0001761
fsxoa,2026-07-09,25.34,24,34.9656331,128.0001761
fsxoa,2026-07-10,25.95,24,34.9656331,128.0001761
fsxoa,2026-07-11,27.03,24,34.9656331,128.0001761
fsxoa,2026-07-12,27.23,24,34.9656331,128.0001761
fsxoa,2026-07-13,26.51,24,34.9656331,128.0001761
fsxoa,2026-07-14,26.36,24,34.9656331,128.0001761
fsxoa,2026-07-15,26.2,24,34.9656331,128.0001761
fsxoa,2026-07-16,26.05,24,34.9656331,128.0001761
fsxoa,2026-07-17,26.0,24,34.9656331,128.0001761
fsxoa,2026-07-18,26.27,24,34.9656331,128.0001761
fsxoa,2026-07-19,26.47,24,34.9656331,128.0001761
fsxoa,2026-07-20,26.88,24,34.9656331,128.0001761
fsxoa,2026-07-21,27.62,24,34.9656331,128.0001761
fsxoa,2026-07-22,28.01,24,34.9656331,128.0001761
fsxoa,2026-07-23,28.45,24,34.9656331,128.0001761
fsxoa,2026-07-24,28.62,24,34.9656331,128.0001761
fsxoa,2026-07-25,29.15,24,34.9656331,128.0001761
fsxoa,2026-07-26,29.85,24,34.9656331,128.0001761
fsxoa,2026-07-27,29.45,24,34.9656331,128.0001761
fsxoa,2026-07-28,29.13,24,34.9656331,128.0001761
fsxoa,2026-07-29,28.42,24,34.9656331,128.0001761
fsxoa,2026-07-30,27.63,24,34.9656331,128.0001761
fsxoa,2026-07-31,26.99,24,34.9656331,128.0001761
fsxoa,2026-08-01,27.13,24,34.9656331,128.0001761
fsxoa,2026-08-02,27.04,24,34.9656331,128.0001761
fsxoa,2026-08-03,27.04,24,34.9656331,128.0001761
fsxoa,2026-08-04,27.1,24,34.9656331,128.0001761
fsxoa,2026-08-05,27.38,24,34.9656331,128.0001761
fsxoa,2026-08-06,27.54,24,34.9656331,128.0001761
fsxoa,2026-08-07,27.72,24,34.9656331,128.0001761
fsxoa,2026-08-08,27.88,24,34.9656331,128.0001761
fsxoa,2026-08-09,26.93,24,34.9656331,128.0001761
fsxoa,2026-08-10,26.38,24,34.9656331,128.0001761
fsxoa,2026-08-11,26.48,24,34.9656331,128.0001761
fsxoa,2026-08-12,26.58,24,34.9656331,128.0001761
fsxoa,2026-08-13,26.86,24,34.9656331,128.0001761
fsxoa,2026-08-14,27.32,24,34.9656331,128.0001761
fsxoa,2026-08-15,27.5,24,34.9656331,128.0001761
fsxoa,2026-08-16,27.18,24,34.9656331,128.0001761
fsxoa,2026-08-17,26.7,24,34.9656331,128.0001761
fsxoa,2026-08-18,27.6,24,34.9656331,128.0001761
fsxoa,2026-08-19,28.25,24,34.9656331,128.0001761
fsxoa,2026-08-20,28.83,24,34.9656331,128.0001761
fsxoa,2026-08-21,29.24,24,34.9656331,128.0001761
fsxoa,2026-08-22,29.81,24,34.9656331,128.0001761
fsxoa,2026-08-23,29.59,24,34.9656331,128.0001761
fsxoa,2026-08-24,29.94,24,34.9656331,128.0001761
fsxoa,2026-08-25,29.95,24,34.9656331,128.0001761
fsxoa,2026-08-26,29.8,24,34.9656331,128.0001761
fsxoa,2026-08-27,29.77,24,34.9656331,128.0001761
fsxoa,2026-08-28,29.27,24,34.9656331,128.0001761
fsxoa,2026-08-29,29.01,24,34.9656331,128.0001761
fsxoa,2026-08-30,29.16,24,34.9656331,128.0001761
fsxoa,2026-08-31,29.1,24,34.9656331,128.0001761
fsxoa,2026-09-01,29.03,24,34.9656331,128.0001761
fsxoa,2026-09-02,29.15,24,34.9656331,128.0001761
fsxoa,2026-09-03,29.02,24,34.9656331,128.0001761
fsxoa,2026-09-04,28.3,24,34.9656331,128.0001761
fsxoa,2026-09-05,27.44,24,34.9656331,128.0001761
fsxoa,2026-09-06,26.64,24,34.9656331,128.0001761
fsxoa,2026-09-07,26.32,20,34.9656331,128.0001761
fsxoa,2026-09-08,26.31,24,34.9656331,128.0001761
fsxoa,2026-09-09,26.22,24,34.9656331,128.0001761
fsxoa,2026-09-10,25.65,17,34.9656331,128.0001761
fsxoa,2026-09-12,25.95,23,34.9656331,128.0001761
fsxoa,2026-09-13,26.12,24,34.9656331,128.0001761
fsxoa,2026-09-14,26.32,24,34.9656331,128.0001761
fsxoa,2026-09-15,26.31,24,34.9656331,128.0001761
fsxoa,2026-09-16,26.34,24,34.9656331,128.0001761
fsxoa,2026-09-17,26.25,24,34.9656331,128.0001761
fsxoa,2026-09-18,25.99,24,34.9656331,128.0001761
fsxoa,2026-09-19,25.82,24,34.9656331,128.0001761
fsxoa,2026-09-20,25.82,20,34.9656331,128.0001761
fsxoa,2026-09-21,25.58,24,34.9656331,128.0001761
fsxoa,2026-09-22,25.56,15,34.9656331,128.0001761
fsxoa,2026-09-24,25.71,24,34.9656331,128.0001761
ftaq5,2026-05-29,18.61,12,34.7696,128.3951
ftaq5,2026-05-30,18.41,12,34.7696,128.3951
ftaq5,2026-05-31,18.55,12,34.7696,128.3951
ftaq5,2026-06-01,18.47,12,34.7696,128.3951
ftaq5,2026-06-02,18.49,12,34.7696,128.3951
ftaq5,2026-06-03,18.84,12,34.7696,128.3951
ftaq5,2026-06-04,18.77,12,34.7696,128.3951
ftaq5,2026-06-05,19.12,12,34.7696,128.3951
ftaq5,2026-06-06,18.65,12,34.7696,128.3951
ftaq5,2026-06-07,18.64,12,34.7696,128.3951
ftaq5,2026-06-08,19.21,12,34.7696,128.3951
ftaq5,2026-06-09,19.6,12,34.7696,128.3951
ftaq5,2026-06-10,20.3,12,34.7696,128.3951
ftaq5,2026-06-11,20.43,12,34.7696,128.3951
ftaq5,2026-06-12,19.97,12,34.7696,128.3951
ftaq5,2026-06-13,19.97,12,34.7696,128.3951
ftaq5,2026-06-14,19.53,12,34.7696,128.3951
ftaq5,2026-06-15,18.71,12,34.7696,128.3951
ftaq5,2026-06-16,18.77,12,34.7696,128.3951
ftaq5,2026-06-17,18.68,12,34.7696,128.3951
ftaq5,2026-06-19,19.38,12,34.7696,128.3951
ftaq5,2026-06-20,20.17,12,34.7696,128.3951
ftaq5,2026-06-21,20.38,12,34.7696,128.3951
ftaq5,2026-06-22,19.97,12,34.7696,128.3951
ftaq5,2026-06-23,19.99,12,34.7696,128.3951
ftaq5,2026-06-24,20.47,12,34.7696,128.3951
ftaq5,2026-06-25,20.82,12,34.7696,128.3951
ftaq5,2026-06-26,21.22,12,34.7696,128.3951
ftaq5,2026-06-27,21.38,12,34.7696,128.3951
ftaq5,2026-06-28,21.67,12,34.7696,128.3951
ftaq5,2026-06-29,21.46,12,34.7696,128.3951
ftaq5,2026-06-30,21.46,12,34.7696,128.3951
ftaq5,2026-07-01,20.94,12,34.7696,128.3951
ftaq5,2026-07-02,20.62,12,34.7696,128.3951
ftaq5,2026-07-03,21.22,12,34.7696,128.3951
ftaq5,2026-07-04,21.52,12,34.7696,128.3951
ftaq5,2026-07-14,23.98,12,34.7696,128.3951
ftaq5,2026-07-15,23.33,12,34.7696,128.3951
ftaq5,2026-07-16,21.97,12,34.7696,128.3951
ftaq5,2026-07-17,21.21,12,34.7696,128.3951
ftaq5,2026-07-18,21.59,12,34.7696,128.3951
ftaq5,2026-07-19,21.98,12,34.7696,128.3951
ftaq5,2026-07-20,22.52,12,34.7696,128.3951
ftaq5,2026-07-21,23.81,12,34.7696,128.3951
ftaq5,2026-07-22,25.38,12,34.7696,128.3951
ftaq5,2026-07-23,25.82,12,34.7696,128.3951
ftaq5,2026-07-24,26.28,12,34.7696,128.3951
ftaq5,2026-07-25,26.15,12,34.7696,128.3951
ftaq5,2026-07-26,25.89,12,34.7696,128.3951
ftaq5,2026-07-27,25.36,12,34.7696,128.3951
ftaq5,2026-07-28,24.38,12,34.7696,128.3951
ftaq5,2026-07-29,23.32,12,34.7696,128.3951
ftaq5,2026-07-30,22.59,12,34.7696,128.3951
ftaq5,2026-07-31,21.15,12,34.7696,128.3951
ftaq5,2026-08-01,20.76,12,34.7696,128.3951
ftaq5,2026-08-02,20.25,12,34.7696,128.3951
ftaq5,2026-08-03,20.36,12,34.7696,128.3951
ftaq5,2026-08-04,21.86,12,34.7696,128.3951
ftaq5,2026-08-05,23.94,12,34.7696,128.3951
ftaq5,2026-08-06,25.11,12,34.7696,128.3951
ftaq5,2026-08-07,25.94,12,34.7696,128.3951
ftaq5,2026-08-08,26.76,12,34.7696,128.3951
ftaq5,2026-08-09,27.15,12,34.7696,128.3951
ftaq5,2026-08-10,27.09,12,34.7696,128.3951
ftaq5,2026-08-11,26.91,12,34.7696,128.3951
ftaq5,2026-08-12,26.57,12,34.7696,128.3951
ftaq5,2026-08-13,26.58,12,34.7696,128.3951
ftaq5,2026-08-14,26.72,12,34.7696,128.3951
ftaq5,2026-08-15,26.69,12,34.7696,128.3951
ftaq5,2026-08-16,26.42,12,34.7696,128.3951
ftaq5,2026-08-17,26.22,12,34.7696,128.3951
ftaq5,2026-08-18,26.37,12,34.7696,128.3951
ftaq5,2026-08-19,27.18,12,34.7696,128.3951
ftaq5,2026-08-20,27.78,12,34.7696,128.3951
ftaq5,2026-08-21,28.46,12,34.7696,128.3951
ftaq5,2026-08-22,28.94,12,34.7696,128.3951
ftaq5,2026-08-23,29.07,12,34.7696,128.3951
ftaq5,2026-08-24,29.12,12,34.7696,128.3951
ftaq5,2026-08-25,29.28,12,34.7696,128.3951
ftaq5,2026-08-29,28.42,12,34.7696,128.3951
ftaq5,2026-08-30,27.96,12,34.7696,128.3951
ftaq5,2026-08-31,27.83,12,34.7696,128.3951
ftaq5,2026-09-01,27.07,12,34.7696,128.3951
ftaq5,2026-09-02,26.71,12,34.7696,128.3951
ftaq5,2026-09-03,26.63,12,34.7696,128.3951
ftaq5,2026-09-04,25.8,12,34.7696,128.3951
ftaq5,2026-09-06,26.59,12,34.7696,128.3951
ftaq5,2026-09-08,26.42,12,34.7696,128.3951
ftaq5,2026-09-09,26.22,12,34.7696,128.3951
ftaq5,2026-09-10,26.03,12,34.7696,128.3951
ftaq5,2026-09-11,26.08,12,34.7696,128.3951
ftaq5,2026-09-12,26.08,12,34.7696,128.3951
ftaq5,2026-09-13,26.15,12,34.7696,128.3951
ftaq5,2026-09-14,26.15,12,34.7696,128.3951
ftaq5,2026-09-15,26.16,12,34.7696,128.3951
ftaq5,2026-09-16,26.1,12,34.7696,128.3951
ftaq5,2026-09-17,25.81,12,34.7696,128.3951
ftaq5,2026-09-18,25.76,12,34.7696,128.3951
ftaq5,2026-09-19,25.74,12,34.7696,128.3951
ftaq5,2026-09-20,25.68,12,34.7696,128.3951
ftaq5,2026-09-21,25.72,12,34.7696,128.3951
ftaq5,2026-09-22,25.62,12,34.7696,128.3951
ftaq5,2026-09-23,25.51,12,34.7696,128.3951
ftaq5,2026-09-24,25.5,12,34.7696,128.3951
ftdp7,2026-05-01,16.26,12,34.7974,128.5118
ftdp7,2026-05-02,16.36,12,34.7974,128.5118
ftdp7,2026-05-03,16.21,12,34.7974,128.5118
ftdp7,2026-05-04,16.26,12,34.7974,128.5118
ftdp7,2026-05-05,16.22,12,34.7974,128.5118
ftdp7,2026-05-06,16.61,12,34.7974,128.5118
ftdp7,2026-05-07,16.82,12,34.7974,128.5118
ftdp7,2026-05-08,17.25,12,34.7974,128.5118
ftdp7,2026-05-09,17.4,12,34.7974,128.5118
ftdp7,2026-05-10,17.6,12,34.7974,128.5118
ftdp7,2026-05-11,18.0,12,34.7974,128.5118
ftdp7,2026-05-13,18.12,12,34.7974,128.5118
ftdp7,2026-05-15,18.41,12,34.7974,128.5118
ftdp7,2026-05-16,18.2,12,34.7974,128.5118
ftdp7,2026-05-17,18.11,12,34.7974,128.5118
ftdp7,2026-05-18,18.23,12,34.7974,128.5118
ftdp7,2026-05-19,18.4,12,34.7974,128.5118
ftdp7,2026-05-20,18.36,12,34.7974,128.5118
ftdp7,2026-05-21,18.55,12,34.7974,128.5118
ftdp7,2026-05-22,18.62,12,34.7974,128.5118
ftdp7,2026-05-24,18.74,12,34.7974,128.5118
ftdp7,2026-05-25,19.49,12,34.7974,128.5118
ftdp7,2026-05-26,19.99,12,34.7974,128.5118
ftdp7,2026-05-27,20.13,12,34.7974,128.5118
ftdp7,2026-05-28,19.88,12,34.7974,128.5118
ftdp7,2026-05-29,20.18,12,34.7974,128.5118
ftdp7,2026-05-30,20.2,12,34.7974,128.5118
ftdp7,2026-05-31,20.34,12,34.7974,128.5118
ftdp7,2026-06-01,20.57,12,34.7974,128.5118
ftdp7,2026-06-02,20.38,12,34.7974,128.5118
ftdp7,2026-06-03,20.4,12,34.7974,128.5118
ftdp7,2026-06-04,20.26,12,34.7974,128.5118
ftdp7,2026-06-05,20.4,12,34.7974,128.5118
ftdp7,2026-06-06,20.5,12,34.7974,128.5118
ftdp7,2026-06-07,20.33,12,34.7974,128.5118
ftdp7,2026-06-08,20.37,12,34.7974,128.5118
ftdp7,2026-06-09,20.28,12,34.7974,128.5118
ftdp7,2026-06-10,20.82,12,34.7974,128.5118
ftdp7,2026-06-11,21.11,12,34.7974,128.5118
ftdp7,2026-06-12,21.08,12,34.7974,128.5118
ftdp7,2026-06-13,21.07,12,34.7974,128.5118
ftdp7,2026-06-14,21.08,12,34.7974,128.5118
ftdp7,2026-06-15,20.91,12,34.7974,128.5118
ftdp7,2026-06-16,20.98,12,34.7974,128.5118
ftdp7,2026-06-17,20.82,12,34.7974,128.5118
ftdp7,2026-06-18,20.64,12,34.7974,128.5118
ftdp7,2026-06-19,20.62,12,34.7974,128.5118
ftdp7,2026-06-20,20.5,12,34.7974,128.5118
ftdp7,2026-06-21,20.86,12,34.7974,128.5118
ftdp7,2026-06-22,21.2,12,34.7974,128.5118
ftdp7,2026-06-24,20.79,12,34.7974,128.5118
ftdp7,2026-06-25,20.84,12,34.7974,128.5118
ftdp7,2026-06-26,21.31,12,34.7974,128.5118
ftdp7,2026-06-27,21.58,12,34.7974,128.5118
ftdp7,2026-06-28,21.79,12,34.7974,128.5118
ftdp7,2026-06-29,22.15,12,34.7974,128.5118
ftdp7,2026-06-30,22.28,12,34.7974,128.5118
ftdp7,2026-07-01,22.06,12,34.7974,128.5118
ftdp7,2026-07-02,21.95,12,34.7974,128.5118
ftdp7,2026-07-03,21.94,12,34.7974,128.5118
ftdp7,2026-07-04,22.22,12,34.7974,128.5118
ftdp7,2026-07-05,22.21,12,34.7974,128.5118
ftdp7,2026-07-07,22.71,12,34.7974,128.5118
ftdp7,2026-07-08,22.59,12,34.7974,128.5118
ftdp7,2026-07-09,23.0,12,34.7974,128.5118
ftdp7,2026-07-10,23.96,12,34.7974,128.5118
ftdp7,2026-07-11,24.52,12,34.7974,128.5118
ftdp7,2026-07-12,25.01,12,34.7974,128.5118
ftdp7,2026-07-13,24.48,12,34.7974,128.5118
ftdp7,2026-07-14,23.48,12,34.7974,128.5118
ftdp7,2026-07-15,23.42,12,34.7974,128.5118
ftdp7,2026-07-16,23.76,12,34.7974,128.5118
ftdp7,2026-07-17,23.58,12,34.7974,128.5118
ftdp7,2026-07-18,23.4,12,34.7974,128.5118
ftdp7,2026-07-19,23.31,12,34.7974,128.5118
ftdp7,2026-07-20,23.52,12,34.7974,128.5118
ftdp7,2026-07-21,24.08,12,34.7974,128.5118
ftdp7,2026-07-22,24.9,12,34.7974,128.5118
ftdp7,2026-07-23,25.59,12,34.7974,128.5118
ftdp7,2026-07-24,26.02,12,34.7974,128.5118
ftdp7,2026-07-25,26.67,12,34.7974,128.5118
ftdp7,2026-07-26,27.22,12,34.7974,128.5118
ftdp7,2026-07-27,27.16,12,34.7974,128.5118
ftdp7,2026-07-28,26.71,12,34.7974,128.5118
ftdp7,2026-07-29,26.52,12,34.7974,128.5118
ftdp7,2026-07-31,25.57,12,34.7974,128.5118
ftdp7,2026-08-01,24.89,12,34.7974,128.5118
ftdp7,2026-08-02,24.78,12,34.7974,128.5118
ftdp7,2026-08-03,24.82,12,34.7974,128.5118
ftdp7,2026-08-04,25.53,12,34.7974,128.5118
ftdp7,2026-08-05,26.16,12,34.7974,128.5118
ftdp7,2026-08-06,26.01,12,34.7974,128.5118
ftdp7,2026-08-07,25.96,12,34.7974,128.5118
ftdp7,2026-08-08,26.21,12,34.7974,128.5118
ftdp7,2026-08-09,26.53,12,34.7974,128.5118
ftdp7,2026-08-10,26.6,12,34.7974,128.5118
ftdp7,2026-08-11,26.52,12,34.7974,128.5118
ftdp7,2026-08-12,26.31,12,34.7974,128.5118
ftdp7,2026-08-13,26.44,12,34.7974,128.5118
ftdp7,2026-08-15,26.8,12,34.7974,128.5118
ftdp7,2026-08-22,27.37,12,34.7974,128.5118
ftdp7,2026-08-23,28.22,12,34.7974,128.5118
ftdp7,2026-08-24,28.56,12,34.7974,128.5118
ftdp7,2026-08-25,28.87,12,34.7974,128.5118
ftdp7,2026-08-26,29.09,12,34.7974,128.5118
ftdp7,2026-08-27,29.02,12,34.7974,128.5118
ftdp7,2026-08-28,28.58,12,34.7974,128.5118
ftdp7,2026-08-29,28.08,12,34.7974,128.5118
ftdp7,2026-08-30,28.12,12,34.7974,128.5118
ftdp7,2026-08-31,27.87,12,34.7974,128.5118
ftdp7,2026-09-01,27.51,12,34.7974,128.5118
ftdp7,2026-09-03,27.19,12,34.7974,128.5118
ftdp7,2026-09-04,26.72,12,34.7974,128.5118
ftdp7,2026-09-05,25.63,12,34.7974,128.5118
ftdp7,2026-09-06,25.4,12,34.7974,128.5118
ftdp7,2026-09-08,25.76,12,34.7974,128.5118
ftdp7,2026-09-09,25.49,12,34.7974,128.5118
ftdp7,2026-09-10,25.25,12,34.7974,128.5118
ftdp7,2026-09-11,25.33,12,34.7974,128.5118
ftdp7,2026-09-12,25.42,12,34.7974,128.5118
ftdp7,2026-09-13,25.68,12,34.7974,128.5118
ftdp7,2026-09-14,25.75,12,34.7974,128.5118
ftdp7,2026-09-15,25.75,12,34.7974,128.5118
ftdp7,2026-09-16,25.75,12,34.7974,128.5118
ftdp7,2026-09-17,25.56,12,34.7974,128.5118
ftdp7,2026-09-18,25.43,12,34.7974,128.5118
ftdp7,2026-09-19,25.46,12,34.7974,128.5118
ftdp7,2026-09-20,25.38,12,34.7974,128.5118
ftdp7,2026-09-21,25.37,12,34.7974,128.5118
ftdp7,2026-09-22,25.19,12,34.7974,128.5118
ftdp7,2026-09-23,25.28,12,34.7974,128.5118
ftdp7,2026-09-24,25.32,12,34.7974,128.5118
ftdq5,2026-05-29,19.87,12,34.8013,128.5103
ftdq5,2026-05-30,19.97,12,34.8013,128.5103
ftdq5,2026-05-31,20.16,12,34.8013,128.5103
ftdq5,2026-06-01,20.3,12,34.8013,128.5103
ftdq5,2026-06-02,20.4,12,34.8013,128.5103
ftdq5,2026-06-03,19.89,12,34.8013,128.5103
ftdq5,2026-06-04,20.06,12,34.8013,128.5103
ftdq5,2026-06-05,20.01,12,34.8013,128.5103
ftdq5,2026-06-06,20.48,12,34.8013,128.5103
ftdq5,2026-06-07,20.38,12,34.8013,128.5103
ftdq5,2026-06-08,20.18,12,34.8013,128.5103
ftdq5,2026-06-09,19.99,12,34.8013,128.5103
ftdq5,2026-06-10,20.29,12,34.8013,128.5103
ftdq5,2026-06-11,20.77,12,34.8013,128.5103
ftdq5,2026-06-12,20.88,12,34.8013,128.5103
ftdq5,2026-06-13,20.91,12,34.8013,128.5103
ftdq5,2026-06-14,20.92,12,34.8013,128.5103
ftdq5,2026-06-15,20.83,12,34.8013,128.5103
ftdq5,2026-06-16,20.99,12,34.8013,128.5103
ftdq5,2026-06-17,20.72,12,34.8013,128.5103
ftdq5,2026-06-18,20.39,12,34.8013,128.5103
ftdq5,2026-06-19,20.56,12,34.8013,128.5103
ftdq5,2026-06-20,20.47,12,34.8013,128.5103
ftdq5,2026-06-21,20.86,12,34.8013,128.5103
ftdq5,2026-06-22,21.26,12,34.8013,128.5103
ftdq5,2026-06-23,21.0,12,34.8013,128.5103
ftdq5,2026-06-24,20.71,12,34.8013,128.5103
ftdq5,2026-06-25,20.8,12,34.8013,128.5103
ftdq5,2026-06-26,20.83,12,34.8013,128.5103
ftdq5,2026-06-27,21.39,12,34.8013,128.5103
ftdq5,2026-06-28,21.59,12,34.8013,128.5103
ftdq5,2026-06-29,21.95,12,34.8013,128.5103
ftdq5,2026-06-30,22.21,12,34.8013,128.5103
ftdq5,2026-07-01,22.01,12,34.8013,128.5103
ftdq5,2026-07-02,21.76,12,34.8013,128.5103
ftdq5,2026-07-03,21.88,12,34.8013,128.5103
ftdq5,2026-07-04,21.87,12,34.8013,128.5103
ftdq5,2026-07-05,21.98,12,34.8013,128.5103
ftdq5,2026-07-06,22.12,12,34.8013,128.5103
ftdq5,2026-07-07,22.28,12,34.8013,128.5103
ftdq5,2026-07-08,22.14,12,34.8013,128.5103
ftdq5,2026-07-09,22.92,12,34.8013,128.5103
ftdq5,2026-07-10,23.33,12,34.8013,128.5103
ftdq5,2026-07-11,23.7,12,34.8013,128.5103
ftdq5,2026-07-12,23.75,12,34.8013,128.5103
ftdq5,2026-07-13,23.88,12,34.8013,128.5103
ftdq5,2026-07-14,23.18,12,34.8013,128.5103
ftdq5,2026-07-15,23.31,12,34.8013,128.5103
ftdq5,2026-07-16,23.66,12,34.8013,128.5103
ftdq5,2026-07-17,23.12,12,34.8013,128.5103
ftdq5,2026-07-18,22.82,12,34.8013,128.5103
ftdq5,2026-07-19,22.74,12,34.8013,128.5103
ftdq5,2026-07-20,22.77,12,34.8013,128.5103
ftdq5,2026-07-21,23.22,12,34.8013,128.5103
ftdq5,2026-08-13,26.49,12,34.8013,128.5103
ftdq5,2026-08-14,26.57,12,34.8013,128.5103
ftdq5,2026-08-15,26.72,12,34.8013,128.5103
ftdq5,2026-08-21,27.19,12,34.8013,128.5103
ftdq5,2026-08-22,27.61,12,34.8013,128.5103
ftdq5,2026-08-23,28.58,12,34.8013,128.5103
ftdq5,2026-08-24,29.08,12,34.8013,128.5103
ftdq5,2026-08-25,29.21,12,34.8013,128.5103
ftdq5,2026-08-26,29.19,12,34.8013,128.5103
ftdq5,2026-08-27,29.29,12,34.8013,128.5103
ftdq5,2026-08-28,28.95,12,34.8013,128.5103
ftdq5,2026-08-29,28.46,12,34.8013,128.5103
ftdq5,2026-08-30,28.46,12,34.8013,128.5103
ftdq5,2026-08-31,28.25,12,34.8013,128.5103
ftdq5,2026-09-01,27.9,12,34.8013,128.5103
ftdq5,2026-09-02,27.38,12,34.8013,128.5103
ftdq5,2026-09-03,27.51,12,34.8013,128.5103
ftdq5,2026-09-04,26.61,12,34.8013,128.5103
ftdq5,2026-09-06,25.34,12,34.8013,128.5103
ftdq5,2026-09-08,25.56,12,34.8013,128.5103
ftdq5,2026-09-09,25.42,12,34.8013,128.5103
ftdq5,2026-09-10,25.16,12,34.8013,128.5103
ftdq5,2026-09-11,25.29,12,34.8013,128.5103
ftdq5,2026-09-12,25.4,12,34.8013,128.5103
ftdq5,2026-09-13,25.59,12,34.8013,128.5103
ftdq5,2026-09-14,25.69,12,34.8013,128.5103
ftdq5,2026-09-15,25.81,12,34.8013,128.5103
ftdq5,2026-09-16,25.81,12,34.8013,128.5103
ftdq5,2026-09-18,25.48,12,34.8013,128.5103
ftdq5,2026-09-19,25.41,12,34.8013,128.5103
ftdq5,2026-09-20,25.38,12,34.8013,128.5103
ftdq5,2026-09-21,25.36,12,34.8013,128.5103
ftdq5,2026-09-22,25.18,12,34.8013,128.5103
ftdq5,2026-09-23,25.18,12,34.8013,128.5103
ftdq5,2026-09-24,25.17,12,34.8013,128.5103
ftgp7,2026-05-01,15.52,12,34.785,128.3719
ftgp7,2026-05-02,15.5,12,34.785,128.3719
ftgp7,2026-05-03,15.47,12,34.785,128.3719
ftgp7,2026-05-04,15.18,12,34.785,128.3719
ftgp7,2026-05-05,15.62,12,34.785,128.3719
ftgp7,2026-05-06,15.61,12,34.785,128.3719
ftgp7,2026-05-07,16.01,12,34.785,128.3719
ftgp7,2026-05-08,16.78,12,34.785,128.3719
ftgp7,2026-05-09,16.2,12,34.785,128.3719
ftgp7,2026-05-10,16.71,12,34.785,128.3719
ftgp7,2026-05-11,17.57,12,34.785,128.3719
ftgp7,2026-05-12,17.04,12,34.785,128.3719
ftgp7,2026-05-13,16.65,12,34.785,128.3719
ftgp7,2026-05-14,16.28,12,34.785,128.3719
ftgp7,2026-05-15,16.24,12,34.785,128.3719
ftgp7,2026-05-16,16.42,12,34.785,128.3719
ftgp7,2026-05-17,16.59,12,34.785,128.3719
ftgp7,2026-05-18,16.52,12,34.785,128.3719
ftgp7,2026-05-19,16.8,12,34.785,128.3719
ftgp7,2026-05-20,16.7,12,34.785,128.3719
ftgp7,2026-05-21,17.04,12,34.785,128.3719
ftgp7,2026-05-22,17.1,12,34.785,128.3719
ftgp7,2026-05-23,16.98,12,34.785,128.3719
ftgp7,2026-05-24,17.7,12,34.785,128.3719
ftgp7,2026-05-25,18.13,12,34.785,128.3719
ftgp7,2026-05-27,18.64,12,34.785,128.3719
ftgp7,2026-05-28,18.88,12,34.785,128.3719
ftgp7,2026-05-29,18.95,12,34.785,128.3719
ftgp7,2026-05-30,18.62,12,34.785,128.3719
ftgp7,2026-05-31,18.55,12,34.785,128.3719
ftgp7,2026-06-01,18.5,12,34.785,128.3719
ftgp7,2026-06-02,18.83,12,34.785,128.3719
ftgp7,2026-06-03,18.63,12,34.785,128.3719
ftgp7,2026-06-04,18.88,12,34.785,128.3719
ftgp7,2026-06-05,19.19,12,34.785,128.3719
ftgp7,2026-06-06,18.82,12,34.785,128.3719
ftgp7,2026-06-07,18.48,12,34.785,128.3719
ftgp7,2026-06-08,19.16,12,34.785,128.3719
ftgp7,2026-06-09,19.16,12,34.785,128.3719
ftgp7,2026-06-10,20.32,12,34.785,128.3719
ftgp7,2026-06-11,20.63,12,34.785,128.3719
ftgp7,2026-06-12,20.1,12,34.785,128.3719
ftgp7,2026-06-13,19.82,12,34.785,128.3719
ftgp7,2026-06-14,19.28,12,34.785,128.3719
ftgp7,2026-06-15,18.98,12,34.785,128.3719
ftgp7,2026-06-16,18.93,12,34.785,128.3719
ftgp7,2026-06-17,18.58,12,34.785,128.3719
ftgp7,2026-06-18,19.41,12,34.785,128.3719
ftgp7,2026-06-19,19.54,12,34.785,128.3719
ftgp7,2026-06-20,19.96,12,34.785,128.3719
ftgp7,2026-06-21,20.58,12,34.785,128.3719
ftgp7,2026-06-22,20.5,12,34.785,128.3719
ftgp7,2026-06-23,20.56,12,34.785,128.3719
ftgp7,2026-06-24,20.47,12,34.785,128.3719
ftgp7,2026-06-25,20.69,12,34.785,128.3719
ftgp7,2026-06-26,20.98,12,34.785,128.3719
ftgp7,2026-06-27,21.34,12,34.785,128.3719
ftgp7,2026-06-28,21.7,12,34.785,128.3719
ftgp7,2026-06-29,21.49,12,34.785,128.3719
ftgp7,2026-06-30,21.15,12,34.785,128.3719
ftgp7,2026-07-01,21.08,12,34.785,128.3719
ftgp7,2026-07-02,20.78,12,34.785,128.3719
ftgp7,2026-07-03,21.04,12,34.785,128.3719
ftgp7,2026-07-04,21.3,12,34.785,128.3719
ftgp7,2026-07-05,21.33,12,34.785,128.3719
ftgp7,2026-07-06,21.61,12,34.785,128.3719
ftgp7,2026-07-07,21.51,12,34.785,128.3719
ftgp7,2026-07-08,22.38,12,34.785,128.3719
ftgp7,2026-07-14,23.54,12,34.785,128.3719
ftgp7,2026-07-15,23.42,12,34.785,128.3719
ftgp7,2026-07-16,21.96,12,34.785,128.3719
ftgp7,2026-07-17,21.31,12,34.785,128.3719
ftgp7,2026-07-18,21.11,12,34.785,128.3719
ftgp7,2026-07-19,21.82,12,34.785,128.3719
ftgp7,2026-07-20,22.52,12,34.785,128.3719
ftgp7,2026-07-21,24.05,12,34.785,128.3719
ftgp7,2026-07-22,25.51,12,34.785,128.3719
ftgp7,2026-07-23,26.32,12,34.785,128.3719
ftgp7,2026-07-24,26.59,12,34.785,128.3719
ftgp7,2026-07-25,27.0,12,34.785,128.3719
ftgp7,2026-07-26,26.82,12,34.785,128.3719
ftgp7,2026-07-27,26.2,12,34.785,128.3719
ftgp7,2026-07-28,25.32,12,34.785,128.3719
ftgp7,2026-07-29,23.51,12,34.785,128.3719
ftgp7,2026-07-30,22.45,12,34.785,128.3719
ftgp7,2026-07-31,20.78,12,34.785,128.3719
ftgp7,2026-08-01,20.75,12,34.785,128.3719
ftgp7,2026-08-02,20.32,12,34.785,128.3719
ftgp7,2026-08-03,20.29,12,34.785,128.3719
ftgp7,2026-08-04,21.42,12,34.785,128.3719
ftgp7,2026-08-05,23.07,12,34.785,128.3719
ftgp7,2026-08-06,25.13,12,34.785,128.3719
ftgp7,2026-08-07,26.04,12,34.785,128.3719
ftgp7,2026-08-08,26.38,12,34.785,128.3719
ftgp7,2026-08-09,27.02,12,34.785,128.3719
ftgp7,2026-08-10,27.11,12,34.785,128.3719
ftgp7,2026-08-11,26.77,12,34.785,128.3719
ftgp7,2026-08-12,26.82,12,34.785,128.3719
ftgp7,2026-08-13,26.46,12,34.785,128.3719
ftgp7,2026-08-14,26.52,12,34.785,128.3719
ftgp7,2026-08-15,26.44,12,34.785,128.3719
ftgp7,2026-08-16,26.35,12,34.785,128.3719
ftgp7,2026-08-17,26.34,12,34.785,128.3719
ftgp7,2026-08-21,28.65,12,34.785,128.3719
ftgp7,2026-08-22,29.11,12,34.785,128.3719
ftgp7,2026-08-23,29.16,12,34.785,128.3719
ftgp7,2026-08-24,29.44,12,34.785,128.3719
ftgp7,2026-08-25,29.32,12,34.785,128.3719
ftgp7,2026-08-26,28.86,12,34.785,128.3719
ftgp7,2026-08-30,27.99,12,34.785,128.3719
ftgp7,2026-08-31,27.31,12,34.785,128.3719
ftgp7,2026-09-01,26.9,12,34.785,128.3719
ftgp7,2026-09-02,26.08,12,34.785,128.3719
ftgp7,2026-09-03,26.28,12,34.785,128.3719
ftgp7,2026-09-04,25.47,12,34.785,128.3719
ftgp7,2026-09-05,26.72,12,34.785,128.3719
ftgp7,2026-09-06,26.31,12,34.785,128.3719
ftgp7,2026-09-08,26.25,12,34.785,128.3719
ftgp7,2026-09-09,26.11,12,34.785,128.3719
ftgp7,2026-09-10,26.2,12,34.785,128.3719
ftgp7,2026-09-11,26.11,12,34.785,128.3719
ftgp7,2026-09-12,26.21,12,34.785,128.3719
ftgp7,2026-09-13,26.04,12,34.785,128.3719
ftgp7,2026-09-14,26.09,12,34.785,128.3719
ftgp7,2026-09-15,25.98,12,34.785,128.3719
ftgp7,2026-09-16,26.13,12,34.785,128.3719
ftgp7,2026-09-17,25.87,12,34.785,128.3719
ftgp7,2026-09-18,25.8,12,34.785,128.3719
ftgp7,2026-09-19,25.79,12,34.785,128.3719
ftgp7,2026-09-20,25.64,12,34.785,128.3719
ftgp7,2026-09-21,25.6,12,34.785,128.3719
ftgp7,2026-09-22,25.67,12,34.785,128.3719
ftgp7,2026-09-23,25.61,12,34.785,128.3719
ftgp7,2026-09-24,25.5,12,34.785,128.3719
fth59,2026-05-01,15.28,47,34.7498,128.4151
fth59,2026-05-02,15.33,47,34.7498,128.4151
fth59,2026-05-03,15.21,48,34.7498,128.4151
fth59,2026-05-04,15.19,48,34.7498,128.4151
fth59,2026-05-05,15.26,48,34.7498,128.4151
fth59,2026-05-06,15.38,48,34.7498,128.4151
fth59,2026-05-07,15.57,48,34.7498,128.4151
fth59,2026-05-08,15.93,48,34.7498,128.4151
fth59,2026-05-09,15.91,48,34.7498,128.4151
fth59,2026-05-10,15.91,48,34.7498,128.4151
fth59,2026-05-11,16.29,48,34.7498,128.4151
fth59,2026-05-12,16.3,48,34.7498,128.4151
fth59,2026-05-13,16.21,48,34.7498,128.4151
fth59,2026-05-14,16.37,48,34.7498,128.4151
fth59,2026-05-15,16.47,48,34.7498,128.4151
fth59,2026-05-16,16.56,48,34.7498,128.4151
fth59,2026-05-17,16.56,48,34.7498,128.4151
fth59,2026-05-18,16.51,48,34.7498,128.4151
fth59,2026-05-19,16.74,48,34.7498,128.4151
fth59,2026-05-20,16.86,48,34.7498,128.4151
fth59,2026-05-21,16.89,48,34.7498,128.4151
fth59,2026-05-22,17.19,48,34.7498,128.4151
fth59,2026-05-23,17.19,48,34.7498,128.4151
fth59,2026-05-24,17.57,48,34.7498,128.4151
fth59,2026-05-25,18.12,48,34.7498,128.4151
fth59,2026-05-26,18.52,48,34.7498,128.4151
fth59,2026-05-27,18.5,48,34.7498,128.4151
fth59,2026-05-28,18.48,48,34.7498,128.4151
fth59,2026-05-29,18.44,48,34.7498,128.4151
fth59,2026-05-30,18.29,48,34.7498,128.4151
fth59,2026-05-31,18.56,48,34.7498,128.4151
fth59,2026-06-01,18.47,48,34.7498,128.4151
fth59,2026-06-02,18.65,48,34.7498,128.4151
fth59,2026-06-03,18.53,48,34.7498,128.4151
fth59,2026-06-04,18.72,48,34.7498,128.4151
fth59,2026-06-05,18.83,48,34.7498,128.4151
fth59,2026-06-06,18.96,48,34.7498,128.4151
fth59,2026-06-07,18.83,48,34.7498,128.4151
fth59,2026-06-08,18.9,48,34.7498,128.4151
fth59,2026-06-09,19.08,48,34.7498,128.4151
fth59,2026-06-10,19.45,48,34.7498,128.4151
fth59,2026-06-11,19.61,48,34.7498,128.4151
fth59,2026-06-12,19.42,48,34.7498,128.4151
fth59,2026-06-13,19.33,48,34.7498,128.4151
fth59,2026-06-14,19.11,48,34.7498,128.4151
fth59,2026-06-15,19.1,48,34.7498,128.4151
fth59,2026-06-16,18.99,48,34.7498,128.4151
fth59,2026-06-17,18.85,48,34.7498,128.4151
fth59,2026-06-18,19.05,48,34.7498,128.4151
fth59,2026-06-19,19.35,48,34.7498,128.4151
fth59,2026-06-20,19.74,48,34.7498,128.4151
fth59,2026-06-21,19.7,48,34.7498,128.4151
fth59,2026-06-22,19.66,48,34.7498,128.4151
fth59,2026-06-23,19.84,48,34.7498,128.4151
fth59,2026-06-24,20.01,48,34.7498,128.4151
fth59,2026-06-25,20.42,48,34.7498,128.4151
fth59,2026-06-26,20.49,48,34.7498,128.4151
fth59,2026-06-27,20.68,48,34.7498,128.4151
fth59,2026-06-28,20.89,48,34.7498,128.4151
fth59,2026-06-29,20.95,48,34.7498,128.4151
fth59,2026-06-30,21.0,48,34.7498,128.4151
fth59,2026-07-01,20.95,48,34.7498,128.4151
fth59,2026-07-02,20.65,48,34.7498,128.4151
fth59,2026-07-03,20.7,48,34.7498,128.4151
fth59,2026-07-04,21.01,48,34.7498,128.4151
fth59,2026-07-05,21.08,48,34.7498,128.4151
fth59,2026-07-06,21.05,48,34.7498,128.4151
fth59,2026-07-07,21.12,48,34.7498,128.4151
fth59,2026-07-08,21.58,48,34.7498,128.4151
fth59,2026-07-09,22.61,48,34.7498,128.4151
fth59,2026-07-10,22.67,48,34.7498,128.4151
fth59,2026-07-11,23.04,48,34.7498,128.4151
fth59,2026-07-12,22.68,48,34.7498,128.4151
fth59,2026-07-13,22.66,48,34.7498,128.4151
fth59,2026-07-14,22.54,48,34.7498,128.4151
fth59,2026-07-15,22.48,48,34.7498,128.4151
fth59,2026-07-16,21.7,48,34.7498,128.4151
fth59,2026-07-17,21.04,48,34.7498,128.4151
fth59,2026-07-18,20.92,48,34.7498,128.4151
fth59,2026-07-19,20.98,48,34.7498,128.4151
fth59,2026-07-20,21.14,48,34.7498,128.4151
fth59,2026-07-21,22.03,48,34.7498,128.4151
fth59,2026-07-22,23.59,48,34.7498,128.4151
fth59,2026-07-23,24.08,48,34.7498,128.4151
fth59,2026-07-24,24.3,48,34.7498,128.4151
fth59,2026-07-25,24.42,48,34.7498,128.4151
fth59,2026-07-26,24.55,48,34.7498,128.4151
fth59,2026-07-27,23.67,48,34.7498,128.4151
fth59,2026-07-28,23.36,48,34.7498,128.4151
fth59,2026-07-29,22.49,48,34.7498,128.4151
fth59,2026-07-30,21.7,46,34.7498,128.4151
fth59,2026-07-31,21.07,48,34.7498,128.4151
fth59,2026-08-01,20.8,48,34.7498,128.4151
fth59,2026-08-02,20.59,48,34.7498,128.4151
fth59,2026-08-03,20.71,48,34.7498,128.4151
fth59,2026-08-04,21.21,48,34.7498,128.4151
fth59,2026-08-05,22.29,48,34.7498,128.4151
fth59,2026-08-06,23.43,48,34.7498,128.4151
fth59,2026-08-07,25.14,48,34.7498,128.4151
fth59,2026-08-08,26.13,48,34.7498,128.4151
fth59,2026-08-09,26.58,48,34.7498,128.4151
fth59,2026-08-10,26.62,48,34.7498,128.4151
fth59,2026-08-11,26.36,48,34.7498,128.4151
fth59,2026-08-12,26.08,48,34.7498,128.4151
fth59,2026-08-13,26.11,48,34.7498,128.4151
fth59,2026-08-14,26.2,48,34.7498,128.4151
fth59,2026-08-15,26.19,48,34.7498,128.4151
fth59,2026-08-16,25.84,48,34.7498,128.4151
fth59,2026-08-17,25.72,48,34.7498,128.4151
fth59,2026-08-18,25.9,48,34.7498,128.4151
fth59,2026-08-19,26.38,48,34.7498,128.4151
fth59,2026-08-20,27.08,48,34.7498,128.4151
fth59,2026-08-21,27.5,48,34.7498,128.4151
fth59,2026-08-22,28.06,48,34.7498,128.4151
fth59,2026-08-23,28.28,48,34.7498,128.4151
fth59,2026-08-24,28.27,48,34.7498,128.4151
fth59,2026-08-25,28.4,48,34.7498,128.4151
fth59,2026-08-26,28.16,48,34.7498,128.4151
fth59,2026-08-27,27.91,48,34.7498,128.4151
fth59,2026-08-28,27.33,48,34.7498,128.4151
fth59,2026-08-29,27.26,48,34.7498,128.4151
fth59,2026-08-30,26.84,48,34.7498,128.4151
fth59,2026-08-31,26.44,48,34.7498,128.4151
fth59,2026-09-01,26.07,48,34.7498,128.4151
fth59,2026-09-02,25.85,48,34.7498,128.4151
fth59,2026-09-03,25.88,48,34.7498,128.4151
fth59,2026-09-04,25.2,48,34.7498,128.4151
fth59,2026-09-05,26.2,48,34.7498,128.4151
fth59,2026-09-06,26.2,48,34.7498,128.4151
fth59,2026-09-07,26.08,48,34.7498,128.4151
fth59,2026-09-08,25.98,48,34.7498,128.4151
fth59,2026-09-09,25.87,48,34.7498,128.4151
fth59,2026-09-10,25.71,48,34.7498,128.4151
fth59,2026-09-11,25.75,48,34.7498,128.4151
fth59,2026-09-12,25.8,48,34.7498,128.4151
fth59,2026-09-13,25.84,48,34.7498,128.4151
fth59,2026-09-14,25.84,48,34.7498,128.4151
fth59,2026-09-15,25.83,48,34.7498,128.4151
fth59,2026-09-16,25.71,48,34.7498,128.4151
fth59,2026-09-17,25.48,48,34.7498,128.4151
fth59,2026-09-18,25.34,48,34.7498,128.4151
fth59,2026-09-19,25.35,48,34.7498,128.4151
fth59,2026-09-20,25.35,48,34.7498,128.4151
fth59,2026-09-21,25.28,48,34.7498,128.4151
fth59,2026-09-22,25.19,48,34.7498,128.4151
fth59,2026-09-23,25.1,48,34.7498,128.4151
fth59,2026-09-24,25.09,48,34.7498,128.4151
fthp7,2026-05-01,16.68,12,34.841,128.343
fthp7,2026-05-02,16.77,12,34.841,128.343
fthp7,2026-05-03,16.32,12,34.841,128.343
fthp7,2026-05-05,16.64,12,34.841,128.343
fthp7,2026-05-06,16.98,12,34.841,128.343
fthp7,2026-05-07,17.65,12,34.841,128.343
fthp7,2026-05-08,17.77,12,34.841,128.343
fthp7,2026-05-09,17.82,12,34.841,128.343
fthp7,2026-05-10,18.29,12,34.841,128.343
fthp7,2026-05-11,18.92,12,34.841,128.343
fthp7,2026-05-12,19.03,12,34.841,128.343
fthp7,2026-05-13,18.97,12,34.841,128.343
fthp7,2026-05-14,19.08,12,34.841,128.343
fthp7,2026-05-15,18.8,12,34.841,128.343
fthp7,2026-05-16,18.37,12,34.841,128.343
fthp7,2026-05-17,18.08,12,34.841,128.343
fthp7,2026-05-18,18.33,12,34.841,128.343
fthp7,2026-05-19,18.65,12,34.841,128.343
fthp7,2026-05-20,18.73,12,34.841,128.343
fthp7,2026-05-21,18.5,12,34.841,128.343
fthp7,2026-05-22,19.32,12,34.841,128.343
fthp7,2026-05-23,18.46,12,34.841,128.343
fthp7,2026-05-24,18.77,12,34.841,128.343
fthp7,2026-05-25,19.54,12,34.841,128.343
fthp7,2026-05-26,20.55,12,34.841,128.343
fthp7,2026-05-27,19.98,12,34.841,128.343
fthp7,2026-05-28,19.34,12,34.841,128.343
fthp7,2026-05-29,20.12,12,34.841,128.343
fthp7,2026-05-30,20.53,12,34.841,128.343
fthp7,2026-05-31,21.15,12,34.841,128.343
fthp7,2026-06-01,21.23,12,34.841,128.343
fthp7,2026-06-02,21.3,12,34.841,128.343
fthp7,2026-06-03,20.86,12,34.841,128.343
fthp7,2026-06-04,21.12,12,34.841,128.343
fthp7,2026-06-05,21.38,12,34.841,128.343
fthp7,2026-06-06,21.29,12,34.841,128.343
fthp7,2026-06-07,20.33,12,34.841,128.343
fthp7,2026-06-08,20.26,12,34.841,128.343
fthp7,2026-06-09,20.63,12,34.841,128.343
fthp7,2026-06-10,21.23,12,34.841,128.343
fthp7,2026-06-11,21.67,12,34.841,128.343
fthp7,2026-06-12,21.92,12,34.841,128.343
fthp7,2026-06-13,22.12,12,34.841,128.343
fthp7,2026-06-14,22.47,12,34.841,128.343
fthp7,2026-06-15,22.2,12,34.841,128.343
fthp7,2026-06-16,21.75,12,34.841,128.343
fthp7,2026-06-17,21.36,12,34.841,128.343
fthp7,2026-06-18,21.71,12,34.841,128.343
fthp7,2026-06-19,21.81,12,34.841,128.343
fthp7,2026-06-20,20.95,12,34.841,128.343
fthp7,2026-06-21,21.78,12,34.841,128.343
fthp7,2026-06-22,22.22,12,34.841,128.343
fthp7,2026-06-23,21.81,12,34.841,128.343
fthp7,2026-06-24,21.47,12,34.841,128.343
fthp7,2026-06-25,21.68,12,34.841,128.343
fthp7,2026-06-26,22.42,12,34.841,128.343
fthp7,2026-06-27,22.7,12,34.841,128.343
fthp7,2026-06-28,23.12,12,34.841,128.343
fthp7,2026-06-29,23.37,12,34.841,128.343
fthp7,2026-06-30,23.68,12,34.841,128.343
fthp7,2026-07-01,23.26,12,34.841,128.343
fthp7,2026-07-02,22.87,12,34.841,128.343
fthp7,2026-07-03,23.12,12,34.841,128.343
fthp7,2026-07-04,23.24,12,34.841,128.343
fthp7,2026-07-05,23.58,12,34.841,128.343
fthp7,2026-07-06,23.68,12,34.841,128.343
fthp7,2026-07-07,24.18,12,34.841,128.343
fthp7,2026-07-08,24.04,12,34.841,128.343
fthp7,2026-07-09,24.3,12,34.841,128.343
fthp7,2026-07-10,24.96,12,34.841,128.343
fthp7,2026-07-11,25.76,12,34.841,128.343
fthp7,2026-07-12,25.94,12,34.841,128.343
fthp7,2026-07-13,25.87,12,34.841,128.343
fthp7,2026-07-14,25.92,12,34.841,128.343
fthp7,2026-07-15,25.28,12,34.841,128.343
fthp7,2026-07-16,26.06,12,34.841,128.343
fthp7,2026-07-17,25.92,12,34.841,128.343
fthp7,2026-07-18,25.68,12,34.841,128.343
fthp7,2026-07-19,25.5,12,34.841,128.343
fthp7,2026-07-20,25.8,12,34.841,128.343
fthp7,2026-07-21,26.26,12,34.841,128.343
fthp7,2026-07-22,27.1,12,34.841,128.343
fthp7,2026-07-23,27.92,12,34.841,128.343
fthp7,2026-07-24,28.44,12,34.841,128.343
fthp7,2026-07-25,29.0,12,34.841,128.343
fthp7,2026-07-26,29.16,12,34.841,128.343
fthp7,2026-07-27,28.98,12,34.841,128.343
fthp7,2026-07-28,28.77,12,34.841,128.343
fthp7,2026-07-29,28.51,12,34.841,128.343
fthp7,2026-07-30,28.22,12,34.841,128.343
fthp7,2026-07-31,27.52,12,34.841,128.343
fthp7,2026-08-01,26.46,12,34.841,128.343
fthp7,2026-08-02,25.97,12,34.841,128.343
fthp7,2026-08-03,25.86,12,34.841,128.343
fthp7,2026-08-04,26.2,12,34.841,128.343
fthp7,2026-08-05,26.44,12,34.841,128.343
fthp7,2026-08-06,26.85,12,34.841,128.343
fthp7,2026-08-07,26.88,12,34.841,128.343
fthp7,2026-08-08,26.88,12,34.841,128.343
fthp7,2026-08-09,26.85,12,34.841,128.343
fthp7,2026-08-10,26.89,12,34.841,128.343
fthp7,2026-08-11,26.73,12,34.841,128.343
fthp7,2026-08-12,26.6,12,34.841,128.343
fthp7,2026-08-13,26.79,12,34.841,128.343
fthp7,2026-08-14,27.15,12,34.841,128.343
fthp7,2026-08-15,27.38,12,34.841,128.343
fthp7,2026-08-16,27.05,12,34.841,128.343
fthp7,2026-08-17,26.59,12,34.841,128.343
fthp7,2026-08-18,26.68,12,34.841,128.343
fthp7,2026-08-19,27.19,12,34.841,128.343
fthp7,2026-08-20,27.9,12,34.841,128.343
fthp7,2026-08-21,28.3,12,34.841,128.343
fthp7,2026-08-22,28.8,12,34.841,128.343
fthp7,2026-08-23,29.64,12,34.841,128.343
fthp7,2026-08-25,30.08,12,34.841,128.343
fthp7,2026-08-26,29.9,12,34.841,128.343
fthp7,2026-08-27,29.82,12,34.841,128.343
fthp7,2026-08-28,29.67,12,34.841,128.343
fthp7,2026-08-29,29.35,12,34.841,128.343
fthp7,2026-08-30,29.46,12,34.841,128.343
fthp7,2026-08-31,29.7,12,34.841,128.343
fthp7,2026-09-01,29.32,12,34.841,128.343
fthp7,2026-09-02,28.77,12,34.841,128.343
fthp7,2026-09-03,28.25,12,34.841,128.343
fthp7,2026-09-04,27.06,12,34.841,128.343
fthp7,2026-09-05,26.01,12,34.841,128.343
fthp7,2026-09-06,25.82,12,34.841,128.343
fthp7,2026-09-08,26.04,12,34.841,128.343
fthp7,2026-09-09,25.81,12,34.841,128.343
fthp7,2026-09-10,25.46,12,34.841,128.343
fthp7,2026-09-11,25.57,12,34.841,128.343
fthp7,2026-09-12,25.68,12,34.841,128.343
fthp7,2026-09-13,25.94,12,34.841,128.343
fthp7,2026-09-14,26.11,12,34.841,128.343
fthp7,2026-09-15,26.25,12,34.841,128.343
fthp7,2026-09-16,26.08,12,34.841,128.343
fthp7,2026-09-17,25.84,12,34.841,128.343
fthp7,2026-09-18,25.61,12,34.841,128.343
fthp7,2026-09-19,25.68,12,34.841,128.343
fthp7,2026-09-20,25.7,12,34.841,128.343
fthp7,2026-09-21,25.77,12,34.841,128.343
fthp7,2026-09-22,25.59,12,34.841,128.343
fthp7,2026-09-23,25.58,12,34.841,128.343
fthp7,2026-09-24,25.62,12,34.841,128.343
fthq5,2026-05-28,20.05,15,34.8742,128.351
fthq5,2026-05-29,20.6,24,34.8742,128.351
fthq5,2026-05-30,21.3,24,34.8742,128.351
fthq5,2026-05-31,21.61,24,34.8742,128.351
fthq5,2026-06-01,21.87,24,34.8742,128.351
fthq5,2026-06-02,21.9,24,34.8742,128.351
fthq5,2026-06-03,21.06,24,34.8742,128.351
fthq5,2026-06-04,21.88,24,34.8742,128.351
fthq5,2026-06-05,21.66,24,34.8742,128.351
fthq5,2026-06-06,21.46,24,34.8742,128.351
fthq5,2026-06-07,20.88,24,34.8742,128.351
fthq5,2026-06-08,20.32,24,34.8742,128.351
fthq5,2026-06-09,20.62,23,34.8742,128.351
fthq5,2026-06-10,21.32,24,34.8742,128.351
fthq5,2026-06-11,21.93,24,34.8742,128.351
fthq5,2026-06-12,22.29,23,34.8742,128.351
fthq5,2026-06-13,22.71,15,34.8742,128.351
fthq5,2026-06-24,21.12,24,34.8742,128.351
fthq5,2026-06-25,21.02,24,34.8742,128.351
fthq5,2026-06-26,22.17,24,34.8742,128.351
fthq5,2026-06-27,22.96,24,34.8742,128.351
fthq5,2026-06-28,23.34,24,34.8742,128.351
fthq5,2026-06-29,23.76,24,34.8742,128.351
fthq5,2026-06-30,24.02,24,34.8742,128.351
fthq5,2026-07-01,23.49,24,34.8742,128.351
fthq5,2026-07-02,23.09,24,34.8742,128.351
fthq5,2026-07-03,23.48,24,34.8742,128.351
fthq5,2026-07-04,23.77,22,34.8742,128.351
fthq5,2026-07-05,23.93,23,34.8742,128.351
fthq5,2026-07-06,24.08,24,34.8742,128.351
fthq5,2026-07-07,24.51,24,34.8742,128.351
fthq5,2026-07-08,24.87,24,34.8742,128.351
fthq5,2026-07-09,25.23,23,34.8742,128.351
fthq5,2026-07-10,25.39,24,34.8742,128.351
fthq5,2026-07-15,27.73,12,34.8742,128.351
fthq5,2026-07-16,27.14,16,34.8742,128.351
fthq5,2026-07-23,28.9,24,34.8742,128.351
fthq5,2026-07-24,29.45,23,34.8742,128.351
fthq5,2026-07-25,30.02,24,34.8742,128.351
fthq5,2026-08-11,26.9,12,34.8742,128.351
fthq5,2026-08-12,26.83,24,34.8742,128.351
fthq5,2026-08-13,26.94,24,34.8742,128.351
fthq5,2026-08-14,27.61,24,34.8742,128.351
fthq5,2026-08-15,28.05,24,34.8742,128.351
fthq5,2026-08-16,27.6,24,34.8742,128.351
fthq5,2026-08-17,26.42,24,34.8742,128.351
fthq5,2026-08-18,26.36,24,34.8742,128.351
fthq5,2026-08-19,26.95,24,34.8742,128.351
fthq5,2026-08-20,27.56,24,34.8742,128.351
fthq5,2026-08-21,27.91,24,34.8742,128.351
fthq5,2026-08-22,28.59,24,34.8742,128.351
fthq5,2026-08-23,29.07,24,34.8742,128.351
fthq5,2026-08-24,29.88,24,34.8742,128.351
fthq5,2026-08-25,29.89,15,34.8742,128.351
fthq5,2026-08-27,30.15,24,34.8742,128.351
fthq5,2026-08-28,30.21,24,34.8742,128.351
fthq5,2026-08-29,29.96,24,34.8742,128.351
fthq5,2026-08-30,30.14,24,34.8742,128.351
fthq5,2026-08-31,30.3,24,34.8742,128.351
fthq5,2026-09-01,30.15,24,34.8742,128.351
fthq5,2026-09-02,29.7,24,34.8742,128.351
fthq5,2026-09-03,29.23,15,34.8742,128.351
fthq5,2026-09-04,25.78,12,34.8742,128.351
fthq5,2026-09-05,25.55,24,34.8742,128.351
fthq5,2026-09-06,25.56,24,34.8742,128.351
fthq5,2026-09-07,25.42,20,34.8742,128.351
fthq5,2026-09-08,25.63,24,34.8742,128.351
fthq5,2026-09-09,25.67,24,34.8742,128.351
fthq5,2026-09-10,25.34,24,34.8742,128.351
fthq5,2026-09-11,25.36,24,34.8742,128.351
fthq5,2026-09-12,25.59,24,34.8742,128.351
fthq5,2026-09-13,25.85,24,34.8742,128.351
fthq5,2026-09-14,26.25,24,34.8742,128.351
fthq5,2026-09-15,26.2,24,34.8742,128.351
fthq5,2026-09-16,26.32,24,34.8742,128.351
fthq5,2026-09-17,25.97,24,34.8742,128.351
fthq5,2026-09-18,25.61,24,34.8742,128.351
fthq5,2026-09-19,25.47,24,34.8742,128.351
fthq5,2026-09-20,25.48,24,34.8742,128.351
fthq5,2026-09-21,25.72,24,34.8742,128.351
fthq5,2026-09-22,25.74,24,34.8742,128.351
fthq5,2026-09-23,25.75,24,34.8742,128.351
fthq5,2026-09-24,25.91,24,34.8742,128.351
ftjp7,2026-05-28,19.0,12,34.7512,128.4051
ftjp7,2026-05-29,18.9,12,34.7512,128.4051
ftjp7,2026-06-08,19.38,12,34.7512,128.4051
ftjp7,2026-06-09,19.68,12,34.7512,128.4051
ftjp7,2026-06-12,20.0,12,34.7512,128.4051
ftjp7,2026-06-20,20.24,12,34.7512,128.4051
ftjp7,2026-06-21,20.23,12,34.7512,128.4051
ftjp7,2026-09-04,25.62,12,34.7512,128.4051
ftjp7,2026-09-05,26.42,12,34.7512,128.4051
ftjp7,2026-09-06,26.47,12,34.7512,128.4051
ftjp7,2026-09-08,26.3,12,34.7512,128.4051
ftjp7,2026-09-09,26.1,12,34.7512,128.4051
ftjp7,2026-09-10,25.92,12,34.7512,128.4051
ftjp7,2026-09-11,25.93,12,34.7512,128.4051
ftjp7,2026-09-12,26.01,12,34.7512,128.4051
ftjp7,2026-09-13,26.05,12,34.7512,128.4051
ftjp7,2026-09-14,26.04,12,34.7512,128.4051
ftjp7,2026-09-15,26.03,12,34.7512,128.4051
ftjp7,2026-09-16,25.88,12,34.7512,128.4051
ftjp7,2026-09-17,25.65,12,34.7512,128.4051
ftjp7,2026-09-18,25.55,12,34.7512,128.4051
ftjp7,2026-09-19,25.56,12,34.7512,128.4051
ftjp7,2026-09-20,25.62,12,34.7512,128.4051
ftjp7,2026-09-21,25.56,12,34.7512,128.4051
ftjp7,2026-09-22,25.42,12,34.7512,128.4051
ftjp7,2026-09-23,25.38,12,34.7512,128.4051
ftjp7,2026-09-24,25.38,12,34.7512,128.4051
ftjq5,2026-05-29,18.58,12,34.7512,128.4178
ftjq5,2026-05-30,18.34,12,34.7512,128.4178
ftjq5,2026-05-31,18.63,12,34.7512,128.4178
ftjq5,2026-06-01,18.62,12,34.7512,128.4178
ftjq5,2026-06-02,18.76,12,34.7512,128.4178
ftjq5,2026-06-03,18.68,12,34.7512,128.4178
ftjq5,2026-06-04,18.85,12,34.7512,128.4178
ftjq5,2026-06-05,18.99,12,34.7512,128.4178
ftjq5,2026-06-06,19.04,12,34.7512,128.4178
ftjq5,2026-06-07,19.03,12,34.7512,128.4178
ftjq5,2026-06-08,19.11,12,34.7512,128.4178
ftjq5,2026-06-09,19.26,12,34.7512,128.4178
ftjq5,2026-06-10,19.7,12,34.7512,128.4178
ftjq5,2026-06-11,19.76,12,34.7512,128.4178
ftjq5,2026-06-12,19.52,12,34.7512,128.4178
ftjq5,2026-06-13,19.41,12,34.7512,128.4178
ftjq5,2026-06-14,19.29,12,34.7512,128.4178
ftjq5,2026-06-15,19.22,12,34.7512,128.4178
ftjq5,2026-06-16,19.14,12,34.7512,128.4178
ftjq5,2026-06-17,19.06,12,34.7512,128.4178
ftjq5,2026-06-18,19.18,12,34.7512,128.4178
ftjq5,2026-06-19,19.48,12,34.7512,128.4178
ftjq5,2026-06-20,19.82,12,34.7512,128.4178
ftjq5,2026-06-21,19.89,12,34.7512,128.4178
ftjq5,2026-06-22,19.67,12,34.7512,128.4178
ftjq5,2026-06-23,19.81,12,34.7512,128.4178
ftjq5,2026-06-24,19.92,12,34.7512,128.4178
ftjq5,2026-06-25,20.52,12,34.7512,128.4178
ftjq5,2026-06-26,20.62,12,34.7512,128.4178
ftjq5,2026-06-27,20.85,12,34.7512,128.4178
ftjq5,2026-06-28,21.12,12,34.7512,128.4178
ftjq5,2026-06-29,20.96,12,34.7512,128.4178
ftjq5,2026-06-30,21.06,12,34.7512,128.4178
ftjq5,2026-07-01,20.92,12,34.7512,128.4178
ftjq5,2026-07-02,20.68,12,34.7512,128.4178
ftjq5,2026-07-03,20.68,12,34.7512,128.4178
ftjq5,2026-07-04,21.07,12,34.7512,128.4178
ftjq5,2026-07-05,21.18,12,34.7512,128.4178
ftjq5,2026-07-06,21.32,12,34.7512,128.4178
ftjq5,2026-07-07,21.35,12,34.7512,128.4178
ftjq5,2026-07-08,21.88,12,34.7512,128.4178
ftjq5,2026-07-09,22.78,12,34.7512,128.4178
ftjq5,2026-07-10,22.94,12,34.7512,128.4178
ftjq5,2026-07-11,23.41,12,34.7512,128.4178
ftjq5,2026-07-12,23.14,12,34.7512,128.4178
ftjq5,2026-07-13,23.07,12,34.7512,128.4178
ftjq5,2026-07-14,22.96,12,34.7512,128.4178
ftjq5,2026-07-15,22.65,12,34.7512,128.4178
ftjq5,2026-07-16,21.93,12,34.7512,128.4178
ftjq5,2026-07-17,21.18,12,34.7512,128.4178
ftjq5,2026-07-18,21.26,12,34.7512,128.4178
ftjq5,2026-07-19,21.42,12,34.7512,128.4178
ftjq5,2026-07-20,21.65,12,34.7512,128.4178
ftjq5,2026-07-21,22.79,12,34.7512,128.4178
ftjq5,2026-07-22,24.28,12,34.7512,128.4178
ftjq5,2026-07-23,25.18,12,34.7512,128.4178
ftjq5,2026-07-24,25.14,12,34.7512,128.4178
ftjq5,2026-07-25,25.53,12,34.7512,128.4178
ftjq5,2026-07-26,25.66,12,34.7512,128.4178
ftjq5,2026-07-27,24.6,12,34.7512,128.4178
ftjq5,2026-07-28,24.39,12,34.7512,128.4178
ftjq5,2026-07-29,23.32,12,34.7512,128.4178
ftjq5,2026-07-30,22.33,12,34.7512,128.4178
ftjq5,2026-07-31,21.62,12,34.7512,128.4178
ftjq5,2026-08-01,21.21,12,34.7512,128.4178
ftjq5,2026-08-02,21.08,12,34.7512,128.4178
ftjq5,2026-08-03,21.0,12,34.7512,128.4178
ftjq5,2026-08-05,22.85,12,34.7512,128.4178
ftjq5,2026-08-06,23.94,12,34.7512,128.4178
ftjq5,2026-08-07,25.27,12,34.7512,128.4178
ftjq5,2026-08-08,26.19,12,34.7512,128.4178
ftjq5,2026-08-09,26.63,12,34.7512,128.4178
ftjq5,2026-08-10,26.67,12,34.7512,128.4178
ftjq5,2026-08-12,26.06,12,34.7512,128.4178
ftjq5,2026-08-13,26.08,12,34.7512,128.4178
ftjq5,2026-08-14,26.18,12,34.7512,128.4178
ftjq5,2026-08-15,26.12,12,34.7512,128.4178
ftjq5,2026-08-16,25.71,12,34.7512,128.4178
ftjq5,2026-08-17,25.51,12,34.7512,128.4178
ftjq5,2026-08-18,25.82,12,34.7512,128.4178
ftjq5,2026-08-19,26.5,12,34.7512,128.4178
ftjq5,2026-08-20,27.38,12,34.7512,128.4178
ftjq5,2026-08-21,27.91,12,34.7512,128.4178
ftjq5,2026-08-22,28.22,12,34.7512,128.4178
ftjq5,2026-08-23,28.47,12,34.7512,128.4178
ftjq5,2026-08-24,28.52,12,34.7512,128.4178
ftjq5,2026-08-25,28.68,12,34.7512,128.4178
ftjq5,2026-08-26,28.48,12,34.7512,128.4178
ftjq5,2026-08-27,28.09,12,34.7512,128.4178
ftjq5,2026-08-28,27.35,12,34.7512,128.4178
ftjq5,2026-08-29,27.4,12,34.7512,128.4178
ftjq5,2026-08-30,27.12,12,34.7512,128.4178
ftjq5,2026-08-31,26.6,12,34.7512,128.4178
ftjq5,2026-09-01,26.3,12,34.7512,128.4178
ftjq5,2026-09-02,26.12,12,34.7512,128.4178
ftjq5,2026-09-03,26.08,12,34.7512,128.4178
ftjq5,2026-09-04,25.19,12,34.7512,128.4178
ftjq5,2026-09-05,26.17,12,34.7512,128.4178
ftjq5,2026-09-06,26.14,12,34.7512,128.4178
ftjq5,2026-09-08,25.86,12,34.7512,128.4178
ftjq5,2026-09-09,25.66,12,34.7512,128.4178
ftjq5,2026-09-10,25.52,12,34.7512,128.4178
ftjq5,2026-09-11,25.63,12,34.7512,128.4178
ftjq5,2026-09-12,25.67,12,34.7512,128.4178
ftjq5,2026-09-13,25.72,12,34.7512,128.4178
ftlq5,2026-05-29,16.82,12,34.7498,128.4178
ftlq5,2026-05-30,16.78,12,34.7498,128.4178
ftlq5,2026-06-01,16.89,12,34.7498,128.4178
ftlq5,2026-06-02,16.95,12,34.7498,128.4178
ftlq5,2026-06-03,16.78,12,34.7498,128.4178
ftlq5,2026-06-04,16.94,12,34.7498,128.4178
ftlq5,2026-06-05,17.0,12,34.7498,128.4178
ftlq5,2026-06-06,17.06,12,34.7498,128.4178
ftlq5,2026-06-07,16.96,12,34.7498,128.4178
ftlq5,2026-06-08,17.04,12,34.7498,128.4178
ftlq5,2026-06-10,17.28,12,34.7498,128.4178
ftlq5,2026-06-11,17.35,12,34.7498,128.4178
ftlq5,2026-06-12,17.28,12,34.7498,128.4178
ftlq5,2026-06-13,17.25,12,34.7498,128.4178
ftlq5,2026-06-14,17.09,12,34.7498,128.4178
ftlq5,2026-06-15,17.1,12,34.7498,128.4178
ftlq5,2026-06-16,17.09,12,34.7498,128.4178
ftlq5,2026-06-17,17.0,12,34.7498,128.4178
ftlq5,2026-06-18,17.11,12,34.7498,128.4178
ftlq5,2026-06-19,17.31,12,34.7498,128.4178
ftlq5,2026-06-30,21.32,12,34.7498,128.4178
ftlq5,2026-07-02,21.02,12,34.7498,128.4178
ftlq5,2026-07-03,20.99,12,34.7498,128.4178
ftlq5,2026-07-04,21.4,12,34.7498,128.4178
ftlq5,2026-07-05,21.44,12,34.7498,128.4178
ftlq5,2026-07-06,21.53,12,34.7498,128.4178
ftlq5,2026-07-07,21.58,12,34.7498,128.4178
ftlq5,2026-07-08,22.14,12,34.7498,128.4178
ftlq5,2026-07-09,23.16,12,34.7498,128.4178
ftlq5,2026-07-10,23.22,12,34.7498,128.4178
ftlq5,2026-07-11,23.73,12,34.7498,128.4178
ftlq5,2026-07-12,23.43,12,34.7498,128.4178
ftlq5,2026-07-13,23.37,12,34.7498,128.4178
ftlq5,2026-07-14,23.22,12,34.7498,128.4178
ftlq5,2026-07-15,22.98,12,34.7498,128.4178
ftlq5,2026-07-17,21.58,12,34.7498,128.4178
ftlq5,2026-07-18,21.53,12,34.7498,128.4178
ftlq5,2026-07-19,21.58,12,34.7498,128.4178
ftlq5,2026-07-20,21.83,12,34.7498,128.4178
ftlq5,2026-07-21,22.92,12,34.7498,128.4178
ftlq5,2026-07-22,24.45,12,34.7498,128.4178
ftlq5,2026-07-23,25.5,12,34.7498,128.4178
ftlq5,2026-07-24,25.55,12,34.7498,128.4178
ftlq5,2026-07-25,25.66,12,34.7498,128.4178
ftlq5,2026-07-26,25.83,12,34.7498,128.4178
ftlq5,2026-07-27,24.94,12,34.7498,128.4178
ftlq5,2026-07-28,24.74,12,34.7498,128.4178
ftlq5,2026-07-29,23.54,12,34.7498,128.4178
ftlq5,2026-07-30,22.52,12,34.7498,128.4178
ftlq5,2026-07-31,21.82,12,34.7498,128.4178
ftlq5,2026-08-02,21.35,12,34.7498,128.4178
ftlq5,2026-08-03,21.13,12,34.7498,128.4178
ftlq5,2026-08-04,22.0,12,34.7498,128.4178
ftlq5,2026-08-05,23.04,12,34.7498,128.4178
ftlq5,2026-08-06,24.03,12,34.7498,128.4178
ftlq5,2026-08-07,25.43,12,34.7498,128.4178
ftlq5,2026-08-08,26.38,12,34.7498,128.4178
ftlq5,2026-08-09,26.83,12,34.7498,128.4178
ftlq5,2026-08-11,26.69,12,34.7498,128.4178
ftlq5,2026-08-12,26.46,12,34.7498,128.4178
ftlq5,2026-08-13,26.41,12,34.7498,128.4178
ftlq5,2026-08-14,26.54,12,34.7498,128.4178
ftlq5,2026-08-15,26.51,12,34.7498,128.4178
ftlq5,2026-08-16,26.13,12,34.7498,128.4178
ftlq5,2026-08-17,25.92,12,34.7498,128.4178
ftlq5,2026-08-20,27.76,12,34.7498,128.4178
ftlq5,2026-08-21,28.14,12,34.7498,128.4178
ftlq5,2026-08-22,28.61,12,34.7498,128.4178
ftlq5,2026-08-23,28.84,12,34.7498,128.4178
ftlq5,2026-08-24,28.92,12,34.7498,128.4178
ftlq5,2026-08-25,29.03,12,34.7498,128.4178
ftlq5,2026-08-27,28.48,12,34.7498,128.4178
ftlq5,2026-08-28,27.87,12,34.7498,128.4178
ftlq5,2026-08-29,27.82,12,34.7498,128.4178
ftlq5,2026-08-30,27.66,12,34.7498,128.4178
ftlq5,2026-09-01,26.8,12,34.7498,128.4178
ftlq5,2026-09-02,26.54,12,34.7498,128.4178
ftlq5,2026-09-03,26.57,12,34.7498,128.4178
ftlq5,2026-09-04,25.5,12,34.7498,128.4178
ftlq5,2026-09-06,26.49,12,34.7498,128.4178
ftlq5,2026-09-11,26.05,12,34.7498,128.4178
ftlq5,2026-09-12,26.08,12,34.7498,128.4178
ftlq5,2026-09-13,26.13,12,34.7498,128.4178
ftlq5,2026-09-14,26.12,12,34.7498,128.4178
ftlq5,2026-09-15,26.08,12,34.7498,128.4178
ftlq5,2026-09-16,25.96,12,34.7498,128.4178
ftlq5,2026-09-17,25.73,12,34.7498,128.4178
ftlq5,2026-09-18,25.62,12,34.7498,128.4178
ftlq5,2026-09-19,25.61,12,34.7498,128.4178
ftlq5,2026-09-20,25.67,12,34.7498,128.4178
ftlq5,2026-09-21,25.62,12,34.7498,128.4178
ftlq5,2026-09-22,25.44,12,34.7498,128.4178
ftlq5,2026-09-23,25.45,12,34.7498,128.4178
ftlq5,2026-09-24,25.36,12,34.7498,128.4178
ftmp7,2026-05-01,16.31,12,34.8232,128.3565
ftmp7,2026-05-02,16.28,12,34.8232,128.3565
ftmp7,2026-05-03,16.03,12,34.8232,128.3565
ftmp7,2026-05-04,15.93,12,34.8232,128.3565
ftmp7,2026-05-05,16.22,12,34.8232,128.3565
ftmp7,2026-05-06,16.9,12,34.8232,128.3565
ftmp7,2026-05-07,17.62,12,34.8232,128.3565
ftmp7,2026-05-08,17.9,12,34.8232,128.3565
ftmp7,2026-05-09,17.61,12,34.8232,128.3565
ftmp7,2026-05-10,18.19,12,34.8232,128.3565
ftmp7,2026-05-11,18.95,12,34.8232,128.3565
ftmp7,2026-05-12,19.19,12,34.8232,128.3565
ftmp7,2026-05-13,18.81,12,34.8232,128.3565
ftmp7,2026-05-14,18.84,12,34.8232,128.3565
ftmp7,2026-05-15,17.62,12,34.8232,128.3565
ftmp7,2026-05-16,17.68,12,34.8232,128.3565
ftmp7,2026-05-17,17.92,12,34.8232,128.3565
ftmp7,2026-05-18,17.96,12,34.8232,128.3565
ftmp7,2026-05-19,17.96,12,34.8232,128.3565
ftmp7,2026-05-20,17.45,12,34.8232,128.3565
ftmp7,2026-05-21,17.43,12,34.8232,128.3565
ftmp7,2026-05-22,18.1,12,34.8232,128.3565
ftmp7,2026-05-23,17.54,12,34.8232,128.3565
ftmp7,2026-05-24,17.92,12,34.8232,128.3565
ftmp7,2026-05-25,18.72,12,34.8232,128.3565
ftmp7,2026-05-26,19.37,12,34.8232,128.3565
ftmp7,2026-05-27,18.75,12,34.8232,128.3565
ftmp7,2026-05-30,20.58,12,34.8232,128.3565
ftmp7,2026-05-31,19.88,12,34.8232,128.3565
ftmp7,2026-06-01,20.05,12,34.8232,128.3565
ftmp7,2026-06-04,19.89,12,34.8232,128.3565
ftmp7,2026-06-05,20.12,12,34.8232,128.3565
ftmp7,2026-06-06,20.41,12,34.8232,128.3565
ftmp7,2026-06-07,19.08,12,34.8232,128.3565
ftmp7,2026-06-08,19.05,12,34.8232,128.3565
ftmp7,2026-06-09,19.78,12,34.8232,128.3565
ftmp7,2026-06-10,20.92,12,34.8232,128.3565
ftmp7,2026-06-11,22.07,12,34.8232,128.3565
ftmp7,2026-06-12,22.41,12,34.8232,128.3565
ftmp7,2026-06-13,22.33,12,34.8232,128.3565
ftmp7,2026-06-14,21.99,12,34.8232,128.3565
ftmp7,2026-06-15,21.15,12,34.8232,128.3565
ftmp7,2026-06-16,20.18,12,34.8232,128.3565
ftmp7,2026-06-17,19.36,12,34.8232,128.3565
ftmp7,2026-06-18,19.92,12,34.8232,128.3565
ftmp7,2026-06-19,20.78,12,34.8232,128.3565
ftmp7,2026-06-20,21.1,12,34.8232,128.3565
ftmp7,2026-06-21,21.53,12,34.8232,128.3565
ftmp7,2026-06-22,21.5,12,34.8232,128.3565
ftmp7,2026-06-23,21.1,12,34.8232,128.3565
ftmp7,2026-06-24,20.47,12,34.8232,128.3565
ftmp7,2026-06-25,20.36,12,34.8232,128.3565
ftmp7,2026-06-26,21.98,12,34.8232,128.3565
ftmp7,2026-06-27,22.69,12,34.8232,128.3565
ftmp7,2026-06-28,23.28,12,34.8232,128.3565
ftmp7,2026-06-29,23.42,12,34.8232,128.3565
ftmp7,2026-06-30,23.12,12,34.8232,128.3565
ftmp7,2026-07-01,22.37,12,34.8232,128.3565
ftmp7,2026-07-02,21.55,12,34.8232,128.3565
ftmp7,2026-07-03,22.14,12,34.8232,128.3565
ftmp7,2026-07-07,23.56,12,34.8232,128.3565
ftmp7,2026-07-08,24.12,12,34.8232,128.3565
ftmp7,2026-07-09,24.58,12,34.8232,128.3565
ftmp7,2026-07-10,24.81,12,34.8232,128.3565
ftmp7,2026-07-12,25.95,12,34.8232,128.3565
ftmp7,2026-07-13,26.52,12,34.8232,128.3565
ftmp7,2026-07-14,26.43,12,34.8232,128.3565
ftmp7,2026-07-15,26.01,12,34.8232,128.3565
ftmp7,2026-07-16,24.84,12,34.8232,128.3565
ftmp7,2026-07-17,23.4,12,34.8232,128.3565
ftmp7,2026-07-18,23.77,12,34.8232,128.3565
ftmp7,2026-07-19,24.35,12,34.8232,128.3565
ftmp7,2026-07-20,24.75,12,34.8232,128.3565
ftmp7,2026-07-21,26.18,12,34.8232,128.3565
ftmp7,2026-07-22,27.29,12,34.8232,128.3565
ftmp7,2026-07-23,28.09,12,34.8232,128.3565
ftmp7,2026-07-24,28.52,12,34.8232,128.3565
ftmp7,2026-07-25,29.32,12,34.8232,128.3565
ftmp7,2026-07-26,29.63,12,34.8232,128.3565
ftmp7,2026-07-27,30.27,12,34.8232,128.3565
ftmp7,2026-07-28,29.33,12,34.8232,128.3565
ftmp7,2026-07-29,25.81,12,34.8232,128.3565
ftmp7,2026-07-30,24.59,12,34.8232,128.3565
ftmp7,2026-07-31,23.15,12,34.8232,128.3565
ftmp7,2026-08-01,22.48,12,34.8232,128.3565
ftmp7,2026-08-02,21.76,12,34.8232,128.3565
ftmp7,2026-08-03,21.77,12,34.8232,128.3565
ftmp7,2026-08-04,23.16,12,34.8232,128.3565
ftmp7,2026-08-05,24.93,12,34.8232,128.3565
ftmp7,2026-08-06,26.37,12,34.8232,128.3565
ftmp7,2026-08-07,27.04,12,34.8232,128.3565
ftmp7,2026-08-08,27.1,12,34.8232,128.3565
ftmp7,2026-08-09,26.96,12,34.8232,128.3565
ftmp7,2026-08-10,27.05,12,34.8232,128.3565
ftmp7,2026-08-11,27.06,12,34.8232,128.3565
ftmp7,2026-08-12,27.01,12,34.8232,128.3565
ftmp7,2026-08-13,27.16,12,34.8232,128.3565
ftmp7,2026-08-14,27.55,12,34.8232,128.3565
ftmp7,2026-08-15,27.46,12,34.8232,128.3565
ftmp7,2026-08-16,26.75,12,34.8232,128.3565
ftmp7,2026-08-17,26.23,12,34.8232,128.3565
ftmp7,2026-08-18,26.27,12,34.8232,128.3565
ftmp7,2026-08-19,26.72,12,34.8232,128.3565
ftmp7,2026-08-20,27.86,12,34.8232,128.3565
ftmp7,2026-08-21,28.89,12,34.8232,128.3565
ftmp7,2026-08-22,29.92,12,34.8232,128.3565
ftmp7,2026-08-23,29.68,12,34.8232,128.3565
ftmp7,2026-08-24,30.42,12,34.8232,128.3565
ftmp7,2026-08-25,30.29,12,34.8232,128.3565
ftmp7,2026-08-26,30.02,12,34.8232,128.3565
ftmp7,2026-08-27,30.14,12,34.8232,128.3565
ftmp7,2026-08-28,30.09,12,34.8232,128.3565
ftmp7,2026-08-29,29.75,12,34.8232,128.3565
ftmp7,2026-09-01,28.79,12,34.8232,128.3565
ftmp7,2026-09-02,27.89,12,34.8232,128.3565
ftmp7,2026-09-03,27.72,12,34.8232,128.3565
ftmp7,2026-09-04,25.68,12,34.8232,128.3565
ftmp7,2026-09-05,26.02,12,34.8232,128.3565
ftmp7,2026-09-06,26.38,12,34.8232,128.3565
ftmp7,2026-09-08,26.51,12,34.8232,128.3565
ftmp7,2026-09-09,26.42,12,34.8232,128.3565
ftmp7,2026-09-10,26.18,12,34.8232,128.3565
ftmp7,2026-09-11,26.18,12,34.8232,128.3565
ftmp7,2026-09-12,26.13,12,34.8232,128.3565
ftmp7,2026-09-14,26.51,12,34.8232,128.3565
ftmp7,2026-09-15,26.47,12,34.8232,128.3565
ftmp7,2026-09-16,26.38,12,34.8232,128.3565
ftmp7,2026-09-17,26.02,12,34.8232,128.3565
ftmp7,2026-09-18,25.83,12,34.8232,128.3565
ftmp7,2026-09-19,25.7,12,34.8232,128.3565
ftmp7,2026-09-20,25.66,12,34.8232,128.3565
ftmp7,2026-09-21,25.64,14,34.8232,128.3565
ftmp7,2026-09-22,25.71,12,34.8232,128.3565
ftmp7,2026-09-23,25.66,12,34.8232,128.3565
ftmp7,2026-09-24,25.64,12,34.8232,128.3565
ftoq5,2026-05-29,20.17,12,34.8167,128.3614
ftoq5,2026-05-30,20.09,12,34.8167,128.3614
ftoq5,2026-05-31,19.59,12,34.8167,128.3614
ftoq5,2026-06-01,19.91,12,34.8167,128.3614
ftoq5,2026-06-02,19.68,12,34.8167,128.3614
ftoq5,2026-06-03,19.42,12,34.8167,128.3614
ftoq5,2026-06-04,19.98,12,34.8167,128.3614
ftoq5,2026-06-05,20.18,12,34.8167,128.3614
ftoq5,2026-06-06,20.23,12,34.8167,128.3614
ftoq5,2026-06-07,19.11,12,34.8167,128.3614
ftoq5,2026-06-08,18.79,12,34.8167,128.3614
ftoq5,2026-06-09,19.43,12,34.8167,128.3614
ftoq5,2026-06-10,20.49,12,34.8167,128.3614
ftoq5,2026-06-11,21.52,12,34.8167,128.3614
ftoq5,2026-06-13,22.5,12,34.8167,128.3614
ftoq5,2026-06-14,22.23,12,34.8167,128.3614
ftoq5,2026-06-15,20.99,12,34.8167,128.3614
ftoq5,2026-06-16,20.21,12,34.8167,128.3614
ftoq5,2026-06-17,19.8,12,34.8167,128.3614
ftoq5,2026-06-18,20.18,12,34.8167,128.3614
ftoq5,2026-06-19,21.22,12,34.8167,128.3614
ftoq5,2026-06-20,21.15,12,34.8167,128.3614
ftoq5,2026-06-21,21.62,12,34.8167,128.3614
ftoq5,2026-06-22,21.55,12,34.8167,128.3614
ftoq5,2026-06-23,21.2,12,34.8167,128.3614
ftoq5,2026-06-24,20.88,12,34.8167,128.3614
ftoq5,2026-06-25,20.86,12,34.8167,128.3614
ftoq5,2026-06-26,21.92,12,34.8167,128.3614
ftoq5,2026-06-27,22.75,12,34.8167,128.3614
ftoq5,2026-06-28,23.14,12,34.8167,128.3614
ftoq5,2026-06-29,23.6,12,34.8167,128.3614
ftoq5,2026-06-30,23.4,12,34.8167,128.3614
ftoq5,2026-07-01,22.57,12,34.8167,128.3614
ftoq5,2026-07-02,21.72,12,34.8167,128.3614
ftoq5,2026-07-03,22.43,12,34.8167,128.3614
ftoq5,2026-07-04,22.56,12,34.8167,128.3614
ftoq5,2026-07-05,23.15,12,34.8167,128.3614
ftoq5,2026-07-06,23.37,12,34.8167,128.3614
ftoq5,2026-07-07,23.47,12,34.8167,128.3614
ftoq5,2026-07-08,24.21,12,34.8167,128.3614
ftoq5,2026-07-09,24.55,12,34.8167,128.3614
ftoq5,2026-07-10,24.75,12,34.8167,128.3614
ftoq5,2026-07-12,25.3,12,34.8167,128.3614
ftoq5,2026-07-13,25.87,12,34.8167,128.3614
ftoq5,2026-07-14,26.15,12,34.8167,128.3614
ftoq5,2026-07-15,26.03,12,34.8167,128.3614
ftoq5,2026-07-16,24.74,12,34.8167,128.3614
ftoq5,2026-07-17,23.42,12,34.8167,128.3614
ftoq5,2026-07-18,23.69,12,34.8167,128.3614
ftoq5,2026-07-19,24.27,12,34.8167,128.3614
ftoq5,2026-07-20,24.59,12,34.8167,128.3614
ftoq5,2026-07-21,25.98,12,34.8167,128.3614
ftoq5,2026-07-22,26.85,12,34.8167,128.3614
ftoq5,2026-07-23,27.78,12,34.8167,128.3614
ftoq5,2026-07-24,28.21,12,34.8167,128.3614
ftoq5,2026-07-25,28.82,12,34.8167,128.3614
ftoq5,2026-07-26,29.35,12,34.8167,128.3614
ftoq5,2026-07-27,29.28,12,34.8167,128.3614
ftoq5,2026-07-28,28.43,12,34.8167,128.3614
ftoq5,2026-07-29,25.84,12,34.8167,128.3614
ftoq5,2026-07-30,24.63,12,34.8167,128.3614
ftoq5,2026-07-31,23.48,12,34.8167,128.3614
ftoq5,2026-08-01,22.51,12,34.8167,128.3614
ftoq5,2026-08-02,22.1,12,34.8167,128.3614
ftoq5,2026-08-03,22.01,12,34.8167,128.3614
ftoq5,2026-08-04,23.37,12,34.8167,128.3614
ftoq5,2026-08-05,24.78,12,34.8167,128.3614
ftoq5,2026-08-06,26.36,12,34.8167,128.3614
ftoq5,2026-08-07,27.07,12,34.8167,128.3614
ftoq5,2026-08-08,27.19,12,34.8167,128.3614
ftoq5,2026-08-09,27.02,12,34.8167,128.3614
ftoq5,2026-08-10,27.12,12,34.8167,128.3614
ftoq5,2026-08-11,27.11,12,34.8167,128.3614
ftoq5,2026-08-12,27.08,12,34.8167,128.3614
ftoq5,2026-08-13,27.28,12,34.8167,128.3614
ftoq5,2026-08-14,27.55,12,34.8167,128.3614
ftoq5,2026-08-15,27.61,12,34.8167,128.3614
ftoq5,2026-08-16,26.93,12,34.8167,128.3614
ftoq5,2026-08-17,26.38,12,34.8167,128.3614
ftoq5,2026-08-18,26.38,12,34.8167,128.3614
ftoq5,2026-08-19,26.82,12,34.8167,128.3614
ftoq5,2026-08-20,27.82,12,34.8167,128.3614
ftoq5,2026-08-21,28.71,12,34.8167,128.3614
ftoq5,2026-08-22,29.77,12,34.8167,128.3614
ftoq5,2026-08-23,29.74,12,34.8167,128.3614
ftoq5,2026-08-24,30.14,12,34.8167,128.3614
ftoq5,2026-08-25,30.19,12,34.8167,128.3614
ftoq5,2026-08-26,29.96,12,34.8167,128.3614
ftoq5,2026-08-27,29.84,12,34.8167,128.3614
ftoq5,2026-08-28,29.96,12,34.8167,128.3614
ftoq5,2026-08-29,29.76,12,34.8167,128.3614
ftoq5,2026-08-30,29.71,12,34.8167,128.3614
ftoq5,2026-08-31,29.43,12,34.8167,128.3614
ftoq5,2026-09-01,28.68,12,34.8167,128.3614
ftoq5,2026-09-02,28.01,12,34.8167,128.3614
ftoq5,2026-09-04,26.06,12,34.8167,128.3614
ftoq5,2026-09-05,25.93,12,34.8167,128.3614
ftoq5,2026-09-06,26.38,12,34.8167,128.3614
ftoq5,2026-09-08,26.55,12,34.8167,128.3614
ftoq5,2026-09-09,26.42,12,34.8167,128.3614
ftoq5,2026-09-10,26.19,12,34.8167,128.3614
ftoq5,2026-09-11,26.23,12,34.8167,128.3614
ftoq5,2026-09-12,26.3,12,34.8167,128.3614
ftoq5,2026-09-13,26.44,12,34.8167,128.3614
ftoq5,2026-09-14,26.6,12,34.8167,128.3614
ftoq5,2026-09-15,26.43,12,34.8167,128.3614
ftoq5,2026-09-16,26.45,12,34.8167,128.3614
ftoq5,2026-09-17,26.08,12,34.8167,128.3614
ftoq5,2026-09-18,25.88,12,34.8167,128.3614
ftoq5,2026-09-19,25.83,12,34.8167,128.3614
ftoq5,2026-09-20,25.78,12,34.8167,128.3614
ftoq5,2026-09-21,25.82,12,34.8167,128.3614
ftoq5,2026-09-22,25.81,12,34.8167,128.3614
ftoq5,2026-09-23,25.71,12,34.8167,128.3614
ftoq5,2026-09-24,25.88,12,34.8167,128.3614
ftp4c,2026-05-01,16.04,48,34.8348,128.3353
ftp4c,2026-05-02,15.93,48,34.8348,128.3353
ftp4c,2026-05-03,15.73,48,34.8348,128.3353
ftp4c,2026-05-04,15.92,48,34.8348,128.3353
ftp4c,2026-05-05,16.07,48,34.8348,128.3353
ftp4c,2026-05-06,16.46,48,34.8348,128.3353
ftp4c,2026-05-07,16.93,48,34.8348,128.3353
ftp4c,2026-05-08,17.29,48,34.8348,128.3353
ftp4c,2026-05-09,17.07,48,34.8348,128.3353
ftp4c,2026-05-10,17.44,47,34.8348,128.3353
ftp4c,2026-05-11,17.78,48,34.8348,128.3353
ftp4c,2026-05-12,18.11,48,34.8348,128.3353
ftp4c,2026-05-13,17.56,48,34.8348,128.3353
ftp4c,2026-05-14,17.22,48,34.8348,128.3353
ftp4c,2026-05-15,16.95,48,34.8348,128.3353
ftp4c,2026-05-16,17.01,48,34.8348,128.3353
ftp4c,2026-05-17,17.16,48,34.8348,128.3353
ftp4c,2026-05-18,17.13,48,34.8348,128.3353
ftp4c,2026-05-19,17.24,48,34.8348,128.3353
ftp4c,2026-05-20,17.0,48,34.8348,128.3353
ftp4c,2026-05-21,17.7,48,34.8348,128.3353
ftp4c,2026-05-22,17.24,48,34.8348,128.3353
ftp4c,2026-05-23,17.36,48,34.8348,128.3353
ftp4c,2026-05-24,17.54,48,34.8348,128.3353
ftp4c,2026-05-25,18.42,48,34.8348,128.3353
ftp4c,2026-05-26,18.39,48,34.8348,128.3353
ftp4c,2026-05-27,18.04,48,34.8348,128.3353
ftp4c,2026-05-28,18.91,48,34.8348,128.3353
ftp4c,2026-05-29,19.02,48,34.8348,128.3353
ftp4c,2026-05-30,19.06,48,34.8348,128.3353
ftp4c,2026-05-31,18.8,48,34.8348,128.3353
ftp4c,2026-06-01,18.91,48,34.8348,128.3353
ftp4c,2026-06-02,19.04,48,34.8348,128.3353
ftp4c,2026-06-03,19.08,48,34.8348,128.3353
ftp4c,2026-06-04,19.16,48,34.8348,128.3353
ftp4c,2026-06-05,19.76,47,34.8348,128.3353
ftp4c,2026-06-06,18.85,48,34.8348,128.3353
ftp4c,2026-06-07,18.77,48,34.8348,128.3353
ftp4c,2026-06-08,19.54,48,34.8348,128.3353
ftp4c,2026-06-09,19.54,48,34.8348,128.3353
ftp4c,2026-06-10,20.57,48,34.8348,128.3353
ftp4c,2026-06-11,20.85,48,34.8348,128.3353
ftp4c,2026-06-12,20.65,48,34.8348,128.3353
ftp4c,2026-06-13,20.5,48,34.8348,128.3353
ftp4c,2026-06-14,20.4,48,34.8348,128.3353
ftp4c,2026-06-15,20.01,48,34.8348,128.3353
ftp4c,2026-06-16,19.61,48,34.8348,128.3353
ftp4c,2026-06-17,19.74,48,34.8348,128.3353
ftp4c,2026-06-18,20.41,48,34.8348,128.3353
ftp4c,2026-06-19,20.14,48,34.8348,128.3353
ftp4c,2026-06-20,20.8,48,34.8348,128.3353
ftp4c,2026-06-21,21.19,48,34.8348,128.3353
ftp4c,2026-06-22,21.49,48,34.8348,128.3353
ftp4c,2026-06-23,20.64,48,34.8348,128.3353
ftp4c,2026-06-24,20.29,48,34.8348,128.3353
ftp4c,2026-06-25,20.85,48,34.8348,128.3353
ftp4c,2026-06-26,21.63,48,34.8348,128.3353
ftp4c,2026-06-27,21.96,48,34.8348,128.3353
ftp4c,2026-06-28,22.22,48,34.8348,128.3353
ftp4c,2026-06-29,22.08,48,34.8348,128.3353
ftp4c,2026-06-30,21.99,48,34.8348,128.3353
ftp4c,2026-07-01,21.42,48,34.8348,128.3353
ftp4c,2026-07-02,21.36,48,34.8348,128.3353
ftp4c,2026-07-03,21.82,48,34.8348,128.3353
ftp4c,2026-07-04,21.96,48,34.8348,128.3353
ftp4c,2026-07-05,22.35,48,34.8348,128.3353
ftp4c,2026-07-06,22.57,48,34.8348,128.3353
ftp4c,2026-07-07,22.51,48,34.8348,128.3353
ftp4c,2026-07-08,22.99,48,34.8348,128.3353
ftp4c,2026-07-09,23.78,48,34.8348,128.3353
ftp4c,2026-07-10,23.87,48,34.8348,128.3353
ftp4c,2026-07-11,23.7,48,34.8348,128.3353
ftp4c,2026-07-12,23.57,48,34.8348,128.3353
ftp4c,2026-07-13,24.08,48,34.8348,128.3353
ftp4c,2026-07-14,24.92,48,34.8348,128.3353
ftp4c,2026-07-15,24.54,48,34.8348,128.3353
ftp4c,2026-07-16,23.51,48,34.8348,128.3353
ftp4c,2026-07-17,22.9,48,34.8348,128.3353
ftp4c,2026-07-18,23.13,48,34.8348,128.3353
ftp4c,2026-07-19,23.05,48,34.8348,128.3353
ftp4c,2026-07-20,23.59,48,34.8348,128.3353
ftp4c,2026-07-21,24.76,48,34.8348,128.3353
ftp4c,2026-07-22,25.65,48,34.8348,128.3353
ftp4c,2026-07-23,26.27,48,34.8348,128.3353
ftp4c,2026-07-24,26.61,48,34.8348,128.3353
ftp4c,2026-07-25,26.38,48,34.8348,128.3353
ftp4c,2026-07-26,26.02,48,34.8348,128.3353
ftp4c,2026-07-27,24.99,48,34.8348,128.3353
ftp4c,2026-07-28,24.89,48,34.8348,128.3353
ftp4c,2026-07-29,24.31,47,34.8348,128.3353
ftp4c,2026-07-30,23.49,48,34.8348,128.3353
ftp4c,2026-07-31,22.77,48,34.8348,128.3353
ftp4c,2026-08-01,21.81,48,34.8348,128.3353
ftp4c,2026-08-02,21.47,48,34.8348,128.3353
ftp4c,2026-08-03,21.32,48,34.8348,128.3353
ftp4c,2026-08-04,21.98,48,34.8348,128.3353
ftp4c,2026-08-05,23.24,48,34.8348,128.3353
ftp4c,2026-08-06,24.44,48,34.8348,128.3353
ftp4c,2026-08-07,25.08,48,34.8348,128.3353
ftp4c,2026-08-08,26.05,48,34.8348,128.3353
ftp4c,2026-08-09,26.65,48,34.8348,128.3353
ftp4c,2026-08-10,26.79,48,34.8348,128.3353
ftp4c,2026-08-11,26.63,48,34.8348,128.3353
ftp4c,2026-08-12,26.39,48,34.8348,128.3353
ftp4c,2026-08-13,26.46,48,34.8348,128.3353
ftp4c,2026-08-14,26.82,48,34.8348,128.3353
ftp4c,2026-08-15,26.96,48,34.8348,128.3353
ftp4c,2026-08-16,26.79,48,34.8348,128.3353
ftp4c,2026-08-17,26.51,48,34.8348,128.3353
ftp4c,2026-08-18,26.48,48,34.8348,128.3353
ftp4c,2026-08-19,26.71,48,34.8348,128.3353
ftp4c,2026-08-20,27.06,48,34.8348,128.3353
ftp4c,2026-08-21,27.27,43,34.8348,128.3353
ftp4c,2026-08-22,28.17,35,34.8348,128.3353
ftp4c,2026-08-23,28.72,48,34.8348,128.3353
ftp4c,2026-08-24,28.81,48,34.8348,128.3353
ftp4c,2026-08-25,28.75,48,34.8348,128.3353
ftp4c,2026-08-26,28.6,48,34.8348,128.3353
ftp4c,2026-08-27,28.85,48,34.8348,128.3353
ftp4c,2026-08-28,28.68,48,34.8348,128.3353
ftp4c,2026-08-29,28.79,48,34.8348,128.3353
ftp4c,2026-08-30,28.02,48,34.8348,128.3353
ftp4c,2026-08-31,27.71,48,34.8348,128.3353
ftp4c,2026-09-01,27.15,48,34.8348,128.3353
ftp4c,2026-09-02,26.67,48,34.8348,128.3353
ftp4c,2026-09-03,26.31,48,34.8348,128.3353
ftp4c,2026-09-04,25.14,48,34.8348,128.3353
ftp4c,2026-09-05,25.78,48,34.8348,128.3353
ftp4c,2026-09-06,26.07,48,34.8348,128.3353
ftp4c,2026-09-07,26.02,48,34.8348,128.3353
ftp4c,2026-09-08,25.94,48,34.8348,128.3353
ftp4c,2026-09-09,25.79,48,34.8348,128.3353
ftp4c,2026-09-10,25.48,48,34.8348,128.3353
ftp4c,2026-09-11,25.42,48,34.8348,128.3353
ftp4c,2026-09-12,25.53,48,34.8348,128.3353
ftp4c,2026-09-13,25.77,48,34.8348,128.3353
ftp4c,2026-09-14,25.86,48,34.8348,128.3353
ftp4c,2026-09-15,25.99,48,34.8348,128.3353
ftp4c,2026-09-16,25.9,48,34.8348,128.3353
ftp4c,2026-09-17,25.73,48,34.8348,128.3353
ftp4c,2026-09-18,25.56,48,34.8348,128.3353
ftp4c,2026-09-19,25.51,48,34.8348,128.3353
ftp4c,2026-09-20,25.52,48,34.8348,128.3353
ftp4c,2026-09-21,25.58,48,34.8348,128.3353
ftp4c,2026-09-22,25.45,48,34.8348,128.3353
ftp4c,2026-09-23,25.3,48,34.8348,128.3353
ftp4c,2026-09-24,25.39,48,34.8348,128.3353
ftrp7,2026-05-01,16.36,12,34.8137,128.3688
ftrp7,2026-05-02,16.37,12,34.8137,128.3688
ftrp7,2026-05-03,16.06,12,34.8137,128.3688
ftrp7,2026-05-04,16.03,12,34.8137,128.3688
ftrp7,2026-05-05,16.15,12,34.8137,128.3688
ftrp7,2026-05-07,17.36,12,34.8137,128.3688
ftrp7,2026-05-08,18.01,12,34.8137,128.3688
ftrp7,2026-05-09,17.66,12,34.8137,128.3688
ftrp7,2026-05-10,18.11,12,34.8137,128.3688
ftrp7,2026-05-11,18.62,12,34.8137,128.3688
ftrp7,2026-05-12,18.83,12,34.8137,128.3688
ftrp7,2026-05-13,18.68,12,34.8137,128.3688
ftrp7,2026-05-19,17.48,12,34.8137,128.3688
ftrp7,2026-05-20,17.21,12,34.8137,128.3688
ftrp7,2026-05-21,17.34,12,34.8137,128.3688
ftrp7,2026-05-22,17.89,12,34.8137,128.3688
ftrp7,2026-05-23,17.45,12,34.8137,128.3688
ftrp7,2026-05-24,17.96,12,34.8137,128.3688
ftrp7,2026-05-25,18.62,12,34.8137,128.3688
ftrp7,2026-05-27,18.53,12,34.8137,128.3688
ftrp7,2026-05-28,19.28,12,34.8137,128.3688
ftrp7,2026-05-29,19.99,12,34.8137,128.3688
ftrp7,2026-05-30,20.0,12,34.8137,128.3688
ftrp7,2026-05-31,19.37,12,34.8137,128.3688
ftrp7,2026-06-01,19.69,12,34.8137,128.3688
ftrp7,2026-06-02,19.34,12,34.8137,128.3688
ftrp7,2026-06-03,19.34,12,34.8137,128.3688
ftrp7,2026-06-04,19.55,12,34.8137,128.3688
ftrp7,2026-06-05,20.18,12,34.8137,128.3688
ftrp7,2026-06-06,19.64,12,34.8137,128.3688
ftrp7,2026-06-07,18.88,12,34.8137,128.3688
ftrp7,2026-06-08,18.92,12,34.8137,128.3688
ftrp7,2026-06-09,19.74,12,34.8137,128.3688
ftrp7,2026-06-10,20.88,12,34.8137,128.3688
ftrp7,2026-06-11,21.86,12,34.8137,128.3688
ftrp7,2026-06-12,21.86,12,34.8137,128.3688
ftrp7,2026-06-13,21.68,12,34.8137,128.3688
ftrp7,2026-06-14,21.32,12,34.8137,128.3688
ftrp7,2026-06-15,20.31,12,34.8137,128.3688
ftrp7,2026-06-16,19.31,12,34.8137,128.3688
ftrp7,2026-06-17,19.23,12,34.8137,128.3688
ftrp7,2026-06-18,20.01,12,34.8137,128.3688
ftrp7,2026-06-19,20.31,12,34.8137,128.3688
ftrp7,2026-06-20,20.66,12,34.8137,128.3688
ftrp7,2026-06-22,21.09,12,34.8137,128.3688
ftrp7,2026-07-07,22.72,12,34.8137,128.3688
ftrp7,2026-07-08,23.47,12,34.8137,128.3688
ftrp7,2026-07-09,24.18,12,34.8137,128.3688
ftrp7,2026-07-10,24.33,12,34.8137,128.3688
ftrp7,2026-07-11,24.42,12,34.8137,128.3688
ftrp7,2026-07-12,24.52,12,34.8137,128.3688
ftrp7,2026-07-13,24.89,12,34.8137,128.3688
ftrp7,2026-07-14,25.34,12,34.8137,128.3688
ftrp7,2026-07-15,25.75,12,34.8137,128.3688
ftrp7,2026-07-16,23.7,12,34.8137,128.3688
ftrp7,2026-07-17,22.24,12,34.8137,128.3688
ftrp7,2026-07-18,22.74,12,34.8137,128.3688
ftrp7,2026-07-19,23.02,12,34.8137,128.3688
ftrp7,2026-07-20,23.78,12,34.8137,128.3688
ftrp7,2026-07-21,25.18,12,34.8137,128.3688
ftrp7,2026-07-22,26.63,12,34.8137,128.3688
ftrp7,2026-07-23,27.28,12,34.8137,128.3688
ftrp7,2026-07-24,27.74,12,34.8137,128.3688
ftrp7,2026-07-25,28.22,12,34.8137,128.3688
ftrp7,2026-07-26,28.61,12,34.8137,128.3688
ftrp7,2026-07-27,27.41,12,34.8137,128.3688
ftrp7,2026-07-28,26.1,12,34.8137,128.3688
ftrp7,2026-07-29,24.08,12,34.8137,128.3688
ftrp7,2026-07-30,23.38,12,34.8137,128.3688
ftrp7,2026-07-31,21.97,12,34.8137,128.3688
ftrp7,2026-08-01,21.32,12,34.8137,128.3688
ftrp7,2026-08-02,21.18,12,34.8137,128.3688
ftrp7,2026-08-03,20.97,12,34.8137,128.3688
ftrp7,2026-08-04,22.12,12,34.8137,128.3688
ftrp7,2026-08-05,23.53,12,34.8137,128.3688
ftrp7,2026-08-06,25.42,12,34.8137,128.3688
ftrp7,2026-08-07,26.48,12,34.8137,128.3688
ftrp7,2026-08-08,26.85,12,34.8137,128.3688
ftrp7,2026-08-09,26.93,12,34.8137,128.3688
ftrp7,2026-08-10,27.12,12,34.8137,128.3688
ftrp7,2026-08-11,27.02,12,34.8137,128.3688
ftrp7,2026-08-12,26.98,12,34.8137,128.3688
ftrp7,2026-08-13,27.02,12,34.8137,128.3688
ftrp7,2026-08-14,27.12,12,34.8137,128.3688
ftrp7,2026-08-15,27.35,12,34.8137,128.3688
ftrp7,2026-08-18,26.42,12,34.8137,128.3688
ftrp7,2026-08-19,26.72,12,34.8137,128.3688
ftrp7,2026-08-20,27.49,12,34.8137,128.3688
ftrp7,2026-08-21,28.35,12,34.8137,128.3688
ftrp7,2026-08-22,29.16,12,34.8137,128.3688
ftrp7,2026-08-23,29.39,12,34.8137,128.3688
ftrp7,2026-08-24,29.78,12,34.8137,128.3688
ftrp7,2026-08-25,29.92,12,34.8137,128.3688
ftrp7,2026-08-26,29.44,12,34.8137,128.3688
ftrp7,2026-08-27,29.6,12,34.8137,128.3688
ftrp7,2026-08-28,29.36,12,34.8137,128.3688
ftrp7,2026-08-29,29.58,12,34.8137,128.3688
ftrp7,2026-08-30,29.39,12,34.8137,128.3688
ftrp7,2026-08-31,28.82,12,34.8137,128.3688
ftrp7,2026-09-01,28.06,12,34.8137,128.3688
ftrp7,2026-09-02,27.29,12,34.8137,128.3688
ftrp7,2026-09-03,26.77,12,34.8137,128.3688
ftrp7,2026-09-04,25.37,12,34.8137,128.3688
ftrp7,2026-09-05,25.85,12,34.8137,128.3688
ftrp7,2026-09-06,26.41,12,34.8137,128.3688
ftrp7,2026-09-08,26.42,12,34.8137,128.3688
ftrp7,2026-09-09,26.36,12,34.8137,128.3688
ftrp7,2026-09-10,26.08,12,34.8137,128.3688
ftrp7,2026-09-11,26.13,12,34.8137,128.3688
ftrp7,2026-09-12,26.18,12,34.8137,128.3688
ftrp7,2026-09-13,26.36,12,34.8137,128.3688
ftrp7,2026-09-14,26.49,12,34.8137,128.3688
ftrp7,2026-09-15,26.38,12,34.8137,128.3688
ftrp7,2026-09-16,26.29,12,34.8137,128.3688
ftrp7,2026-09-17,26.02,12,34.8137,128.3688
ftrp7,2026-09-18,25.72,12,34.8137,128.3688
ftrp7,2026-09-19,25.67,12,34.8137,128.3688
ftrp7,2026-09-20,25.66,12,34.8137,128.3688
ftrp7,2026-09-21,25.74,12,34.8137,128.3688
ftrp7,2026-09-22,25.73,12,34.8137,128.3688
ftrp7,2026-09-23,25.62,12,34.8137,128.3688
ftrp7,2026-09-24,25.77,12,34.8137,128.3688
ftsj3,2026-05-01,15.5,47,34.8222,128.345
ftsj3,2026-05-02,15.5,47,34.8222,128.345
ftsj3,2026-05-03,15.52,47,34.8222,128.345
ftsj3,2026-05-04,15.53,48,34.8222,128.345
ftsj3,2026-05-05,15.51,48,34.8222,128.345
ftsj3,2026-05-06,15.9,48,34.8222,128.345
ftsj3,2026-05-07,16.01,47,34.8222,128.345
ftsj3,2026-05-08,16.31,47,34.8222,128.345
ftsj3,2026-05-09,16.34,47,34.8222,128.345
ftsj3,2026-05-10,16.65,47,34.8222,128.345
ftsj3,2026-05-11,16.97,47,34.8222,128.345
ftsj3,2026-05-12,17.45,47,34.8222,128.345
ftsj3,2026-05-13,16.67,47,34.8222,128.345
ftsj3,2026-05-14,16.45,47,34.8222,128.345
ftsj3,2026-05-15,16.27,47,34.8222,128.345
ftsj3,2026-05-16,16.41,47,34.8222,128.345
ftsj3,2026-05-17,16.51,47,34.8222,128.345
ftsj3,2026-05-18,16.54,47,34.8222,128.345
ftsj3,2026-05-19,16.66,47,34.8222,128.345
ftsj3,2026-05-20,16.6,47,34.8222,128.345
ftsj3,2026-05-21,16.71,48,34.8222,128.345
ftsj3,2026-05-22,16.81,48,34.8222,128.345
ftsj3,2026-05-23,16.95,48,34.8222,128.345
ftsj3,2026-05-24,17.08,47,34.8222,128.345
ftsj3,2026-05-25,17.34,47,34.8222,128.345
ftsj3,2026-05-26,17.61,47,34.8222,128.345
ftsj3,2026-05-27,17.76,47,34.8222,128.345
ftsj3,2026-05-28,18.07,47,34.8222,128.345
ftsj3,2026-05-29,18.54,47,34.8222,128.345
ftsj3,2026-05-30,18.33,47,34.8222,128.345
ftsj3,2026-05-31,18.16,47,34.8222,128.345
ftsj3,2026-06-01,18.33,47,34.8222,128.345
ftsj3,2026-06-02,18.29,47,34.8222,128.345
ftsj3,2026-06-03,18.23,47,34.8222,128.345
ftsj3,2026-06-04,18.41,47,34.8222,128.345
ftsj3,2026-06-05,18.61,47,34.8222,128.345
ftsj3,2026-06-06,18.64,48,34.8222,128.345
ftsj3,2026-06-07,18.35,48,34.8222,128.345
ftsj3,2026-06-08,18.46,48,34.8222,128.345
ftsj3,2026-06-09,18.76,48,34.8222,128.345
ftsj3,2026-06-10,19.37,47,34.8222,128.345
ftsj3,2026-06-11,20.63,47,34.8222,128.345
ftsj3,2026-06-12,20.33,47,34.8222,128.345
ftsj3,2026-06-13,19.53,47,34.8222,128.345
ftsj3,2026-06-14,19.27,47,34.8222,128.345
ftsj3,2026-06-15,18.78,47,34.8222,128.345
ftsj3,2026-06-16,18.55,47,34.8222,128.345
ftsj3,2026-06-17,18.62,47,34.8222,128.345
ftsj3,2026-06-18,18.86,47,34.8222,128.345
ftsj3,2026-06-19,19.06,47,34.8222,128.345
ftsj3,2026-06-20,20.06,47,34.8222,128.345
ftsj3,2026-06-21,20.63,47,34.8222,128.345
ftsj3,2026-06-22,20.42,47,34.8222,128.345
ftsj3,2026-06-23,20.3,48,34.8222,128.345
ftsj3,2026-06-24,20.08,48,34.8222,128.345
ftsj3,2026-06-25,20.0,48,34.8222,128.345
ftsj3,2026-06-26,20.79,47,34.8222,128.345
ftsj3,2026-06-27,21.31,47,34.8222,128.345
ftsj3,2026-06-28,21.49,45,34.8222,128.345
ftsj3,2026-06-29,21.45,47,34.8222,128.345
ftsj3,2026-06-30,21.01,47,34.8222,128.345
ftsj3,2026-07-01,20.83,47,34.8222,128.345
ftsj3,2026-07-02,20.62,47,34.8222,128.345
ftsj3,2026-07-03,20.74,48,34.8222,128.345
ftsj3,2026-07-04,20.79,48,34.8222,128.345
ftsj3,2026-07-05,21.01,48,34.8222,128.345
ftsj3,2026-07-06,21.31,48,34.8222,128.345
ftsj3,2026-07-07,21.07,48,34.8222,128.345
ftsj3,2026-07-08,22.55,48,34.8222,128.345
ftsj3,2026-07-09,23.95,48,34.8222,128.345
ftsj3,2026-07-10,23.35,48,34.8222,128.345
ftsj3,2026-07-11,22.92,46,34.8222,128.345
ftsj3,2026-07-12,22.94,47,34.8222,128.345
ftsj3,2026-07-13,23.22,47,34.8222,128.345
ftsj3,2026-07-14,23.5,47,34.8222,128.345
ftsj3,2026-07-15,23.99,47,34.8222,128.345
ftsj3,2026-07-16,21.61,47,34.8222,128.345
ftsj3,2026-07-17,20.57,47,34.8222,128.345
ftsj3,2026-07-18,20.49,47,34.8222,128.345
ftsj3,2026-07-19,20.6,47,34.8222,128.345
ftsj3,2026-07-20,21.2,47,34.8222,128.345
ftsj3,2026-07-21,23.38,47,34.8222,128.345
ftsj3,2026-07-22,24.62,47,34.8222,128.345
ftsj3,2026-07-23,24.52,48,34.8222,128.345
ftsj3,2026-07-24,24.87,48,34.8222,128.345
ftsj3,2026-07-25,24.74,48,34.8222,128.345
ftsj3,2026-07-26,24.04,48,34.8222,128.345
ftsj3,2026-07-27,23.05,48,34.8222,128.345
ftsj3,2026-07-28,21.86,48,34.8222,128.345
ftsj3,2026-07-29,20.89,46,34.8222,128.345
ftsj3,2026-07-30,20.3,48,34.8222,128.345
ftsj3,2026-07-31,19.68,48,34.8222,128.345
ftsj3,2026-08-01,19.53,48,34.8222,128.345
ftsj3,2026-08-02,19.32,48,34.8222,128.345
ftsj3,2026-08-03,19.29,48,34.8222,128.345
ftsj3,2026-08-04,19.64,48,34.8222,128.345
ftsj3,2026-08-05,20.91,48,34.8222,128.345
ftsj3,2026-08-06,24.14,48,34.8222,128.345
ftsj3,2026-08-07,25.73,48,34.8222,128.345
ftsj3,2026-08-08,26.52,48,34.8222,128.345
ftsj3,2026-08-09,26.8,48,34.8222,128.345
ftsj3,2026-08-10,26.94,48,34.8222,128.345
ftsj3,2026-08-11,26.85,48,34.8222,128.345
ftsj3,2026-08-12,26.68,48,34.8222,128.345
ftsj3,2026-08-13,26.59,48,34.8222,128.345
ftsj3,2026-08-14,26.59,48,34.8222,128.345
ftsj3,2026-08-15,26.57,48,34.8222,128.345
ftsj3,2026-08-16,26.42,47,34.8222,128.345
ftsj3,2026-08-17,26.41,48,34.8222,128.345
ftsj3,2026-08-18,26.37,48,34.8222,128.345
ftsj3,2026-08-19,26.47,48,34.8222,128.345
ftsj3,2026-08-20,26.82,43,34.8222,128.345
ftsj3,2026-08-21,27.12,48,34.8222,128.345
ftsj3,2026-08-22,28.1,48,34.8222,128.345
ftsj3,2026-08-23,28.44,48,34.8222,128.345
ftsj3,2026-08-24,28.42,48,34.8222,128.345
ftsj3,2026-08-25,28.38,48,34.8222,128.345
ftsj3,2026-08-26,28.19,48,34.8222,128.345
ftsj3,2026-08-27,28.12,48,34.8222,128.345
ftsj3,2026-08-28,28.31,48,34.8222,128.345
ftsj3,2026-08-29,28.83,48,34.8222,128.345
ftsj3,2026-08-30,27.81,48,34.8222,128.345
ftsj3,2026-08-31,27.49,48,34.8222,128.345
ftsj3,2026-09-01,26.47,48,34.8222,128.345
ftsj3,2026-09-02,25.6,48,34.8222,128.345
ftsj3,2026-09-03,25.36,48,34.8222,128.345
ftsj3,2026-09-04,24.95,48,34.8222,128.345
ftsj3,2026-09-05,26.16,48,34.8222,128.345
ftsj3,2026-09-06,26.38,48,34.8222,128.345
ftsj3,2026-09-07,26.22,48,34.8222,128.345
ftsj3,2026-09-08,26.28,48,34.8222,128.345
ftsj3,2026-09-09,26.26,48,34.8222,128.345
ftsj3,2026-09-10,25.93,48,34.8222,128.345
ftsj3,2026-09-11,25.82,48,34.8222,128.345
ftsj3,2026-09-12,25.86,48,34.8222,128.345
ftsj3,2026-09-13,25.95,48,34.8222,128.345
ftsj3,2026-09-14,26.06,48,34.8222,128.345
ftsj3,2026-09-15,26.06,48,34.8222,128.345
ftsj3,2026-09-16,26.05,48,34.8222,128.345
ftsj3,2026-09-17,25.83,48,34.8222,128.345
ftsj3,2026-09-18,25.62,48,34.8222,128.345
ftsj3,2026-09-19,25.5,48,34.8222,128.345
ftsj3,2026-09-20,25.55,48,34.8222,128.345
ftsj3,2026-09-21,25.52,48,34.8222,128.345
ftsj3,2026-09-22,25.46,48,34.8222,128.345
ftsj3,2026-09-23,25.4,48,34.8222,128.345
ftsj3,2026-09-24,25.43,48,34.8222,128.345
ftsp7,2026-05-01,15.32,12,34.793,128.3726
ftsp7,2026-05-02,15.46,12,34.793,128.3726
ftsp7,2026-05-03,15.28,12,34.793,128.3726
ftsp7,2026-05-04,15.5,12,34.793,128.3726
ftsp7,2026-05-05,15.48,12,34.793,128.3726
ftsp7,2026-05-07,16.26,12,34.793,128.3726
ftsp7,2026-05-08,16.53,12,34.793,128.3726
ftsp7,2026-05-09,16.56,12,34.793,128.3726
ftsp7,2026-05-10,17.34,12,34.793,128.3726
ftsp7,2026-05-11,17.72,12,34.793,128.3726
ftsp7,2026-05-12,17.49,12,34.793,128.3726
ftsp7,2026-05-13,16.72,12,34.793,128.3726
ftsp7,2026-05-14,16.4,12,34.793,128.3726
ftsp7,2026-05-16,16.53,12,34.793,128.3726
ftsp7,2026-05-17,16.46,12,34.793,128.3726
ftsp7,2026-05-18,16.58,12,34.793,128.3726
ftsp7,2026-05-19,16.68,12,34.793,128.3726
ftsp7,2026-05-20,16.58,12,34.793,128.3726
ftsp7,2026-05-21,17.2,12,34.793,128.3726
ftsp7,2026-05-22,17.03,12,34.793,128.3726
ftsp7,2026-05-23,17.06,12,34.793,128.3726
ftsp7,2026-05-24,17.58,12,34.793,128.3726
ftsp7,2026-05-25,18.37,12,34.793,128.3726
ftsp7,2026-05-26,18.6,12,34.793,128.3726
ftsp7,2026-05-27,18.14,12,34.793,128.3726
ftsp7,2026-05-28,19.16,12,34.793,128.3726
ftsp7,2026-05-29,18.88,12,34.793,128.3726
ftsp7,2026-05-30,18.56,12,34.793,128.3726
ftsp7,2026-05-31,18.53,12,34.793,128.3726
ftsp7,2026-06-01,18.58,12,34.793,128.3726
ftsp7,2026-06-02,18.47,12,34.793,128.3726
ftsp7,2026-06-03,18.6,12,34.793,128.3726
ftsp7,2026-06-04,18.88,12,34.793,128.3726
ftsp7,2026-06-05,19.95,12,34.793,128.3726
ftsp7,2026-06-06,18.61,12,34.793,128.3726
ftsp7,2026-06-07,18.32,12,34.793,128.3726
ftsp7,2026-06-08,19.32,12,34.793,128.3726
ftsp7,2026-06-09,19.1,12,34.793,128.3726
ftsp7,2026-06-10,20.63,12,34.793,128.3726
ftsp7,2026-06-11,21.03,12,34.793,128.3726
ftsp7,2026-06-12,20.52,12,34.793,128.3726
ftsp7,2026-06-13,20.33,12,34.793,128.3726
ftsp7,2026-06-14,19.59,12,34.793,128.3726
ftsp7,2026-06-15,18.73,12,34.793,128.3726
ftsp7,2026-06-16,18.57,12,34.793,128.3726
ftsp7,2026-06-17,18.6,12,34.793,128.3726
ftsp7,2026-06-18,19.7,12,34.793,128.3726
ftsp7,2026-06-19,19.6,12,34.793,128.3726
ftsp7,2026-06-20,20.42,12,34.793,128.3726
ftsp7,2026-06-21,20.73,12,34.793,128.3726
ftsp7,2026-06-22,20.76,12,34.793,128.3726
ftsp7,2026-06-23,20.65,12,34.793,128.3726
ftsp7,2026-06-24,20.26,12,34.793,128.3726
ftsp7,2026-06-25,20.67,12,34.793,128.3726
ftsp7,2026-06-26,21.6,12,34.793,128.3726
ftsp7,2026-06-27,21.78,12,34.793,128.3726
ftsp7,2026-06-28,22.33,12,34.793,128.3726
ftsp7,2026-06-29,21.9,12,34.793,128.3726
ftsp7,2026-06-30,21.6,12,34.793,128.3726
ftsp7,2026-07-01,21.08,12,34.793,128.3726
ftsp7,2026-07-02,20.81,12,34.793,128.3726
ftsp7,2026-07-03,21.18,12,34.793,128.3726
ftsp7,2026-07-04,21.55,12,34.793,128.3726
ftsp7,2026-07-05,22.02,12,34.793,128.3726
ftsp7,2026-07-06,22.39,12,34.793,128.3726
ftsp7,2026-07-07,22.39,12,34.793,128.3726
ftsp7,2026-07-08,23.16,12,34.793,128.3726
ftsp7,2026-07-09,23.82,12,34.793,128.3726
ftsp7,2026-07-10,23.98,12,34.793,128.3726
ftsp7,2026-07-11,24.38,12,34.793,128.3726
ftsp7,2026-07-12,24.55,12,34.793,128.3726
ftsp7,2026-07-13,25.24,12,34.793,128.3726
ftsp7,2026-07-14,24.58,12,34.793,128.3726
ftsp7,2026-07-15,23.9,12,34.793,128.3726
ftsp7,2026-07-16,22.57,12,34.793,128.3726
ftsp7,2026-07-17,22.14,12,34.793,128.3726
ftsp7,2026-07-18,22.23,12,34.793,128.3726
ftsp7,2026-07-19,23.18,12,34.793,128.3726
ftsp7,2026-07-20,23.98,12,34.793,128.3726
ftsp7,2026-07-21,25.46,12,34.793,128.3726
ftsp7,2026-07-22,26.36,12,34.793,128.3726
ftsp7,2026-07-23,27.2,12,34.793,128.3726
ftsp7,2026-07-24,27.87,12,34.793,128.3726
ftsp7,2026-07-25,28.41,12,34.793,128.3726
ftsp7,2026-07-26,28.72,12,34.793,128.3726
ftsp7,2026-07-31,22.52,12,34.793,128.3726
ftsp7,2026-08-01,21.85,12,34.793,128.3726
ftsp7,2026-08-02,20.65,12,34.793,128.3726
ftsp7,2026-08-03,21.48,12,34.793,128.3726
ftsp7,2026-08-04,22.5,12,34.793,128.3726
ftsp7,2026-08-05,23.96,12,34.793,128.3726
ftsp7,2026-08-06,25.47,12,34.793,128.3726
ftsp7,2026-08-07,25.99,12,34.793,128.3726
ftsp7,2026-08-08,26.32,12,34.793,128.3726
ftsp7,2026-08-09,26.99,12,34.793,128.3726
ftsp7,2026-08-10,27.12,12,34.793,128.3726
ftsp7,2026-08-11,26.88,12,34.793,128.3726
ftsp7,2026-08-12,26.59,12,34.793,128.3726
ftsp7,2026-08-13,26.57,12,34.793,128.3726
ftsp7,2026-08-14,26.59,12,34.793,128.3726
ftsp7,2026-08-15,26.54,12,34.793,128.3726
ftsp7,2026-08-16,26.3,12,34.793,128.3726
ftsp7,2026-08-17,26.26,12,34.793,128.3726
ftsp7,2026-08-18,26.42,12,34.793,128.3726
ftsp7,2026-08-19,27.18,12,34.793,128.3726
ftsp7,2026-08-20,28.51,12,34.793,128.3726
ftsp7,2026-08-21,29.21,12,34.793,128.3726
ftsp7,2026-08-22,29.42,12,34.793,128.3726
ftsp7,2026-08-23,29.47,12,34.793,128.3726
ftsp7,2026-08-24,29.81,12,34.793,128.3726
ftsp7,2026-08-25,29.63,12,34.793,128.3726
ftsp7,2026-08-26,29.38,12,34.793,128.3726
ftsp7,2026-08-27,29.55,12,34.793,128.3726
ftsp7,2026-08-28,29.08,12,34.793,128.3726
ftsp7,2026-08-29,28.91,12,34.793,128.3726
ftsp7,2026-08-30,28.56,12,34.793,128.3726
ftsp7,2026-08-31,28.27,12,34.793,128.3726
ftsp7,2026-09-01,27.25,12,34.793,128.3726
ftsp7,2026-09-02,27.16,12,34.793,128.3726
ftsp7,2026-09-03,26.92,12,34.793,128.3726
ftsp7,2026-09-04,25.28,12,34.793,128.3726
ftsp7,2026-09-05,26.54,12,34.793,128.3726
ftsp7,2026-09-06,26.52,12,34.793,128.3726
ftsp7,2026-09-08,26.43,12,34.793,128.3726
ftsp7,2026-09-09,26.33,12,34.793,128.3726
ftsp7,2026-09-10,26.14,12,34.793,128.3726
ftsp7,2026-09-11,26.03,12,34.793,128.3726
ftsp7,2026-09-12,26.02,12,34.793,128.3726
ftsp7,2026-09-13,26.1,12,34.793,128.3726
ftsp7,2026-09-14,26.12,12,34.793,128.3726
ftsp7,2026-09-15,26.16,12,34.793,128.3726
ftsp7,2026-09-16,26.04,12,34.793,128.3726
ftsp7,2026-09-17,25.77,12,34.793,128.3726
ftsp7,2026-09-18,25.65,12,34.793,128.3726
ftsp7,2026-09-19,25.71,12,34.793,128.3726
ftsp7,2026-09-20,25.62,12,34.793,128.3726
ftsp7,2026-09-21,25.66,12,34.793,128.3726
ftsp7,2026-09-22,25.6,12,34.793,128.3726
ftsp7,2026-09-23,25.5,12,34.793,128.3726
ftsp7,2026-09-24,25.54,12,34.793,128.3726
ftsq5,2026-05-29,20.35,12,34.8026,128.3738
ftsq5,2026-05-30,20.19,12,34.8026,128.3738
ftsq5,2026-05-31,19.72,12,34.8026,128.3738
ftsq5,2026-06-01,19.93,12,34.8026,128.3738
ftsq5,2026-06-02,19.64,12,34.8026,128.3738
ftsq5,2026-06-03,19.45,12,34.8026,128.3738
ftsq5,2026-06-04,19.73,12,34.8026,128.3738
ftsq5,2026-06-05,20.51,12,34.8026,128.3738
ftsq5,2026-06-06,19.97,12,34.8026,128.3738
ftsq5,2026-06-07,18.95,12,34.8026,128.3738
ftsq5,2026-06-08,19.18,12,34.8026,128.3738
ftsq5,2026-06-09,19.77,12,34.8026,128.3738
ftsq5,2026-06-10,21.08,12,34.8026,128.3738
ftsq5,2026-06-11,21.88,12,34.8026,128.3738
ftsq5,2026-06-12,22.03,12,34.8026,128.3738
ftsq5,2026-06-13,21.87,12,34.8026,128.3738
ftsq5,2026-06-14,21.65,12,34.8026,128.3738
ftsq5,2026-06-15,20.42,12,34.8026,128.3738
ftsq5,2026-06-16,19.39,12,34.8026,128.3738
ftsq5,2026-06-17,19.41,12,34.8026,128.3738
ftsq5,2026-06-18,20.36,12,34.8026,128.3738
ftsq5,2026-06-19,20.56,12,34.8026,128.3738
ftsq5,2026-06-20,20.77,12,34.8026,128.3738
ftsq5,2026-06-21,21.12,12,34.8026,128.3738
ftsq5,2026-06-22,21.17,12,34.8026,128.3738
ftsq5,2026-06-23,20.98,12,34.8026,128.3738
ftsq5,2026-06-24,20.28,12,34.8026,128.3738
ftsq5,2026-06-25,20.8,12,34.8026,128.3738
ftsq5,2026-06-26,21.88,12,34.8026,128.3738
ftsq5,2026-06-27,22.45,12,34.8026,128.3738
ftsq5,2026-06-28,22.94,12,34.8026,128.3738
ftsq5,2026-06-29,23.1,12,34.8026,128.3738
ftsq5,2026-06-30,22.83,12,34.8026,128.3738
ftsq5,2026-07-01,22.36,12,34.8026,128.3738
ftsq5,2026-07-02,21.52,12,34.8026,128.3738
ftsq5,2026-07-03,22.07,12,34.8026,128.3738
ftsq5,2026-07-04,22.41,12,34.8026,128.3738
ftsq5,2026-07-05,22.85,12,34.8026,128.3738
ftsq5,2026-07-06,23.07,12,34.8026,128.3738
ftsq5,2026-07-07,23.07,12,34.8026,128.3738
ftsq5,2026-07-08,23.82,12,34.8026,128.3738
ftsq5,2026-07-09,24.12,12,34.8026,128.3738
ftsq5,2026-07-10,24.54,12,34.8026,128.3738
ftsq5,2026-07-11,25.12,12,34.8026,128.3738
ftsq5,2026-07-12,24.99,12,34.8026,128.3738
ftsq5,2026-07-13,25.72,12,34.8026,128.3738
ftsq5,2026-07-14,25.94,12,34.8026,128.3738
ftsq5,2026-07-16,24.53,12,34.8026,128.3738
ftsq5,2026-07-17,23.1,12,34.8026,128.3738
ftsq5,2026-07-19,23.78,12,34.8026,128.3738
ftsq5,2026-07-20,24.39,12,34.8026,128.3738
ftsq5,2026-07-21,25.72,12,34.8026,128.3738
ftsq5,2026-07-22,26.72,12,34.8026,128.3738
ftsq5,2026-07-23,27.52,12,34.8026,128.3738
ftsq5,2026-07-24,28.06,12,34.8026,128.3738
ftsq5,2026-07-25,28.68,12,34.8026,128.3738
ftsq5,2026-07-26,29.14,12,34.8026,128.3738
ftsq5,2026-07-27,29.15,12,34.8026,128.3738
ftsq5,2026-07-28,28.12,12,34.8026,128.3738
ftsq5,2026-07-29,26.09,12,34.8026,128.3738
ftsq5,2026-07-30,24.98,12,34.8026,128.3738
ftsq5,2026-07-31,24.0,12,34.8026,128.3738
ftsq5,2026-08-01,22.81,12,34.8026,128.3738
ftsq5,2026-08-02,22.32,12,34.8026,128.3738
ftsq5,2026-08-03,22.42,12,34.8026,128.3738
ftsq5,2026-08-04,23.42,12,34.8026,128.3738
ftsq5,2026-08-05,24.58,12,34.8026,128.3738
ftsq5,2026-08-06,25.66,12,34.8026,128.3738
ftsq5,2026-08-07,26.39,12,34.8026,128.3738
ftsq5,2026-08-08,26.46,12,34.8026,128.3738
ftsq5,2026-08-09,26.97,12,34.8026,128.3738
ftsq5,2026-08-10,27.2,12,34.8026,128.3738
ftsq5,2026-08-11,27.04,12,34.8026,128.3738
ftsq5,2026-08-12,26.95,12,34.8026,128.3738
ftsq5,2026-08-13,27.1,12,34.8026,128.3738
ftsq5,2026-08-14,27.17,12,34.8026,128.3738
ftsq5,2026-08-15,27.23,12,34.8026,128.3738
ftsq5,2026-08-29,29.86,12,34.8026,128.3738
ftsq5,2026-08-30,29.79,12,34.8026,128.3738
ftsq5,2026-08-31,29.5,12,34.8026,128.3738
ftsq5,2026-09-01,28.33,12,34.8026,128.3738
ftsq5,2026-09-02,27.92,12,34.8026,128.3738
ftsq5,2026-09-04,25.46,12,34.8026,128.3738
ftsq5,2026-09-05,26.34,12,34.8026,128.3738
ftsq5,2026-09-06,26.41,12,34.8026,128.3738
ftsq5,2026-09-08,26.56,12,34.8026,128.3738
ftsq5,2026-09-09,26.42,12,34.8026,128.3738
ftsq5,2026-09-10,26.2,12,34.8026,128.3738
ftsq5,2026-09-13,26.42,12,34.8026,128.3738
ftsq5,2026-09-14,26.52,12,34.8026,128.3738
ftsq5,2026-09-15,26.43,12,34.8026,128.3738
ftsq5,2026-09-16,26.29,12,34.8026,128.3738
ftsq5,2026-09-17,25.85,12,34.8026,128.3738
ftsq5,2026-09-18,25.64,12,34.8026,128.3738
ftsq5,2026-09-19,25.62,12,34.8026,128.3738
ftsq5,2026-09-20,25.62,12,34.8026,128.3738
ftsq5,2026-09-21,25.7,12,34.8026,128.3738
ftsq5,2026-09-22,25.57,12,34.8026,128.3738
ftsq5,2026-09-23,25.56,12,34.8026,128.3738
ftsq5,2026-09-24,25.8,12,34.8026,128.3738
fttp7,2026-05-01,15.65,12,34.7901,128.3819
fttp7,2026-05-02,15.78,12,34.7901,128.3819
fttp7,2026-05-03,15.53,12,34.7901,128.3819
fttp7,2026-05-04,15.6,12,34.7901,128.3819
fttp7,2026-05-05,15.8,12,34.7901,128.3819
fttp7,2026-05-06,16.15,12,34.7901,128.3819
fttp7,2026-05-07,16.39,12,34.7901,128.3819
fttp7,2026-05-08,16.51,12,34.7901,128.3819
fttp7,2026-05-09,16.48,12,34.7901,128.3819
fttp7,2026-05-10,17.02,12,34.7901,128.3819
fttp7,2026-05-11,17.62,12,34.7901,128.3819
fttp7,2026-05-12,17.6,12,34.7901,128.3819
fttp7,2026-05-13,17.4,12,34.7901,128.3819
fttp7,2026-05-15,16.69,12,34.7901,128.3819
fttp7,2026-05-16,16.83,12,34.7901,128.3819
fttp7,2026-05-17,16.96,12,34.7901,128.3819
fttp7,2026-05-18,16.99,12,34.7901,128.3819
fttp7,2026-05-19,17.08,12,34.7901,128.3819
fttp7,2026-05-20,16.87,12,34.7901,128.3819
fttp7,2026-05-21,17.12,12,34.7901,128.3819
fttp7,2026-05-22,17.26,12,34.7901,128.3819
fttp7,2026-05-23,17.19,12,34.7901,128.3819
fttp7,2026-05-24,17.74,12,34.7901,128.3819
fttp7,2026-05-25,18.43,12,34.7901,128.3819
fttp7,2026-05-26,19.12,12,34.7901,128.3819
fttp7,2026-05-27,18.51,12,34.7901,128.3819
fttp7,2026-05-28,18.98,12,34.7901,128.3819
fttp7,2026-05-29,19.14,12,34.7901,128.3819
fttp7,2026-05-30,18.97,12,34.7901,128.3819
fttp7,2026-05-31,19.03,12,34.7901,128.3819
fttp7,2026-06-01,18.99,12,34.7901,128.3819
fttp7,2026-06-02,18.79,12,34.7901,128.3819
fttp7,2026-06-03,18.91,12,34.7901,128.3819
fttp7,2026-06-04,19.12,12,34.7901,128.3819
fttp7,2026-06-05,19.36,12,34.7901,128.3819
fttp7,2026-06-06,19.18,12,34.7901,128.3819
fttp7,2026-06-07,18.76,12,34.7901,128.3819
fttp7,2026-06-08,19.04,12,34.7901,128.3819
fttp7,2026-06-09,19.53,12,34.7901,128.3819
fttp7,2026-06-10,20.44,12,34.7901,128.3819
fttp7,2026-06-11,21.08,12,34.7901,128.3819
fttp7,2026-06-12,21.01,12,34.7901,128.3819
fttp7,2026-06-13,20.43,12,34.7901,128.3819
fttp7,2026-06-14,20.06,12,34.7901,128.3819
fttp7,2026-06-15,19.37,12,34.7901,128.3819
fttp7,2026-06-16,19.12,12,34.7901,128.3819
fttp7,2026-06-18,19.55,12,34.7901,128.3819
fttp7,2026-06-19,19.82,12,34.7901,128.3819
fttp7,2026-06-20,20.2,12,34.7901,128.3819
fttp7,2026-06-21,20.9,12,34.7901,128.3819
fttp7,2026-06-22,20.62,12,34.7901,128.3819
fttp7,2026-06-23,20.48,12,34.7901,128.3819
fttp7,2026-06-24,20.19,12,34.7901,128.3819
fttp7,2026-06-25,20.69,12,34.7901,128.3819
fttp7,2026-06-26,21.6,12,34.7901,128.3819
fttp7,2026-06-27,21.85,12,34.7901,128.3819
fttp7,2026-06-28,22.19,12,34.7901,128.3819
fttp7,2026-06-29,22.12,12,34.7901,128.3819
fttp7,2026-06-30,21.8,12,34.7901,128.3819
fttp7,2026-07-01,21.33,12,34.7901,128.3819
fttp7,2026-07-02,21.15,12,34.7901,128.3819
fttp7,2026-07-03,21.32,12,34.7901,128.3819
fttp7,2026-07-04,21.57,12,34.7901,128.3819
fttp7,2026-07-05,21.72,12,34.7901,128.3819
fttp7,2026-07-06,21.88,12,34.7901,128.3819
fttp7,2026-07-07,22.04,12,34.7901,128.3819
fttp7,2026-07-08,22.74,12,34.7901,128.3819
fttp7,2026-07-09,23.7,12,34.7901,128.3819
fttp7,2026-07-10,23.92,12,34.7901,128.3819
fttp7,2026-07-11,24.06,12,34.7901,128.3819
fttp7,2026-07-12,24.5,12,34.7901,128.3819
fttp7,2026-07-13,24.8,12,34.7901,128.3819
fttp7,2026-07-14,24.45,12,34.7901,128.3819
fttp7,2026-07-15,24.4,12,34.7901,128.3819
fttp7,2026-07-16,23.02,12,34.7901,128.3819
fttp7,2026-07-17,22.0,12,34.7901,128.3819
fttp7,2026-07-18,21.85,12,34.7901,128.3819
fttp7,2026-07-19,22.19,12,34.7901,128.3819
fttp7,2026-07-20,22.82,12,34.7901,128.3819
fttp7,2026-07-21,24.31,12,34.7901,128.3819
fttp7,2026-07-22,25.75,12,34.7901,128.3819
fttp7,2026-07-23,26.64,12,34.7901,128.3819
fttp7,2026-07-24,27.03,12,34.7901,128.3819
fttp7,2026-07-25,27.21,12,34.7901,128.3819
fttp7,2026-07-26,27.22,12,34.7901,128.3819
fttp7,2026-07-27,26.68,12,34.7901,128.3819
fttp7,2026-07-28,25.72,12,34.7901,128.3819
fttp7,2026-07-29,24.23,12,34.7901,128.3819
fttp7,2026-07-30,23.43,12,34.7901,128.3819
fttp7,2026-07-31,21.94,12,34.7901,128.3819
fttp7,2026-08-01,21.32,12,34.7901,128.3819
fttp7,2026-08-02,20.84,12,34.7901,128.3819
fttp7,2026-08-03,20.8,12,34.7901,128.3819
fttp7,2026-08-04,21.87,12,34.7901,128.3819
fttp7,2026-08-05,23.81,12,34.7901,128.3819
fttp7,2026-08-06,25.12,12,34.7901,128.3819
fttp7,2026-08-07,25.84,12,34.7901,128.3819
fttp7,2026-08-08,26.62,12,34.7901,128.3819
fttp7,2026-08-09,26.99,12,34.7901,128.3819
fttp7,2026-08-10,27.2,12,34.7901,128.3819
fttp7,2026-08-11,27.01,12,34.7901,128.3819
fttp7,2026-08-12,26.78,12,34.7901,128.3819
fttp7,2026-08-13,26.74,12,34.7901,128.3819
fttp7,2026-08-14,26.82,12,34.7901,128.3819
fttp7,2026-08-15,26.86,12,34.7901,128.3819
fttp7,2026-08-16,26.47,12,34.7901,128.3819
fttp7,2026-08-17,26.23,12,34.7901,128.3819
fttp7,2026-08-18,26.35,12,34.7901,128.3819
fttp7,2026-08-19,27.06,12,34.7901,128.3819
fttp7,2026-08-20,28.38,12,34.7901,128.3819
fttp7,2026-08-21,28.96,12,34.7901,128.3819
fttp7,2026-08-22,29.4,12,34.7901,128.3819
fttp7,2026-08-23,29.52,12,34.7901,128.3819
fttp7,2026-08-24,29.65,12,34.7901,128.3819
fttp7,2026-08-25,29.65,12,34.7901,128.3819
fttp7,2026-08-26,29.24,12,34.7901,128.3819
fttp7,2026-08-27,29.28,12,34.7901,128.3819
fttp7,2026-08-28,28.84,12,34.7901,128.3819
fttp7,2026-08-29,28.62,12,34.7901,128.3819
fttp7,2026-08-30,28.51,12,34.7901,128.3819
fttp7,2026-08-31,27.84,12,34.7901,128.3819
fttp7,2026-09-01,27.28,12,34.7901,128.3819
fttp7,2026-09-04,25.57,12,34.7901,128.3819
fttp7,2026-09-05,26.82,12,34.7901,128.3819
fttp7,2026-09-06,26.61,12,34.7901,128.3819
fttp7,2026-09-08,26.47,12,34.7901,128.3819
fttp7,2026-09-09,26.35,12,34.7901,128.3819
fttp7,2026-09-10,26.17,12,34.7901,128.3819
fttp7,2026-09-11,26.18,12,34.7901,128.3819
fttp7,2026-09-12,26.18,12,34.7901,128.3819
fttp7,2026-09-13,26.28,12,34.7901,128.3819
fttp7,2026-09-14,26.27,12,34.7901,128.3819
fttp7,2026-09-15,26.22,12,34.7901,128.3819
fttp7,2026-09-16,26.12,12,34.7901,128.3819
fttp7,2026-09-17,25.83,12,34.7901,128.3819
fttp7,2026-09-18,25.71,12,34.7901,128.3819
fttp7,2026-09-19,25.77,12,34.7901,128.3819
fttp7,2026-09-20,25.8,12,34.7901,128.3819
fttp7,2026-09-21,25.79,12,34.7901,128.3819
fttp7,2026-09-22,25.66,12,34.7901,128.3819
fttp7,2026-09-23,25.68,12,34.7901,128.3819
fttp7,2026-09-24,25.65,12,34.7901,128.3819
ftup7,2026-05-01,14.35,24,34.7848,128.388
ftup7,2026-05-02,14.39,24,34.7848,128.388
ftup7,2026-05-03,14.25,24,34.7848,128.388
ftup7,2026-05-04,14.31,24,34.7848,128.388
ftup7,2026-05-05,14.43,24,34.7848,128.388
ftup7,2026-05-06,14.73,24,34.7848,128.388
ftup7,2026-05-07,14.98,24,34.7848,128.388
ftup7,2026-05-08,15.4,24,34.7848,128.388
ftup7,2026-05-09,15.18,24,34.7848,128.388
ftup7,2026-05-10,15.68,24,34.7848,128.388
ftup7,2026-05-11,16.27,24,34.7848,128.388
ftup7,2026-05-12,16.19,24,34.7848,128.388
ftup7,2026-05-13,15.79,24,34.7848,128.388
ftup7,2026-05-14,15.31,24,34.7848,128.388
ftup7,2026-05-15,15.22,24,34.7848,128.388
ftup7,2026-05-16,15.4,24,34.7848,128.388
ftup7,2026-05-17,15.55,24,34.7848,128.388
ftup7,2026-05-18,15.58,24,34.7848,128.388
ftup7,2026-05-19,15.68,24,34.7848,128.388
ftup7,2026-05-20,15.66,14,34.7848,128.388
ftup7,2026-05-22,16.78,24,34.7848,128.388
ftup7,2026-05-23,16.8,24,34.7848,128.388
ftup7,2026-05-24,17.32,24,34.7848,128.388
ftup7,2026-05-25,18.05,24,34.7848,128.388
ftup7,2026-05-26,18.67,24,34.7848,128.388
ftup7,2026-05-27,18.13,24,34.7848,128.388
ftup7,2026-05-28,18.66,24,34.7848,128.388
ftup7,2026-05-29,18.72,23,34.7848,128.388
ftup7,2026-05-30,18.25,12,34.7848,128.388
ftup7,2026-06-02,18.24,24,34.7848,128.388
ftup7,2026-06-03,18.39,24,34.7848,128.388
ftup7,2026-06-04,18.45,18,34.7848,128.388
ftup7,2026-06-05,19.53,15,34.7848,128.388
ftup7,2026-06-06,18.5,24,34.7848,128.388
ftup7,2026-06-07,18.24,24,34.7848,128.388
ftup7,2026-06-08,18.68,24,34.7848,128.388
ftup7,2026-06-09,19.21,25,34.7848,128.388
ftup7,2026-06-10,20.18,24,34.7848,128.388
ftup7,2026-06-11,20.77,24,34.7848,128.388
ftup7,2026-06-12,20.31,24,34.7848,128.388
ftup7,2026-06-13,20.0,24,34.7848,128.388
ftup7,2026-06-14,19.53,24,34.7848,128.388
ftup7,2026-06-15,18.73,24,34.7848,128.388
ftup7,2026-06-16,18.53,24,34.7848,128.388
ftup7,2026-06-17,18.59,14,34.7848,128.388
ftup7,2026-06-18,19.89,12,34.7848,128.388
ftup7,2026-06-19,19.29,24,34.7848,128.388
ftup7,2026-06-20,19.68,16,34.7848,128.388
ftup7,2026-06-23,20.21,15,34.7848,128.388
ftup7,2026-06-24,20.24,24,34.7848,128.388
ftup7,2026-06-25,20.66,24,34.7848,128.388
ftup7,2026-06-26,21.34,24,34.7848,128.388
ftup7,2026-06-27,21.36,15,34.7848,128.388
ftup7,2026-06-29,21.55,15,34.7848,128.388
ftup7,2026-06-30,21.52,24,34.7848,128.388
ftup7,2026-07-01,21.14,24,34.7848,128.388
ftup7,2026-07-02,20.78,24,34.7848,128.388
ftup7,2026-07-03,20.9,24,34.7848,128.388
ftup7,2026-07-04,21.21,24,34.7848,128.388
ftup7,2026-07-05,21.47,24,34.7848,128.388
ftup7,2026-07-06,21.72,24,34.7848,128.388
ftup7,2026-07-07,21.85,24,34.7848,128.388
ftup7,2026-07-08,22.19,14,34.7848,128.388
ftup7,2026-07-09,23.44,12,34.7848,128.388
ftup7,2026-07-10,23.42,24,34.7848,128.388
ftup7,2026-07-11,23.6,24,34.7848,128.388
ftup7,2026-07-12,23.56,24,34.7848,128.388
ftup7,2026-07-13,23.8,24,34.7848,128.388
ftup7,2026-07-14,23.83,24,34.7848,128.388
ftup7,2026-07-15,23.91,24,34.7848,128.388
ftup7,2026-07-16,22.35,24,34.7848,128.388
ftup7,2026-07-17,21.37,17,34.7848,128.388
ftup7,2026-07-20,22.77,14,34.7848,128.388
ftup7,2026-07-21,23.81,24,34.7848,128.388
ftup7,2026-07-22,25.25,24,34.7848,128.388
ftup7,2026-07-23,25.86,24,34.7848,128.388
ftup7,2026-07-24,26.35,24,34.7848,128.388
ftup7,2026-07-25,26.42,24,34.7848,128.388
ftup7,2026-07-26,26.15,24,34.7848,128.388
ftup7,2026-07-27,25.54,24,34.7848,128.388
ftup7,2026-07-28,24.72,24,34.7848,128.388
ftup7,2026-07-29,23.52,24,34.7848,128.388
ftup7,2026-07-30,22.68,24,34.7848,128.388
ftup7,2026-07-31,21.48,24,34.7848,128.388
ftup7,2026-08-01,20.77,24,34.7848,128.388
ftup7,2026-08-02,20.59,24,34.7848,128.388
ftup7,2026-08-03,20.45,24,34.7848,128.388
ftup7,2026-08-04,21.58,24,34.7848,128.388
ftup7,2026-08-05,23.4,24,34.7848,128.388
ftup7,2026-08-06,24.75,24,34.7848,128.388
ftup7,2026-08-07,25.75,24,34.7848,128.388
ftup7,2026-08-08,26.54,24,34.7848,128.388
ftup7,2026-08-09,26.95,24,34.7848,128.388
ftup7,2026-08-10,27.08,24,34.7848,128.388
ftup7,2026-08-11,26.74,24,34.7848,128.388
ftup7,2026-08-12,26.53,24,34.7848,128.388
ftup7,2026-08-14,26.72,14,34.7848,128.388
ftup7,2026-08-15,26.56,24,34.7848,128.388
ftup7,2026-08-16,26.32,24,34.7848,128.388
ftup7,2026-08-17,26.25,24,34.7848,128.388
ftup7,2026-08-18,26.35,24,34.7848,128.388
ftup7,2026-08-19,27.01,24,34.7848,128.388
ftup7,2026-08-20,27.99,24,34.7848,128.388
ftup7,2026-08-21,28.49,24,34.7848,128.388
ftup7,2026-08-22,29.02,24,34.7848,128.388
ftup7,2026-08-23,29.07,24,34.7848,128.388
ftup7,2026-08-24,29.1,24,34.7848,128.388
ftup7,2026-08-25,29.08,24,34.7848,128.388
ftup7,2026-08-26,28.76,24,34.7848,128.388
ftup7,2026-08-27,29.0,24,34.7848,128.388
ftup7,2026-08-28,28.59,24,34.7848,128.388
ftup7,2026-08-29,28.55,24,34.7848,128.388
ftup7,2026-08-30,28.1,24,34.7848,128.388
ftup7,2026-08-31,27.5,24,34.7848,128.388
ftup7,2026-09-01,26.9,24,34.7848,128.388
ftup7,2026-09-02,26.3,24,34.7848,128.388
ftup7,2026-09-03,26.17,24,34.7848,128.388
ftup7,2026-09-04,25.28,24,34.7848,128.388
ftup7,2026-09-05,26.63,16,34.7848,128.388
ftup7,2026-09-08,26.47,13,34.7848,128.388
ftup7,2026-09-09,26.2,24,34.7848,128.388
ftup7,2026-09-10,26.0,24,34.7848,128.388
ftup7,2026-09-11,25.98,24,34.7848,128.388
ftup7,2026-09-12,25.99,24,34.7848,128.388
ftup7,2026-09-13,26.08,24,34.7848,128.388
ftup7,2026-09-14,25.99,24,34.7848,128.388
ftup7,2026-09-15,26.03,24,34.7848,128.388
ftup7,2026-09-16,25.98,24,34.7848,128.388
ftup7,2026-09-17,25.72,24,34.7848,128.388
ftup7,2026-09-18,25.59,24,34.7848,128.388
ftup7,2026-09-19,25.57,24,34.7848,128.388
ftup7,2026-09-20,25.59,24,34.7848,128.388
ftup7,2026-09-21,25.58,24,34.7848,128.388
ftup7,2026-09-22,25.45,24,34.7848,128.388
ftup7,2026-09-23,25.44,23,34.7848,128.388
ftup7,2026-09-24,25.4,24,34.7848,128.388
ftyp7,2026-05-01,14.7,12,34.6365,128.275
ftyp7,2026-05-02,14.86,12,34.6365,128.275
ftyp7,2026-05-03,14.79,12,34.6365,128.275
ftyp7,2026-05-04,14.84,12,34.6365,128.275
ftyp7,2026-05-05,14.9,12,34.6365,128.275
ftyp7,2026-05-06,14.98,12,34.6365,128.275
ftyp7,2026-05-07,15.2,12,34.6365,128.275
ftyp7,2026-05-08,15.55,12,34.6365,128.275
ftyp7,2026-05-09,15.76,12,34.6365,128.275
ftyp7,2026-05-10,15.8,12,34.6365,128.275
ftyp7,2026-05-11,15.88,12,34.6365,128.275
ftyp7,2026-05-12,15.85,12,34.6365,128.275
ftyp7,2026-05-13,16.07,12,34.6365,128.275
ftyp7,2026-05-14,16.08,12,34.6365,128.275
ftyp7,2026-05-15,16.31,12,34.6365,128.275
ftyp7,2026-05-16,16.54,12,34.6365,128.275
ftyp7,2026-05-17,16.56,12,34.6365,128.275
ftyp7,2026-05-18,16.67,12,34.6365,128.275
ftyp7,2026-05-19,16.92,12,34.6365,128.275
ftyp7,2026-05-20,16.95,12,34.6365,128.275
ftyp7,2026-05-21,16.72,12,34.6365,128.275
ftyp7,2026-05-22,17.1,12,34.6365,128.275
ftyp7,2026-05-23,17.03,12,34.6365,128.275
ftyp7,2026-05-24,17.27,12,34.6365,128.275
ftyp7,2026-05-25,17.55,12,34.6365,128.275
ftyp7,2026-05-26,17.92,13,34.6365,128.275
ftyp7,2026-05-27,17.87,12,34.6365,128.275
ftyp7,2026-05-28,18.08,12,34.6365,128.275
ftyp7,2026-05-29,18.55,12,34.6365,128.275
ftyp7,2026-05-30,18.65,12,34.6365,128.275
ftyp7,2026-05-31,18.72,12,34.6365,128.275
ftyp7,2026-06-01,18.78,12,34.6365,128.275
ftyp7,2026-06-02,18.88,12,34.6365,128.275
ftyp7,2026-06-03,18.96,12,34.6365,128.275
ftyp7,2026-06-04,19.11,12,34.6365,128.275
ftyp7,2026-06-05,19.11,12,34.6365,128.275
ftyp7,2026-06-06,19.54,12,34.6365,128.275
ftyp7,2026-06-07,19.24,12,34.6365,128.275
ftyp7,2026-06-08,19.18,12,34.6365,128.275
ftyp7,2026-06-09,19.77,12,34.6365,128.275
ftyp7,2026-06-10,20.02,12,34.6365,128.275
ftyp7,2026-06-11,20.26,12,34.6365,128.275
ftyp7,2026-06-12,20.29,12,34.6365,128.275
ftyp7,2026-06-13,20.0,12,34.6365,128.275
ftyp7,2026-06-14,19.94,12,34.6365,128.275
ftyp7,2026-06-15,20.14,12,34.6365,128.275
ftyp7,2026-06-16,20.11,12,34.6365,128.275
ftyp7,2026-06-17,20.01,12,34.6365,128.275
ftyp7,2026-06-18,20.1,12,34.6365,128.275
ftyp7,2026-06-19,20.23,12,34.6365,128.275
ftyp7,2026-06-20,20.28,12,34.6365,128.275
ftyp7,2026-06-21,20.81,12,34.6365,128.275
ftyp7,2026-06-22,20.5,12,34.6365,128.275
ftyp7,2026-06-23,20.28,12,34.6365,128.275
ftyp7,2026-06-24,20.27,12,34.6365,128.275
ftyp7,2026-06-25,20.4,12,34.6365,128.275
ftyp7,2026-07-01,21.24,12,34.6365,128.275
ftyp7,2026-07-02,21.18,12,34.6365,128.275
ftyp7,2026-07-03,21.27,12,34.6365,128.275
ftyp7,2026-07-04,21.42,12,34.6365,128.275
ftyp7,2026-07-05,21.67,12,34.6365,128.275
ftyp7,2026-07-06,21.95,12,34.6365,128.275
ftyp7,2026-07-07,22.3,12,34.6365,128.275
ftyp7,2026-07-08,22.18,12,34.6365,128.275
ftyp7,2026-07-09,23.08,12,34.6365,128.275
ftyp7,2026-07-10,23.58,12,34.6365,128.275
ftyp7,2026-07-11,23.64,12,34.6365,128.275
ftyp7,2026-07-12,23.68,12,34.6365,128.275
ftyp7,2026-07-13,23.08,12,34.6365,128.275
ftyp7,2026-07-14,23.08,12,34.6365,128.275
ftyp7,2026-07-15,22.58,12,34.6365,128.275
ftyp7,2026-07-16,22.42,12,34.6365,128.275
ftyp7,2026-07-17,21.99,12,34.6365,128.275
ftyp7,2026-07-18,21.7,12,34.6365,128.275
ftyp7,2026-07-19,22.06,12,34.6365,128.275
ftyp7,2026-07-20,22.54,12,34.6365,128.275
ftyp7,2026-07-21,23.33,12,34.6365,128.275
ftyp7,2026-07-22,23.87,12,34.6365,128.275
ftyp7,2026-07-23,24.15,12,34.6365,128.275
ftyp7,2026-07-24,24.22,12,34.6365,128.275
ftyp7,2026-07-25,24.28,12,34.6365,128.275
ftyp7,2026-07-26,24.52,12,34.6365,128.275
ftyp7,2026-07-27,24.29,12,34.6365,128.275
ftyp7,2026-07-28,23.94,12,34.6365,128.275
ftyp7,2026-07-29,23.62,12,34.6365,128.275
ftyp7,2026-07-30,22.84,12,34.6365,128.275
ftyp7,2026-07-31,22.6,12,34.6365,128.275
ftyp7,2026-08-01,21.68,12,34.6365,128.275
ftyp7,2026-08-02,21.81,12,34.6365,128.275
ftyp7,2026-08-03,21.82,12,34.6365,128.275
ftyp7,2026-08-04,22.17,12,34.6365,128.275
ftyp7,2026-08-05,23.45,12,34.6365,128.275
ftyp7,2026-08-06,24.71,12,34.6365,128.275
ftyp7,2026-08-07,26.22,12,34.6365,128.275
ftyp7,2026-08-08,27.18,12,34.6365,128.275
ftyp7,2026-08-09,27.3,12,34.6365,128.275
ftyp7,2026-08-10,27.47,12,34.6365,128.275
ftyp7,2026-08-11,27.36,12,34.6365,128.275
ftyp7,2026-08-12,27.13,12,34.6365,128.275
ftyp7,2026-08-13,27.17,12,34.6365,128.275
ftyp7,2026-08-14,27.18,12,34.6365,128.275
ftyp7,2026-08-15,27.22,12,34.6365,128.275
ftyp7,2026-08-16,27.08,12,34.6365,128.275
ftyp7,2026-08-17,26.94,12,34.6365,128.275
ftyp7,2026-08-18,26.92,12,34.6365,128.275
ftyp7,2026-08-19,27.05,12,34.6365,128.275
ftyp7,2026-08-20,27.36,12,34.6365,128.275
ftyp7,2026-08-21,27.82,12,34.6365,128.275
ftyp7,2026-08-22,27.77,12,34.6365,128.275
ftyp7,2026-08-23,28.09,12,34.6365,128.275
ftyp7,2026-08-24,28.22,12,34.6365,128.275
ftyp7,2026-08-25,28.21,12,34.6365,128.275
ftyp7,2026-08-26,28.37,12,34.6365,128.275
ftyp7,2026-08-27,28.21,12,34.6365,128.275
ftyp7,2026-08-28,28.21,12,34.6365,128.275
ftyp7,2026-08-29,28.16,12,34.6365,128.275
ftyp7,2026-08-30,28.01,12,34.6365,128.275
ftyp7,2026-08-31,27.86,12,34.6365,128.275
ftyp7,2026-09-01,27.67,12,34.6365,128.275
ftyp7,2026-09-02,27.56,12,34.6365,128.275
ftyp7,2026-09-03,27.66,12,34.6365,128.275
ftyp7,2026-09-04,27.23,12,34.6365,128.275
ftyp7,2026-09-05,27.32,12,34.6365,128.275
ftyp7,2026-09-06,26.98,12,34.6365,128.275
ftyp7,2026-09-08,26.58,12,34.6365,128.275
ftyp7,2026-09-09,26.28,12,34.6365,128.275
ftyp7,2026-09-10,25.94,12,34.6365,128.275
ftyp7,2026-09-11,25.9,12,34.6365,128.275
ftyp7,2026-09-12,25.98,12,34.6365,128.275
ftyp7,2026-09-13,25.96,12,34.6365,128.275
ftyp7,2026-09-14,25.9,12,34.6365,128.275
ftyp7,2026-09-15,25.82,12,34.6365,128.275
ftyp7,2026-09-16,25.77,12,34.6365,128.275
ftyp7,2026-09-17,25.65,12,34.6365,128.275
ftyp7,2026-09-18,25.45,12,34.6365,128.275
ftyp7,2026-09-19,25.47,12,34.6365,128.275
ftyp7,2026-09-20,25.48,12,34.6365,128.275
ftyp7,2026-09-21,25.44,12,34.6365,128.275
ftyp7,2026-09-22,25.49,12,34.6365,128.275
ftyp7,2026-09-24,25.53,12,34.6365,128.275
ftyq5,2026-05-28,19.14,15,34.7385,128.3966
ftyq5,2026-05-29,18.56,24,34.7385,128.3966
ftyq5,2026-05-30,18.7,24,34.7385,128.3966
ftyq5,2026-05-31,18.38,24,34.7385,128.3966
ftyq5,2026-06-01,18.58,24,34.7385,128.3966
ftyq5,2026-06-02,18.63,24,34.7385,128.3966
ftyq5,2026-06-05,19.13,17,34.7385,128.3966
ftyq5,2026-06-06,18.07,19,34.7385,128.3966
ftyq5,2026-06-16,18.81,24,34.7385,128.3966
ftyq5,2026-06-17,19.16,24,34.7385,128.3966
ftyq5,2026-06-18,19.63,24,34.7385,128.3966
ftyq5,2026-06-19,19.58,24,34.7385,128.3966
ftyq5,2026-06-20,19.79,24,34.7385,128.3966
ftyq5,2026-06-21,19.88,24,34.7385,128.3966
ftyq5,2026-06-22,19.99,24,34.7385,128.3966
ftyq5,2026-06-23,19.79,24,34.7385,128.3966
ftyq5,2026-06-24,20.25,24,34.7385,128.3966
ftyq5,2026-06-25,20.58,24,34.7385,128.3966
ftyq5,2026-06-26,20.74,24,34.7385,128.3966
ftyq5,2026-06-27,21.05,24,34.7385,128.3966
ftyq5,2026-06-28,21.25,23,34.7385,128.3966
ftyq5,2026-06-29,21.34,24,34.7385,128.3966
ftyq5,2026-06-30,21.5,24,34.7385,128.3966
ftyq5,2026-07-01,21.25,24,34.7385,128.3966
ftyq5,2026-07-02,20.73,24,34.7385,128.3966
ftyq5,2026-07-03,21.23,24,34.7385,128.3966
ftyq5,2026-07-04,21.42,24,34.7385,128.3966
ftyq5,2026-07-05,21.62,24,34.7385,128.3966
ftyq5,2026-07-06,21.61,24,34.7385,128.3966
ftyq5,2026-07-07,21.3,24,34.7385,128.3966
ftyq5,2026-07-08,21.95,24,34.7385,128.3966
ftyq5,2026-07-09,22.92,24,34.7385,128.3966
ftyq5,2026-07-10,22.83,23,34.7385,128.3966
ftyq5,2026-07-11,23.1,24,34.7385,128.3966
ftyq5,2026-07-12,22.99,24,34.7385,128.3966
ftyq5,2026-07-13,23.32,24,34.7385,128.3966
ftyq5,2026-07-14,23.6,24,34.7385,128.3966
ftyq5,2026-07-15,23.11,24,34.7385,128.3966
ftyq5,2026-07-16,22.02,24,34.7385,128.3966
ftyq5,2026-07-17,21.5,24,34.7385,128.3966
ftyq5,2026-07-18,21.41,24,34.7385,128.3966
ftyq5,2026-07-19,21.49,24,34.7385,128.3966
ftyq5,2026-07-20,21.69,24,34.7385,128.3966
ftyq5,2026-07-21,22.16,24,34.7385,128.3966
ftyq5,2026-07-22,22.77,24,34.7385,128.3966
ftyq5,2026-07-23,22.98,24,34.7385,128.3966
ftyq5,2026-07-24,22.66,24,34.7385,128.3966
ftyq5,2026-07-25,22.6,24,34.7385,128.3966
ftyq5,2026-07-26,23.02,24,34.7385,128.3966
ftyq5,2026-07-27,22.47,24,34.7385,128.3966
ftyq5,2026-07-28,22.42,22,34.7385,128.3966
ftyq5,2026-07-29,22.47,24,34.7385,128.3966
ftyq5,2026-07-30,22.49,21,34.7385,128.3966
ftyq5,2026-07-31,21.66,20,34.7385,128.3966
ftyq5,2026-08-01,21.0,23,34.7385,128.3966
ftyq5,2026-08-02,20.29,24,34.7385,128.3966
ftyq5,2026-08-03,20.26,24,34.7385,128.3966
ftyq5,2026-08-04,21.46,24,34.7385,128.3966
ftyq5,2026-08-05,22.65,24,34.7385,128.3966
ftyq5,2026-08-06,23.76,24,34.7385,128.3966
ftyq5,2026-08-07,25.54,24,34.7385,128.3966
ftyq5,2026-08-08,26.28,24,34.7385,128.3966
ftyq5,2026-08-09,26.63,24,34.7385,128.3966
ftyq5,2026-08-10,26.69,24,34.7385,128.3966
ftyq5,2026-08-11,26.48,24,34.7385,128.3966
ftyq5,2026-08-12,26.25,24,34.7385,128.3966
ftyq5,2026-08-13,26.24,24,34.7385,128.3966
ftyq5,2026-08-14,26.41,23,34.7385,128.3966
ftyq5,2026-08-15,26.43,24,34.7385,128.3966
ftyq5,2026-08-16,26.2,24,34.7385,128.3966
ftyq5,2026-08-17,26.22,24,34.7385,128.3966
ftyq5,2026-08-18,26.05,24,34.7385,128.3966
ftyq5,2026-08-19,26.4,24,34.7385,128.3966
ftyq5,2026-08-20,26.83,24,34.7385,128.3966
ftyq5,2026-08-21,26.92,24,34.7385,128.3966
ftyq5,2026-08-22,27.5,24,34.7385,128.3966
ftyq5,2026-08-23,27.92,24,34.7385,128.3966
ftyq5,2026-08-24,27.76,24,34.7385,128.3966
ftyq5,2026-08-25,27.98,24,34.7385,128.3966
ftyq5,2026-08-26,27.65,24,34.7385,128.3966
ftyq5,2026-08-27,27.85,24,34.7385,128.3966
ftyq5,2026-08-28,27.57,24,34.7385,128.3966
ftyq5,2026-08-29,27.72,24,34.7385,128.3966
ftyq5,2026-08-30,27.16,24,34.7385,128.3966
ftyq5,2026-08-31,26.75,24,34.7385,128.3966
ftyq5,2026-09-01,26.05,23,34.7385,128.3966
ftyq5,2026-09-02,25.73,23,34.7385,128.3966
ftyq5,2026-09-03,25.27,24,34.7385,128.3966
ftyq5,2026-09-04,25.22,24,34.7385,128.3966
ftyq5,2026-09-05,26.09,24,34.7385,128.3966
ftyq5,2026-09-06,26.12,24,34.7385,128.3966
ftyq5,2026-09-07,26.05,17,34.7385,128.3966
ftyq5,2026-09-08,26.01,22,34.7385,128.3966
ftyq5,2026-09-09,25.84,24,34.7385,128.3966
ftyq5,2026-09-10,25.61,24,34.7385,128.3966
ftyq5,2026-09-11,25.61,24,34.7385,128.3966
ftyq5,2026-09-12,25.65,24,34.7385,128.3966
ftyq5,2026-09-13,25.7,24,34.7385,128.3966
ftyq5,2026-09-14,25.72,24,34.7385,128.3966
ftyq5,2026-09-15,25.68,24,34.7385,128.3966
ftyq5,2026-09-16,25.56,24,34.7385,128.3966
ftyq5,2026-09-17,25.3,24,34.7385,128.3966
ftyq5,2026-09-18,25.28,24,34.7385,128.3966
ftyq5,2026-09-19,25.25,24,34.7385,128.3966
ftyq5,2026-09-20,25.25,24,34.7385,128.3966
ftyq5,2026-09-21,25.2,23,34.7385,128.3966
ftyq5,2026-09-22,25.09,24,34.7385,128.3966
ftyq5,2026-09-23,24.96,24,34.7385,128.3966
ftyq5,2026-09-24,25.05,24,34.7385,128.3966
fwao4,2026-05-01,13.88,24,34.3817,126.9485
fwao4,2026-05-02,13.83,24,34.3817,126.9485
fwao4,2026-05-03,13.65,24,34.3817,126.9485
fwao4,2026-05-04,13.62,24,34.3817,126.9485
fwao4,2026-05-05,13.7,24,34.3817,126.9485
fwao4,2026-05-06,13.96,24,34.3817,126.9485
fwao4,2026-05-07,14.12,24,34.3817,126.9485
fwao4,2026-05-08,13.99,24,34.3817,126.9485
fwao4,2026-05-09,14.21,24,34.3817,126.9485
fwao4,2026-05-10,14.7,24,34.3817,126.9485
fwao4,2026-05-11,15.44,24,34.3817,126.9485
fwao4,2026-05-12,15.08,24,34.3817,126.9485
fwao4,2026-05-13,15.16,24,34.3817,126.9485
fwao4,2026-05-14,15.22,24,34.3817,126.9485
fwao4,2026-05-15,15.3,24,34.3817,126.9485
fwao4,2026-05-16,15.44,24,34.3817,126.9485
fwao4,2026-05-17,15.45,24,34.3817,126.9485
fwao4,2026-05-18,15.38,24,34.3817,126.9485
fwao4,2026-05-19,15.35,24,34.3817,126.9485
fwao4,2026-05-20,15.33,24,34.3817,126.9485
fwao4,2026-05-21,15.77,24,34.3817,126.9485
fwao4,2026-05-22,16.25,24,34.3817,126.9485
fwao4,2026-05-23,16.65,24,34.3817,126.9485
fwao4,2026-05-24,17.12,24,34.3817,126.9485
fwao4,2026-05-25,17.36,24,34.3817,126.9485
fwao4,2026-05-26,17.31,24,34.3817,126.9485
fwao4,2026-05-27,18.14,24,34.3817,126.9485
fwao4,2026-05-28,18.59,24,34.3817,126.9485
fwao4,2026-05-29,18.33,24,34.3817,126.9485
fwao4,2026-05-30,18.3,24,34.3817,126.9485
fwao4,2026-05-31,18.2,24,34.3817,126.9485
fwao4,2026-06-01,18.23,24,34.3817,126.9485
fwao4,2026-06-02,18.27,24,34.3817,126.9485
fwao4,2026-06-03,18.49,24,34.3817,126.9485
fwao4,2026-06-04,18.4,24,34.3817,126.9485
fwao4,2026-06-05,18.8,24,34.3817,126.9485
fwao4,2026-06-06,19.32,24,34.3817,126.9485
fwao4,2026-06-07,20.37,24,34.3817,126.9485
fwao4,2026-06-08,19.97,24,34.3817,126.9485
fwao4,2026-06-09,19.96,24,34.3817,126.9485
fwao4,2026-06-10,20.14,24,34.3817,126.9485
fwao4,2026-06-11,19.94,24,34.3817,126.9485
fwao4,2026-06-12,19.92,24,34.3817,126.9485
fwao4,2026-06-13,19.97,24,34.3817,126.9485
fwao4,2026-06-14,20.03,24,34.3817,126.9485
fwao4,2026-06-15,19.95,24,34.3817,126.9485
fwao4,2026-06-16,19.88,24,34.3817,126.9485
fwao4,2026-06-17,19.65,24,34.3817,126.9485
fwao4,2026-06-18,19.98,24,34.3817,126.9485
fwao4,2026-06-19,19.63,24,34.3817,126.9485
fwao4,2026-06-20,20.36,24,34.3817,126.9485
fwao4,2026-06-21,20.05,24,34.3817,126.9485
fwao4,2026-06-22,19.88,24,34.3817,126.9485
fwao4,2026-06-23,20.31,24,34.3817,126.9485
fwao4,2026-06-24,21.19,24,34.3817,126.9485
fwao4,2026-06-25,22.55,24,34.3817,126.9485
fwao4,2026-06-26,22.09,24,34.3817,126.9485
fwao4,2026-06-27,21.86,24,34.3817,126.9485
fwao4,2026-06-28,21.71,24,34.3817,126.9485
fwao4,2026-06-29,21.76,24,34.3817,126.9485
fwao4,2026-06-30,21.71,24,34.3817,126.9485
fwao4,2026-07-01,21.2,24,34.3817,126.9485
fwao4,2026-07-02,21.91,24,34.3817,126.9485
fwao4,2026-07-03,21.71,24,34.3817,126.9485
fwao4,2026-07-04,21.69,24,34.3817,126.9485
fwao4,2026-07-05,21.72,24,34.3817,126.9485
fwao4,2026-07-06,21.98,24,34.3817,126.9485
fwao4,2026-07-07,22.03,24,34.3817,126.9485
fwao4,2026-07-08,22.52,24,34.3817,126.9485
fwao4,2026-07-09,22.69,24,34.3817,126.9485
fwao4,2026-07-10,22.84,24,34.3817,126.9485
fwao4,2026-07-11,23.8,24,34.3817,126.9485
fwao4,2026-07-12,23.73,24,34.3817,126.9485
fwao4,2026-07-13,23.95,24,34.3817,126.9485
fwao4,2026-07-14,23.61,24,34.3817,126.9485
fwao4,2026-07-15,23.42,24,34.3817,126.9485
fwao4,2026-07-16,22.41,24,34.3817,126.9485
fwao4,2026-07-17,22.47,24,34.3817,126.9485
fwao4,2026-07-18,22.6,24,34.3817,126.9485
fwao4,2026-07-19,22.78,24,34.3817,126.9485
fwao4,2026-07-20,23.09,24,34.3817,126.9485
fwao4,2026-07-21,23.43,24,34.3817,126.9485
fwao4,2026-07-22,24.15,24,34.3817,126.9485
fwao4,2026-07-23,24.85,24,34.3817,126.9485
fwao4,2026-07-24,26.19,24,34.3817,126.9485
fwao4,2026-07-25,26.47,24,34.3817,126.9485
fwao4,2026-07-26,26.11,24,34.3817,126.9485
fwao4,2026-07-27,25.37,24,34.3817,126.9485
fwao4,2026-07-28,24.61,24,34.3817,126.9485
fwao4,2026-07-29,24.01,24,34.3817,126.9485
fwao4,2026-07-30,23.46,24,34.3817,126.9485
fwao4,2026-07-31,23.38,24,34.3817,126.9485
fwao4,2026-08-01,23.09,24,34.3817,126.9485
fwao4,2026-08-02,22.98,24,34.3817,126.9485
fwao4,2026-08-03,22.5,24,34.3817,126.9485
fwao4,2026-08-04,22.47,24,34.3817,126.9485
fwao4,2026-08-05,22.64,24,34.3817,126.9485
fwao4,2026-08-06,22.91,24,34.3817,126.9485
fwao4,2026-08-07,24.04,24,34.3817,126.9485
fwao4,2026-08-08,26.79,24,34.3817,126.9485
fwao4,2026-08-09,27.75,24,34.3817,126.9485
fwao4,2026-08-10,26.76,24,34.3817,126.9485
fwao4,2026-08-11,25.57,24,34.3817,126.9485
fwao4,2026-08-12,25.28,24,34.3817,126.9485
fwao4,2026-08-13,25.5,24,34.3817,126.9485
fwao4,2026-08-14,25.76,24,34.3817,126.9485
fwao4,2026-08-15,25.52,24,34.3817,126.9485
fwao4,2026-08-16,25.48,24,34.3817,126.9485
fwao4,2026-08-17,25.73,24,34.3817,126.9485
fwao4,2026-08-18,26.31,24,34.3817,126.9485
fwao4,2026-08-19,26.49,24,34.3817,126.9485
fwao4,2026-08-20,26.84,24,34.3817,126.9485
fwao4,2026-08-21,26.98,24,34.3817,126.9485
fwao4,2026-08-22,27.4,24,34.3817,126.9485
fwao4,2026-08-23,27.72,24,34.3817,126.9485
fwao4,2026-08-24,27.98,24,34.3817,126.9485
fwao4,2026-08-25,27.65,24,34.3817,126.9485
fwao4,2026-08-26,27.54,24,34.3817,126.9485
fwao4,2026-08-27,27.44,24,34.3817,126.9485
fwao4,2026-08-28,27.1,24,34.3817,126.9485
fwao4,2026-08-29,26.91,24,34.3817,126.9485
fwao4,2026-08-30,26.73,24,34.3817,126.9485
fwao4,2026-08-31,26.45,24,34.3817,126.9485
fwao4,2026-09-01,26.25,24,34.3817,126.9485
fwao4,2026-09-02,26.12,24,34.3817,126.9485
fwao4,2026-09-03,26.02,24,34.3817,126.9485
fwao4,2026-09-04,26.13,24,34.3817,126.9485
fwao4,2026-09-05,27.22,24,34.3817,126.9485
fwao4,2026-09-06,27.46,24,34.3817,126.9485
fwao4,2026-09-07,26.59,24,34.3817,126.9485
fwao4,2026-09-08,26.08,24,34.3817,126.9485
fwao4,2026-09-09,25.7,24,34.3817,126.9485
fwao4,2026-09-10,25.2,24,34.3817,126.9485
fwao4,2026-09-11,25.19,24,34.3817,126.9485
fwao4,2026-09-12,25.24,24,34.3817,126.9485
fwao4,2026-09-13,25.43,24,34.3817,126.9485
fwao4,2026-09-14,25.48,24,34.3817,126.9485
fwao4,2026-09-15,25.42,24,34.3817,126.9485
fwao4,2026-09-16,25.53,24,34.3817,126.9485
fwao4,2026-09-17,25.39,24,34.3817,126.9485
fwao4,2026-09-18,25.35,24,34.3817,126.9485
fwao4,2026-09-19,25.49,24,34.3817,126.9485
fwao4,2026-09-20,25.55,24,34.3817,126.9485
fwao4,2026-09-21,25.41,24,34.3817,126.9485
fwao4,2026-09-22,25.34,24,34.3817,126.9485
fwao4,2026-09-23,25.4,24,34.3817,126.9485
fwao4,2026-09-24,25.36,24,34.3817,126.9485
fwbf1,2026-05-01,13.41,48,34.1636,126.6269
fwbf1,2026-05-02,13.35,48,34.1636,126.6269
fwbf1,2026-05-03,13.24,48,34.1636,126.6269
fwbf1,2026-05-04,13.22,48,34.1636,126.6269
fwbf1,2026-05-05,13.44,48,34.1636,126.6269
fwbf1,2026-05-06,13.79,48,34.1636,126.6269
fwbf1,2026-05-07,14.09,48,34.1636,126.6269
fwbf1,2026-05-08,14.42,48,34.1636,126.6269
fwbf1,2026-05-09,14.52,48,34.1636,126.6269
fwbf1,2026-05-10,14.82,48,34.1636,126.6269
fwbf1,2026-05-11,15.14,48,34.1636,126.6269
fwbf1,2026-05-12,14.87,42,34.1636,126.6269
fwbf1,2026-06-11,18.66,21,34.1636,126.6269
fwbf1,2026-06-12,18.59,48,34.1636,126.6269
fwbf1,2026-06-13,18.45,48,34.1636,126.6269
fwbf1,2026-06-14,18.42,48,34.1636,126.6269
fwbf1,2026-06-15,18.47,48,34.1636,126.6269
fwbf1,2026-06-16,18.31,48,34.1636,126.6269
fwbf1,2026-06-17,18.28,48,34.1636,126.6269
fwbf1,2026-06-18,18.39,44,34.1636,126.6269
fwbf1,2026-06-19,18.47,48,34.1636,126.6269
fwbf1,2026-06-20,18.79,48,34.1636,126.6269
fwbf1,2026-06-21,19.12,48,34.1636,126.6269
fwbf1,2026-06-22,19.16,48,34.1636,126.6269
fwbf1,2026-06-23,18.96,48,34.1636,126.6269
fwbf1,2026-06-24,18.9,48,34.1636,126.6269
fwbf1,2026-06-25,19.12,48,34.1636,126.6269
fwbf1,2026-06-26,19.57,48,34.1636,126.6269
fwbf1,2026-06-27,19.81,48,34.1636,126.6269
fwbf1,2026-06-28,20.03,48,34.1636,126.6269
fwbf1,2026-06-29,20.32,48,34.1636,126.6269
fwbf1,2026-06-30,20.15,48,34.1636,126.6269
fwbf1,2026-07-01,19.98,48,34.1636,126.6269
fwbf1,2026-07-02,20.04,48,34.1636,126.6269
fwbf1,2026-07-03,19.99,48,34.1636,126.6269
fwbf1,2026-07-04,20.04,48,34.1636,126.6269
fwbf1,2026-07-05,20.12,48,34.1636,126.6269
fwbf1,2026-07-06,20.42,48,34.1636,126.6269
fwbf1,2026-07-07,20.9,48,34.1636,126.6269
fwbf1,2026-07-08,21.11,48,34.1636,126.6269
fwbf1,2026-07-09,21.33,48,34.1636,126.6269
fwbf1,2026-07-10,21.71,48,34.1636,126.6269
fwbf1,2026-07-11,21.79,48,34.1636,126.6269
fwbf1,2026-07-12,21.61,48,34.1636,126.6269
fwbf1,2026-07-13,21.79,48,34.1636,126.6269
fwbf1,2026-07-14,21.58,48,34.1636,126.6269
fwbf1,2026-07-15,21.38,48,34.1636,126.6269
fwbf1,2026-07-16,20.77,48,34.1636,126.6269
fwbf1,2026-07-17,20.45,48,34.1636,126.6269
fwbf1,2026-07-18,20.43,48,34.1636,126.6269
fwbf1,2026-07-19,20.54,48,34.1636,126.6269
fwbf1,2026-07-20,20.82,48,34.1636,126.6269
fwbf1,2026-07-21,21.43,48,34.1636,126.6269
fwbf1,2026-07-22,22.25,48,34.1636,126.6269
fwbf1,2026-07-23,22.99,48,34.1636,126.6269
fwbf1,2026-07-24,23.6,48,34.1636,126.6269
fwbf1,2026-07-25,23.75,48,34.1636,126.6269
fwbf1,2026-07-26,23.6,48,34.1636,126.6269
fwbf1,2026-07-27,23.3,48,34.1636,126.6269
fwbf1,2026-07-28,22.84,48,34.1636,126.6269
fwbf1,2026-07-29,22.25,48,34.1636,126.6269
fwbf1,2026-07-30,21.53,48,34.1636,126.6269
fwbf1,2026-07-31,21.03,48,34.1636,126.6269
fwbf1,2026-08-01,20.62,48,34.1636,126.6269
fwbf1,2026-08-02,20.42,48,34.1636,126.6269
fwbf1,2026-08-03,20.34,48,34.1636,126.6269
fwbf1,2026-08-04,20.47,48,34.1636,126.6269
fwbf1,2026-08-05,20.74,48,34.1636,126.6269
fwbf1,2026-08-06,21.19,48,34.1636,126.6269
fwbf1,2026-08-07,21.66,48,34.1636,126.6269
fwbf1,2026-08-08,21.82,48,34.1636,126.6269
fwbf1,2026-08-09,21.59,48,34.1636,126.6269
fwbf1,2026-08-10,21.68,48,34.1636,126.6269
fwbf1,2026-08-11,23.34,48,34.1636,126.6269
fwbf1,2026-08-12,24.87,48,34.1636,126.6269
fwbf1,2026-08-13,25.17,48,34.1636,126.6269
fwbf1,2026-08-14,25.05,48,34.1636,126.6269
fwbf1,2026-08-15,24.87,48,34.1636,126.6269
fwbf1,2026-08-16,25.0,48,34.1636,126.6269
fwbf1,2026-08-17,25.19,48,34.1636,126.6269
fwbf1,2026-08-18,25.43,48,34.1636,126.6269
fwbf1,2026-08-19,25.78,48,34.1636,126.6269
fwbf1,2026-08-20,26.06,48,34.1636,126.6269
fwbf1,2026-08-21,26.32,48,34.1636,126.6269
fwbf1,2026-08-22,26.69,48,34.1636,126.6269
fwbf1,2026-08-23,27.41,48,34.1636,126.6269
fwbf1,2026-08-24,27.57,48,34.1636,126.6269
fwbf1,2026-08-25,27.56,48,34.1636,126.6269
fwbf1,2026-08-26,27.22,48,34.1636,126.6269
fwbf1,2026-08-27,26.81,48,34.1636,126.6269
fwbf1,2026-08-28,26.04,48,34.1636,126.6269
fwbf1,2026-08-29,25.36,48,34.1636,126.6269
fwbf1,2026-08-30,24.87,48,34.1636,126.6269
fwbf1,2026-08-31,24.41,48,34.1636,126.6269
fwbf1,2026-09-01,24.18,48,34.1636,126.6269
fwbf1,2026-09-02,24.02,48,34.1636,126.6269
fwbf1,2026-09-03,23.84,48,34.1636,126.6269
fwbf1,2026-09-04,23.74,48,34.1636,126.6269
fwbf1,2026-09-05,23.73,48,34.1636,126.6269
fwbf1,2026-09-06,23.74,48,34.1636,126.6269
fwbf1,2026-09-07,24.5,48,34.1636,126.6269
fwbf1,2026-09-08,24.87,48,34.1636,126.6269
fwbf1,2026-09-09,24.4,48,34.1636,126.6269
fwbf1,2026-09-10,24.22,48,34.1636,126.6269
fwbf1,2026-09-11,24.43,48,34.1636,126.6269
fwbf1,2026-09-12,24.62,48,34.1636,126.6269
fwbf1,2026-09-13,24.88,48,34.1636,126.6269
fwbf1,2026-09-14,24.84,48,34.1636,126.6269
fwbf1,2026-09-15,24.8,48,34.1636,126.6269
fwbf1,2026-09-16,24.82,48,34.1636,126.6269
fwbf1,2026-09-17,24.78,48,34.1636,126.6269
fwbf1,2026-09-18,24.71,48,34.1636,126.6269
fwbf1,2026-09-19,24.78,48,34.1636,126.6269
fwbf1,2026-09-20,24.82,48,34.1636,126.6269
fwbf1,2026-09-21,24.87,48,34.1636,126.6269
fwbf1,2026-09-22,24.84,48,34.1636,126.6269
fwbf1,2026-09-23,24.82,48,34.1636,126.6269
fwbf1,2026-09-24,24.82,48,34.1636,126.6269
fwbl6,2026-05-01,13.92,24,34.1681,126.483
fwbl6,2026-05-02,14.01,24,34.1681,126.483
fwbl6,2026-05-03,13.9,24,34.1681,126.483
fwbl6,2026-05-04,14.12,24,34.1681,126.483
fwbl6,2026-05-05,14.19,24,34.1681,126.483
fwbl6,2026-05-06,14.48,24,34.1681,126.483
fwbl6,2026-05-07,14.26,24,34.1681,126.483
fwbl6,2026-05-08,14.0,24,34.1681,126.483
fwbl6,2026-05-09,13.92,24,34.1681,126.483
fwbl6,2026-05-10,13.95,24,34.1681,126.483
fwbl6,2026-05-11,14.02,24,34.1681,126.483
fwbl6,2026-05-12,13.8,24,34.1681,126.483
fwbl6,2026-05-13,13.67,24,34.1681,126.483
fwbl6,2026-05-14,13.81,24,34.1681,126.483
fwbl6,2026-05-15,14.18,24,34.1681,126.483
fwbl6,2026-05-16,14.52,24,34.1681,126.483
fwbl6,2026-05-17,14.89,24,34.1681,126.483
fwbl6,2026-05-18,15.16,24,34.1681,126.483
fwbl6,2026-05-19,15.31,24,34.1681,126.483
fwbl6,2026-05-20,15.45,24,34.1681,126.483
fwbl6,2026-05-21,15.33,24,34.1681,126.483
fwbl6,2026-05-22,15.85,24,34.1681,126.483
fwbl6,2026-05-23,15.85,24,34.1681,126.483
fwbl6,2026-05-24,15.75,24,34.1681,126.483
fwbl6,2026-05-25,15.7,24,34.1681,126.483
fwbl6,2026-05-26,16.2,23,34.1681,126.483
fwbl6,2026-05-27,16.85,24,34.1681,126.483
fwbl6,2026-05-28,15.91,24,34.1681,126.483
fwbl6,2026-05-29,16.2,24,34.1681,126.483
fwbl6,2026-05-30,16.42,24,34.1681,126.483
fwbl6,2026-05-31,16.64,24,34.1681,126.483
fwbl6,2026-06-01,16.98,24,34.1681,126.483
fwbl6,2026-06-02,17.95,24,34.1681,126.483
fwbl6,2026-06-03,17.6,24,34.1681,126.483
fwbl6,2026-06-04,17.87,24,34.1681,126.483
fwbl6,2026-06-05,17.82,24,34.1681,126.483
fwbl6,2026-06-06,18.22,24,34.1681,126.483
fwbl6,2026-06-07,18.73,24,34.1681,126.483
fwbl6,2026-06-08,18.06,24,34.1681,126.483
fwbl6,2026-06-09,18.09,24,34.1681,126.483
fwbl6,2026-06-10,18.09,24,34.1681,126.483
fwbl6,2026-06-11,18.08,24,34.1681,126.483
fwbl6,2026-06-12,18.1,24,34.1681,126.483
fwbl6,2026-06-13,18.18,24,34.1681,126.483
fwbl6,2026-06-14,18.38,24,34.1681,126.483
fwbl6,2026-06-15,18.33,24,34.1681,126.483
fwbl6,2026-06-16,18.45,24,34.1681,126.483
fwbl6,2026-06-17,18.42,24,34.1681,126.483
fwbl6,2026-06-18,18.66,24,34.1681,126.483
fwbl6,2026-06-19,18.6,24,34.1681,126.483
fwbl6,2026-06-20,18.74,24,34.1681,126.483
fwbl6,2026-06-21,18.69,24,34.1681,126.483
fwbl6,2026-06-22,18.44,24,34.1681,126.483
fwbl6,2026-06-23,18.92,24,34.1681,126.483
fwbl6,2026-06-24,19.37,24,34.1681,126.483
fwbl6,2026-06-25,19.07,24,34.1681,126.483
fwbl6,2026-06-26,19.06,24,34.1681,126.483
fwbl6,2026-06-27,19.1,24,34.1681,126.483
fwbl6,2026-06-28,19.28,24,34.1681,126.483
fwbl6,2026-06-29,19.4,24,34.1681,126.483
fwbl6,2026-06-30,19.65,24,34.1681,126.483
fwbl6,2026-07-01,19.88,24,34.1681,126.483
fwbl6,2026-07-02,19.95,24,34.1681,126.483
fwbl6,2026-07-03,19.92,24,34.1681,126.483
fwbl6,2026-07-04,20.03,24,34.1681,126.483
fwbl6,2026-07-05,19.9,24,34.1681,126.483
fwbl6,2026-07-06,20.01,24,34.1681,126.483
fwbl6,2026-07-07,20.33,24,34.1681,126.483
fwbl6,2026-07-08,20.34,24,34.1681,126.483
fwbl6,2026-07-09,20.95,24,34.1681,126.483
fwbl6,2026-07-10,21.02,24,34.1681,126.483
fwbl6,2026-07-11,21.6,24,34.1681,126.483
fwbl6,2026-07-12,21.3,24,34.1681,126.483
fwbl6,2026-07-13,21.52,24,34.1681,126.483
fwbl6,2026-07-14,21.43,24,34.1681,126.483
fwbl6,2026-07-15,20.96,24,34.1681,126.483
fwbl6,2026-07-16,20.43,24,34.1681,126.483
fwbl6,2026-07-17,20.41,24,34.1681,126.483
fwbl6,2026-07-18,20.33,24,34.1681,126.483
fwbl6,2026-07-19,20.44,24,34.1681,126.483
fwbl6,2026-07-20,21.17,24,34.1681,126.483
fwbl6,2026-07-21,22.52,24,34.1681,126.483
fwbl6,2026-07-22,24.81,24,34.1681,126.483
fwbl6,2026-07-23,25.45,24,34.1681,126.483
fwbl6,2026-07-24,24.92,24,34.1681,126.483
fwbl6,2026-07-25,24.2,24,34.1681,126.483
fwbl6,2026-07-26,23.81,21,34.1681,126.483
fwbl6,2026-07-27,21.85,24,34.1681,126.483
fwbl6,2026-07-28,21.35,24,34.1681,126.483
fwbl6,2026-07-29,20.8,23,34.1681,126.483
fwbl6,2026-07-30,19.85,24,34.1681,126.483
fwbl6,2026-07-31,19.53,24,34.1681,126.483
fwbl6,2026-08-01,19.45,24,34.1681,126.483
fwbl6,2026-08-02,19.36,24,34.1681,126.483
fwbl6,2026-08-03,19.42,24,34.1681,126.483
fwbl6,2026-08-04,19.51,24,34.1681,126.483
fwbl6,2026-08-05,19.5,24,34.1681,126.483
fwbl6,2026-08-06,20.52,24,34.1681,126.483
fwbl6,2026-08-07,21.88,24,34.1681,126.483
fwbl6,2026-08-08,22.87,24,34.1681,126.483
fwbl6,2026-08-09,22.8,24,34.1681,126.483
fwbl6,2026-08-10,23.38,24,34.1681,126.483
fwbl6,2026-08-11,24.12,24,34.1681,126.483
fwbl6,2026-08-12,24.5,24,34.1681,126.483
fwbl6,2026-08-13,24.63,24,34.1681,126.483
fwbl6,2026-08-14,24.76,24,34.1681,126.483
fwbl6,2026-08-15,24.72,24,34.1681,126.483
fwbl6,2026-08-16,25.03,24,34.1681,126.483
fwbl6,2026-08-17,25.28,24,34.1681,126.483
fwbl6,2026-08-18,25.18,24,34.1681,126.483
fwbl6,2026-08-19,25.03,24,34.1681,126.483
fwbl6,2026-08-20,25.85,24,34.1681,126.483
fwbl6,2026-08-21,27.5,24,34.1681,126.483
fwbl6,2026-08-22,28.42,24,34.1681,126.483
fwbl6,2026-08-23,28.53,24,34.1681,126.483
fwbl6,2026-08-24,28.67,24,34.1681,126.483
fwbl6,2026-08-25,28.23,24,34.1681,126.483
fwbl6,2026-08-26,27.0,23,34.1681,126.483
fwbl6,2026-08-27,25.78,23,34.1681,126.483
fwbl6,2026-08-28,25.06,24,34.1681,126.483
fwbl6,2026-08-29,24.01,22,34.1681,126.483
fwbl6,2026-08-30,23.38,23,34.1681,126.483
fwbl6,2026-08-31,23.57,24,34.1681,126.483
fwbl6,2026-09-01,23.05,24,34.1681,126.483
fwbl6,2026-09-02,23.28,24,34.1681,126.483
fwbl6,2026-09-03,23.88,24,34.1681,126.483
fwbl6,2026-09-04,24.43,24,34.1681,126.483
fwbl6,2026-09-05,25.6,23,34.1681,126.483
fwbl6,2026-09-06,25.14,24,34.1681,126.483
fwbl6,2026-09-07,25.46,24,34.1681,126.483
fwbl6,2026-09-08,25.15,24,34.1681,126.483
fwbl6,2026-09-09,24.58,24,34.1681,126.483
fwbl6,2026-09-10,24.56,24,34.1681,126.483
fwbl6,2026-09-11,24.78,24,34.1681,126.483
fwbl6,2026-09-12,24.92,24,34.1681,126.483
fwbl6,2026-09-13,25.1,24,34.1681,126.483
fwbl6,2026-09-14,25.15,24,34.1681,126.483
fwbl6,2026-09-15,24.97,24,34.1681,126.483
fwbl6,2026-09-16,24.68,24,34.1681,126.483
fwbl6,2026-09-17,24.42,24,34.1681,126.483
fwbl6,2026-09-18,24.46,24,34.1681,126.483
fwbl6,2026-09-19,24.75,24,34.1681,126.483
fwbl6,2026-09-20,24.79,24,34.1681,126.483
fwbl6,2026-09-21,24.74,24,34.1681,126.483
fwbl6,2026-09-22,24.62,24,34.1681,126.483
fwbl6,2026-09-23,24.65,24,34.1681,126.483
fwbl6,2026-09-24,24.63,24,34.1681,126.483
fwdf1,2026-05-01,14.25,48,34.3275,127.035
fwdf1,2026-05-02,14.25,48,34.3275,127.035
fwdf1,2026-05-03,14.24,48,34.3275,127.035
fwdf1,2026-05-04,14.11,48,34.3275,127.035
fwdf1,2026-05-05,14.17,48,34.3275,127.035
fwdf1,2026-05-06,14.42,48,34.3275,127.035
fwdf1,2026-05-07,14.57,48,34.3275,127.035
fwdf1,2026-05-08,15.0,48,34.3275,127.035
fwdf1,2026-05-09,14.75,48,34.3275,127.035
fwdf1,2026-05-10,14.85,48,34.3275,127.035
fwdf1,2026-05-11,15.05,48,34.3275,127.035
fwdf1,2026-05-12,15.11,48,34.3275,127.035
fwdf1,2026-05-13,14.82,48,34.3275,127.035
fwdf1,2026-05-14,15.07,48,34.3275,127.035
fwdf1,2026-05-15,15.12,48,34.3275,127.035
fwdf1,2026-05-16,15.19,48,34.3275,127.035
fwdf1,2026-05-17,15.35,48,34.3275,127.035
fwdf1,2026-05-18,15.36,48,34.3275,127.035
fwdf1,2026-05-19,15.53,48,34.3275,127.035
fwdf1,2026-05-20,15.48,48,34.3275,127.035
fwdf1,2026-05-21,15.38,48,34.3275,127.035
fwdf1,2026-05-22,15.88,48,34.3275,127.035
fwdf1,2026-05-23,16.04,48,34.3275,127.035
fwdf1,2026-05-24,16.33,48,34.3275,127.035
fwdf1,2026-05-25,16.57,48,34.3275,127.035
fwdf1,2026-05-26,16.67,48,34.3275,127.035
fwdf1,2026-05-27,16.69,48,34.3275,127.035
fwdf1,2026-05-28,16.78,48,34.3275,127.035
fwdf1,2026-05-29,17.25,48,34.3275,127.035
fwdf1,2026-05-30,17.4,48,34.3275,127.035
fwdf1,2026-05-31,17.42,48,34.3275,127.035
fwdf1,2026-06-01,17.54,48,34.3275,127.035
fwdf1,2026-06-02,17.52,48,34.3275,127.035
fwdf1,2026-06-03,17.61,48,34.3275,127.035
fwdf1,2026-06-04,17.93,48,34.3275,127.035
fwdf1,2026-06-05,18.1,48,34.3275,127.035
fwdf1,2026-06-06,18.33,48,34.3275,127.035
fwdf1,2026-06-07,18.55,48,34.3275,127.035
fwdf1,2026-06-08,18.77,48,34.3275,127.035
fwdf1,2026-06-09,18.95,48,34.3275,127.035
fwdf1,2026-06-10,19.18,48,34.3275,127.035
fwdf1,2026-06-11,19.5,48,34.3275,127.035
fwdf1,2026-06-12,19.25,48,34.3275,127.035
fwdf1,2026-06-13,19.15,48,34.3275,127.035
fwdf1,2026-06-14,19.12,48,34.3275,127.035
fwdf1,2026-06-15,19.19,48,34.3275,127.035
fwdf1,2026-06-16,19.24,48,34.3275,127.035
fwdf1,2026-06-17,19.04,48,34.3275,127.035
fwdf1,2026-06-18,19.1,48,34.3275,127.035
fwdf1,2026-06-19,19.56,27,34.3275,127.035
fwdf1,2026-06-20,19.55,48,34.3275,127.035
fwdf1,2026-06-21,20.1,48,34.3275,127.035
fwdf1,2026-06-22,20.13,48,34.3275,127.035
fwdf1,2026-06-23,19.41,48,34.3275,127.035
fwdf1,2026-06-24,19.69,48,34.3275,127.035
fwdf1,2026-06-25,20.26,48,34.3275,127.035
fwdf1,2026-06-26,20.77,48,34.3275,127.035
fwdf1,2026-06-27,21.34,48,34.3275,127.035
fwdf1,2026-06-28,21.52,48,34.3275,127.035
fwdf1,2026-06-29,21.89,48,34.3275,127.035
fwdf1,2026-06-30,21.71,48,34.3275,127.035
fwdf1,2026-07-01,21.28,48,34.3275,127.035
fwdf1,2026-07-02,21.14,48,34.3275,127.035
fwdf1,2026-07-03,21.42,48,34.3275,127.035
fwdf1,2026-07-04,21.28,48,34.3275,127.035
fwdf1,2026-07-05,21.39,48,34.3275,127.035
fwdf1,2026-07-06,21.6,48,34.3275,127.035
fwdf1,2026-07-07,21.8,48,34.3275,127.035
fwdf1,2026-07-08,21.78,48,34.3275,127.035
fwdf1,2026-07-09,22.23,48,34.3275,127.035
fwdf1,2026-07-10,22.65,48,34.3275,127.035
fwdf1,2026-07-11,22.89,48,34.3275,127.035
fwdf1,2026-07-12,22.68,48,34.3275,127.035
fwdf1,2026-07-13,22.71,48,34.3275,127.035
fwdf1,2026-07-14,22.78,48,34.3275,127.035
fwdf1,2026-07-15,22.54,48,34.3275,127.035
fwdf1,2026-07-16,22.02,48,34.3275,127.035
fwdf1,2026-07-17,21.41,48,34.3275,127.035
fwdf1,2026-07-18,21.56,48,34.3275,127.035
fwdf1,2026-07-19,21.49,48,34.3275,127.035
fwdf1,2026-07-20,21.86,48,34.3275,127.035
fwdf1,2026-07-21,22.3,48,34.3275,127.035
fwdf1,2026-07-22,22.8,48,34.3275,127.035
fwdf1,2026-07-23,23.59,48,34.3275,127.035
fwdf1,2026-07-24,24.44,48,34.3275,127.035
fwdf1,2026-07-25,25.41,48,34.3275,127.035
fwdf1,2026-07-26,25.8,48,34.3275,127.035
fwdf1,2026-07-27,25.35,48,34.3275,127.035
fwdf1,2026-07-28,24.42,48,34.3275,127.035
fwdf1,2026-07-29,23.03,48,34.3275,127.035
fwdf1,2026-07-30,22.02,48,34.3275,127.035
fwdf1,2026-07-31,21.39,48,34.3275,127.035
fwdf1,2026-08-01,21.05,48,34.3275,127.035
fwdf1,2026-08-02,21.12,48,34.3275,127.035
fwdf1,2026-08-03,21.08,48,34.3275,127.035
fwdf1,2026-08-04,21.13,48,34.3275,127.035
fwdf1,2026-08-05,21.32,48,34.3275,127.035
fwdf1,2026-08-06,21.59,48,34.3275,127.035
fwdf1,2026-08-07,22.05,48,34.3275,127.035
fwdf1,2026-08-08,22.44,48,34.3275,127.035
fwdf1,2026-08-09,24.62,48,34.3275,127.035
fwdf1,2026-08-10,25.13,48,34.3275,127.035
fwdf1,2026-08-11,24.96,48,34.3275,127.035
fwdf1,2026-08-12,25.47,48,34.3275,127.035
fwdf1,2026-08-13,25.58,48,34.3275,127.035
fwdf1,2026-08-14,25.93,48,34.3275,127.035
fwdf1,2026-08-15,25.84,48,34.3275,127.035
fwdf1,2026-08-16,25.78,48,34.3275,127.035
fwdf1,2026-08-17,25.89,48,34.3275,127.035
fwdf1,2026-08-18,26.11,48,34.3275,127.035
fwdf1,2026-08-19,26.81,48,34.3275,127.035
fwdf1,2026-08-20,27.25,48,34.3275,127.035
fwdf1,2026-08-21,27.48,48,34.3275,127.035
fwdf1,2026-08-22,27.69,48,34.3275,127.035
fwdf1,2026-08-23,28.11,48,34.3275,127.035
fwdf1,2026-08-24,28.42,48,34.3275,127.035
fwdf1,2026-08-25,28.45,48,34.3275,127.035
fwdf1,2026-08-26,28.2,48,34.3275,127.035
fwdf1,2026-08-27,27.65,48,34.3275,127.035
fwdf1,2026-08-28,27.34,48,34.3275,127.035
fwdf1,2026-08-29,27.02,48,34.3275,127.035
fwdf1,2026-08-30,26.49,48,34.3275,127.035
fwdf1,2026-08-31,25.99,48,34.3275,127.035
fwdf1,2026-09-01,25.72,48,34.3275,127.035
fwdf1,2026-09-02,25.3,48,34.3275,127.035
fwdf1,2026-09-03,25.17,48,34.3275,127.035
fwdf1,2026-09-04,24.31,48,34.3275,127.035
fwdf1,2026-09-05,24.86,48,34.3275,127.035
fwdf1,2026-09-06,25.28,48,34.3275,127.035
fwdf1,2026-09-07,25.52,48,34.3275,127.035
fwdf1,2026-09-08,25.56,48,34.3275,127.035
fwdf1,2026-09-09,25.57,48,34.3275,127.035
fwdf1,2026-09-10,25.31,48,34.3275,127.035
fwdf1,2026-09-11,25.41,48,34.3275,127.035
fwdf1,2026-09-12,25.53,48,34.3275,127.035
fwdf1,2026-09-13,25.6,48,34.3275,127.035
fwdf1,2026-09-14,25.58,48,34.3275,127.035
fwdf1,2026-09-15,25.56,48,34.3275,127.035
fwdf1,2026-09-16,25.54,48,34.3275,127.035
fwdf1,2026-09-17,25.41,48,34.3275,127.035
fwdf1,2026-09-18,25.29,48,34.3275,127.035
fwdf1,2026-09-19,25.41,48,34.3275,127.035
fwdf1,2026-09-20,25.61,48,34.3275,127.035
fwdf1,2026-09-21,25.65,48,34.3275,127.035
fwdf1,2026-09-22,25.55,48,34.3275,127.035
fwdf1,2026-09-23,25.43,48,34.3275,127.035
fwdf1,2026-09-24,25.43,48,34.3275,127.035
fwdo4,2026-05-01,14.49,24,34.3868,126.8637
fwdo4,2026-05-02,14.44,24,34.3868,126.8637
fwdo4,2026-05-03,14.29,24,34.3868,126.8637
fwdo4,2026-05-04,14.31,24,34.3868,126.8637
fwdo4,2026-05-05,14.42,24,34.3868,126.8637
fwdo4,2026-05-06,14.62,24,34.3868,126.8637
fwdo4,2026-05-07,15.08,24,34.3868,126.8637
fwdo4,2026-05-08,15.09,24,34.3868,126.8637
fwdo4,2026-05-09,15.12,24,34.3868,126.8637
fwdo4,2026-05-10,15.6,24,34.3868,126.8637
fwdo4,2026-05-11,16.01,24,34.3868,126.8637
fwdo4,2026-05-12,15.85,24,34.3868,126.8637
fwdo4,2026-05-13,15.91,24,34.3868,126.8637
fwdo4,2026-05-14,15.98,24,34.3868,126.8637
fwdo4,2026-05-15,16.08,24,34.3868,126.8637
fwdo4,2026-05-16,16.28,24,34.3868,126.8637
fwdo4,2026-05-17,16.32,24,34.3868,126.8637
fwdo4,2026-05-18,16.28,24,34.3868,126.8637
fwdo4,2026-05-19,16.26,24,34.3868,126.8637
fwdo4,2026-05-20,16.05,24,34.3868,126.8637
fwdo4,2026-05-21,16.13,24,34.3868,126.8637
fwdo4,2026-05-22,16.4,24,34.3868,126.8637
fwdo4,2026-05-23,16.63,24,34.3868,126.8637
fwdo4,2026-05-24,17.05,24,34.3868,126.8637
fwdo4,2026-05-25,17.25,24,34.3868,126.8637
fwdo4,2026-05-26,17.32,24,34.3868,126.8637
fwdo4,2026-05-27,17.36,24,34.3868,126.8637
fwdo4,2026-05-28,17.56,24,34.3868,126.8637
fwdo4,2026-05-29,18.06,24,34.3868,126.8637
fwdo4,2026-05-30,18.25,24,34.3868,126.8637
fwdo4,2026-05-31,18.41,24,34.3868,126.8637
fwdo4,2026-06-01,18.51,24,34.3868,126.8637
fwdo4,2026-06-02,18.49,24,34.3868,126.8637
fwdo4,2026-06-03,18.76,24,34.3868,126.8637
fwdo4,2026-06-04,18.69,24,34.3868,126.8637
fwdo4,2026-06-05,18.92,24,34.3868,126.8637
fwdo4,2026-06-06,18.94,24,34.3868,126.8637
fwdo4,2026-06-07,19.18,24,34.3868,126.8637
fwdo4,2026-06-08,19.42,24,34.3868,126.8637
fwdo4,2026-06-09,19.64,24,34.3868,126.8637
fwdo4,2026-06-10,20.19,24,34.3868,126.8637
fwdo4,2026-06-11,20.11,24,34.3868,126.8637
fwdo4,2026-06-12,20.02,24,34.3868,126.8637
fwdo4,2026-06-13,19.93,24,34.3868,126.8637
fwdo4,2026-06-14,19.76,24,34.3868,126.8637
fwdo4,2026-06-15,19.96,24,34.3868,126.8637
fwdo4,2026-06-16,19.92,24,34.3868,126.8637
fwdo4,2026-06-17,19.6,24,34.3868,126.8637
fwdo4,2026-06-18,19.68,24,34.3868,126.8637
fwdo4,2026-06-19,19.54,24,34.3868,126.8637
fwdo4,2026-06-20,20.04,24,34.3868,126.8637
fwdo4,2026-06-21,20.04,24,34.3868,126.8637
fwdo4,2026-06-22,19.81,24,34.3868,126.8637
fwdo4,2026-06-23,19.62,24,34.3868,126.8637
fwdo4,2026-06-24,19.83,24,34.3868,126.8637
fwdo4,2026-06-25,20.07,24,34.3868,126.8637
fwdo4,2026-06-26,20.72,24,34.3868,126.8637
fwdo4,2026-06-27,20.97,24,34.3868,126.8637
fwdo4,2026-06-28,21.26,24,34.3868,126.8637
fwdo4,2026-06-29,21.45,24,34.3868,126.8637
fwdo4,2026-06-30,21.37,24,34.3868,126.8637
fwdo4,2026-07-01,21.07,24,34.3868,126.8637
fwdo4,2026-07-02,21.27,24,34.3868,126.8637
fwdo4,2026-07-03,21.58,24,34.3868,126.8637
fwdo4,2026-07-04,21.58,24,34.3868,126.8637
fwdo4,2026-07-05,21.55,24,34.3868,126.8637
fwdo4,2026-07-06,21.57,15,34.3868,126.8637
fwdo4,2026-07-07,21.66,24,34.3868,126.8637
fwdo4,2026-07-08,21.9,24,34.3868,126.8637
fwdo4,2026-07-09,22.08,24,34.3868,126.8637
fwdo4,2026-07-10,22.5,24,34.3868,126.8637
fwdo4,2026-07-11,22.82,24,34.3868,126.8637
fwdo4,2026-07-12,22.85,24,34.3868,126.8637
fwdo4,2026-07-13,23.17,24,34.3868,126.8637
fwdo4,2026-07-14,23.3,24,34.3868,126.8637
fwdo4,2026-07-15,22.6,24,34.3868,126.8637
fwdo4,2026-07-16,21.28,24,34.3868,126.8637
fwdo4,2026-07-17,20.37,24,34.3868,126.8637
fwdo4,2026-07-18,20.25,24,34.3868,126.8637
fwdo4,2026-07-19,20.58,24,34.3868,126.8637
fwdo4,2026-07-20,20.81,24,34.3868,126.8637
fwdo4,2026-07-21,21.42,24,34.3868,126.8637
fwdo4,2026-07-22,22.12,24,34.3868,126.8637
fwdo4,2026-07-23,22.74,23,34.3868,126.8637
fwdo4,2026-07-24,23.37,24,34.3868,126.8637
fwdo4,2026-07-25,23.99,24,34.3868,126.8637
fwdo4,2026-07-26,24.37,24,34.3868,126.8637
fwdo4,2026-07-27,24.11,24,34.3868,126.8637
fwdo4,2026-07-28,23.28,24,34.3868,126.8637
fwdo4,2026-07-29,23.37,23,34.3868,126.8637
fwdo4,2026-07-30,23.47,22,34.3868,126.8637
fwdo4,2026-07-31,23.21,24,34.3868,126.8637
fwdo4,2026-08-01,23.1,24,34.3868,126.8637
fwdo4,2026-08-02,22.98,24,34.3868,126.8637
fwdo4,2026-08-03,22.89,24,34.3868,126.8637
fwdo4,2026-08-04,23.02,24,34.3868,126.8637
fwdo4,2026-08-05,23.2,24,34.3868,126.8637
fwdo4,2026-08-06,23.7,24,34.3868,126.8637
fwdo4,2026-08-07,23.68,24,34.3868,126.8637
fwdo4,2026-08-08,23.93,24,34.3868,126.8637
fwdo4,2026-08-09,24.68,24,34.3868,126.8637
fwdo4,2026-08-10,24.93,24,34.3868,126.8637
fwdo4,2026-08-11,24.92,24,34.3868,126.8637
fwdo4,2026-08-12,25.07,24,34.3868,126.8637
fwdo4,2026-08-13,25.53,24,34.3868,126.8637
fwdo4,2026-08-14,25.77,24,34.3868,126.8637
fwdo4,2026-08-15,25.8,24,34.3868,126.8637
fwdo4,2026-08-16,25.68,24,34.3868,126.8637
fwdo4,2026-08-17,25.89,24,34.3868,126.8637
fwdo4,2026-08-18,26.41,24,34.3868,126.8637
fwdo4,2026-08-19,26.85,24,34.3868,126.8637
fwdo4,2026-08-20,27.18,24,34.3868,126.8637
fwdo4,2026-08-21,27.46,24,34.3868,126.8637
fwdo4,2026-08-22,28.02,24,34.3868,126.8637
fwdo4,2026-08-23,28.25,24,34.3868,126.8637
fwdo4,2026-08-24,28.42,24,34.3868,126.8637
fwdo4,2026-08-25,28.55,24,34.3868,126.8637
fwdo4,2026-08-26,28.48,24,34.3868,126.8637
fwdo4,2026-08-27,28.42,24,34.3868,126.8637
fwdo4,2026-08-28,28.24,24,34.3868,126.8637
fwdo4,2026-08-29,28.05,24,34.3868,126.8637
fwdo4,2026-08-30,27.87,24,34.3868,126.8637
fwdo4,2026-08-31,27.64,24,34.3868,126.8637
fwdo4,2026-09-01,27.3,24,34.3868,126.8637
fwdo4,2026-09-02,27.07,24,34.3868,126.8637
fwdo4,2026-09-03,26.82,24,34.3868,126.8637
fwdo4,2026-09-04,26.36,24,34.3868,126.8637
fwdo4,2026-09-05,26.13,24,34.3868,126.8637
fwdo4,2026-09-06,26.34,24,34.3868,126.8637
fwdo4,2026-09-07,26.42,24,34.3868,126.8637
fwdo4,2026-09-08,26.65,24,34.3868,126.8637
fwdo4,2026-09-09,26.5,24,34.3868,126.8637
fwdo4,2026-09-10,26.06,24,34.3868,126.8637
fwdo4,2026-09-11,25.96,24,34.3868,126.8637
fwdo4,2026-09-12,25.91,24,34.3868,126.8637
fwdo4,2026-09-13,26.0,24,34.3868,126.8637
fwdo4,2026-09-14,25.9,24,34.3868,126.8637
fwdo4,2026-09-15,25.78,24,34.3868,126.8637
fwdo4,2026-09-16,25.89,24,34.3868,126.8637
fwdo4,2026-09-17,25.77,24,34.3868,126.8637
fwdo4,2026-09-18,25.68,24,34.3868,126.8637
fwdo4,2026-09-19,25.73,24,34.3868,126.8637
fwdo4,2026-09-20,25.97,24,34.3868,126.8637
fwdo4,2026-09-21,25.95,24,34.3868,126.8637
fwdo4,2026-09-22,25.95,24,34.3868,126.8637
fwdo4,2026-09-23,25.93,24,34.3868,126.8637
fwdo4,2026-09-24,26.01,24,34.3868,126.8637
fwgf1,2026-05-01,15.46,48,34.4347,126.8083
fwgf1,2026-05-02,15.51,48,34.4347,126.8083
fwgf1,2026-05-03,15.34,48,34.4347,126.8083
fwgf1,2026-05-04,15.51,48,34.4347,126.8083
fwgf1,2026-05-05,15.59,48,34.4347,126.8083
fwgf1,2026-05-06,15.92,48,34.4347,126.8083
fwgf1,2026-05-07,16.34,48,34.4347,126.8083
fwgf1,2026-05-08,16.9,48,34.4347,126.8083
fwgf1,2026-05-09,16.69,48,34.4347,126.8083
fwgf1,2026-05-10,16.57,48,34.4347,126.8083
fwgf1,2026-05-11,16.7,48,34.4347,126.8083
fwgf1,2026-05-12,16.71,48,34.4347,126.8083
fwgf1,2026-05-13,16.81,48,34.4347,126.8083
fwgf1,2026-05-14,17.07,48,34.4347,126.8083
fwgf1,2026-05-15,17.18,48,34.4347,126.8083
fwgf1,2026-05-16,17.55,48,34.4347,126.8083
fwgf1,2026-05-17,17.95,48,34.4347,126.8083
fwgf1,2026-05-18,18.08,48,34.4347,126.8083
fwgf1,2026-05-19,18.0,48,34.4347,126.8083
fwgf1,2026-05-20,17.74,48,34.4347,126.8083
fwgf1,2026-05-21,18.32,47,34.4347,126.8083
fwgf1,2026-05-22,17.87,47,34.4347,126.8083
fwgf1,2026-05-23,17.89,48,34.4347,126.8083
fwgf1,2026-05-24,18.29,47,34.4347,126.8083
fwgf1,2026-05-25,18.1,48,34.4347,126.8083
fwgf1,2026-05-26,18.13,47,34.4347,126.8083
fwgf1,2026-05-27,18.46,48,34.4347,126.8083
fwgf1,2026-05-28,19.42,48,34.4347,126.8083
fwgf1,2026-05-29,19.5,48,34.4347,126.8083
fwgf1,2026-05-30,19.5,48,34.4347,126.8083
fwgf1,2026-05-31,19.7,48,34.4347,126.8083
fwgf1,2026-06-01,19.73,48,34.4347,126.8083
fwgf1,2026-06-02,19.67,48,34.4347,126.8083
fwgf1,2026-06-03,20.59,48,34.4347,126.8083
fwgf1,2026-06-04,20.35,48,34.4347,126.8083
fwgf1,2026-06-05,21.17,48,34.4347,126.8083
fwgf1,2026-06-06,20.26,48,34.4347,126.8083
fwgf1,2026-06-07,20.18,48,34.4347,126.8083
fwgf1,2026-06-08,20.91,48,34.4347,126.8083
fwgf1,2026-06-09,20.56,48,34.4347,126.8083
fwgf1,2026-06-10,20.75,48,34.4347,126.8083
fwgf1,2026-06-11,21.65,48,34.4347,126.8083
fwgf1,2026-06-12,21.46,48,34.4347,126.8083
fwgf1,2026-06-13,21.21,48,34.4347,126.8083
fwgf1,2026-06-14,21.31,48,34.4347,126.8083
fwgf1,2026-06-15,21.48,48,34.4347,126.8083
fwgf1,2026-06-16,21.43,48,34.4347,126.8083
fwgf1,2026-06-17,21.29,15,34.4347,126.8083
fwgf1,2026-06-18,21.5,48,34.4347,126.8083
fwgf1,2026-06-19,21.48,48,34.4347,126.8083
fwgf1,2026-06-20,21.99,48,34.4347,126.8083
fwgf1,2026-06-21,22.18,48,34.4347,126.8083
fwgf1,2026-06-22,21.49,48,34.4347,126.8083
fwgf1,2026-06-23,21.01,48,34.4347,126.8083
fwgf1,2026-06-24,20.8,48,34.4347,126.8083
fwgf1,2026-06-25,21.19,48,34.4347,126.8083
fwgf1,2026-06-26,22.14,48,34.4347,126.8083
fwgf1,2026-06-27,22.03,48,34.4347,126.8083
fwgf1,2026-06-28,22.31,48,34.4347,126.8083
fwgf1,2026-06-29,22.6,48,34.4347,126.8083
fwgf1,2026-06-30,22.77,48,34.4347,126.8083
fwgf1,2026-07-01,22.54,48,34.4347,126.8083
fwgf1,2026-07-02,22.9,48,34.4347,126.8083
fwgf1,2026-07-03,23.01,48,34.4347,126.8083
fwgf1,2026-07-04,22.92,48,34.4347,126.8083
fwgf1,2026-07-05,23.06,48,34.4347,126.8083
fwgf1,2026-07-06,23.25,48,34.4347,126.8083
fwgf1,2026-07-07,23.27,48,34.4347,126.8083
fwgf1,2026-07-08,23.25,48,34.4347,126.8083
fwgf1,2026-07-09,23.58,48,34.4347,126.8083
fwgf1,2026-07-10,23.67,48,34.4347,126.8083
fwgf1,2026-07-11,24.05,48,34.4347,126.8083
fwgf1,2026-07-12,23.86,48,34.4347,126.8083
fwgf1,2026-07-13,24.21,48,34.4347,126.8083
fwgf1,2026-07-14,24.8,48,34.4347,126.8083
fwgf1,2026-07-15,25.2,48,34.4347,126.8083
fwgf1,2026-07-16,24.86,48,34.4347,126.8083
fwgf1,2026-07-17,24.56,48,34.4347,126.8083
fwgf1,2026-07-18,24.58,48,34.4347,126.8083
fwgf1,2026-07-19,24.55,48,34.4347,126.8083
fwgf1,2026-07-20,24.54,48,34.4347,126.8083
fwgf1,2026-07-21,24.8,48,34.4347,126.8083
fwgf1,2026-07-22,25.31,48,34.4347,126.8083
fwgf1,2026-07-23,26.21,48,34.4347,126.8083
fwgf1,2026-07-24,26.87,48,34.4347,126.8083
fwgf1,2026-07-25,27.04,48,34.4347,126.8083
fwgf1,2026-07-26,27.93,48,34.4347,126.8083
fwgf1,2026-07-27,27.01,48,34.4347,126.8083
fwgf1,2026-07-28,26.75,48,34.4347,126.8083
fwgf1,2026-07-29,26.35,48,34.4347,126.8083
fwgf1,2026-07-30,25.98,48,34.4347,126.8083
fwgf1,2026-07-31,25.6,48,34.4347,126.8083
fwgf1,2026-08-01,25.44,48,34.4347,126.8083
fwgf1,2026-08-02,25.41,48,34.4347,126.8083
fwgf1,2026-08-03,25.46,48,34.4347,126.8083
fwgf1,2026-08-04,25.48,48,34.4347,126.8083
fwgf1,2026-08-05,25.68,48,34.4347,126.8083
fwgf1,2026-08-06,25.81,48,34.4347,126.8083
fwgf1,2026-08-07,25.82,48,34.4347,126.8083
fwgf1,2026-08-08,24.67,48,34.4347,126.8083
fwgf1,2026-08-09,24.63,48,34.4347,126.8083
fwgf1,2026-08-10,25.35,48,34.4347,126.8083
fwgf1,2026-08-11,25.6,48,34.4347,126.8083
fwgf1,2026-08-12,25.76,48,34.4347,126.8083
fwgf1,2026-08-13,26.05,48,34.4347,126.8083
fwgf1,2026-08-14,26.28,48,34.4347,126.8083
fwgf1,2026-08-15,26.3,48,34.4347,126.8083
fwgf1,2026-08-16,26.12,48,34.4347,126.8083
fwgf1,2026-08-17,26.23,48,34.4347,126.8083
fwgf1,2026-08-18,26.5,48,34.4347,126.8083
fwgf1,2026-08-19,26.87,48,34.4347,126.8083
fwgf1,2026-08-20,27.24,48,34.4347,126.8083
fwgf1,2026-08-21,27.61,48,34.4347,126.8083
fwgf1,2026-08-22,27.76,48,34.4347,126.8083
fwgf1,2026-08-23,27.9,48,34.4347,126.8083
fwgf1,2026-08-24,28.54,48,34.4347,126.8083
fwgf1,2026-08-25,28.88,48,34.4347,126.8083
fwgf1,2026-08-26,28.84,48,34.4347,126.8083
fwgf1,2026-08-27,28.78,48,34.4347,126.8083
fwgf1,2026-08-28,28.68,48,34.4347,126.8083
fwgf1,2026-08-29,28.74,48,34.4347,126.8083
fwgf1,2026-08-30,28.68,48,34.4347,126.8083
fwgf1,2026-08-31,28.56,48,34.4347,126.8083
fwgf1,2026-09-01,28.44,48,34.4347,126.8083
fwgf1,2026-09-02,28.45,48,34.4347,126.8083
fwgf1,2026-09-03,28.3,48,34.4347,126.8083
fwgf1,2026-09-04,27.47,48,34.4347,126.8083
fwgf1,2026-09-05,26.75,48,34.4347,126.8083
fwgf1,2026-09-06,26.41,48,34.4347,126.8083
fwgf1,2026-09-07,26.47,48,34.4347,126.8083
fwgf1,2026-09-08,26.71,48,34.4347,126.8083
fwgf1,2026-09-09,26.67,48,34.4347,126.8083
fwgf1,2026-09-10,26.41,48,34.4347,126.8083
fwgf1,2026-09-11,26.44,48,34.4347,126.8083
fwgf1,2026-09-12,26.45,48,34.4347,126.8083
fwgf1,2026-09-13,26.43,48,34.4347,126.8083
fwgf1,2026-09-14,26.17,48,34.4347,126.8083
fwgf1,2026-09-15,25.96,48,34.4347,126.8083
fwgf1,2026-09-16,25.89,48,34.4347,126.8083
fwgf1,2026-09-17,25.76,48,34.4347,126.8083
fwgf1,2026-09-18,25.68,48,34.4347,126.8083
fwgf1,2026-09-19,25.71,48,34.4347,126.8083
fwgf1,2026-09-20,25.84,48,34.4347,126.8083
fwgf1,2026-09-21,25.87,48,34.4347,126.8083
fwgf1,2026-09-22,25.77,48,34.4347,126.8083
fwgf1,2026-09-23,25.75,48,34.4347,126.8083
fwgf1,2026-09-24,25.78,48,34.4347,126.8083
fwgk5,2026-05-01,16.09,23,34.3906,126.644
fwgk5,2026-05-02,15.95,23,34.3906,126.644
fwgk5,2026-05-03,15.73,23,34.3906,126.644
fwgk5,2026-05-04,15.53,23,34.3906,126.644
fwgk5,2026-05-05,15.73,23,34.3906,126.644
fwgk5,2026-05-06,16.43,23,34.3906,126.644
fwgk5,2026-05-07,17.33,23,34.3906,126.644
fwgk5,2026-05-08,17.19,23,34.3906,126.644
fwgk5,2026-05-09,16.77,23,34.3906,126.644
fwgk5,2026-05-10,17.34,23,34.3906,126.644
fwgk5,2026-05-11,18.35,23,34.3906,126.644
fwgk5,2026-05-12,18.7,23,34.3906,126.644
fwgk5,2026-05-13,18.4,23,34.3906,126.644
fwgk5,2026-05-14,18.9,23,34.3906,126.644
fwgk5,2026-05-15,19.26,23,34.3906,126.644
fwgk5,2026-05-16,19.35,23,34.3906,126.644
fwgk5,2026-05-17,19.42,23,34.3906,126.644
fwgk5,2026-05-18,19.57,22,34.3906,126.644
fwgk5,2026-05-19,19.55,23,34.3906,126.644
fwgk5,2026-05-20,19.14,23,34.3906,126.644
fwgk5,2026-05-21,18.72,23,34.3906,126.644
fwgk5,2026-05-22,18.58,23,34.3906,126.644
fwgk5,2026-05-23,19.14,23,34.3906,126.644
fwgk5,2026-05-24,19.6,23,34.3906,126.644
fwgk5,2026-05-25,20.01,23,34.3906,126.644
fwgk5,2026-05-26,20.4,23,34.3906,126.644
fwgk5,2026-05-27,20.49,23,34.3906,126.644
fwgk5,2026-05-28,20.16,23,34.3906,126.644
fwgk5,2026-05-29,20.08,23,34.3906,126.644
fwgk5,2026-05-30,20.32,23,34.3906,126.644
fwgk5,2026-05-31,20.75,23,34.3906,126.644
fwgk5,2026-06-01,21.11,23,34.3906,126.644
fwgk5,2026-06-02,21.0,23,34.3906,126.644
fwgk5,2026-06-03,21.0,23,34.3906,126.644
fwgk5,2026-06-04,21.13,23,34.3906,126.644
fwgk5,2026-06-05,21.04,23,34.3906,126.644
fwgk5,2026-06-06,20.84,23,34.3906,126.644
fwgk5,2026-06-07,21.68,23,34.3906,126.644
fwgk5,2026-06-08,21.44,23,34.3906,126.644
fwgk5,2026-06-09,20.97,23,34.3906,126.644
fwgk5,2026-06-10,21.4,23,34.3906,126.644
fwgk5,2026-06-11,21.56,23,34.3906,126.644
fwgk5,2026-06-12,21.7,23,34.3906,126.644
fwgk5,2026-06-13,22.14,23,34.3906,126.644
fwgk5,2026-06-14,22.75,23,34.3906,126.644
fwgk5,2026-06-15,23.07,23,34.3906,126.644
fwgk5,2026-06-16,22.9,23,34.3906,126.644
fwgk5,2026-06-17,22.5,23,34.3906,126.644
fwgk5,2026-06-18,22.72,23,34.3906,126.644
fwgk5,2026-06-19,22.61,23,34.3906,126.644
fwgk5,2026-06-20,22.58,23,34.3906,126.644
fwgk5,2026-06-21,22.22,23,34.3906,126.644
fwgk5,2026-06-22,22.13,23,34.3906,126.644
fwgk5,2026-06-23,22.01,23,34.3906,126.644
fwgk5,2026-06-24,21.92,23,34.3906,126.644
fwgk5,2026-06-25,22.16,23,34.3906,126.644
fwgk5,2026-06-26,22.59,23,34.3906,126.644
fwgk5,2026-06-27,22.81,23,34.3906,126.644
fwgk5,2026-06-28,23.25,23,34.3906,126.644
fwgk5,2026-06-29,23.77,23,34.3906,126.644
fwgk5,2026-06-30,23.92,23,34.3906,126.644
fwgk5,2026-07-01,23.39,23,34.3906,126.644
fwgk5,2026-07-02,23.53,23,34.3906,126.644
fwgk5,2026-07-03,23.62,23,34.3906,126.644
fwgk5,2026-07-04,23.48,23,34.3906,126.644
fwgk5,2026-07-05,23.55,23,34.3906,126.644
fwgk5,2026-07-06,23.58,23,34.3906,126.644
fwgk5,2026-07-07,24.21,23,34.3906,126.644
fwgk5,2026-07-08,24.77,23,34.3906,126.644
fwgk5,2026-07-09,24.9,23,34.3906,126.644
fwgk5,2026-07-10,25.36,23,34.3906,126.644
fwgk5,2026-07-11,26.12,23,34.3906,126.644
fwgk5,2026-07-12,26.57,23,34.3906,126.644
fwgk5,2026-07-13,26.84,23,34.3906,126.644
fwgk5,2026-07-14,26.42,23,34.3906,126.644
fwgk5,2026-07-15,25.83,23,34.3906,126.644
fwgk5,2026-07-16,25.2,23,34.3906,126.644
fwgk5,2026-07-17,25.16,23,34.3906,126.644
fwgk5,2026-07-18,25.43,23,34.3906,126.644
fwgk5,2026-07-19,25.53,23,34.3906,126.644
fwgk5,2026-07-20,25.99,23,34.3906,126.644
fwgk5,2026-07-21,26.36,23,34.3906,126.644
fwgk5,2026-07-22,27.0,23,34.3906,126.644
fwgk5,2026-07-23,27.53,22,34.3906,126.644
fwgk5,2026-07-24,27.77,23,34.3906,126.644
fwgk5,2026-07-25,27.86,23,34.3906,126.644
fwgk5,2026-07-26,28.04,23,34.3906,126.644
fwgk5,2026-07-27,27.83,23,34.3906,126.644
fwgk5,2026-07-28,27.77,23,34.3906,126.644
fwgk5,2026-07-29,27.56,23,34.3906,126.644
fwgk5,2026-07-30,27.25,23,34.3906,126.644
fwgk5,2026-07-31,27.13,23,34.3906,126.644
fwgk5,2026-08-01,27.14,23,34.3906,126.644
fwgk5,2026-08-02,26.9,23,34.3906,126.644
fwgk5,2026-08-03,26.91,23,34.3906,126.644
fwgk5,2026-08-04,27.03,23,34.3906,126.644
fwgk5,2026-08-05,27.24,23,34.3906,126.644
fwgk5,2026-08-06,27.36,23,34.3906,126.644
fwgk5,2026-08-07,27.8,23,34.3906,126.644
fwgk5,2026-08-08,28.09,23,34.3906,126.644
fwgk5,2026-08-09,28.01,23,34.3906,126.644
fwgk5,2026-08-10,27.6,23,34.3906,126.644
fwgk5,2026-08-11,26.83,23,34.3906,126.644
fwgk5,2026-08-12,26.61,23,34.3906,126.644
fwgk5,2026-08-13,26.69,23,34.3906,126.644
fwgk5,2026-08-14,26.99,23,34.3906,126.644
fwgk5,2026-08-15,26.8,23,34.3906,126.644
fwgk5,2026-08-16,26.52,23,34.3906,126.644
fwgk5,2026-08-17,26.67,23,34.3906,126.644
fwgk5,2026-08-18,27.15,23,34.3906,126.644
fwgk5,2026-08-19,27.91,23,34.3906,126.644
fwgk5,2026-08-20,28.37,23,34.3906,126.644
fwgk5,2026-08-21,28.87,23,34.3906,126.644
fwgk5,2026-08-22,29.26,23,34.3906,126.644
fwgk5,2026-08-23,29.56,23,34.3906,126.644
fwgk5,2026-08-24,29.82,23,34.3906,126.644
fwgk5,2026-08-25,29.98,23,34.3906,126.644
fwgk5,2026-08-26,30.05,23,34.3906,126.644
fwgk5,2026-08-27,30.2,23,34.3906,126.644
fwgk5,2026-08-28,29.93,23,34.3906,126.644
fwgk5,2026-08-29,29.55,23,34.3906,126.644
fwgk5,2026-08-30,29.3,23,34.3906,126.644
fwgk5,2026-08-31,29.25,23,34.3906,126.644
fwgk5,2026-09-01,29.09,23,34.3906,126.644
fwgk5,2026-09-02,28.97,23,34.3906,126.644
fwgk5,2026-09-03,28.91,23,34.3906,126.644
fwgk5,2026-09-04,28.3,23,34.3906,126.644
fwgk5,2026-09-05,27.33,23,34.3906,126.644
fwgk5,2026-09-06,27.1,23,34.3906,126.644
fwgk5,2026-09-07,27.08,23,34.3906,126.644
fwgk5,2026-09-08,27.1,23,34.3906,126.644
fwgk5,2026-09-09,26.98,23,34.3906,126.644
fwgk5,2026-09-10,26.38,23,34.3906,126.644
fwgk5,2026-09-11,26.26,23,34.3906,126.644
fwgk5,2026-09-12,26.28,23,34.3906,126.644
fwgk5,2026-09-13,26.39,23,34.3906,126.644
fwgk5,2026-09-14,26.16,23,34.3906,126.644
fwgk5,2026-09-15,25.85,23,34.3906,126.644
fwgk5,2026-09-16,25.84,23,34.3906,126.644
fwgk5,2026-09-17,25.82,23,34.3906,126.644
fwgk5,2026-09-18,25.57,23,34.3906,126.644
fwgk5,2026-09-19,25.67,23,34.3906,126.644
fwgk5,2026-09-20,25.89,23,34.3906,126.644
fwgk5,2026-09-21,25.89,23,34.3906,126.644
fwgk5,2026-09-22,26.04,23,34.3906,126.644
fwgk5,2026-09-23,26.14,23,34.3906,126.644
fwgk5,2026-09-24,26.15,23,34.3906,126.644
fwgk8,2026-05-01,15.28,24,34.409,126.7147
fwgk8,2026-05-02,15.22,24,34.409,126.7147
fwgk8,2026-05-03,15.12,24,34.409,126.7147
fwgk8,2026-05-04,14.85,24,34.409,126.7147
fwgk8,2026-05-05,15.21,24,34.409,126.7147
fwgk8,2026-05-06,15.78,24,34.409,126.7147
fwgk8,2026-05-07,16.06,24,34.409,126.7147
fwgk8,2026-05-08,15.68,24,34.409,126.7147
fwgk8,2026-05-09,16.22,24,34.409,126.7147
fwgk8,2026-05-10,16.8,24,34.409,126.7147
fwgk8,2026-05-11,17.47,24,34.409,126.7147
fwgk8,2026-05-12,17.35,24,34.409,126.7147
fwgk8,2026-05-13,17.4,24,34.409,126.7147
fwgk8,2026-05-14,17.67,24,34.409,126.7147
fwgk8,2026-05-15,17.82,24,34.409,126.7147
fwgk8,2026-05-16,17.82,24,34.409,126.7147
fwgk8,2026-05-17,17.76,24,34.409,126.7147
fwgk8,2026-05-18,17.95,24,34.409,126.7147
fwgk8,2026-05-19,18.02,24,34.409,126.7147
fwgk8,2026-05-20,17.95,24,34.409,126.7147
fwgk8,2026-05-21,17.62,24,34.409,126.7147
fwgk8,2026-05-22,18.14,24,34.409,126.7147
fwgk8,2026-05-23,18.47,24,34.409,126.7147
fwgk8,2026-05-24,18.69,24,34.409,126.7147
fwgk8,2026-05-25,19.24,24,34.409,126.7147
fwgk8,2026-05-26,19.5,24,34.409,126.7147
fwgk8,2026-05-27,19.47,24,34.409,126.7147
fwgk8,2026-05-28,19.22,24,34.409,126.7147
fwgk8,2026-05-29,19.22,24,34.409,126.7147
fwgk8,2026-05-30,19.62,24,34.409,126.7147
fwgk8,2026-05-31,19.9,24,34.409,126.7147
fwgk8,2026-06-01,20.24,24,34.409,126.7147
fwgk8,2026-06-02,20.32,24,34.409,126.7147
fwgk8,2026-06-03,20.18,24,34.409,126.7147
fwgk8,2026-06-04,20.3,24,34.409,126.7147
fwgk8,2026-06-05,19.95,24,34.409,126.7147
fwgk8,2026-06-06,20.65,24,34.409,126.7147
fwgk8,2026-06-07,21.05,24,34.409,126.7147
fwgk8,2026-06-08,20.49,24,34.409,126.7147
fwgk8,2026-06-09,20.65,24,34.409,126.7147
fwgk8,2026-06-10,20.79,24,34.409,126.7147
fwgk8,2026-06-11,20.97,24,34.409,126.7147
fwgk8,2026-06-12,21.25,24,34.409,126.7147
fwgk8,2026-06-13,21.49,24,34.409,126.7147
fwgk8,2026-06-14,21.86,24,34.409,126.7147
fwgk8,2026-06-15,22.01,24,34.409,126.7147
fwgk8,2026-06-16,22.14,24,34.409,126.7147
fwgk8,2026-06-17,21.98,24,34.409,126.7147
fwgk8,2026-06-18,22.03,24,34.409,126.7147
fwgk8,2026-06-19,21.88,24,34.409,126.7147
fwgk8,2026-06-20,21.93,24,34.409,126.7147
fwgk8,2026-06-21,21.81,24,34.409,126.7147
fwgk8,2026-06-22,22.25,24,34.409,126.7147
fwgk8,2026-06-23,22.29,24,34.409,126.7147
fwgk8,2026-06-24,22.25,24,34.409,126.7147
fwgk8,2026-06-25,22.13,24,34.409,126.7147
fwgk8,2026-06-26,22.16,24,34.409,126.7147
fwgk8,2026-06-27,22.69,24,34.409,126.7147
fwgk8,2026-06-28,23.01,24,34.409,126.7147
fwgk8,2026-06-29,23.42,24,34.409,126.7147
fwgk8,2026-06-30,23.63,24,34.409,126.7147
fwgk8,2026-07-01,23.48,24,34.409,126.7147
fwgk8,2026-07-02,23.61,24,34.409,126.7147
fwgk8,2026-07-03,23.68,24,34.409,126.7147
fwgk8,2026-07-04,23.72,24,34.409,126.7147
fwgk8,2026-07-05,23.73,24,34.409,126.7147
fwgk8,2026-07-06,23.8,24,34.409,126.7147
fwgk8,2026-07-07,24.22,24,34.409,126.7147
fwgk8,2026-07-08,25.2,24,34.409,126.7147
fwgk8,2026-07-09,25.08,24,34.409,126.7147
fwgk8,2026-07-10,25.8,24,34.409,126.7147
fwgk8,2026-07-16,24.5,13,34.409,126.7147
fwgk8,2026-07-17,24.25,24,34.409,126.7147
fwgk8,2026-07-18,24.4,24,34.409,126.7147
fwgk8,2026-07-19,24.49,24,34.409,126.7147
fwgk8,2026-07-20,24.7,24,34.409,126.7147
fwgk8,2026-07-21,24.93,23,34.409,126.7147
fwgk8,2026-07-22,24.97,24,34.409,126.7147
fwgk8,2026-07-23,25.19,22,34.409,126.7147
fwgk8,2026-07-24,25.29,19,34.409,126.7147
fwgk8,2026-07-25,26.05,19,34.409,126.7147
fwgk8,2026-07-26,25.77,21,34.409,126.7147
fwgk8,2026-07-27,26.03,23,34.409,126.7147
fwgk8,2026-07-28,25.92,24,34.409,126.7147
fwgk8,2026-07-29,26.08,24,34.409,126.7147
fwgk8,2026-07-30,25.83,24,34.409,126.7147
fwgk8,2026-07-31,25.72,24,34.409,126.7147
fwgk8,2026-08-01,25.68,24,34.409,126.7147
fwgk8,2026-08-02,25.46,24,34.409,126.7147
fwgk8,2026-08-03,25.51,24,34.409,126.7147
fwgk8,2026-08-04,25.6,23,34.409,126.7147
fwgk8,2026-08-05,25.56,24,34.409,126.7147
fwgk8,2026-08-06,25.43,23,34.409,126.7147
fwgk8,2026-08-07,25.73,22,34.409,126.7147
fwgk8,2026-08-08,27.25,24,34.409,126.7147
fwgk8,2026-08-09,27.36,24,34.409,126.7147
fwgk8,2026-08-10,26.68,24,34.409,126.7147
fwgk8,2026-08-11,26.02,24,34.409,126.7147
fwgk8,2026-08-12,25.76,24,34.409,126.7147
fwgk8,2026-08-13,26.0,24,34.409,126.7147
fwgk8,2026-08-14,26.32,24,34.409,126.7147
fwgk8,2026-08-15,26.4,24,34.409,126.7147
fwgk8,2026-08-16,26.25,24,34.409,126.7147
fwgk8,2026-08-17,26.24,24,34.409,126.7147
fwgk8,2026-08-18,26.62,24,34.409,126.7147
fwgk8,2026-08-19,27.13,24,34.409,126.7147
fwgk8,2026-08-20,27.44,24,34.409,126.7147
fwgk8,2026-08-21,28.07,24,34.409,126.7147
fwgk8,2026-08-22,28.78,24,34.409,126.7147
fwgk8,2026-08-23,28.94,24,34.409,126.7147
fwgk8,2026-08-24,28.85,24,34.409,126.7147
fwgk8,2026-08-25,28.98,23,34.409,126.7147
fwgk8,2026-08-26,29.15,24,34.409,126.7147
fwgk8,2026-08-27,29.32,24,34.409,126.7147
fwgk8,2026-08-28,29.05,23,34.409,126.7147
fwgk8,2026-08-29,28.67,24,34.409,126.7147
fwgk8,2026-08-30,28.39,24,34.409,126.7147
fwgk8,2026-08-31,28.26,24,34.409,126.7147
fwgk8,2026-09-01,28.12,24,34.409,126.7147
fwgk8,2026-09-02,28.1,24,34.409,126.7147
fwgk8,2026-09-03,28.05,24,34.409,126.7147
fwgk8,2026-09-04,27.75,24,34.409,126.7147
fwgk8,2026-09-05,27.44,24,34.409,126.7147
fwgk8,2026-09-06,27.13,24,34.409,126.7147
fwgk8,2026-09-07,26.89,24,34.409,126.7147
fwgk8,2026-09-08,26.7,24,34.409,126.7147
fwgk8,2026-09-09,26.55,24,34.409,126.7147
fwgk8,2026-09-10,26.12,24,34.409,126.7147
fwgk8,2026-09-11,25.99,24,34.409,126.7147
fwgk8,2026-09-12,25.93,24,34.409,126.7147
fwgk8,2026-09-13,26.02,24,34.409,126.7147
fwgk8,2026-09-14,25.88,24,34.409,126.7147
fwgk8,2026-09-15,25.78,24,34.409,126.7147
fwgk8,2026-09-16,25.84,24,34.409,126.7147
fwgk8,2026-09-17,25.81,24,34.409,126.7147
fwgk8,2026-09-18,25.72,24,34.409,126.7147
fwgk8,2026-09-19,25.89,24,34.409,126.7147
fwgk8,2026-09-20,26.01,24,34.409,126.7147
fwgk8,2026-09-21,26.03,24,34.409,126.7147
fwgk8,2026-09-22,26.13,23,34.409,126.7147
fwgk8,2026-09-23,26.07,24,34.409,126.7147
fwgk8,2026-09-24,25.94,24,34.409,126.7147
fwgm6,2026-05-01,14.75,24,34.4402,127.011
fwgm6,2026-05-02,14.75,24,34.4402,127.011
fwgm6,2026-05-03,14.48,24,34.4402,127.011
fwgm6,2026-05-04,14.42,24,34.4402,127.011
fwgm6,2026-05-05,14.7,24,34.4402,127.011
fwgm6,2026-05-06,14.91,24,34.4402,127.011
fwgm6,2026-05-07,15.04,24,34.4402,127.011
fwgm6,2026-05-08,14.88,24,34.4402,127.011
fwgm6,2026-05-09,15.67,24,34.4402,127.011
fwgm6,2026-05-10,16.0,24,34.4402,127.011
fwgm6,2026-05-11,16.3,24,34.4402,127.011
fwgm6,2026-05-12,16.06,24,34.4402,127.011
fwgm6,2026-05-13,16.05,24,34.4402,127.011
fwgm6,2026-05-14,16.07,24,34.4402,127.011
fwgm6,2026-05-15,16.09,24,34.4402,127.011
fwgm6,2026-05-16,16.17,24,34.4402,127.011
fwgm6,2026-05-17,16.26,24,34.4402,127.011
fwgm6,2026-05-18,16.31,24,34.4402,127.011
fwgm6,2026-05-19,16.36,24,34.4402,127.011
fwgm6,2026-05-20,16.48,24,34.4402,127.011
fwgm6,2026-05-21,16.95,24,34.4402,127.011
fwgm6,2026-05-22,17.43,23,34.4402,127.011
fwgm6,2026-05-23,17.35,24,34.4402,127.011
fwgm6,2026-05-24,18.43,24,34.4402,127.011
fwgm6,2026-05-25,19.01,24,34.4402,127.011
fwgm6,2026-05-26,18.97,24,34.4402,127.011
fwgm6,2026-05-27,20.24,24,34.4402,127.011
fwgm6,2026-05-28,20.29,24,34.4402,127.011
fwgm6,2026-05-29,19.3,24,34.4402,127.011
fwgm6,2026-05-30,18.69,24,34.4402,127.011
fwgm6,2026-05-31,18.71,24,34.4402,127.011
fwgm6,2026-06-01,18.72,24,34.4402,127.011
fwgm6,2026-06-02,18.88,24,34.4402,127.011
fwgm6,2026-06-03,19.72,24,34.4402,127.011
fwgm6,2026-06-04,19.25,24,34.4402,127.011
fwgm6,2026-06-05,19.85,24,34.4402,127.011
fwgm6,2026-06-06,20.45,24,34.4402,127.011
fwgm6,2026-06-07,21.04,24,34.4402,127.011
fwgm6,2026-06-08,21.12,24,34.4402,127.011
fwgm6,2026-06-09,21.05,24,34.4402,127.011
fwgm6,2026-06-10,20.75,24,34.4402,127.011
fwgm6,2026-06-11,20.7,24,34.4402,127.011
fwgm6,2026-06-12,20.59,24,34.4402,127.011
fwgm6,2026-06-13,20.25,24,34.4402,127.011
fwgm6,2026-06-14,20.22,24,34.4402,127.011
fwgm6,2026-06-15,20.31,24,34.4402,127.011
fwgm6,2026-06-16,20.4,24,34.4402,127.011
fwgm6,2026-06-17,20.4,24,34.4402,127.011
fwgm6,2026-06-18,20.65,24,34.4402,127.011
fwgm6,2026-06-19,20.54,24,34.4402,127.011
fwgm6,2026-06-20,20.7,24,34.4402,127.011
fwgm6,2026-06-21,20.82,24,34.4402,127.011
fwgm6,2026-06-22,20.61,24,34.4402,127.011
fwgm6,2026-06-23,20.71,24,34.4402,127.011
fwgm6,2026-06-24,22.05,24,34.4402,127.011
fwgm6,2026-06-25,22.77,24,34.4402,127.011
fwgm6,2026-06-26,22.96,24,34.4402,127.011
fwgm6,2026-06-27,22.16,24,34.4402,127.011
fwgm6,2026-06-28,21.87,24,34.4402,127.011
fwgm6,2026-06-29,21.78,24,34.4402,127.011
fwgm6,2026-06-30,21.8,24,34.4402,127.011
fwgm6,2026-07-01,21.66,24,34.4402,127.011
fwgm6,2026-07-02,22.39,24,34.4402,127.011
fwgm6,2026-07-03,22.1,24,34.4402,127.011
fwgm6,2026-07-04,22.1,24,34.4402,127.011
fwgm6,2026-07-05,22.12,24,34.4402,127.011
fwgm6,2026-07-06,22.3,24,34.4402,127.011
fwgm6,2026-07-07,22.5,24,34.4402,127.011
fwgm6,2026-07-08,22.58,24,34.4402,127.011
fwgm6,2026-07-09,22.82,24,34.4402,127.011
fwgm6,2026-07-10,23.15,24,34.4402,127.011
fwgm6,2026-07-11,23.79,24,34.4402,127.011
fwgm6,2026-07-12,23.94,24,34.4402,127.011
fwgm6,2026-07-13,23.69,24,34.4402,127.011
fwgm6,2026-07-14,23.6,24,34.4402,127.011
fwgm6,2026-07-15,23.71,24,34.4402,127.011
fwgm6,2026-07-16,23.4,24,34.4402,127.011
fwgm6,2026-07-17,23.28,24,34.4402,127.011
fwgm6,2026-07-18,23.32,24,34.4402,127.011
fwgm6,2026-07-19,23.22,24,34.4402,127.011
fwgm6,2026-07-20,23.62,24,34.4402,127.011
fwgm6,2026-07-21,24.02,24,34.4402,127.011
fwgm6,2026-07-22,25.14,24,34.4402,127.011
fwgm6,2026-07-23,26.12,24,34.4402,127.011
fwgm6,2026-07-24,27.26,24,34.4402,127.011
fwgm6,2026-07-25,27.82,24,34.4402,127.011
fwgm6,2026-07-26,27.61,24,34.4402,127.011
fwgm6,2026-07-27,26.93,24,34.4402,127.011
fwgm6,2026-07-28,26.04,24,34.4402,127.011
fwgm6,2026-07-29,25.61,22,34.4402,127.011
fwgm6,2026-07-30,25.34,24,34.4402,127.011
fwgm6,2026-07-31,24.36,20,34.4402,127.011
fwgm6,2026-08-01,23.86,24,34.4402,127.011
fwgm6,2026-08-02,23.56,23,34.4402,127.011
fwgm6,2026-08-03,23.58,24,34.4402,127.011
fwgm6,2026-08-04,23.51,23,34.4402,127.011
fwgm6,2026-08-05,23.68,24,34.4402,127.011
fwgm6,2026-08-06,24.27,24,34.4402,127.011
fwgm6,2026-08-07,26.18,24,34.4402,127.011
fwgm6,2026-08-08,27.38,24,34.4402,127.011
fwgm6,2026-08-09,26.37,24,34.4402,127.011
fwgm6,2026-08-10,25.43,23,34.4402,127.011
fwgm6,2026-08-11,25.25,24,34.4402,127.011
fwgm6,2026-08-12,24.99,24,34.4402,127.011
fwgm6,2026-08-13,25.32,24,34.4402,127.011
fwgm6,2026-08-14,25.56,24,34.4402,127.011
fwgm6,2026-08-15,25.53,24,34.4402,127.011
fwgm6,2026-08-16,25.55,24,34.4402,127.011
fwgm6,2026-08-17,25.75,24,34.4402,127.011
fwgm6,2026-08-18,25.91,17,34.4402,127.011
fwgm6,2026-08-19,26.59,24,34.4402,127.011
fwgm6,2026-08-20,26.96,24,34.4402,127.011
fwgm6,2026-08-21,27.11,24,34.4402,127.011
fwgm6,2026-08-22,27.31,24,34.4402,127.011
fwgm6,2026-08-23,27.64,24,34.4402,127.011
fwgm6,2026-08-24,28.14,24,34.4402,127.011
fwgm6,2026-08-25,28.17,24,34.4402,127.011
fwgm6,2026-08-26,27.88,24,34.4402,127.011
fwgm6,2026-08-27,27.79,24,34.4402,127.011
fwgm6,2026-08-28,27.58,24,34.4402,127.011
fwgm6,2026-08-29,27.59,24,34.4402,127.011
fwgm6,2026-08-30,27.56,24,34.4402,127.011
fwgm6,2026-08-31,27.38,24,34.4402,127.011
fwgm6,2026-09-01,27.33,24,34.4402,127.011
fwgm6,2026-09-02,27.26,24,34.4402,127.011
fwgm6,2026-09-03,26.94,24,34.4402,127.011
fwgm6,2026-09-04,26.36,24,34.4402,127.011
fwgm6,2026-09-05,27.34,24,34.4402,127.011
fwgm6,2026-09-06,26.31,24,34.4402,127.011
fwgm6,2026-09-07,26.58,24,34.4402,127.011
fwgm6,2026-09-08,26.58,24,34.4402,127.011
fwgm6,2026-09-09,26.18,24,34.4402,127.011
fwgm6,2026-09-10,25.88,24,34.4402,127.011
fwgm6,2026-09-11,25.86,24,34.4402,127.011
fwgm6,2026-09-12,25.75,24,34.4402,127.011
fwgm6,2026-09-13,25.78,24,34.4402,127.011
fwgm6,2026-09-14,25.65,24,34.4402,127.011
fwgm6,2026-09-15,25.49,24,34.4402,127.011
fwgm6,2026-09-16,25.64,24,34.4402,127.011
fwgm6,2026-09-17,25.38,24,34.4402,127.011
fwgm6,2026-09-18,25.37,24,34.4402,127.011
fwgm6,2026-09-19,25.38,24,34.4402,127.011
fwgm6,2026-09-20,25.53,24,34.4402,127.011
fwgm6,2026-09-21,25.48,24,34.4402,127.011
fwgm6,2026-09-22,25.4,24,34.4402,127.011
fwgm6,2026-09-23,25.41,24,34.4402,127.011
fwgm6,2026-09-24,25.47,24,34.4402,127.011
fwho4,2026-05-01,14.65,24,34.3646,126.7956
fwho4,2026-05-02,14.65,24,34.3646,126.7956
fwho4,2026-05-03,14.45,24,34.3646,126.7956
fwho4,2026-05-04,14.37,24,34.3646,126.7956
fwho4,2026-05-05,14.63,24,34.3646,126.7956
fwho4,2026-05-06,15.0,24,34.3646,126.7956
fwho4,2026-05-07,15.22,24,34.3646,126.7956
fwho4,2026-05-08,15.1,24,34.3646,126.7956
fwho4,2026-05-09,15.49,24,34.3646,126.7956
fwho4,2026-05-10,16.0,24,34.3646,126.7956
fwho4,2026-05-11,16.63,24,34.3646,126.7956
fwho4,2026-05-12,16.55,24,34.3646,126.7956
fwho4,2026-05-13,16.35,24,34.3646,126.7956
fwho4,2026-05-14,16.36,24,34.3646,126.7956
fwho4,2026-05-15,16.44,24,34.3646,126.7956
fwho4,2026-05-16,16.48,24,34.3646,126.7956
fwho4,2026-05-17,16.53,24,34.3646,126.7956
fwho4,2026-05-18,16.61,24,34.3646,126.7956
fwho4,2026-05-19,16.64,24,34.3646,126.7956
fwho4,2026-05-20,16.61,24,34.3646,126.7956
fwho4,2026-05-21,16.64,24,34.3646,126.7956
fwho4,2026-05-22,16.93,24,34.3646,126.7956
fwho4,2026-05-23,17.17,24,34.3646,126.7956
fwho4,2026-05-24,17.69,24,34.3646,126.7956
fwho4,2026-05-25,18.07,24,34.3646,126.7956
fwho4,2026-05-26,18.21,24,34.3646,126.7956
fwho4,2026-05-27,18.2,24,34.3646,126.7956
fwho4,2026-05-28,18.06,24,34.3646,126.7956
fwho4,2026-05-29,18.24,24,34.3646,126.7956
fwho4,2026-05-30,18.32,24,34.3646,126.7956
fwho4,2026-05-31,18.47,24,34.3646,126.7956
fwho4,2026-06-01,18.58,24,34.3646,126.7956
fwho4,2026-06-02,18.85,24,34.3646,126.7956
fwho4,2026-06-03,19.19,24,34.3646,126.7956
fwho4,2026-06-04,19.08,24,34.3646,126.7956
fwho4,2026-06-05,19.21,24,34.3646,126.7956
fwho4,2026-06-06,19.6,24,34.3646,126.7956
fwho4,2026-06-07,19.93,24,34.3646,126.7956
fwho4,2026-06-08,20.0,24,34.3646,126.7956
fwho4,2026-06-09,20.04,24,34.3646,126.7956
fwho4,2026-06-10,20.31,24,34.3646,126.7956
fwho4,2026-06-11,20.24,24,34.3646,126.7956
fwho4,2026-06-12,20.23,24,34.3646,126.7956
fwho4,2026-06-13,20.23,24,34.3646,126.7956
fwho4,2026-06-14,20.35,24,34.3646,126.7956
fwho4,2026-06-15,20.48,24,34.3646,126.7956
fwho4,2026-06-16,20.46,24,34.3646,126.7956
fwho4,2026-06-17,20.27,24,34.3646,126.7956
fwho4,2026-06-18,20.31,24,34.3646,126.7956
fwho4,2026-06-19,20.23,24,34.3646,126.7956
fwho4,2026-06-20,20.23,24,34.3646,126.7956
fwho4,2026-06-21,20.34,24,34.3646,126.7956
fwho4,2026-06-22,20.47,24,34.3646,126.7956
fwho4,2026-06-23,20.42,24,34.3646,126.7956
fwho4,2026-06-24,20.58,24,34.3646,126.7956
fwho4,2026-06-25,21.0,24,34.3646,126.7956
fwho4,2026-06-26,21.47,24,34.3646,126.7956
fwho4,2026-06-27,21.66,24,34.3646,126.7956
fwho4,2026-06-28,21.78,24,34.3646,126.7956
fwho4,2026-06-29,21.98,24,34.3646,126.7956
fwho4,2026-06-30,22.06,24,34.3646,126.7956
fwho4,2026-07-01,21.75,24,34.3646,126.7956
fwho4,2026-07-02,21.96,24,34.3646,126.7956
fwho4,2026-07-03,21.93,24,34.3646,126.7956
fwho4,2026-07-04,22.02,24,34.3646,126.7956
fwho4,2026-07-05,21.9,24,34.3646,126.7956
fwho4,2026-07-06,22.02,24,34.3646,126.7956
fwho4,2026-07-07,22.47,24,34.3646,126.7956
fwho4,2026-07-08,22.57,24,34.3646,126.7956
fwho4,2026-07-09,22.81,24,34.3646,126.7956
fwho4,2026-07-10,23.22,24,34.3646,126.7956
fwho4,2026-07-11,23.69,24,34.3646,126.7956
fwho4,2026-07-12,23.72,24,34.3646,126.7956
fwho4,2026-07-13,23.81,24,34.3646,126.7956
fwho4,2026-07-14,23.72,24,34.3646,126.7956
fwho4,2026-07-15,23.51,24,34.3646,126.7956
fwho4,2026-07-16,23.04,24,34.3646,126.7956
fwho4,2026-07-17,22.7,24,34.3646,126.7956
fwho4,2026-07-18,22.63,24,34.3646,126.7956
fwho4,2026-07-19,22.63,24,34.3646,126.7956
fwho4,2026-07-20,22.86,24,34.3646,126.7956
fwho4,2026-07-21,23.27,24,34.3646,126.7956
fwho4,2026-07-22,24.01,24,34.3646,126.7956
fwho4,2026-07-23,24.69,24,34.3646,126.7956
fwho4,2026-07-24,25.27,24,34.3646,126.7956
fwho4,2026-07-25,25.83,24,34.3646,126.7956
fwho4,2026-07-26,25.88,24,34.3646,126.7956
fwho4,2026-07-27,25.57,24,34.3646,126.7956
fwho4,2026-07-28,24.99,24,34.3646,126.7956
fwho4,2026-07-29,24.42,24,34.3646,126.7956
fwho4,2026-07-30,23.95,24,34.3646,126.7956
fwho4,2026-07-31,23.48,24,34.3646,126.7956
fwho4,2026-08-01,23.31,24,34.3646,126.7956
fwho4,2026-08-02,22.98,24,34.3646,126.7956
fwho4,2026-08-03,22.82,24,34.3646,126.7956
fwho4,2026-08-04,22.92,24,34.3646,126.7956
fwho4,2026-08-05,23.29,24,34.3646,126.7956
fwho4,2026-08-06,23.54,24,34.3646,126.7956
fwho4,2026-08-07,23.9,24,34.3646,126.7956
fwho4,2026-08-08,24.25,24,34.3646,126.7956
fwho4,2026-08-09,24.25,24,34.3646,126.7956
fwho4,2026-08-10,24.38,24,34.3646,126.7956
fwho4,2026-08-11,24.64,24,34.3646,126.7956
fwho4,2026-08-12,24.97,24,34.3646,126.7956
fwho4,2026-08-13,25.38,24,34.3646,126.7956
fwho4,2026-08-14,25.71,24,34.3646,126.7956
fwho4,2026-08-15,25.78,24,34.3646,126.7956
fwho4,2026-08-16,25.81,24,34.3646,126.7956
fwho4,2026-08-17,25.93,24,34.3646,126.7956
fwho4,2026-08-18,26.26,24,34.3646,126.7956
fwho4,2026-08-19,26.69,24,34.3646,126.7956
fwho4,2026-08-20,27.08,24,34.3646,126.7956
fwho4,2026-08-21,27.49,24,34.3646,126.7956
fwho4,2026-08-22,27.87,24,34.3646,126.7956
fwho4,2026-08-23,28.12,24,34.3646,126.7956
fwho4,2026-08-24,28.18,24,34.3646,126.7956
fwho4,2026-08-25,28.24,24,34.3646,126.7956
fwho4,2026-08-26,28.23,24,34.3646,126.7956
fwho4,2026-08-27,28.2,24,34.3646,126.7956
fwho4,2026-08-28,28.01,24,34.3646,126.7956
fwho4,2026-08-29,27.71,24,34.3646,126.7956
fwho4,2026-08-30,27.4,24,34.3646,126.7956
fwho4,2026-08-31,27.19,24,34.3646,126.7956
fwho4,2026-09-01,26.85,24,34.3646,126.7956
fwho4,2026-09-02,26.57,24,34.3646,126.7956
fwho4,2026-09-03,26.35,24,34.3646,126.7956
fwho4,2026-09-04,26.09,24,34.3646,126.7956
fwho4,2026-09-05,25.9,24,34.3646,126.7956
fwho4,2026-09-06,26.0,24,34.3646,126.7956
fwho4,2026-09-07,26.2,24,34.3646,126.7956
fwho4,2026-09-08,26.04,24,34.3646,126.7956
fwho4,2026-09-09,26.1,24,34.3646,126.7956
fwho4,2026-09-10,25.78,24,34.3646,126.7956
fwho4,2026-09-11,25.64,24,34.3646,126.7956
fwho4,2026-09-12,25.55,24,34.3646,126.7956
fwho4,2026-09-13,25.61,24,34.3646,126.7956
fwho4,2026-09-14,25.56,24,34.3646,126.7956
fwho4,2026-09-15,25.43,24,34.3646,126.7956
fwho4,2026-09-16,25.44,24,34.3646,126.7956
fwho4,2026-09-17,25.33,24,34.3646,126.7956
fwho4,2026-09-18,25.28,24,34.3646,126.7956
fwho4,2026-09-19,25.41,24,34.3646,126.7956
fwho4,2026-09-20,25.54,24,34.3646,126.7956
fwho4,2026-09-21,25.52,24,34.3646,126.7956
fwho4,2026-09-22,25.51,24,34.3646,126.7956
fwho4,2026-09-23,25.52,24,34.3646,126.7956
fwho4,2026-09-24,25.52,24,34.3646,126.7956
fwih6,2026-05-01,14.17,48,34.3674,126.9941
fwih6,2026-05-02,14.12,48,34.3674,126.9941
fwih6,2026-05-03,13.99,48,34.3674,126.9941
fwih6,2026-05-04,13.99,48,34.3674,126.9941
fwih6,2026-05-05,14.01,48,34.3674,126.9941
fwih6,2026-05-06,14.04,48,34.3674,126.9941
fwih6,2026-05-07,14.15,48,34.3674,126.9941
fwih6,2026-05-08,14.16,48,34.3674,126.9941
fwih6,2026-05-09,14.42,48,34.3674,126.9941
fwih6,2026-05-10,14.55,48,34.3674,126.9941
fwih6,2026-05-11,14.66,48,34.3674,126.9941
fwih6,2026-05-12,14.7,48,34.3674,126.9941
fwih6,2026-05-13,14.61,48,34.3674,126.9941
fwih6,2026-05-14,14.88,48,34.3674,126.9941
fwih6,2026-05-15,15.04,48,34.3674,126.9941
fwih6,2026-05-16,15.23,48,34.3674,126.9941
fwih6,2026-05-17,15.26,48,34.3674,126.9941
fwih6,2026-05-18,15.28,48,34.3674,126.9941
fwih6,2026-05-19,15.3,48,34.3674,126.9941
fwih6,2026-05-20,15.43,48,34.3674,126.9941
fwih6,2026-05-21,15.57,48,34.3674,126.9941
fwih6,2026-05-22,15.86,48,34.3674,126.9941
fwih6,2026-05-23,16.05,48,34.3674,126.9941
fwih6,2026-05-24,16.37,48,34.3674,126.9941
fwih6,2026-05-25,16.61,48,34.3674,126.9941
fwih6,2026-05-26,16.65,48,34.3674,126.9941
fwih6,2026-05-27,17.03,48,34.3674,126.9941
fwih6,2026-05-28,17.58,48,34.3674,126.9941
fwih6,2026-05-29,17.54,48,34.3674,126.9941
fwih6,2026-05-30,17.54,48,34.3674,126.9941
fwih6,2026-05-31,17.59,48,34.3674,126.9941
fwih6,2026-06-01,17.67,48,34.3674,126.9941
fwih6,2026-06-02,17.75,48,34.3674,126.9941
fwih6,2026-06-03,17.83,48,34.3674,126.9941
fwih6,2026-06-04,17.89,48,34.3674,126.9941
fwih6,2026-06-05,18.16,48,34.3674,126.9941
fwih6,2026-06-06,18.53,48,34.3674,126.9941
fwih6,2026-06-07,18.98,48,34.3674,126.9941
fwih6,2026-06-08,19.14,48,34.3674,126.9941
fwih6,2026-06-09,19.27,48,34.3674,126.9941
fwih6,2026-06-10,19.35,48,34.3674,126.9941
fwih6,2026-06-11,19.29,48,34.3674,126.9941
fwih6,2026-06-12,19.27,48,34.3674,126.9941
fwih6,2026-06-13,19.29,48,34.3674,126.9941
fwih6,2026-06-14,19.3,48,34.3674,126.9941
fwih6,2026-06-15,19.37,48,34.3674,126.9941
fwih6,2026-06-16,19.45,48,34.3674,126.9941
fwih6,2026-06-17,19.41,48,34.3674,126.9941
fwih6,2026-06-18,19.45,48,34.3674,126.9941
fwih6,2026-06-19,19.42,47,34.3674,126.9941
fwih6,2026-06-20,19.57,48,34.3674,126.9941
fwih6,2026-06-21,19.54,48,34.3674,126.9941
fwih6,2026-06-22,19.7,48,34.3674,126.9941
fwih6,2026-06-23,19.86,48,34.3674,126.9941
fwih6,2026-06-24,20.15,48,34.3674,126.9941
fwih6,2026-06-25,20.95,48,34.3674,126.9941
fwih6,2026-06-26,20.85,48,34.3674,126.9941
fwih6,2026-06-27,20.78,48,34.3674,126.9941
fwih6,2026-06-28,20.91,48,34.3674,126.9941
fwih6,2026-06-29,20.94,48,34.3674,126.9941
fwih6,2026-06-30,21.05,48,34.3674,126.9941
fwih6,2026-07-01,21.12,48,34.3674,126.9941
fwih6,2026-07-02,21.23,48,34.3674,126.9941
fwih6,2026-07-03,21.26,48,34.3674,126.9941
fwih6,2026-07-04,21.26,48,34.3674,126.9941
fwih6,2026-07-05,21.26,48,34.3674,126.9941
fwih6,2026-07-06,21.34,48,34.3674,126.9941
fwih6,2026-07-07,21.47,48,34.3674,126.9941
fwih6,2026-07-08,21.66,48,34.3674,126.9941
fwih6,2026-07-09,21.79,48,34.3674,126.9941
fwih6,2026-07-10,21.96,48,34.3674,126.9941
fwih6,2026-07-11,22.09,48,34.3674,126.9941
fwih6,2026-07-12,22.23,48,34.3674,126.9941
fwih6,2026-07-13,22.52,48,34.3674,126.9941
fwih6,2026-07-14,22.51,48,34.3674,126.9941
fwih6,2026-07-15,22.41,48,34.3674,126.9941
fwih6,2026-07-16,21.96,48,34.3674,126.9941
fwih6,2026-07-17,21.74,48,34.3674,126.9941
fwih6,2026-07-18,21.59,48,34.3674,126.9941
fwih6,2026-07-19,21.6,48,34.3674,126.9941
fwih6,2026-07-20,21.75,48,34.3674,126.9941
fwih6,2026-07-21,22.02,48,34.3674,126.9941
fwih6,2026-07-22,22.5,48,34.3674,126.9941
fwih6,2026-07-23,23.2,48,34.3674,126.9941
fwih6,2026-07-24,23.85,48,34.3674,126.9941
fwih6,2026-07-25,24.6,48,34.3674,126.9941
fwih6,2026-07-26,24.84,48,34.3674,126.9941
fwih6,2026-07-27,24.33,48,34.3674,126.9941
fwih6,2026-07-28,23.49,48,34.3674,126.9941
fwih6,2026-07-29,22.72,48,34.3674,126.9941
fwih6,2026-07-30,22.28,48,34.3674,126.9941
fwih6,2026-07-31,21.92,48,34.3674,126.9941
fwih6,2026-08-01,21.62,48,34.3674,126.9941
fwih6,2026-08-02,21.32,48,34.3674,126.9941
fwih6,2026-08-03,21.12,48,34.3674,126.9941
fwih6,2026-08-04,21.13,48,34.3674,126.9941
fwih6,2026-08-05,21.09,48,34.3674,126.9941
fwih6,2026-08-06,21.16,48,34.3674,126.9941
fwih6,2026-08-07,21.16,48,34.3674,126.9941
fwih6,2026-08-08,22.08,48,34.3674,126.9941
fwih6,2026-08-09,23.42,48,34.3674,126.9941
fwih6,2026-08-10,24.01,48,34.3674,126.9941
fwih6,2026-08-11,24.34,48,34.3674,126.9941
fwih6,2026-08-12,24.77,48,34.3674,126.9941
fwih6,2026-08-13,25.06,48,34.3674,126.9941
fwih6,2026-08-14,25.25,48,34.3674,126.9941
fwih6,2026-08-15,25.41,48,34.3674,126.9941
fwih6,2026-08-16,25.49,48,34.3674,126.9941
fwih6,2026-08-17,25.57,48,34.3674,126.9941
fwih6,2026-08-18,25.88,48,34.3674,126.9941
fwih6,2026-08-19,26.22,48,34.3674,126.9941
fwih6,2026-08-20,26.49,48,34.3674,126.9941
fwih6,2026-08-21,26.63,48,34.3674,126.9941
fwih6,2026-08-22,26.89,48,34.3674,126.9941
fwih6,2026-08-23,27.16,48,34.3674,126.9941
fwih6,2026-08-24,27.33,48,34.3674,126.9941
fwih6,2026-08-25,27.43,48,34.3674,126.9941
fwih6,2026-08-26,27.1,48,34.3674,126.9941
fwih6,2026-08-27,26.94,48,34.3674,126.9941
fwih6,2026-08-28,26.85,48,34.3674,126.9941
fwih6,2026-08-29,26.7,48,34.3674,126.9941
fwih6,2026-08-30,26.44,48,34.3674,126.9941
fwih6,2026-08-31,26.09,48,34.3674,126.9941
fwih6,2026-09-01,25.81,48,34.3674,126.9941
fwih6,2026-09-02,25.68,48,34.3674,126.9941
fwih6,2026-09-03,25.42,48,34.3674,126.9941
fwih6,2026-09-04,25.43,48,34.3674,126.9941
fwih6,2026-09-05,25.48,48,34.3674,126.9941
fwih6,2026-09-06,26.44,48,34.3674,126.9941
fwih6,2026-09-07,26.09,48,34.3674,126.9941
fwih6,2026-09-08,26.0,48,34.3674,126.9941
fwih6,2026-09-09,25.85,48,34.3674,126.9941
fwih6,2026-09-10,25.57,48,34.3674,126.9941
fwih6,2026-09-11,25.43,48,34.3674,126.9941
fwih6,2026-09-12,25.44,48,34.3674,126.9941
fwih6,2026-09-13,25.53,48,34.3674,126.9941
fwih6,2026-09-14,25.48,48,34.3674,126.9941
fwih6,2026-09-15,25.48,48,34.3674,126.9941
fwih6,2026-09-16,25.49,48,34.3674,126.9941
fwih6,2026-09-17,25.38,48,34.3674,126.9941
fwih6,2026-09-18,25.29,48,34.3674,126.9941
fwih6,2026-09-19,25.32,48,34.3674,126.9941
fwih6,2026-09-20,25.46,48,34.3674,126.9941
fwih6,2026-09-21,25.43,48,34.3674,126.9941
fwih6,2026-09-22,25.28,48,34.3674,126.9941
fwih6,2026-09-23,25.28,48,34.3674,126.9941
fwih6,2026-09-24,25.3,48,34.3674,126.9941
fwio4,2026-05-01,14.71,23,34.3156,126.6513
fwio4,2026-05-02,14.59,23,34.3156,126.6513
fwio4,2026-05-03,14.55,23,34.3156,126.6513
fwio4,2026-05-04,14.5,23,34.3156,126.6513
fwio4,2026-05-05,14.73,23,34.3156,126.6513
fwio4,2026-05-06,14.87,23,34.3156,126.6513
fwio4,2026-05-07,15.23,23,34.3156,126.6513
fwio4,2026-05-08,15.28,23,34.3156,126.6513
fwio4,2026-05-09,15.34,23,34.3156,126.6513
fwio4,2026-05-10,15.46,23,34.3156,126.6513
fwio4,2026-05-11,15.52,23,34.3156,126.6513
fwio4,2026-05-12,15.5,23,34.3156,126.6513
fwio4,2026-05-13,15.93,23,34.3156,126.6513
fwio4,2026-05-14,16.22,23,34.3156,126.6513
fwio4,2026-05-15,16.44,22,34.3156,126.6513
fwio4,2026-05-16,16.52,23,34.3156,126.6513
fwio4,2026-05-17,16.66,23,34.3156,126.6513
fwio4,2026-05-18,16.79,22,34.3156,126.6513
fwio4,2026-05-19,16.68,23,34.3156,126.6513
fwio4,2026-05-20,16.41,23,34.3156,126.6513
fwio4,2026-05-21,16.72,23,34.3156,126.6513
fwio4,2026-05-22,16.24,23,34.3156,126.6513
fwio4,2026-05-23,16.24,23,34.3156,126.6513
fwio4,2026-05-24,16.53,23,34.3156,126.6513
fwio4,2026-05-25,16.98,23,34.3156,126.6513
fwio4,2026-05-26,16.87,23,34.3156,126.6513
fwio4,2026-05-27,17.3,23,34.3156,126.6513
fwio4,2026-05-28,17.36,23,34.3156,126.6513
fwio4,2026-05-29,17.74,23,34.3156,126.6513
fwio4,2026-05-30,17.79,23,34.3156,126.6513
fwio4,2026-05-31,17.7,23,34.3156,126.6513
fwio4,2026-06-01,17.99,23,34.3156,126.6513
fwio4,2026-06-02,18.4,23,34.3156,126.6513
fwio4,2026-06-03,18.71,23,34.3156,126.6513
fwio4,2026-06-04,18.27,23,34.3156,126.6513
fwio4,2026-06-05,18.65,23,34.3156,126.6513
fwio4,2026-06-06,18.37,23,34.3156,126.6513
fwio4,2026-06-07,18.63,23,34.3156,126.6513
fwio4,2026-06-08,18.7,23,34.3156,126.6513
fwio4,2026-06-09,18.63,23,34.3156,126.6513
fwio4,2026-06-10,18.5,23,34.3156,126.6513
fwio4,2026-06-11,19.19,23,34.3156,126.6513
fwio4,2026-06-12,19.11,23,34.3156,126.6513
fwio4,2026-06-13,19.34,23,34.3156,126.6513
fwio4,2026-06-14,19.63,23,34.3156,126.6513
fwio4,2026-06-15,19.93,23,34.3156,126.6513
fwio4,2026-06-16,19.56,23,34.3156,126.6513
fwio4,2026-06-17,19.5,23,34.3156,126.6513
fwio4,2026-06-18,19.93,23,34.3156,126.6513
fwio4,2026-06-19,19.73,23,34.3156,126.6513
fwio4,2026-06-20,20.27,23,34.3156,126.6513
fwio4,2026-06-21,20.35,23,34.3156,126.6513
fwio4,2026-06-22,19.73,23,34.3156,126.6513
fwio4,2026-06-23,19.57,23,34.3156,126.6513
fwio4,2026-06-24,19.84,23,34.3156,126.6513
fwio4,2026-06-25,19.98,23,34.3156,126.6513
fwio4,2026-06-26,20.31,23,34.3156,126.6513
fwio4,2026-06-27,20.57,23,34.3156,126.6513
fwio4,2026-06-28,20.83,23,34.3156,126.6513
fwio4,2026-06-29,20.99,23,34.3156,126.6513
fwio4,2026-06-30,21.02,23,34.3156,126.6513
fwio4,2026-07-01,21.02,23,34.3156,126.6513
fwio4,2026-07-02,21.35,23,34.3156,126.6513
fwio4,2026-07-03,21.22,23,34.3156,126.6513
fwio4,2026-07-04,21.21,23,34.3156,126.6513
fwio4,2026-07-05,21.55,23,34.3156,126.6513
fwio4,2026-07-06,21.68,23,34.3156,126.6513
fwio4,2026-07-07,21.71,23,34.3156,126.6513
fwio4,2026-07-08,21.9,23,34.3156,126.6513
fwio4,2026-07-09,22.14,23,34.3156,126.6513
fwio4,2026-07-10,22.02,23,34.3156,126.6513
fwio4,2026-07-11,22.13,23,34.3156,126.6513
fwio4,2026-07-12,22.14,23,34.3156,126.6513
fwio4,2026-07-13,22.36,23,34.3156,126.6513
fwio4,2026-07-14,22.82,23,34.3156,126.6513
fwio4,2026-07-15,23.11,23,34.3156,126.6513
fwio4,2026-07-16,22.51,23,34.3156,126.6513
fwio4,2026-07-17,22.22,23,34.3156,126.6513
fwio4,2026-07-18,22.19,23,34.3156,126.6513
fwio4,2026-07-19,22.31,23,34.3156,126.6513
fwio4,2026-07-20,22.51,23,34.3156,126.6513
fwio4,2026-07-21,22.72,23,34.3156,126.6513
fwio4,2026-07-22,22.74,23,34.3156,126.6513
fwio4,2026-07-23,22.96,23,34.3156,126.6513
fwio4,2026-07-24,23.04,23,34.3156,126.6513
fwio4,2026-07-25,23.39,23,34.3156,126.6513
fwio4,2026-07-26,23.52,23,34.3156,126.6513
fwio4,2026-07-27,23.44,23,34.3156,126.6513
fwio4,2026-07-28,23.44,22,34.3156,126.6513
fwio4,2026-07-29,23.97,23,34.3156,126.6513
fwio4,2026-07-30,23.8,21,34.3156,126.6513
fwio4,2026-07-31,23.45,21,34.3156,126.6513
fwio4,2026-08-01,23.41,20,34.3156,126.6513
fwio4,2026-08-02,22.9,22,34.3156,126.6513
fwio4,2026-08-03,22.72,21,34.3156,126.6513
fwio4,2026-08-04,22.63,22,34.3156,126.6513
fwio4,2026-08-05,22.4,23,34.3156,126.6513
fwio4,2026-08-06,22.32,23,34.3156,126.6513
fwio4,2026-08-07,22.16,23,34.3156,126.6513
fwio4,2026-08-08,21.77,23,34.3156,126.6513
fwio4,2026-08-09,22.17,23,34.3156,126.6513
fwio4,2026-08-10,23.16,23,34.3156,126.6513
fwio4,2026-08-11,24.14,23,34.3156,126.6513
fwio4,2026-08-12,24.8,23,34.3156,126.6513
fwio4,2026-08-13,25.24,23,34.3156,126.6513
fwio4,2026-08-14,25.5,23,34.3156,126.6513
fwio4,2026-08-15,25.53,23,34.3156,126.6513
fwio4,2026-08-16,25.53,23,34.3156,126.6513
fwio4,2026-08-17,25.93,23,34.3156,126.6513
fwio4,2026-08-18,26.2,23,34.3156,126.6513
fwio4,2026-08-19,26.52,23,34.3156,126.6513
fwio4,2026-08-20,26.73,23,34.3156,126.6513
fwio4,2026-08-21,26.86,23,34.3156,126.6513
fwio4,2026-08-22,26.96,23,34.3156,126.6513
fwio4,2026-08-23,27.35,23,34.3156,126.6513
fwio4,2026-08-24,27.84,23,34.3156,126.6513
fwio4,2026-08-25,28.17,23,34.3156,126.6513
fwio4,2026-08-26,28.2,23,34.3156,126.6513
fwio4,2026-08-27,28.12,23,34.3156,126.6513
fwio4,2026-08-28,27.64,23,34.3156,126.6513
fwio4,2026-08-29,27.3,23,34.3156,126.6513
fwio4,2026-08-30,26.79,23,34.3156,126.6513
fwio4,2026-08-31,26.44,23,34.3156,126.6513
fwio4,2026-09-01,26.1,23,34.3156,126.6513
fwio4,2026-09-02,25.7,23,34.3156,126.6513
fwio4,2026-09-03,25.19,23,34.3156,126.6513
fwio4,2026-09-04,24.56,23,34.3156,126.6513
fwio4,2026-09-05,23.92,23,34.3156,126.6513
fwio4,2026-09-06,24.02,23,34.3156,126.6513
fwio4,2026-09-07,24.77,23,34.3156,126.6513
fwio4,2026-09-08,24.98,23,34.3156,126.6513
fwio4,2026-09-09,25.12,23,34.3156,126.6513
fwio4,2026-09-10,24.96,23,34.3156,126.6513
fwio4,2026-09-11,24.93,23,34.3156,126.6513
fwio4,2026-09-12,25.18,23,34.3156,126.6513
fwio4,2026-09-13,25.39,23,34.3156,126.6513
fwio4,2026-09-14,25.34,23,34.3156,126.6513
fwio4,2026-09-15,25.24,23,34.3156,126.6513
fwio4,2026-09-16,25.21,23,34.3156,126.6513
fwio4,2026-09-17,25.13,23,34.3156,126.6513
fwio4,2026-09-18,25.16,23,34.3156,126.6513
fwio4,2026-09-19,25.28,23,34.3156,126.6513
fwio4,2026-09-20,25.35,23,34.3156,126.6513
fwio4,2026-09-21,25.3,23,34.3156,126.6513
fwio4,2026-09-22,25.24,23,34.3156,126.6513
fwio4,2026-09-23,25.35,23,34.3156,126.6513
fwio4,2026-09-24,25.35,23,34.3156,126.6513
fwjl6,2026-05-01,13.94,23,34.2899,126.7388
fwjl6,2026-05-02,13.98,23,34.2899,126.7388
fwjl6,2026-05-03,13.77,23,34.2899,126.7388
fwjl6,2026-05-04,13.66,23,34.2899,126.7388
fwjl6,2026-05-05,13.92,23,34.2899,126.7388
fwjl6,2026-05-06,13.98,23,34.2899,126.7388
fwjl6,2026-05-07,14.1,23,34.2899,126.7388
fwjl6,2026-05-08,13.88,23,34.2899,126.7388
fwjl6,2026-05-09,13.9,23,34.2899,126.7388
fwjl6,2026-05-10,14.2,23,34.2899,126.7388
fwjl6,2026-05-11,14.78,23,34.2899,126.7388
fwjl6,2026-05-12,14.71,23,34.2899,126.7388
fwjl6,2026-05-13,14.66,23,34.2899,126.7388
fwjl6,2026-05-14,14.82,23,34.2899,126.7388
fwjl6,2026-05-15,15.2,23,34.2899,126.7388
fwjl6,2026-05-16,15.32,23,34.2899,126.7388
fwjl6,2026-05-17,15.14,23,34.2899,126.7388
fwjl6,2026-05-18,15.31,23,34.2899,126.7388
fwjl6,2026-05-19,15.27,23,34.2899,126.7388
fwjl6,2026-05-20,15.11,23,34.2899,126.7388
fwjl6,2026-05-21,14.9,23,34.2899,126.7388
fwjl6,2026-05-22,15.39,23,34.2899,126.7388
fwjl6,2026-05-23,15.62,23,34.2899,126.7388
fwjl6,2026-05-24,15.88,23,34.2899,126.7388
fwjl6,2026-05-25,15.87,23,34.2899,126.7388
fwjl6,2026-05-26,16.2,23,34.2899,126.7388
fwjl6,2026-05-27,16.33,23,34.2899,126.7388
fwjl6,2026-05-28,16.09,23,34.2899,126.7388
fwjl6,2026-05-29,16.32,23,34.2899,126.7388
fwjl6,2026-05-30,16.41,23,34.2899,126.7388
fwjl6,2026-05-31,16.63,23,34.2899,126.7388
fwjl6,2026-06-01,17.07,23,34.2899,126.7388
fwjl6,2026-06-02,17.11,23,34.2899,126.7388
fwjl6,2026-06-03,16.98,23,34.2899,126.7388
fwjl6,2026-06-04,17.17,23,34.2899,126.7388
fwjl6,2026-06-05,17.46,23,34.2899,126.7388
fwjl6,2026-06-06,17.24,23,34.2899,126.7388
fwjl6,2026-06-07,17.93,23,34.2899,126.7388
fwjl6,2026-06-08,18.08,23,34.2899,126.7388
fwjl6,2026-06-09,17.93,22,34.2899,126.7388
fwjl6,2026-06-10,18.32,23,34.2899,126.7388
fwjl6,2026-06-11,18.24,23,34.2899,126.7388
fwjl6,2026-06-12,18.23,23,34.2899,126.7388
fwjl6,2026-06-13,18.27,23,34.2899,126.7388
fwjl6,2026-06-14,18.53,23,34.2899,126.7388
fwjl6,2026-06-15,18.57,23,34.2899,126.7388
fwjl6,2026-06-16,18.3,23,34.2899,126.7388
fwjl6,2026-06-17,18.4,23,34.2899,126.7388
fwjl6,2026-06-18,18.8,23,34.2899,126.7388
fwjl6,2026-06-19,18.76,23,34.2899,126.7388
fwjl6,2026-06-20,19.04,23,34.2899,126.7388
fwjl6,2026-06-21,19.23,23,34.2899,126.7388
fwjl6,2026-06-22,18.85,23,34.2899,126.7388
fwjl6,2026-06-23,18.97,23,34.2899,126.7388
fwjl6,2026-06-24,19.31,23,34.2899,126.7388
fwjl6,2026-06-25,19.65,23,34.2899,126.7388
fwjl6,2026-06-26,19.87,23,34.2899,126.7388
fwjl6,2026-06-27,19.95,23,34.2899,126.7388
fwjl6,2026-06-28,20.09,23,34.2899,126.7388
fwjl6,2026-06-29,20.43,23,34.2899,126.7388
fwjl6,2026-06-30,20.34,23,34.2899,126.7388
fwjl6,2026-07-01,20.19,23,34.2899,126.7388
fwjl6,2026-07-02,20.55,23,34.2899,126.7388
fwjl6,2026-07-03,20.58,23,34.2899,126.7388
fwjl6,2026-07-04,20.39,23,34.2899,126.7388
fwjl6,2026-07-05,20.38,23,34.2899,126.7388
fwjl6,2026-07-06,20.52,23,34.2899,126.7388
fwjl6,2026-07-07,20.77,23,34.2899,126.7388
fwjl6,2026-07-08,20.77,23,34.2899,126.7388
fwjl6,2026-07-09,21.07,23,34.2899,126.7388
fwjl6,2026-07-10,21.42,23,34.2899,126.7388
fwjl6,2026-07-11,21.77,23,34.2899,126.7388
fwjl6,2026-07-12,21.72,23,34.2899,126.7388
fwjl6,2026-07-13,22.16,22,34.2899,126.7388
fwjl6,2026-07-14,21.83,23,34.2899,126.7388
fwjl6,2026-07-15,21.47,23,34.2899,126.7388
fwjl6,2026-07-16,20.89,23,34.2899,126.7388
fwjl6,2026-07-17,20.57,23,34.2899,126.7388
fwjl6,2026-07-18,20.45,23,34.2899,126.7388
fwjl6,2026-07-19,20.29,23,34.2899,126.7388
fwjl6,2026-07-20,20.39,23,34.2899,126.7388
fwjl6,2026-07-21,20.47,23,34.2899,126.7388
fwjl6,2026-07-22,20.82,23,34.2899,126.7388
fwjl6,2026-07-23,21.1,23,34.2899,126.7388
fwjl6,2026-07-24,21.93,23,34.2899,126.7388
fwjl6,2026-07-25,22.41,23,34.2899,126.7388
fwjl6,2026-07-26,21.89,23,34.2899,126.7388
fwjl6,2026-07-27,21.71,23,34.2899,126.7388
fwjl6,2026-07-28,20.95,23,34.2899,126.7388
fwjl6,2026-07-29,20.13,23,34.2899,126.7388
fwjl6,2026-07-30,19.8,23,34.2899,126.7388
fwjl6,2026-07-31,19.61,22,34.2899,126.7388
fwjl6,2026-08-01,19.73,23,34.2899,126.7388
fwjl6,2026-08-02,19.92,23,34.2899,126.7388
fwjl6,2026-08-03,19.89,23,34.2899,126.7388
fwjl6,2026-08-04,20.09,23,34.2899,126.7388
fwjl6,2026-08-05,20.4,23,34.2899,126.7388
fwjl6,2026-08-06,20.53,23,34.2899,126.7388
fwjl6,2026-08-07,21.46,23,34.2899,126.7388
fwjl6,2026-08-08,22.66,23,34.2899,126.7388
fwjl6,2026-08-09,23.18,23,34.2899,126.7388
fwjl6,2026-08-10,24.31,23,34.2899,126.7388
fwjl6,2026-08-11,25.12,23,34.2899,126.7388
fwjl6,2026-08-12,25.43,23,34.2899,126.7388
fwjl6,2026-08-13,26.12,23,34.2899,126.7388
fwjl6,2026-08-14,26.22,23,34.2899,126.7388
fwjl6,2026-08-15,25.74,23,34.2899,126.7388
fwjl6,2026-08-16,25.72,23,34.2899,126.7388
fwjl6,2026-08-17,25.92,23,34.2899,126.7388
fwjl6,2026-08-18,26.24,23,34.2899,126.7388
fwjl6,2026-08-19,26.45,23,34.2899,126.7388
fwjl6,2026-08-20,26.56,23,34.2899,126.7388
fwjl6,2026-08-21,26.93,23,34.2899,126.7388
fwjl6,2026-08-22,27.32,23,34.2899,126.7388
fwjl6,2026-08-23,27.65,23,34.2899,126.7388
fwjl6,2026-08-24,27.91,23,34.2899,126.7388
fwjl6,2026-08-25,27.65,23,34.2899,126.7388
fwjl6,2026-08-26,27.17,23,34.2899,126.7388
fwjl6,2026-08-27,26.79,23,34.2899,126.7388
fwjl6,2026-08-28,26.11,23,34.2899,126.7388
fwjl6,2026-08-29,25.71,23,34.2899,126.7388
fwjl6,2026-08-30,25.35,23,34.2899,126.7388
fwjl6,2026-08-31,24.91,23,34.2899,126.7388
fwjl6,2026-09-01,24.56,23,34.2899,126.7388
fwjl6,2026-09-02,24.03,23,34.2899,126.7388
fwjl6,2026-09-03,23.5,23,34.2899,126.7388
fwjl6,2026-09-04,23.25,23,34.2899,126.7388
fwjl6,2026-09-05,23.69,23,34.2899,126.7388
fwjl6,2026-09-06,24.68,23,34.2899,126.7388
fwjl6,2026-09-07,25.35,23,34.2899,126.7388
fwjl6,2026-09-08,25.35,23,34.2899,126.7388
fwjl6,2026-09-09,25.19,23,34.2899,126.7388
fwjl6,2026-09-10,24.95,23,34.2899,126.7388
fwjl6,2026-09-11,25.2,23,34.2899,126.7388
fwjl6,2026-09-12,25.37,23,34.2899,126.7388
fwjl6,2026-09-13,25.52,23,34.2899,126.7388
fwjl6,2026-09-14,25.46,23,34.2899,126.7388
fwjl6,2026-09-15,25.41,23,34.2899,126.7388
fwjl6,2026-09-16,25.4,23,34.2899,126.7388
fwjl6,2026-09-17,25.3,23,34.2899,126.7388
fwjl6,2026-09-18,25.32,23,34.2899,126.7388
fwjl6,2026-09-19,25.46,23,34.2899,126.7388
fwjl6,2026-09-20,25.7,23,34.2899,126.7388
fwjl6,2026-09-21,25.56,23,34.2899,126.7388
fwjl6,2026-09-22,25.43,23,34.2899,126.7388
fwjl6,2026-09-23,25.43,23,34.2899,126.7388
fwjl6,2026-09-24,25.48,23,34.2899,126.7388
fwmg3,2026-05-01,13.73,48,34.3013,126.768
fwmg3,2026-05-02,13.64,48,34.3013,126.768
fwmg3,2026-05-03,13.4,48,34.3013,126.768
fwmg3,2026-05-04,13.37,48,34.3013,126.768
fwmg3,2026-05-05,13.4,48,34.3013,126.768
fwmg3,2026-05-06,13.54,48,34.3013,126.768
fwmg3,2026-05-07,13.9,48,34.3013,126.768
fwmg3,2026-05-08,13.93,48,34.3013,126.768
fwmg3,2026-05-09,14.01,48,34.3013,126.768
fwmg3,2026-05-10,14.39,48,34.3013,126.768
fwmg3,2026-05-11,14.9,48,34.3013,126.768
fwmg3,2026-05-12,14.75,48,34.3013,126.768
fwmg3,2026-05-13,14.8,48,34.3013,126.768
fwmg3,2026-05-14,14.95,48,34.3013,126.768
fwmg3,2026-05-15,15.24,48,34.3013,126.768
fwmg3,2026-05-16,15.29,48,34.3013,126.768
fwmg3,2026-05-17,15.28,48,34.3013,126.768
fwmg3,2026-05-18,15.3,48,34.3013,126.768
fwmg3,2026-05-19,15.26,48,34.3013,126.768
fwmg3,2026-05-20,15.14,48,34.3013,126.768
fwmg3,2026-05-21,15.34,48,34.3013,126.768
fwmg3,2026-05-22,15.57,48,34.3013,126.768
fwmg3,2026-05-23,16.09,48,34.3013,126.768
fwmg3,2026-05-24,16.38,48,34.3013,126.768
fwmg3,2026-05-25,16.57,48,34.3013,126.768
fwmg3,2026-05-26,16.69,48,34.3013,126.768
fwmg3,2026-05-27,16.85,48,34.3013,126.768
fwmg3,2026-05-28,16.75,48,34.3013,126.768
fwmg3,2026-05-29,16.8,48,34.3013,126.768
fwmg3,2026-05-30,16.85,48,34.3013,126.768
fwmg3,2026-05-31,16.97,48,34.3013,126.768
fwmg3,2026-06-01,17.02,48,34.3013,126.768
fwmg3,2026-06-02,17.25,48,34.3013,126.768
fwmg3,2026-06-03,17.33,48,34.3013,126.768
fwmg3,2026-06-04,17.51,48,34.3013,126.768
fwmg3,2026-06-05,17.77,48,34.3013,126.768
fwmg3,2026-06-06,17.92,48,34.3013,126.768
fwmg3,2026-06-07,18.71,48,34.3013,126.768
fwmg3,2026-06-08,18.64,48,34.3013,126.768
fwmg3,2026-06-09,18.61,48,34.3013,126.768
fwmg3,2026-06-10,18.88,48,34.3013,126.768
fwmg3,2026-06-11,18.81,48,34.3013,126.768
fwmg3,2026-06-12,18.86,48,34.3013,126.768
fwmg3,2026-06-13,18.98,48,34.3013,126.768
fwmg3,2026-06-14,19.14,48,34.3013,126.768
fwmg3,2026-06-15,19.29,48,34.3013,126.768
fwmg3,2026-06-16,19.26,48,34.3013,126.768
fwmg3,2026-06-17,19.15,48,34.3013,126.768
fwmg3,2026-06-18,19.12,44,34.3013,126.768
fwmg3,2026-06-19,19.02,48,34.3013,126.768
fwmg3,2026-06-20,19.21,48,34.3013,126.768
fwmg3,2026-06-21,19.36,48,34.3013,126.768
fwmg3,2026-06-22,19.48,48,34.3013,126.768
fwmg3,2026-06-23,19.67,48,34.3013,126.768
fwmg3,2026-06-24,20.03,48,34.3013,126.768
fwmg3,2026-06-25,20.28,48,34.3013,126.768
fwmg3,2026-06-26,20.38,48,34.3013,126.768
fwmg3,2026-06-27,20.47,48,34.3013,126.768
fwmg3,2026-06-28,20.48,48,34.3013,126.768
fwmg3,2026-06-29,20.59,48,34.3013,126.768
fwmg3,2026-06-30,20.66,48,34.3013,126.768
fwmg3,2026-07-01,20.58,48,34.3013,126.768
fwmg3,2026-07-02,20.64,48,34.3013,126.768
fwmg3,2026-07-03,20.66,48,34.3013,126.768
fwmg3,2026-07-04,20.64,48,34.3013,126.768
fwmg3,2026-07-05,20.61,48,34.3013,126.768
fwmg3,2026-07-06,20.65,48,34.3013,126.768
fwmg3,2026-07-07,20.92,48,34.3013,126.768
fwmg3,2026-07-08,21.14,48,34.3013,126.768
fwmg3,2026-07-09,21.4,48,34.3013,126.768
fwmg3,2026-07-10,21.78,48,34.3013,126.768
fwmg3,2026-07-11,22.3,48,34.3013,126.768
fwmg3,2026-07-12,22.39,48,34.3013,126.768
fwmg3,2026-07-13,22.55,48,34.3013,126.768
fwmg3,2026-07-14,22.36,48,34.3013,126.768
fwmg3,2026-07-15,21.65,48,34.3013,126.768
fwmg3,2026-07-16,21.21,48,34.3013,126.768
fwmg3,2026-07-17,20.8,48,34.3013,126.768
fwmg3,2026-07-18,20.66,48,34.3013,126.768
fwmg3,2026-07-19,20.57,48,34.3013,126.768
fwmg3,2026-07-20,20.56,48,34.3013,126.768
fwmg3,2026-07-21,20.72,48,34.3013,126.768
fwmg3,2026-07-22,21.12,48,34.3013,126.768
fwmg3,2026-07-23,21.7,48,34.3013,126.768
fwmg3,2026-07-24,22.24,48,34.3013,126.768
fwmg3,2026-07-25,22.89,48,34.3013,126.768
fwmg3,2026-07-26,22.69,48,34.3013,126.768
fwmg3,2026-07-27,22.1,48,34.3013,126.768
fwmg3,2026-07-28,21.3,48,34.3013,126.768
fwmg3,2026-07-29,20.8,48,34.3013,126.768
fwmg3,2026-07-30,20.4,48,34.3013,126.768
fwmg3,2026-07-31,20.14,48,34.3013,126.768
fwmg3,2026-08-01,20.05,48,34.3013,126.768
fwmg3,2026-08-02,19.94,48,34.3013,126.768
fwmg3,2026-08-03,19.97,48,34.3013,126.768
fwmg3,2026-08-04,20.05,48,34.3013,126.768
fwmg3,2026-08-05,20.24,48,34.3013,126.768
fwmg3,2026-08-06,20.61,48,34.3013,126.768
fwmg3,2026-08-07,21.34,48,34.3013,126.768
fwmg3,2026-08-08,22.56,48,34.3013,126.768
fwmg3,2026-08-09,23.34,48,34.3013,126.768
fwmg3,2026-08-10,24.19,48,34.3013,126.768
fwmg3,2026-08-11,24.91,48,34.3013,126.768
fwmg3,2026-08-12,25.1,48,34.3013,126.768
fwmg3,2026-08-13,25.48,48,34.3013,126.768
fwmg3,2026-08-14,25.74,48,34.3013,126.768
fwmg3,2026-08-15,25.67,48,34.3013,126.768
fwmg3,2026-08-16,25.55,48,34.3013,126.768
fwmg3,2026-08-17,25.67,48,34.3013,126.768
fwmg3,2026-08-18,25.93,48,34.3013,126.768
fwmg3,2026-08-19,26.31,48,34.3013,126.768
fwmg3,2026-08-20,26.58,48,34.3013,126.768
fwmg3,2026-08-21,26.93,48,34.3013,126.768
fwmg3,2026-08-22,27.42,48,34.3013,126.768
fwmg3,2026-08-23,27.8,48,34.3013,126.768
fwmg3,2026-08-24,27.75,48,34.3013,126.768
fwmg3,2026-08-25,27.51,48,34.3013,126.768
fwmg3,2026-08-26,27.17,48,34.3013,126.768
fwmg3,2026-08-27,27.04,48,34.3013,126.768
fwmg3,2026-08-28,26.5,48,34.3013,126.768
fwmg3,2026-08-29,26.22,48,34.3013,126.768
fwmg3,2026-08-30,25.84,48,34.3013,126.768
fwmg3,2026-08-31,25.36,48,34.3013,126.768
fwmg3,2026-09-01,24.83,48,34.3013,126.768
fwmg3,2026-09-02,24.48,48,34.3013,126.768
fwmg3,2026-09-03,24.15,48,34.3013,126.768
fwmg3,2026-09-04,24.27,48,34.3013,126.768
fwmg3,2026-09-05,24.65,48,34.3013,126.768
fwmg3,2026-09-06,25.24,48,34.3013,126.768
fwmg3,2026-09-07,25.42,48,34.3013,126.768
fwmg3,2026-09-08,25.43,48,34.3013,126.768
fwmg3,2026-09-09,25.16,48,34.3013,126.768
fwmg3,2026-09-10,24.99,48,34.3013,126.768
fwmg3,2026-09-11,25.0,48,34.3013,126.768
fwmg3,2026-09-12,25.1,48,34.3013,126.768
fwmg3,2026-09-13,25.28,48,34.3013,126.768
fwmg3,2026-09-14,25.19,48,34.3013,126.768
fwmg3,2026-09-15,25.13,48,34.3013,126.768
fwmg3,2026-09-16,25.19,48,34.3013,126.768
fwmg3,2026-09-17,25.16,48,34.3013,126.768
fwmg3,2026-09-18,25.12,48,34.3013,126.768
fwmg3,2026-09-19,25.28,48,34.3013,126.768
fwmg3,2026-09-20,25.56,48,34.3013,126.768
fwmg3,2026-09-21,25.48,48,34.3013,126.768
fwmg3,2026-09-22,25.44,48,34.3013,126.768
fwmg3,2026-09-23,25.35,48,34.3013,126.768
fwmg3,2026-09-24,25.3,48,34.3013,126.768
fwmk5,2026-05-01,13.53,24,34.1517,126.6721
fwmk5,2026-05-02,13.34,24,34.1517,126.6721
fwmk5,2026-05-03,13.11,24,34.1517,126.6721
fwmk5,2026-05-04,13.12,24,34.1517,126.6721
fwmk5,2026-05-05,13.29,24,34.1517,126.6721
fwmk5,2026-05-06,14.15,24,34.1517,126.6721
fwmk5,2026-05-07,14.71,24,34.1517,126.6721
fwmk5,2026-05-08,14.78,24,34.1517,126.6721
fwmk5,2026-05-09,14.51,24,34.1517,126.6721
fwmk5,2026-05-10,14.94,24,34.1517,126.6721
fwmk5,2026-05-11,15.76,24,34.1517,126.6721
fwmk5,2026-05-12,15.57,24,34.1517,126.6721
fwmk5,2026-05-13,15.51,24,34.1517,126.6721
fwmk5,2026-05-14,15.15,24,34.1517,126.6721
fwmk5,2026-05-15,14.98,24,34.1517,126.6721
fwmk5,2026-05-16,14.56,24,34.1517,126.6721
fwmk5,2026-05-17,14.33,24,34.1517,126.6721
fwmk5,2026-05-18,14.42,24,34.1517,126.6721
fwmk5,2026-05-19,14.89,24,34.1517,126.6721
fwmk5,2026-05-20,14.62,24,34.1517,126.6721
fwmk5,2026-05-21,14.47,24,34.1517,126.6721
fwmk5,2026-05-22,14.99,24,34.1517,126.6721
fwmk5,2026-05-23,15.5,24,34.1517,126.6721
fwmk5,2026-05-24,16.05,24,34.1517,126.6721
fwmk5,2026-05-25,16.38,24,34.1517,126.6721
fwmk5,2026-05-26,16.52,24,34.1517,126.6721
fwmk5,2026-05-27,16.71,24,34.1517,126.6721
fwmk5,2026-05-28,16.51,24,34.1517,126.6721
fwmk5,2026-05-29,16.64,24,34.1517,126.6721
fwmk5,2026-05-30,16.89,24,34.1517,126.6721
fwmk5,2026-05-31,16.95,24,34.1517,126.6721
fwmk5,2026-06-01,17.36,24,34.1517,126.6721
fwmk5,2026-06-02,17.34,24,34.1517,126.6721
fwmk5,2026-06-03,17.69,24,34.1517,126.6721
fwmk5,2026-06-04,17.74,24,34.1517,126.6721
fwmk5,2026-06-05,17.91,24,34.1517,126.6721
fwmk5,2026-06-06,18.05,24,34.1517,126.6721
fwmk5,2026-06-07,18.44,24,34.1517,126.6721
fwmk5,2026-06-08,18.18,24,34.1517,126.6721
fwmk5,2026-06-09,18.18,24,34.1517,126.6721
fwmk5,2026-06-10,18.6,24,34.1517,126.6721
fwmk5,2026-06-11,18.83,24,34.1517,126.6721
fwmk5,2026-06-12,18.61,24,34.1517,126.6721
fwmk5,2026-06-13,18.53,24,34.1517,126.6721
fwmk5,2026-06-14,18.43,24,34.1517,126.6721
fwmk5,2026-06-15,18.38,24,34.1517,126.6721
fwmk5,2026-06-16,18.42,24,34.1517,126.6721
fwmk5,2026-06-17,18.85,24,34.1517,126.6721
fwmk5,2026-06-18,19.27,24,34.1517,126.6721
fwmk5,2026-06-19,18.73,23,34.1517,126.6721
fwmk5,2026-06-20,18.9,24,34.1517,126.6721
fwmk5,2026-06-21,19.48,24,34.1517,126.6721
fwmk5,2026-06-22,19.08,24,34.1517,126.6721
fwmk5,2026-06-23,18.82,24,34.1517,126.6721
fwmk5,2026-06-24,19.04,24,34.1517,126.6721
fwmk5,2026-06-25,19.65,24,34.1517,126.6721
fwmk5,2026-06-26,19.93,24,34.1517,126.6721
fwmk5,2026-06-27,20.11,24,34.1517,126.6721
fwmk5,2026-06-28,20.32,24,34.1517,126.6721
fwmk5,2026-06-29,20.5,24,34.1517,126.6721
fwmk5,2026-06-30,20.42,24,34.1517,126.6721
fwmk5,2026-07-01,19.92,24,34.1517,126.6721
fwmk5,2026-07-02,20.09,24,34.1517,126.6721
fwmk5,2026-07-03,20.12,24,34.1517,126.6721
fwmk5,2026-07-04,20.21,24,34.1517,126.6721
fwmk5,2026-07-05,20.28,24,34.1517,126.6721
fwmk5,2026-07-06,20.33,24,34.1517,126.6721
fwmk5,2026-07-07,21.13,24,34.1517,126.6721
fwmk5,2026-07-08,20.9,24,34.1517,126.6721
fwmk5,2026-07-09,21.24,24,34.1517,126.6721
fwmk5,2026-07-10,21.64,24,34.1517,126.6721
fwmk5,2026-07-11,22.11,24,34.1517,126.6721
fwmk5,2026-07-12,22.06,24,34.1517,126.6721
fwmk5,2026-07-13,21.96,24,34.1517,126.6721
fwmk5,2026-07-14,21.53,24,34.1517,126.6721
fwmk5,2026-07-15,20.19,24,34.1517,126.6721
fwmk5,2026-07-16,20.45,24,34.1517,126.6721
fwmk5,2026-07-17,20.1,24,34.1517,126.6721
fwmk5,2026-07-18,20.39,24,34.1517,126.6721
fwmk5,2026-07-19,20.46,24,34.1517,126.6721
fwmk5,2026-07-20,20.76,24,34.1517,126.6721
fwmk5,2026-07-21,21.31,24,34.1517,126.6721
fwmk5,2026-07-22,21.78,24,34.1517,126.6721
fwmk5,2026-07-23,22.1,24,34.1517,126.6721
fwmk5,2026-07-24,22.5,24,34.1517,126.6721
fwmk5,2026-07-25,22.74,24,34.1517,126.6721
fwmk5,2026-07-26,22.37,24,34.1517,126.6721
fwmk5,2026-07-27,21.98,24,34.1517,126.6721
fwmk5,2026-07-28,21.97,24,34.1517,126.6721
fwmk5,2026-07-29,21.64,24,34.1517,126.6721
fwmk5,2026-07-30,21.25,19,34.1517,126.6721
fwmk5,2026-07-31,20.82,24,34.1517,126.6721
fwmk5,2026-08-01,20.82,20,34.1517,126.6721
fwmk5,2026-08-02,20.62,24,34.1517,126.6721
fwmk5,2026-08-03,20.37,24,34.1517,126.6721
fwmk5,2026-08-04,20.47,24,34.1517,126.6721
fwmk5,2026-08-05,20.83,24,34.1517,126.6721
fwmk5,2026-08-06,21.59,24,34.1517,126.6721
fwmk5,2026-08-07,22.42,24,34.1517,126.6721
fwmk5,2026-08-08,22.84,24,34.1517,126.6721
fwmk5,2026-08-09,23.21,24,34.1517,126.6721
fwmk5,2026-08-10,23.75,24,34.1517,126.6721
fwmk5,2026-08-11,25.16,24,34.1517,126.6721
fwmk5,2026-08-12,26.12,24,34.1517,126.6721
fwmk5,2026-08-13,26.02,24,34.1517,126.6721
fwmk5,2026-08-14,25.85,24,34.1517,126.6721
fwmk5,2026-08-15,25.72,24,34.1517,126.6721
fwmk5,2026-08-16,25.83,24,34.1517,126.6721
fwmk5,2026-08-17,26.09,24,34.1517,126.6721
fwmk5,2026-08-18,26.52,24,34.1517,126.6721
fwmk5,2026-08-19,26.63,24,34.1517,126.6721
fwmk5,2026-08-20,26.64,24,34.1517,126.6721
fwmk5,2026-08-21,26.74,24,34.1517,126.6721
fwmk5,2026-08-22,27.32,24,34.1517,126.6721
fwmk5,2026-08-23,27.35,24,34.1517,126.6721
fwmk5,2026-08-24,27.46,24,34.1517,126.6721
fwmk5,2026-08-25,27.33,24,34.1517,126.6721
fwmk5,2026-08-26,27.15,24,34.1517,126.6721
fwmk5,2026-08-27,27.34,18,34.1517,126.6721
fwmk5,2026-08-28,26.4,24,34.1517,126.6721
fwmk5,2026-08-29,25.52,24,34.1517,126.6721
fwmk5,2026-08-30,25.08,24,34.1517,126.6721
fwmk5,2026-08-31,24.68,24,34.1517,126.6721
fwmk5,2026-09-01,24.26,24,34.1517,126.6721
fwmk5,2026-09-02,24.21,24,34.1517,126.6721
fwmk5,2026-09-03,24.01,24,34.1517,126.6721
fwmk5,2026-09-04,23.88,24,34.1517,126.6721
fwmk5,2026-09-05,23.79,24,34.1517,126.6721
fwmk5,2026-09-06,24.01,24,34.1517,126.6721
fwmk5,2026-09-07,25.0,24,34.1517,126.6721
fwmk5,2026-09-08,24.86,23,34.1517,126.6721
fwmk5,2026-09-09,24.68,24,34.1517,126.6721
fwmk5,2026-09-10,25.72,15,34.1517,126.6721
fwmk5,2026-09-11,25.39,24,34.1517,126.6721
fwmk5,2026-09-12,25.15,20,34.1517,126.6721
fwmk5,2026-09-13,25.31,24,34.1517,126.6721
fwmk5,2026-09-14,25.23,24,34.1517,126.6721
fwmk5,2026-09-15,25.06,24,34.1517,126.6721
fwmk5,2026-09-16,25.18,23,34.1517,126.6721
fwmk5,2026-09-17,24.9,24,34.1517,126.6721
fwmk5,2026-09-18,24.7,19,34.1517,126.6721
fwmk5,2026-09-21,25.72,12,34.1517,126.6721
fwmk5,2026-09-22,25.22,24,34.1517,126.6721
fwmk5,2026-09-23,25.22,18,34.1517,126.6721
fwmk5,2026-09-24,25.15,15,34.1517,126.6721
fwmo4,2026-05-01,13.3,24,34.1977,126.7761
fwmo4,2026-05-02,13.08,24,34.1977,126.7761
fwmo4,2026-05-03,12.74,24,34.1977,126.7761
fwmo4,2026-05-04,12.81,24,34.1977,126.7761
fwmo4,2026-05-05,13.25,24,34.1977,126.7761
fwmo4,2026-05-06,13.65,24,34.1977,126.7761
fwmo4,2026-05-07,13.48,24,34.1977,126.7761
fwmo4,2026-05-08,12.9,24,34.1977,126.7761
fwmo4,2026-05-09,13.65,24,34.1977,126.7761
fwmo4,2026-05-10,14.23,24,34.1977,126.7761
fwmo4,2026-05-11,14.87,24,34.1977,126.7761
fwmo4,2026-05-12,14.21,24,34.1977,126.7761
fwmo4,2026-05-13,13.83,24,34.1977,126.7761
fwmo4,2026-05-14,14.02,24,34.1977,126.7761
fwmo4,2026-05-15,14.06,24,34.1977,126.7761
fwmo4,2026-05-16,14.36,24,34.1977,126.7761
fwmo4,2026-05-17,14.32,24,34.1977,126.7761
fwmo4,2026-05-18,14.58,24,34.1977,126.7761
fwmo4,2026-05-19,14.7,24,34.1977,126.7761
fwmo4,2026-05-20,14.5,24,34.1977,126.7761
fwmo4,2026-05-21,14.84,24,34.1977,126.7761
fwmo4,2026-05-22,14.85,24,34.1977,126.7761
fwmo4,2026-05-23,14.81,24,34.1977,126.7761
fwmo4,2026-05-24,15.11,24,34.1977,126.7761
fwmo4,2026-05-25,15.23,24,34.1977,126.7761
fwmo4,2026-05-26,15.15,24,34.1977,126.7761
fwmo4,2026-05-27,15.55,24,34.1977,126.7761
fwmo4,2026-05-28,15.98,24,34.1977,126.7761
fwmo4,2026-05-29,16.45,24,34.1977,126.7761
fwmo4,2026-05-30,16.69,24,34.1977,126.7761
fwmo4,2026-05-31,16.78,24,34.1977,126.7761
fwmo4,2026-06-01,16.73,24,34.1977,126.7761
fwmo4,2026-06-02,16.68,24,34.1977,126.7761
fwmo4,2026-06-03,17.4,24,34.1977,126.7761
fwmo4,2026-06-04,17.15,24,34.1977,126.7761
fwmo4,2026-06-05,17.17,24,34.1977,126.7761
fwmo4,2026-06-06,17.36,24,34.1977,126.7761
fwmo4,2026-06-07,17.64,24,34.1977,126.7761
fwmo4,2026-06-08,17.6,24,34.1977,126.7761
fwmo4,2026-06-09,18.11,24,34.1977,126.7761
fwmo4,2026-06-10,18.27,24,34.1977,126.7761
fwmo4,2026-06-11,18.53,24,34.1977,126.7761
fwmo4,2026-06-12,18.2,24,34.1977,126.7761
fwmo4,2026-06-13,17.91,24,34.1977,126.7761
fwmo4,2026-06-14,17.68,24,34.1977,126.7761
fwmo4,2026-06-15,17.65,24,34.1977,126.7761
fwmo4,2026-06-16,18.39,24,34.1977,126.7761
fwmo4,2026-06-17,19.05,24,34.1977,126.7761
fwmo4,2026-06-18,19.0,24,34.1977,126.7761
fwmo4,2026-06-19,18.81,24,34.1977,126.7761
fwmo4,2026-06-20,19.18,24,34.1977,126.7761
fwmo4,2026-06-21,19.15,24,34.1977,126.7761
fwmo4,2026-06-22,18.3,24,34.1977,126.7761
fwmo4,2026-06-23,18.14,24,34.1977,126.7761
fwmo4,2026-06-24,18.8,24,34.1977,126.7761
fwmo4,2026-06-25,19.49,24,34.1977,126.7761
fwmo4,2026-06-26,19.72,24,34.1977,126.7761
fwmo4,2026-06-27,19.77,24,34.1977,126.7761
fwmo4,2026-06-28,20.15,24,34.1977,126.7761
fwmo4,2026-06-29,20.2,24,34.1977,126.7761
fwmo4,2026-06-30,19.75,24,34.1977,126.7761
fwmo4,2026-07-01,19.41,24,34.1977,126.7761
fwmo4,2026-07-02,20.51,24,34.1977,126.7761
fwmo4,2026-07-03,20.1,24,34.1977,126.7761
fwmo4,2026-07-04,20.22,24,34.1977,126.7761
fwmo4,2026-07-05,20.45,24,34.1977,126.7761
fwmo4,2026-07-06,20.61,24,34.1977,126.7761
fwmo4,2026-07-07,20.59,24,34.1977,126.7761
fwmo4,2026-07-08,20.52,24,34.1977,126.7761
fwmo4,2026-07-09,20.94,24,34.1977,126.7761
fwmo4,2026-07-10,20.99,24,34.1977,126.7761
fwmo4,2026-07-11,21.13,24,34.1977,126.7761
fwmo4,2026-07-12,21.75,24,34.1977,126.7761
fwmo4,2026-07-13,21.36,24,34.1977,126.7761
fwmo4,2026-07-14,20.98,24,34.1977,126.7761
fwmo4,2026-07-15,20.8,24,34.1977,126.7761
fwmo4,2026-07-16,19.87,24,34.1977,126.7761
fwmo4,2026-07-17,19.81,24,34.1977,126.7761
fwmo4,2026-07-18,19.75,24,34.1977,126.7761
fwmo4,2026-07-19,19.85,24,34.1977,126.7761
fwmo4,2026-07-20,20.22,24,34.1977,126.7761
fwmo4,2026-07-21,20.72,24,34.1977,126.7761
fwmo4,2026-07-22,21.21,24,34.1977,126.7761
fwmo4,2026-07-23,21.66,24,34.1977,126.7761
fwmo4,2026-07-24,22.5,24,34.1977,126.7761
fwmo4,2026-07-25,22.52,24,34.1977,126.7761
fwmo4,2026-07-26,23.0,24,34.1977,126.7761
fwmo4,2026-07-27,22.29,24,34.1977,126.7761
fwmo4,2026-07-28,21.43,24,34.1977,126.7761
fwmo4,2026-07-29,21.28,23,34.1977,126.7761
fwmo4,2026-07-30,20.69,23,34.1977,126.7761
fwmo4,2026-07-31,20.36,24,34.1977,126.7761
fwmo4,2026-08-01,20.24,24,34.1977,126.7761
fwmo4,2026-08-02,19.97,24,34.1977,126.7761
fwmo4,2026-08-03,19.6,24,34.1977,126.7761
fwmo4,2026-08-04,19.88,24,34.1977,126.7761
fwmo4,2026-08-05,20.38,24,34.1977,126.7761
fwmo4,2026-08-06,23.33,23,34.1977,126.7761
fwmo4,2026-08-07,24.35,23,34.1977,126.7761
fwmo4,2026-08-08,23.64,24,34.1977,126.7761
fwmo4,2026-08-09,22.83,24,34.1977,126.7761
fwmo4,2026-08-10,24.26,24,34.1977,126.7761
fwmo4,2026-08-11,25.15,24,34.1977,126.7761
fwmo4,2026-08-12,25.65,24,34.1977,126.7761
fwmo4,2026-08-13,26.01,24,34.1977,126.7761
fwmo4,2026-08-14,26.09,24,34.1977,126.7761
fwmo4,2026-08-15,25.69,24,34.1977,126.7761
fwmo4,2026-08-16,25.73,24,34.1977,126.7761
fwmo4,2026-08-17,25.81,24,34.1977,126.7761
fwmo4,2026-08-18,26.18,24,34.1977,126.7761
fwmo4,2026-08-19,26.68,24,34.1977,126.7761
fwmo4,2026-08-20,26.58,24,34.1977,126.7761
fwmo4,2026-08-21,27.21,24,34.1977,126.7761
fwmo4,2026-08-22,27.03,24,34.1977,126.7761
fwmo4,2026-08-23,27.47,24,34.1977,126.7761
fwmo4,2026-08-24,27.63,24,34.1977,126.7761
fwmo4,2026-08-25,27.32,24,34.1977,126.7761
fwmo4,2026-08-26,27.33,24,34.1977,126.7761
fwmo4,2026-08-27,27.0,23,34.1977,126.7761
fwmo4,2026-08-28,26.93,23,34.1977,126.7761
fwmo4,2026-08-31,24.55,24,34.1977,126.7761
fwmo4,2026-09-01,23.6,24,34.1977,126.7761
fwmo4,2026-09-02,23.47,24,34.1977,126.7761
fwmo4,2026-09-03,23.05,24,34.1977,126.7761
fwmo4,2026-09-04,22.62,24,34.1977,126.7761
fwmo4,2026-09-05,23.05,24,34.1977,126.7761
fwmo4,2026-09-06,24.42,24,34.1977,126.7761
fwmo4,2026-09-07,25.35,24,34.1977,126.7761
fwmo4,2026-09-08,25.25,24,34.1977,126.7761
fwmo4,2026-09-09,24.91,24,34.1977,126.7761
fwmo4,2026-09-10,25.16,24,34.1977,126.7761
fwmo4,2026-09-11,25.29,24,34.1977,126.7761
fwmo4,2026-09-12,25.27,24,34.1977,126.7761
fwmo4,2026-09-13,25.33,24,34.1977,126.7761
fwmo4,2026-09-14,25.14,24,34.1977,126.7761
fwmo4,2026-09-15,25.12,24,34.1977,126.7761
fwmo4,2026-09-16,24.84,24,34.1977,126.7761
fwmo4,2026-09-17,24.6,24,34.1977,126.7761
fwmo4,2026-09-18,24.61,24,34.1977,126.7761
fwmo4,2026-09-19,25.05,24,34.1977,126.7761
fwmo4,2026-09-20,25.4,24,34.1977,126.7761
fwmo4,2026-09-21,25.16,24,34.1977,126.7761
fwmo4,2026-09-22,24.83,24,34.1977,126.7761
fwmo4,2026-09-23,24.76,24,34.1977,126.7761
fwmo4,2026-09-24,25.04,24,34.1977,126.7761
fwnm6,2026-05-01,14.78,23,34.1895,126.5248
fwnm6,2026-05-02,14.97,23,34.1895,126.5248
fwnm6,2026-05-03,14.6,23,34.1895,126.5248
fwnm6,2026-05-04,14.83,23,34.1895,126.5248
fwnm6,2026-05-05,15.13,23,34.1895,126.5248
fwnm6,2026-05-06,15.73,23,34.1895,126.5248
fwnm6,2026-05-07,16.26,23,34.1895,126.5248
fwnm6,2026-05-08,16.34,23,34.1895,126.5248
fwnm6,2026-05-09,16.57,23,34.1895,126.5248
fwnm6,2026-05-10,16.73,23,34.1895,126.5248
fwnm6,2026-05-11,17.43,23,34.1895,126.5248
fwnm6,2026-05-12,17.39,23,34.1895,126.5248
fwnm6,2026-05-13,17.11,23,34.1895,126.5248
fwnm6,2026-05-14,17.18,23,34.1895,126.5248
fwnm6,2026-05-15,16.74,23,34.1895,126.5248
fwnm6,2026-05-16,16.85,23,34.1895,126.5248
fwnm6,2026-05-17,16.83,23,34.1895,126.5248
fwnm6,2026-05-18,16.87,23,34.1895,126.5248
fwnm6,2026-05-19,16.85,23,34.1895,126.5248
fwnm6,2026-05-20,16.35,23,34.1895,126.5248
fwnm6,2026-05-21,16.62,23,34.1895,126.5248
fwnm6,2026-05-22,16.72,23,34.1895,126.5248
fwnm6,2026-05-23,16.8,23,34.1895,126.5248
fwnm6,2026-05-24,17.11,23,34.1895,126.5248
fwnm6,2026-05-25,17.63,23,34.1895,126.5248
fwnm6,2026-05-26,17.72,23,34.1895,126.5248
fwnm6,2026-05-27,17.74,23,34.1895,126.5248
fwnm6,2026-05-28,18.07,23,34.1895,126.5248
fwnm6,2026-05-29,18.61,23,34.1895,126.5248
fwnm6,2026-05-30,18.53,23,34.1895,126.5248
fwnm6,2026-05-31,18.9,23,34.1895,126.5248
fwnm6,2026-06-01,18.79,23,34.1895,126.5248
fwnm6,2026-06-02,18.46,23,34.1895,126.5248
fwnm6,2026-06-03,18.81,23,34.1895,126.5248
fwnm6,2026-06-04,18.68,23,34.1895,126.5248
fwnm6,2026-06-05,19.01,23,34.1895,126.5248
fwnm6,2026-06-06,18.91,23,34.1895,126.5248
fwnm6,2026-06-07,19.22,23,34.1895,126.5248
fwnm6,2026-06-08,18.91,23,34.1895,126.5248
fwnm6,2026-06-09,19.12,23,34.1895,126.5248
fwnm6,2026-06-10,19.76,23,34.1895,126.5248
fwnm6,2026-06-11,20.37,23,34.1895,126.5248
fwnm6,2026-06-12,20.52,23,34.1895,126.5248
fwnm6,2026-06-13,20.63,23,34.1895,126.5248
fwnm6,2026-06-14,20.31,23,34.1895,126.5248
fwnm6,2026-06-15,20.28,23,34.1895,126.5248
fwnm6,2026-06-16,19.91,23,34.1895,126.5248
fwnm6,2026-06-17,19.62,23,34.1895,126.5248
fwnm6,2026-06-18,19.82,23,34.1895,126.5248
fwnm6,2026-06-19,19.67,23,34.1895,126.5248
fwnm6,2026-06-20,20.72,23,34.1895,126.5248
fwnm6,2026-06-21,20.75,23,34.1895,126.5248
fwnm6,2026-06-22,20.17,23,34.1895,126.5248
fwnm6,2026-06-23,20.01,23,34.1895,126.5248
fwnm6,2026-06-24,20.0,23,34.1895,126.5248
fwnm6,2026-06-25,20.35,23,34.1895,126.5248
fwnm6,2026-06-26,21.15,23,34.1895,126.5248
fwnm6,2026-06-27,21.28,23,34.1895,126.5248
fwnm6,2026-06-28,21.75,23,34.1895,126.5248
fwnm6,2026-06-29,22.1,23,34.1895,126.5248
fwnm6,2026-06-30,21.63,23,34.1895,126.5248
fwnm6,2026-07-01,20.91,23,34.1895,126.5248
fwnm6,2026-07-02,21.5,23,34.1895,126.5248
fwnm6,2026-07-03,21.14,23,34.1895,126.5248
fwnm6,2026-07-04,21.16,23,34.1895,126.5248
fwnm6,2026-07-05,21.58,23,34.1895,126.5248
fwnm6,2026-07-06,22.29,23,34.1895,126.5248
fwnm6,2026-07-07,22.48,23,34.1895,126.5248
fwnm6,2026-07-08,23.21,23,34.1895,126.5248
fwnm6,2026-07-09,23.08,23,34.1895,126.5248
fwnm6,2026-07-10,23.18,23,34.1895,126.5248
fwnm6,2026-07-11,23.35,23,34.1895,126.5248
fwnm6,2026-07-12,23.39,23,34.1895,126.5248
fwnm6,2026-07-13,23.87,23,34.1895,126.5248
fwnm6,2026-07-14,24.28,23,34.1895,126.5248
fwnm6,2026-07-15,24.29,23,34.1895,126.5248
fwnm6,2026-07-16,22.95,23,34.1895,126.5248
fwnm6,2026-07-17,22.88,23,34.1895,126.5248
fwnm6,2026-07-18,23.24,23,34.1895,126.5248
fwnm6,2026-07-19,23.38,23,34.1895,126.5248
fwnm6,2026-07-20,23.9,23,34.1895,126.5248
fwnm6,2026-07-21,24.03,23,34.1895,126.5248
fwnm6,2026-07-22,24.42,23,34.1895,126.5248
fwnm6,2026-07-23,25.35,23,34.1895,126.5248
fwnm6,2026-07-24,26.27,23,34.1895,126.5248
fwnm6,2026-07-25,26.1,23,34.1895,126.5248
fwnm6,2026-07-26,25.93,23,34.1895,126.5248
fwnm6,2026-07-27,25.87,23,34.1895,126.5248
fwnm6,2026-07-28,25.76,23,34.1895,126.5248
fwnm6,2026-07-29,25.11,23,34.1895,126.5248
fwnm6,2026-07-30,24.57,23,34.1895,126.5248
fwnm6,2026-07-31,24.29,23,34.1895,126.5248
fwnm6,2026-08-01,24.03,23,34.1895,126.5248
fwnm6,2026-08-02,23.63,23,34.1895,126.5248
fwnm6,2026-08-03,23.38,23,34.1895,126.5248
fwnm6,2026-08-04,23.2,23,34.1895,126.5248
fwnm6,2026-08-05,23.25,23,34.1895,126.5248
fwnm6,2026-08-06,23.2,23,34.1895,126.5248
fwnm6,2026-08-07,23.13,23,34.1895,126.5248
fwnm6,2026-08-08,23.04,23,34.1895,126.5248
fwnm6,2026-08-09,22.47,23,34.1895,126.5248
fwnm6,2026-08-10,22.6,23,34.1895,126.5248
fwnm6,2026-08-11,22.53,23,34.1895,126.5248
fwnm6,2026-08-12,23.36,23,34.1895,126.5248
fwnm6,2026-08-13,24.42,23,34.1895,126.5248
fwnm6,2026-08-14,25.26,23,34.1895,126.5248
fwnm6,2026-08-15,25.11,23,34.1895,126.5248
fwnm6,2026-08-16,25.3,23,34.1895,126.5248
fwnm6,2026-08-17,25.77,23,34.1895,126.5248
fwnm6,2026-08-18,26.18,23,34.1895,126.5248
fwnm6,2026-08-19,26.5,23,34.1895,126.5248
fwnm6,2026-08-20,26.47,23,34.1895,126.5248
fwnm6,2026-08-21,26.86,23,34.1895,126.5248
fwnm6,2026-08-22,27.71,23,34.1895,126.5248
fwnm6,2026-08-23,28.33,23,34.1895,126.5248
fwnm6,2026-08-24,28.72,23,34.1895,126.5248
fwnm6,2026-08-25,29.29,23,34.1895,126.5248
fwnm6,2026-08-26,28.63,23,34.1895,126.5248
fwnm6,2026-08-27,28.31,23,34.1895,126.5248
fwnm6,2026-08-28,27.87,23,34.1895,126.5248
fwnm6,2026-08-29,27.48,23,34.1895,126.5248
fwnm6,2026-08-30,26.93,23,34.1895,126.5248
fwnm6,2026-08-31,26.92,23,34.1895,126.5248
fwnm6,2026-09-01,26.35,23,34.1895,126.5248
fwnm6,2026-09-02,26.03,23,34.1895,126.5248
fwnm6,2026-09-03,25.46,23,34.1895,126.5248
fwnm6,2026-09-04,24.78,23,34.1895,126.5248
fwnm6,2026-09-05,24.17,23,34.1895,126.5248
fwnm6,2026-09-06,24.21,23,34.1895,126.5248
fwnm6,2026-09-07,24.85,23,34.1895,126.5248
fwnm6,2026-09-08,25.38,23,34.1895,126.5248
fwnm6,2026-09-09,25.16,23,34.1895,126.5248
fwnm6,2026-09-10,24.82,23,34.1895,126.5248
fwnm6,2026-09-11,24.93,23,34.1895,126.5248
fwnm6,2026-09-12,25.15,23,34.1895,126.5248
fwnm6,2026-09-13,25.33,23,34.1895,126.5248
fwnm6,2026-09-14,25.27,23,34.1895,126.5248
fwnm6,2026-09-15,24.96,23,34.1895,126.5248
fwnm6,2026-09-16,25.06,23,34.1895,126.5248
fwnm6,2026-09-17,24.92,23,34.1895,126.5248
fwnm6,2026-09-18,24.91,23,34.1895,126.5248
fwnm6,2026-09-19,25.03,23,34.1895,126.5248
fwnm6,2026-09-20,25.42,23,34.1895,126.5248
fwnm6,2026-09-21,25.13,23,34.1895,126.5248
fwnm6,2026-09-22,25.21,23,34.1895,126.5248
fwnm6,2026-09-23,25.26,23,34.1895,126.5248
fwnm6,2026-09-24,25.38,23,34.1895,126.5248
fwsl6,2026-05-01,13.71,24,34.19,126.9162
fwsl6,2026-05-02,13.64,24,34.19,126.9162
fwsl6,2026-05-03,13.33,24,34.19,126.9162
fwsl6,2026-05-04,13.22,24,34.19,126.9162
fwsl6,2026-05-05,13.42,24,34.19,126.9162
fwsl6,2026-05-06,13.79,24,34.19,126.9162
fwsl6,2026-05-07,14.14,24,34.19,126.9162
fwsl6,2026-05-08,13.98,24,34.19,126.9162
fwsl6,2026-05-09,14.28,24,34.19,126.9162
fwsl6,2026-05-10,14.17,24,34.19,126.9162
fwsl6,2026-05-11,14.81,24,34.19,126.9162
fwsl6,2026-05-12,14.45,24,34.19,126.9162
fwsl6,2026-05-13,15.0,24,34.19,126.9162
fwsl6,2026-05-14,15.35,24,34.19,126.9162
fwsl6,2026-05-15,15.27,24,34.19,126.9162
fwsl6,2026-05-16,14.94,24,34.19,126.9162
fwsl6,2026-05-17,14.97,24,34.19,126.9162
fwsl6,2026-05-18,14.99,24,34.19,126.9162
fwsl6,2026-05-19,15.32,24,34.19,126.9162
fwsl6,2026-05-20,15.45,24,34.19,126.9162
fwsl6,2026-05-21,15.92,24,34.19,126.9162
fwsl6,2026-05-22,16.08,24,34.19,126.9162
fwsl6,2026-05-23,16.16,24,34.19,126.9162
fwsl6,2026-05-24,16.5,24,34.19,126.9162
fwsl6,2026-05-25,16.5,24,34.19,126.9162
fwsl6,2026-05-26,16.16,24,34.19,126.9162
fwsl6,2026-05-27,16.68,24,34.19,126.9162
fwsl6,2026-05-28,16.51,24,34.19,126.9162
fwsl6,2026-05-29,17.03,24,34.19,126.9162
fwsl6,2026-05-30,17.34,24,34.19,126.9162
fwsl6,2026-05-31,17.66,24,34.19,126.9162
fwsl6,2026-06-01,17.66,24,34.19,126.9162
fwsl6,2026-06-02,17.62,24,34.19,126.9162
fwsl6,2026-06-03,17.86,24,34.19,126.9162
fwsl6,2026-06-04,17.5,24,34.19,126.9162
fwsl6,2026-06-05,17.88,24,34.19,126.9162
fwsl6,2026-06-06,18.44,24,34.19,126.9162
fwsl6,2026-06-07,18.65,24,34.19,126.9162
fwsl6,2026-06-08,18.27,24,34.19,126.9162
fwsl6,2026-06-09,18.73,24,34.19,126.9162
fwsl6,2026-06-10,18.97,24,34.19,126.9162
fwsl6,2026-06-11,19.41,24,34.19,126.9162
fwsl6,2026-06-12,19.45,24,34.19,126.9162
fwsl6,2026-06-13,18.99,24,34.19,126.9162
fwsl6,2026-06-14,18.97,24,34.19,126.9162
fwsl6,2026-06-15,19.3,24,34.19,126.9162
fwsl6,2026-06-16,19.19,24,34.19,126.9162
fwsl6,2026-06-17,19.08,24,34.19,126.9162
fwsl6,2026-06-18,19.74,24,34.19,126.9162
fwsl6,2026-06-19,19.44,24,34.19,126.9162
fwsl6,2026-06-20,19.9,24,34.19,126.9162
fwsl6,2026-06-21,19.87,24,34.19,126.9162
fwsl6,2026-06-22,19.4,24,34.19,126.9162
fwsl6,2026-06-23,19.18,24,34.19,126.9162
fwsl6,2026-06-24,19.46,24,34.19,126.9162
fwsl6,2026-06-25,19.98,24,34.19,126.9162
fwsl6,2026-06-26,20.53,24,34.19,126.9162
fwsl6,2026-06-27,20.77,24,34.19,126.9162
fwsl6,2026-06-28,21.13,24,34.19,126.9162
fwsl6,2026-06-29,20.89,24,34.19,126.9162
fwsl6,2026-06-30,20.8,24,34.19,126.9162
fwsl6,2026-07-01,20.71,24,34.19,126.9162
fwsl6,2026-07-02,21.3,24,34.19,126.9162
fwsl6,2026-07-03,20.93,24,34.19,126.9162
fwsl6,2026-07-04,20.88,24,34.19,126.9162
fwsl6,2026-07-05,21.0,24,34.19,126.9162
fwsl6,2026-07-06,21.34,24,34.19,126.9162
fwsl6,2026-07-07,21.62,24,34.19,126.9162
fwsl6,2026-07-08,21.63,24,34.19,126.9162
fwsl6,2026-07-09,21.59,24,34.19,126.9162
fwsl6,2026-07-10,21.4,24,34.19,126.9162
fwsl6,2026-07-11,21.93,24,34.19,126.9162
fwsl6,2026-07-12,21.72,24,34.19,126.9162
fwsl6,2026-07-13,22.25,24,34.19,126.9162
fwsl6,2026-07-14,22.18,24,34.19,126.9162
fwsl6,2026-07-15,21.28,24,34.19,126.9162
fwsl6,2026-07-16,20.93,24,34.19,126.9162
fwsl6,2026-07-17,21.07,24,34.19,126.9162
fwsl6,2026-07-18,20.85,24,34.19,126.9162
fwsl6,2026-07-19,20.73,24,34.19,126.9162
fwsl6,2026-07-20,21.4,24,34.19,126.9162
fwsl6,2026-07-21,21.28,24,34.19,126.9162
fwsl6,2026-07-22,21.53,24,34.19,126.9162
fwsl6,2026-07-23,21.4,24,34.19,126.9162
fwsl6,2026-07-24,21.79,24,34.19,126.9162
fwsl6,2026-07-25,22.82,24,34.19,126.9162
fwsl6,2026-07-26,23.53,24,34.19,126.9162
fwsl6,2026-07-27,23.71,24,34.19,126.9162
fwsl6,2026-07-28,23.18,24,34.19,126.9162
fwsl6,2026-07-29,22.57,24,34.19,126.9162
fwsl6,2026-07-30,21.64,24,34.19,126.9162
fwsl6,2026-07-31,21.08,24,34.19,126.9162
fwsl6,2026-08-01,21.14,24,34.19,126.9162
fwsl6,2026-08-02,21.12,24,34.19,126.9162
fwsl6,2026-08-03,20.89,24,34.19,126.9162
fwsl6,2026-08-04,20.8,24,34.19,126.9162
fwsl6,2026-08-05,20.97,24,34.19,126.9162
fwsl6,2026-08-06,21.48,24,34.19,126.9162
fwsl6,2026-08-07,22.2,24,34.19,126.9162
fwsl6,2026-08-08,24.02,24,34.19,126.9162
fwsl6,2026-08-09,25.12,24,34.19,126.9162
fwsl6,2026-08-10,26.05,24,34.19,126.9162
fwsl6,2026-08-11,26.14,24,34.19,126.9162
fwsl6,2026-08-12,26.29,24,34.19,126.9162
fwsl6,2026-08-13,26.23,24,34.19,126.9162
fwsl6,2026-08-14,26.18,24,34.19,126.9162
fwsl6,2026-08-15,25.61,24,34.19,126.9162
fwsl6,2026-08-16,25.82,24,34.19,126.9162
fwsl6,2026-08-17,26.09,24,34.19,126.9162
fwsl6,2026-08-18,26.27,24,34.19,126.9162
fwsl6,2026-08-19,26.57,24,34.19,126.9162
fwsl6,2026-08-20,26.7,24,34.19,126.9162
fwsl6,2026-08-21,27.27,24,34.19,126.9162
fwsl6,2026-08-22,27.36,24,34.19,126.9162
fwsl6,2026-08-23,27.47,24,34.19,126.9162
fwsl6,2026-08-24,27.69,24,34.19,126.9162
fwsl6,2026-08-25,27.94,24,34.19,126.9162
fwsl6,2026-08-26,28.04,24,34.19,126.9162
fwsl6,2026-08-27,27.83,24,34.19,126.9162
fwsl6,2026-08-28,26.35,24,34.19,126.9162
fwsl6,2026-08-29,26.0,24,34.19,126.9162
fwsl6,2026-08-30,25.54,24,34.19,126.9162
fwsl6,2026-08-31,24.85,24,34.19,126.9162
fwsl6,2026-09-01,24.45,24,34.19,126.9162
fwsl6,2026-09-02,24.35,24,34.19,126.9162
fwsl6,2026-09-03,23.87,24,34.19,126.9162
fwsl6,2026-09-04,24.09,24,34.19,126.9162
fwsl6,2026-09-05,24.6,24,34.19,126.9162
fwsl6,2026-09-06,25.38,24,34.19,126.9162
fwsl6,2026-09-07,25.58,24,34.19,126.9162
fwsl6,2026-09-08,25.34,24,34.19,126.9162
fwsl6,2026-09-09,25.3,24,34.19,126.9162
fwsl6,2026-09-10,25.28,24,34.19,126.9162
fwsl6,2026-09-11,25.45,24,34.19,126.9162
fwsl6,2026-09-12,25.53,24,34.19,126.9162
fwsl6,2026-09-13,25.88,24,34.19,126.9162
fwsl6,2026-09-14,25.69,24,34.19,126.9162
fwsl6,2026-09-15,25.5,24,34.19,126.9162
fwsl6,2026-09-16,25.43,24,34.19,126.9162
fwsl6,2026-09-17,25.2,24,34.19,126.9162
fwsl6,2026-09-18,25.24,24,34.19,126.9162
fwsl6,2026-09-19,25.62,24,34.19,126.9162
fwsl6,2026-09-20,25.73,24,34.19,126.9162
fwsl6,2026-09-21,25.4,24,34.19,126.9162
fwsl6,2026-09-22,25.2,24,34.19,126.9162
fwsl6,2026-09-23,25.3,24,34.19,126.9162
fwsl6,2026-09-24,25.25,24,34.19,126.9162
fwsm6,2026-05-01,15.09,24,34.3373,126.7763
fwsm6,2026-05-02,14.98,24,34.3373,126.7763
fwsm6,2026-05-03,14.75,24,34.3373,126.7763
fwsm6,2026-05-04,14.83,24,34.3373,126.7763
fwsm6,2026-05-05,14.86,24,34.3373,126.7763
fwsm6,2026-05-06,15.03,24,34.3373,126.7763
fwsm6,2026-05-07,15.3,24,34.3373,126.7763
fwsm6,2026-05-08,15.53,24,34.3373,126.7763
fwsm6,2026-05-09,15.78,24,34.3373,126.7763
fwsm6,2026-05-10,15.87,24,34.3373,126.7763
fwsm6,2026-05-11,16.42,24,34.3373,126.7763
fwsm6,2026-05-12,16.24,24,34.3373,126.7763
fwsm6,2026-05-13,16.53,24,34.3373,126.7763
fwsm6,2026-05-14,16.83,24,34.3373,126.7763
fwsm6,2026-05-15,16.93,24,34.3373,126.7763
fwsm6,2026-05-16,17.02,24,34.3373,126.7763
fwsm6,2026-05-17,16.95,17,34.3373,126.7763
fwsm6,2026-05-19,17.1,24,34.3373,126.7763
fwsm6,2026-05-20,17.04,24,34.3373,126.7763
fwsm6,2026-05-21,17.28,24,34.3373,126.7763
fwsm6,2026-05-22,17.43,24,34.3373,126.7763
fwsm6,2026-05-23,17.61,24,34.3373,126.7763
fwsm6,2026-05-24,18.03,24,34.3373,126.7763
fwsm6,2026-05-25,18.41,24,34.3373,126.7763
fwsm6,2026-05-26,18.52,24,34.3373,126.7763
fwsm6,2026-05-27,18.66,24,34.3373,126.7763
fwsm6,2026-05-28,18.89,24,34.3373,126.7763
fwsm6,2026-05-29,18.94,24,34.3373,126.7763
fwsm6,2026-05-30,18.95,24,34.3373,126.7763
fwsm6,2026-05-31,19.0,24,34.3373,126.7763
fwsm6,2026-06-01,19.15,24,34.3373,126.7763
fwsm6,2026-06-02,19.22,24,34.3373,126.7763
fwsm6,2026-06-03,19.76,24,34.3373,126.7763
fwsm6,2026-06-04,19.67,24,34.3373,126.7763
fwsm6,2026-06-05,20.27,24,34.3373,126.7763
fwsm6,2026-06-06,20.25,24,34.3373,126.7763
fwsm6,2026-06-07,20.35,24,34.3373,126.7763
fwsm6,2026-06-08,20.38,24,34.3373,126.7763
fwsm6,2026-06-09,20.52,24,34.3373,126.7763
fwsm6,2026-06-10,20.53,24,34.3373,126.7763
fwsm6,2026-06-11,20.82,24,34.3373,126.7763
fwsm6,2026-06-12,20.82,24,34.3373,126.7763
fwsm6,2026-06-13,20.83,24,34.3373,126.7763
fwsm6,2026-06-14,20.95,24,34.3373,126.7763
fwsm6,2026-06-15,21.17,24,34.3373,126.7763
fwsm6,2026-06-16,21.24,24,34.3373,126.7763
fwsm6,2026-06-17,20.94,24,34.3373,126.7763
fwsm6,2026-06-18,21.01,24,34.3373,126.7763
fwsm6,2026-06-19,20.89,24,34.3373,126.7763
fwsm6,2026-06-20,20.93,24,34.3373,126.7763
fwsm6,2026-06-21,21.05,24,34.3373,126.7763
fwsm6,2026-06-22,20.86,24,34.3373,126.7763
fwsm6,2026-06-23,20.94,24,34.3373,126.7763
fwsm6,2026-06-24,21.3,24,34.3373,126.7763
fwsm6,2026-06-25,21.68,24,34.3373,126.7763
fwsm6,2026-06-26,21.9,24,34.3373,126.7763
fwsm6,2026-06-27,22.08,24,34.3373,126.7763
fwsm6,2026-06-28,22.03,24,34.3373,126.7763
fwsm6,2026-06-29,22.22,24,34.3373,126.7763
fwsm6,2026-06-30,22.31,24,34.3373,126.7763
fwsm6,2026-07-01,21.89,24,34.3373,126.7763
fwsm6,2026-07-02,22.58,24,34.3373,126.7763
fwsm6,2026-07-03,22.38,24,34.3373,126.7763
fwsm6,2026-07-04,22.31,24,34.3373,126.7763
fwsm6,2026-07-05,22.4,24,34.3373,126.7763
fwsm6,2026-07-06,22.55,24,34.3373,126.7763
fwsm6,2026-07-07,22.94,24,34.3373,126.7763
fwsm6,2026-07-08,22.94,24,34.3373,126.7763
fwsm6,2026-07-09,23.2,24,34.3373,126.7763
fwsm6,2026-07-10,23.61,24,34.3373,126.7763
fwsm6,2026-07-11,24.15,24,34.3373,126.7763
fwsm6,2026-07-12,24.26,24,34.3373,126.7763
fwsm6,2026-07-13,24.41,24,34.3373,126.7763
fwsm6,2026-07-14,24.52,24,34.3373,126.7763
fwsm6,2026-07-15,24.4,24,34.3373,126.7763
fwsm6,2026-07-16,23.91,24,34.3373,126.7763
fwsm6,2026-07-17,23.75,24,34.3373,126.7763
fwsm6,2026-07-18,23.64,24,34.3373,126.7763
fwsm6,2026-07-19,23.58,24,34.3373,126.7763
fwsm6,2026-07-20,23.55,24,34.3373,126.7763
fwsm6,2026-07-21,23.69,24,34.3373,126.7763
fwsm6,2026-07-22,24.15,24,34.3373,126.7763
fwsm6,2026-07-23,25.14,24,34.3373,126.7763
fwsm6,2026-07-24,26.2,24,34.3373,126.7763
fwsm6,2026-07-25,26.22,24,34.3373,126.7763
fwsm6,2026-07-26,26.88,24,34.3373,126.7763
fwsm6,2026-07-27,25.99,24,34.3373,126.7763
fwsm6,2026-07-28,25.88,24,34.3373,126.7763
fwsm6,2026-07-29,25.51,24,34.3373,126.7763
fwsm6,2026-07-30,25.14,24,34.3373,126.7763
fwsm6,2026-07-31,24.81,24,34.3373,126.7763
fwsm6,2026-08-01,24.63,24,34.3373,126.7763
fwsm6,2026-08-02,24.28,24,34.3373,126.7763
fwsm6,2026-08-03,24.08,24,34.3373,126.7763
fwsm6,2026-08-04,23.87,24,34.3373,126.7763
fwsm6,2026-08-05,23.82,24,34.3373,126.7763
fwsm6,2026-08-06,23.97,24,34.3373,126.7763
fwsm6,2026-08-07,24.45,24,34.3373,126.7763
fwsm6,2026-08-08,24.96,24,34.3373,126.7763
fwsm6,2026-08-09,25.47,24,34.3373,126.7763
fwsm6,2026-08-10,25.38,24,34.3373,126.7763
fwsm6,2026-08-11,25.27,24,34.3373,126.7763
fwsm6,2026-08-12,25.43,24,34.3373,126.7763
fwsm6,2026-08-13,25.77,24,34.3373,126.7763
fwsm6,2026-08-14,26.1,24,34.3373,126.7763
fwsm6,2026-08-15,26.04,24,34.3373,126.7763
fwsm6,2026-08-16,26.0,24,34.3373,126.7763
fwsm6,2026-08-17,26.18,24,34.3373,126.7763
fwsm6,2026-08-18,26.51,24,34.3373,126.7763
fwsm6,2026-08-19,26.75,24,34.3373,126.7763
fwsm6,2026-08-20,27.06,24,34.3373,126.7763
fwsm6,2026-08-21,27.34,24,34.3373,126.7763
fwsm6,2026-08-22,27.71,24,34.3373,126.7763
fwsm6,2026-08-23,27.91,24,34.3373,126.7763
fwsm6,2026-08-24,28.24,24,34.3373,126.7763
fwsm6,2026-08-25,28.42,24,34.3373,126.7763
fwsm6,2026-08-26,28.56,24,34.3373,126.7763
fwsm6,2026-08-27,28.65,24,34.3373,126.7763
fwsm6,2026-08-28,28.36,24,34.3373,126.7763
fwsm6,2026-08-29,28.29,24,34.3373,126.7763
fwsm6,2026-08-30,28.04,24,34.3373,126.7763
fwsm6,2026-08-31,27.66,24,34.3373,126.7763
fwsm6,2026-09-01,27.43,24,34.3373,126.7763
fwsm6,2026-09-02,27.16,24,34.3373,126.7763
fwsm6,2026-09-03,27.0,24,34.3373,126.7763
fwsm6,2026-09-04,26.7,24,34.3373,126.7763
fwsm6,2026-09-05,26.7,24,34.3373,126.7763
fwsm6,2026-09-06,26.68,24,34.3373,126.7763
fwsm6,2026-09-07,26.54,24,34.3373,126.7763
fwsm6,2026-09-08,26.45,24,34.3373,126.7763
fwsm6,2026-09-09,26.25,24,34.3373,126.7763
fwsm6,2026-09-10,25.87,24,34.3373,126.7763
fwsm6,2026-09-11,25.85,24,34.3373,126.7763
fwsm6,2026-09-12,25.85,24,34.3373,126.7763
fwsm6,2026-09-13,25.9,24,34.3373,126.7763
fwsm6,2026-09-14,25.8,24,34.3373,126.7763
fwsm6,2026-09-15,25.65,24,34.3373,126.7763
fwsm6,2026-09-16,25.58,24,34.3373,126.7763
fwsm6,2026-09-17,25.51,24,34.3373,126.7763
fwsm6,2026-09-18,25.46,24,34.3373,126.7763
fwsm6,2026-09-19,25.61,24,34.3373,126.7763
fwsm6,2026-09-20,25.65,24,34.3373,126.7763
fwsm6,2026-09-21,25.56,24,34.3373,126.7763
fwsm6,2026-09-22,25.64,24,34.3373,126.7763
fwsm6,2026-09-23,25.65,24,34.3373,126.7763
fwsm6,2026-09-24,25.72,24,34.3373,126.7763
fwyl6,2026-05-01,13.4,24,34.1434,126.5792
fwyl6,2026-05-02,13.35,24,34.1434,126.5792
fwyl6,2026-05-03,13.24,24,34.1434,126.5792
fwyl6,2026-05-04,13.16,24,34.1434,126.5792
fwyl6,2026-05-05,13.62,24,34.1434,126.5792
fwyl6,2026-05-06,14.22,24,34.1434,126.5792
fwyl6,2026-05-07,14.43,24,34.1434,126.5792
fwyl6,2026-05-08,14.38,24,34.1434,126.5792
fwyl6,2026-05-09,14.36,24,34.1434,126.5792
fwyl6,2026-05-10,14.74,24,34.1434,126.5792
fwyl6,2026-05-11,15.56,24,34.1434,126.5792
fwyl6,2026-05-12,15.46,24,34.1434,126.5792
fwyl6,2026-05-13,15.55,24,34.1434,126.5792
fwyl6,2026-05-14,15.17,24,34.1434,126.5792
fwyl6,2026-05-15,14.88,24,34.1434,126.5792
fwyl6,2026-05-16,14.74,24,34.1434,126.5792
fwyl6,2026-05-17,14.66,24,34.1434,126.5792
fwyl6,2026-05-18,14.74,24,34.1434,126.5792
fwyl6,2026-05-19,14.82,24,34.1434,126.5792
fwyl6,2026-05-20,15.08,24,34.1434,126.5792
fwyl6,2026-05-21,14.7,24,34.1434,126.5792
fwyl6,2026-05-22,14.98,24,34.1434,126.5792
fwyl6,2026-05-23,15.51,24,34.1434,126.5792
fwyl6,2026-05-24,15.93,24,34.1434,126.5792
fwyl6,2026-05-25,16.43,24,34.1434,126.5792
fwyl6,2026-05-26,16.45,24,34.1434,126.5792
fwyl6,2026-05-27,16.58,24,34.1434,126.5792
fwyl6,2026-05-28,16.53,24,34.1434,126.5792
fwyl6,2026-05-29,16.72,24,34.1434,126.5792
fwyl6,2026-05-30,16.6,24,34.1434,126.5792
fwyl6,2026-05-31,16.88,24,34.1434,126.5792
fwyl6,2026-06-01,17.18,24,34.1434,126.5792
fwyl6,2026-06-02,18.0,24,34.1434,126.5792
fwyl6,2026-06-03,18.03,24,34.1434,126.5792
fwyl6,2026-06-04,17.93,24,34.1434,126.5792
fwyl6,2026-06-05,18.02,24,34.1434,126.5792
fwyl6,2026-06-06,17.85,24,34.1434,126.5792
fwyl6,2026-06-07,18.4,24,34.1434,126.5792
fwyl6,2026-06-08,18.19,24,34.1434,126.5792
fwyl6,2026-06-09,18.23,24,34.1434,126.5792
fwyl6,2026-06-10,18.65,24,34.1434,126.5792
fwyl6,2026-06-11,18.81,24,34.1434,126.5792
fwyl6,2026-06-12,18.55,24,34.1434,126.5792
fwyl6,2026-06-13,18.63,24,34.1434,126.5792
fwyl6,2026-06-14,18.81,24,34.1434,126.5792
fwyl6,2026-06-15,18.67,24,34.1434,126.5792
fwyl6,2026-06-16,18.48,24,34.1434,126.5792
fwyl6,2026-06-17,18.29,24,34.1434,126.5792
fwyl6,2026-06-18,18.62,24,34.1434,126.5792
fwyl6,2026-06-19,18.7,24,34.1434,126.5792
fwyl6,2026-06-20,19.01,24,34.1434,126.5792
fwyl6,2026-06-21,19.43,24,34.1434,126.5792
fwyl6,2026-06-22,19.05,24,34.1434,126.5792
fwyl6,2026-06-23,18.63,24,34.1434,126.5792
fwyl6,2026-06-24,18.88,24,34.1434,126.5792
fwyl6,2026-06-25,19.35,24,34.1434,126.5792
fwyl6,2026-06-26,19.8,24,34.1434,126.5792
fwyl6,2026-06-27,19.81,24,34.1434,126.5792
fwyl6,2026-06-28,20.03,24,34.1434,126.5792
fwyl6,2026-06-29,20.29,24,34.1434,126.5792
fwyl6,2026-06-30,20.25,24,34.1434,126.5792
fwyl6,2026-07-01,20.06,24,34.1434,126.5792
fwyl6,2026-07-02,19.83,24,34.1434,126.5792
fwyl6,2026-07-03,19.85,24,34.1434,126.5792
fwyl6,2026-07-04,19.89,24,34.1434,126.5792
fwyl6,2026-07-05,19.89,24,34.1434,126.5792
fwyl6,2026-07-06,20.34,24,34.1434,126.5792
fwyl6,2026-07-07,20.94,24,34.1434,126.5792
fwyl6,2026-07-08,20.93,24,34.1434,126.5792
fwyl6,2026-07-09,21.09,24,34.1434,126.5792
fwyl6,2026-07-10,21.37,24,34.1434,126.5792
fwyl6,2026-07-11,22.24,23,34.1434,126.5792
fwyl6,2026-07-12,22.64,23,34.1434,126.5792
fwyl6,2026-07-13,22.9,23,34.1434,126.5792
fwyl6,2026-07-14,21.89,23,34.1434,126.5792
fwyl6,2026-07-15,21.34,23,34.1434,126.5792
fwyl6,2026-07-16,20.57,23,34.1434,126.5792
fwyl6,2026-07-17,19.72,23,34.1434,126.5792
fwyl6,2026-07-18,19.65,23,34.1434,126.5792
fwyl6,2026-07-19,19.7,23,34.1434,126.5792
fwyl6,2026-07-20,20.0,23,34.1434,126.5792
fwyl6,2026-07-21,20.52,23,34.1434,126.5792
fwyl6,2026-07-22,21.43,23,34.1434,126.5792
fwyl6,2026-07-23,22.36,23,34.1434,126.5792
fwyl6,2026-07-24,23.15,23,34.1434,126.5792
fwyl6,2026-07-25,23.76,23,34.1434,126.5792
fwyl6,2026-07-26,24.5,23,34.1434,126.5792
fwyl6,2026-07-27,24.59,23,34.1434,126.5792
fwyl6,2026-07-28,23.52,23,34.1434,126.5792
fwyl6,2026-07-29,21.8,23,34.1434,126.5792
fwyl6,2026-07-30,20.5,23,34.1434,126.5792
fwyl6,2026-07-31,20.04,23,34.1434,126.5792
fwyl6,2026-08-01,19.6,23,34.1434,126.5792
fwyl6,2026-08-02,19.73,23,34.1434,126.5792
fwyl6,2026-08-03,19.46,23,34.1434,126.5792
fwyl6,2026-08-04,19.72,23,34.1434,126.5792
fwyl6,2026-08-05,20.17,23,34.1434,126.5792
fwyl6,2026-08-06,20.47,23,34.1434,126.5792
fwyl6,2026-08-07,21.19,23,34.1434,126.5792
fwyl6,2026-08-08,21.42,23,34.1434,126.5792
fwyl6,2026-08-09,23.65,23,34.1434,126.5792
fwyl6,2026-08-10,23.81,23,34.1434,126.5792
fwyl6,2026-08-11,24.71,23,34.1434,126.5792
fwyl6,2026-08-12,25.79,23,34.1434,126.5792
fwyl6,2026-08-13,25.96,23,34.1434,126.5792
fwyl6,2026-08-14,26.09,23,34.1434,126.5792
fwyl6,2026-08-15,25.63,23,34.1434,126.5792
fwyl6,2026-08-16,25.66,23,34.1434,126.5792
fwyl6,2026-08-17,25.83,23,34.1434,126.5792
fwyl6,2026-08-18,25.95,23,34.1434,126.5792
fwyl6,2026-08-19,26.35,23,34.1434,126.5792
fwyl6,2026-08-20,26.69,23,34.1434,126.5792
fwyl6,2026-08-21,26.78,23,34.1434,126.5792
fwyl6,2026-08-22,27.43,23,34.1434,126.5792
fwyl6,2026-08-23,27.99,23,34.1434,126.5792
fwyl6,2026-08-24,28.54,23,34.1434,126.5792
fwyl6,2026-08-25,28.78,23,34.1434,126.5792
fwyl6,2026-08-26,28.03,23,34.1434,126.5792
fwyl6,2026-08-27,27.31,23,34.1434,126.5792
fwyl6,2026-08-28,26.38,23,34.1434,126.5792
fwyl6,2026-08-29,24.94,23,34.1434,126.5792
fwyl6,2026-08-30,23.78,23,34.1434,126.5792
fwyl6,2026-08-31,23.01,23,34.1434,126.5792
fwyl6,2026-09-01,22.49,23,34.1434,126.5792
fwyl6,2026-09-02,22.39,23,34.1434,126.5792
fwyl6,2026-09-03,22.42,23,34.1434,126.5792
fwyl6,2026-09-04,22.56,23,34.1434,126.5792
fwyl6,2026-09-05,23.31,23,34.1434,126.5792
fwyl6,2026-09-06,24.91,23,34.1434,126.5792
fwyl6,2026-09-07,25.05,23,34.1434,126.5792
fwyl6,2026-09-08,25.28,23,34.1434,126.5792
fwyl6,2026-09-09,24.98,23,34.1434,126.5792
fwyl6,2026-09-10,24.97,23,34.1434,126.5792
fwyl6,2026-09-11,24.73,23,34.1434,126.5792
fwyl6,2026-09-12,24.84,23,34.1434,126.5792
fwyl6,2026-09-13,24.98,23,34.1434,126.5792
fwyl6,2026-09-14,24.84,23,34.1434,126.5792
fwyl6,2026-09-15,24.29,23,34.1434,126.5792
fwyl6,2026-09-16,24.47,23,34.1434,126.5792
fwyl6,2026-09-17,24.53,23,34.1434,126.5792
fwyl6,2026-09-18,24.44,23,34.1434,126.5792
fwyl6,2026-09-19,24.63,23,34.1434,126.5792
fwyl6,2026-09-20,24.92,23,34.1434,126.5792
fwyl6,2026-09-21,24.94,23,34.1434,126.5792
fwyl6,2026-09-22,25.03,23,34.1434,126.5792
fwyl6,2026-09-23,24.97,23,34.1434,126.5792
fwyl6,2026-09-24,24.97,23,34.1434,126.5792
fwyo4,2026-05-01,14.06,24,34.3017,126.8598
fwyo4,2026-05-02,13.91,24,34.3017,126.8598
fwyo4,2026-05-03,13.65,24,34.3017,126.8598
fwyo4,2026-05-04,13.7,24,34.3017,126.8598
fwyo4,2026-05-05,13.82,24,34.3017,126.8598
fwyo4,2026-05-06,13.8,24,34.3017,126.8598
fwyo4,2026-05-07,14.0,24,34.3017,126.8598
fwyo4,2026-05-08,13.92,24,34.3017,126.8598
fwyo4,2026-05-09,13.9,24,34.3017,126.8598
fwyo4,2026-05-10,14.02,24,34.3017,126.8598
fwyo4,2026-05-11,14.56,24,34.3017,126.8598
fwyo4,2026-05-12,14.3,24,34.3017,126.8598
fwyo4,2026-05-13,14.38,24,34.3017,126.8598
fwyo4,2026-05-14,14.54,24,34.3017,126.8598
fwyo4,2026-05-15,14.82,24,34.3017,126.8598
fwyo4,2026-05-16,14.95,24,34.3017,126.8598
fwyo4,2026-05-17,14.97,24,34.3017,126.8598
fwyo4,2026-05-18,14.97,24,34.3017,126.8598
fwyo4,2026-05-19,15.19,24,34.3017,126.8598
fwyo4,2026-05-20,15.15,24,34.3017,126.8598
fwyo4,2026-05-21,15.27,24,34.3017,126.8598
fwyo4,2026-05-22,15.45,24,34.3017,126.8598
fwyo4,2026-05-23,15.6,24,34.3017,126.8598
fwyo4,2026-05-24,15.83,24,34.3017,126.8598
fwyo4,2026-05-25,16.16,24,34.3017,126.8598
fwyo4,2026-05-26,16.25,24,34.3017,126.8598
fwyo4,2026-05-27,16.3,24,34.3017,126.8598
fwyo4,2026-05-28,16.33,24,34.3017,126.8598
fwyo4,2026-05-29,16.42,24,34.3017,126.8598
fwyo4,2026-05-30,16.42,24,34.3017,126.8598
fwyo4,2026-05-31,16.72,24,34.3017,126.8598
fwyo4,2026-06-01,16.98,24,34.3017,126.8598
fwyo4,2026-06-02,17.3,24,34.3017,126.8598
fwyo4,2026-06-03,17.41,24,34.3017,126.8598
fwyo4,2026-06-04,17.47,24,34.3017,126.8598
fwyo4,2026-06-05,17.51,24,34.3017,126.8598
fwyo4,2026-06-06,17.77,24,34.3017,126.8598
fwyo4,2026-06-07,18.45,24,34.3017,126.8598
fwyo4,2026-06-08,18.25,24,34.3017,126.8598
fwyo4,2026-06-09,18.34,24,34.3017,126.8598
fwyo4,2026-06-10,18.32,24,34.3017,126.8598
fwyo4,2026-06-11,18.28,24,34.3017,126.8598
fwyo4,2026-06-12,18.33,24,34.3017,126.8598
fwyo4,2026-06-13,18.42,24,34.3017,126.8598
fwyo4,2026-06-14,18.55,24,34.3017,126.8598
fwyo4,2026-06-15,18.68,24,34.3017,126.8598
fwyo4,2026-06-16,18.72,24,34.3017,126.8598
fwyo4,2026-06-17,18.65,24,34.3017,126.8598
fwyo4,2026-06-18,18.92,23,34.3017,126.8598
fwyo4,2026-06-19,18.92,24,34.3017,126.8598
fwyo4,2026-06-20,19.32,24,34.3017,126.8598
fwyo4,2026-06-21,19.46,24,34.3017,126.8598
fwyo4,2026-06-22,19.02,24,34.3017,126.8598
fwyo4,2026-06-23,19.21,24,34.3017,126.8598
fwyo4,2026-06-24,19.7,24,34.3017,126.8598
fwyo4,2026-06-25,19.99,24,34.3017,126.8598
fwyo4,2026-06-26,20.29,24,34.3017,126.8598
fwyo4,2026-06-27,20.17,24,34.3017,126.8598
fwyo4,2026-06-28,20.37,24,34.3017,126.8598
fwyo4,2026-06-29,20.5,24,34.3017,126.8598
fwyo4,2026-06-30,20.51,24,34.3017,126.8598
fwyo4,2026-07-01,20.23,24,34.3017,126.8598
fwyo4,2026-07-02,20.9,24,34.3017,126.8598
fwyo4,2026-07-03,20.69,24,34.3017,126.8598
fwyo4,2026-07-04,20.63,24,34.3017,126.8598
fwyo4,2026-07-05,20.7,24,34.3017,126.8598
fwyo4,2026-07-06,20.88,24,34.3017,126.8598
fwyo4,2026-07-07,21.07,24,34.3017,126.8598
fwyo4,2026-07-08,21.15,24,34.3017,126.8598
fwyo4,2026-07-09,21.21,24,34.3017,126.8598
fwyo4,2026-07-10,21.43,24,34.3017,126.8598
fwyo4,2026-07-11,21.84,24,34.3017,126.8598
fwyo4,2026-07-12,21.94,24,34.3017,126.8598
fwyo4,2026-07-13,21.96,24,34.3017,126.8598
fwyo4,2026-07-14,21.81,24,34.3017,126.8598
fwyo4,2026-07-15,21.65,24,34.3017,126.8598
fwyo4,2026-07-16,20.73,24,34.3017,126.8598
fwyo4,2026-07-17,20.59,24,34.3017,126.8598
fwyo4,2026-07-18,20.72,24,34.3017,126.8598
fwyo4,2026-07-19,20.55,24,34.3017,126.8598
fwyo4,2026-07-20,20.78,24,34.3017,126.8598
fwyo4,2026-07-21,20.74,24,34.3017,126.8598
fwyo4,2026-07-22,20.92,24,34.3017,126.8598
fwyo4,2026-07-23,21.76,24,34.3017,126.8598
fwyo4,2026-07-24,22.57,24,34.3017,126.8598
fwyo4,2026-07-25,23.27,24,34.3017,126.8598
fwyo4,2026-07-26,22.96,23,34.3017,126.8598
fwyo4,2026-07-27,21.82,24,34.3017,126.8598
fwyo4,2026-07-28,21.03,24,34.3017,126.8598
fwyo4,2026-07-29,20.43,24,34.3017,126.8598
fwyo4,2026-07-30,20.0,24,34.3017,126.8598
fwyo4,2026-07-31,19.74,24,34.3017,126.8598
fwyo4,2026-08-01,19.73,24,34.3017,126.8598
fwyo4,2026-08-02,19.8,24,34.3017,126.8598
fwyo4,2026-08-03,19.86,24,34.3017,126.8598
fwyo4,2026-08-04,20.01,24,34.3017,126.8598
fwyo4,2026-08-05,20.09,24,34.3017,126.8598
fwyo4,2026-08-06,20.08,24,34.3017,126.8598
fwyo4,2026-08-07,20.7,24,34.3017,126.8598
fwyo4,2026-08-08,22.1,24,34.3017,126.8598
fwyo4,2026-08-09,23.62,24,34.3017,126.8598
fwyo4,2026-08-10,24.54,24,34.3017,126.8598
fwyo4,2026-08-11,25.35,24,34.3017,126.8598
fwyo4,2026-08-12,25.32,24,34.3017,126.8598
fwyo4,2026-08-13,25.69,24,34.3017,126.8598
fwyo4,2026-08-14,25.85,24,34.3017,126.8598
fwyo4,2026-08-15,25.66,24,34.3017,126.8598
fwyo4,2026-08-16,25.72,24,34.3017,126.8598
fwyo4,2026-08-17,25.92,24,34.3017,126.8598
fwyo4,2026-08-18,26.27,24,34.3017,126.8598
fwyo4,2026-08-19,26.4,24,34.3017,126.8598
fwyo4,2026-08-20,26.38,24,34.3017,126.8598
fwyo4,2026-08-21,26.72,24,34.3017,126.8598
fwyo4,2026-08-22,27.24,24,34.3017,126.8598
fwyo4,2026-08-23,27.38,24,34.3017,126.8598
fwyo4,2026-08-24,27.61,24,34.3017,126.8598
fwyo4,2026-08-25,27.39,24,34.3017,126.8598
fwyo4,2026-08-26,26.74,24,34.3017,126.8598
fwyo4,2026-08-27,26.6,24,34.3017,126.8598
fwyo4,2026-08-28,26.14,24,34.3017,126.8598
fwyo4,2026-08-29,25.81,24,34.3017,126.8598
fwyo4,2026-08-30,25.47,24,34.3017,126.8598
fwyo4,2026-08-31,25.11,24,34.3017,126.8598
fwyo4,2026-09-01,24.46,24,34.3017,126.8598
fwyo4,2026-09-02,24.06,24,34.3017,126.8598
fwyo4,2026-09-03,23.65,24,34.3017,126.8598
fwyo4,2026-09-04,23.92,24,34.3017,126.8598
fwyo4,2026-09-05,24.29,24,34.3017,126.8598
fwyo4,2026-09-06,25.0,24,34.3017,126.8598
fwyo4,2026-09-07,25.51,24,34.3017,126.8598
fwyo4,2026-09-08,25.46,24,34.3017,126.8598
fwyo4,2026-09-09,25.17,24,34.3017,126.8598
fwyo4,2026-09-10,24.95,24,34.3017,126.8598
fwyo4,2026-09-11,25.12,24,34.3017,126.8598
fwyo4,2026-09-12,25.29,24,34.3017,126.8598
fwyo4,2026-09-13,25.42,24,34.3017,126.8598
fwyo4,2026-09-14,25.46,24,34.3017,126.8598
fwyo4,2026-09-15,25.3,24,34.3017,126.8598
fwyo4,2026-09-16,25.39,24,34.3017,126.8598
fwyo4,2026-09-17,25.34,24,34.3017,126.8598
fwyo4,2026-09-18,25.38,24,34.3017,126.8598
fwyo4,2026-09-19,25.44,24,34.3017,126.8598
fwyo4,2026-09-20,25.5,24,34.3017,126.8598
fwyo4,2026-09-21,25.39,24,34.3017,126.8598
fwyo4,2026-09-22,25.3,24,34.3017,126.8598
fwyo4,2026-09-23,25.3,24,34.3017,126.8598
fwyo4,2026-09-24,25.41,24,34.3017,126.8598
fwyo5,2026-05-01,14.15,48,34.342,127.0101
fwyo5,2026-05-02,14.11,48,34.342,127.0101
fwyo5,2026-05-03,14.0,48,34.342,127.0101
fwyo5,2026-05-04,13.95,48,34.342,127.0101
fwyo5,2026-05-05,13.96,48,34.342,127.0101
fwyo5,2026-05-06,14.15,48,34.342,127.0101
fwyo5,2026-05-07,14.32,48,34.342,127.0101
fwyo5,2026-05-08,14.37,48,34.342,127.0101
fwyo5,2026-05-09,14.36,48,34.342,127.0101
fwyo5,2026-05-10,14.52,48,34.342,127.0101
fwyo5,2026-05-11,14.77,48,34.342,127.0101
fwyo5,2026-05-12,14.86,48,34.342,127.0101
fwyo5,2026-05-13,14.66,48,34.342,127.0101
fwyo5,2026-05-14,14.85,48,34.342,127.0101
fwyo5,2026-05-15,15.01,48,34.342,127.0101
fwyo5,2026-05-16,15.15,48,34.342,127.0101
fwyo5,2026-05-17,15.24,48,34.342,127.0101
fwyo5,2026-05-18,15.24,48,34.342,127.0101
fwyo5,2026-05-19,15.22,48,34.342,127.0101
fwyo5,2026-05-20,15.24,48,34.342,127.0101
fwyo5,2026-05-21,15.39,48,34.342,127.0101
fwyo5,2026-05-22,15.71,48,34.342,127.0101
fwyo5,2026-05-23,15.9,48,34.342,127.0101
fwyo5,2026-05-24,16.1,48,34.342,127.0101
fwyo5,2026-05-25,16.41,48,34.342,127.0101
fwyo5,2026-05-26,16.58,48,34.342,127.0101
fwyo5,2026-05-27,16.66,48,34.342,127.0101
fwyo5,2026-05-28,16.89,48,34.342,127.0101
fwyo5,2026-05-29,17.17,48,34.342,127.0101
fwyo5,2026-05-30,17.38,48,34.342,127.0101
fwyo5,2026-05-31,17.37,48,34.342,127.0101
fwyo5,2026-06-01,17.49,48,34.342,127.0101
fwyo5,2026-06-02,17.59,48,34.342,127.0101
fwyo5,2026-06-03,17.74,48,34.342,127.0101
fwyo5,2026-06-04,17.97,48,34.342,127.0101
fwyo5,2026-06-05,18.03,48,34.342,127.0101
fwyo5,2026-06-06,18.21,48,34.342,127.0101
fwyo5,2026-06-07,18.49,48,34.342,127.0101
fwyo5,2026-06-08,18.79,48,34.342,127.0101
fwyo5,2026-06-09,18.87,48,34.342,127.0101
fwyo5,2026-06-10,19.05,48,34.342,127.0101
fwyo5,2026-06-11,19.26,48,34.342,127.0101
fwyo5,2026-06-12,19.17,48,34.342,127.0101
fwyo5,2026-06-13,19.05,48,34.342,127.0101
fwyo5,2026-06-14,19.01,48,34.342,127.0101
fwyo5,2026-06-15,19.05,48,34.342,127.0101
fwyo5,2026-06-16,19.06,48,34.342,127.0101
fwyo5,2026-06-17,19.04,48,34.342,127.0101
fwyo5,2026-06-18,19.15,48,34.342,127.0101
fwyo5,2026-06-19,19.21,47,34.342,127.0101
fwyo5,2026-06-20,19.47,48,34.342,127.0101
fwyo5,2026-06-21,19.58,48,34.342,127.0101
fwyo5,2026-06-22,19.6,48,34.342,127.0101
fwyo5,2026-06-23,19.46,48,34.342,127.0101
fwyo5,2026-06-24,19.57,48,34.342,127.0101
fwyo5,2026-06-25,20.14,48,34.342,127.0101
fwyo5,2026-06-26,20.66,48,34.342,127.0101
fwyo5,2026-06-27,20.76,48,34.342,127.0101
fwyo5,2026-06-28,20.81,48,34.342,127.0101
fwyo5,2026-06-29,21.03,48,34.342,127.0101
fwyo5,2026-06-30,21.01,48,34.342,127.0101
fwyo5,2026-07-01,20.91,48,34.342,127.0101
fwyo5,2026-07-02,20.96,48,34.342,127.0101
fwyo5,2026-07-03,21.12,48,34.342,127.0101
fwyo5,2026-07-04,21.12,48,34.342,127.0101
fwyo5,2026-07-05,21.2,48,34.342,127.0101
fwyo5,2026-07-06,21.31,48,34.342,127.0101
fwyo5,2026-07-07,21.45,48,34.342,127.0101
fwyo5,2026-07-08,21.52,48,34.342,127.0101
fwyo5,2026-07-09,21.71,48,34.342,127.0101
fwyo5,2026-07-10,21.81,48,34.342,127.0101
fwyo5,2026-07-11,22.05,48,34.342,127.0101
fwyo5,2026-07-12,22.12,48,34.342,127.0101
fwyo5,2026-07-13,22.1,48,34.342,127.0101
fwyo5,2026-07-14,22.12,48,34.342,127.0101
fwyo5,2026-07-15,21.88,48,34.342,127.0101
fwyo5,2026-07-16,21.34,48,34.342,127.0101
fwyo5,2026-07-17,21.09,48,34.342,127.0101
fwyo5,2026-07-18,21.15,48,34.342,127.0101
fwyo5,2026-07-19,21.22,48,34.342,127.0101
fwyo5,2026-07-20,21.55,48,34.342,127.0101
fwyo5,2026-07-21,21.76,48,34.342,127.0101
fwyo5,2026-07-22,21.89,48,34.342,127.0101
fwyo5,2026-07-23,22.27,48,34.342,127.0101
fwyo5,2026-07-24,23.19,48,34.342,127.0101
fwyo5,2026-07-25,24.01,48,34.342,127.0101
fwyo5,2026-07-26,24.1,48,34.342,127.0101
fwyo5,2026-07-27,23.48,48,34.342,127.0101
fwyo5,2026-07-28,22.65,48,34.342,127.0101
fwyo5,2026-07-29,21.9,48,34.342,127.0101
fwyo5,2026-07-30,21.31,48,34.342,127.0101
fwyo5,2026-07-31,20.91,48,34.342,127.0101
fwyo5,2026-08-01,20.81,48,34.342,127.0101
fwyo5,2026-08-02,20.7,48,34.342,127.0101
fwyo5,2026-08-03,20.66,48,34.342,127.0101
fwyo5,2026-08-04,20.83,48,34.342,127.0101
fwyo5,2026-08-05,20.92,48,34.342,127.0101
fwyo5,2026-08-06,20.91,48,34.342,127.0101
fwyo5,2026-08-07,20.84,48,34.342,127.0101
fwyo5,2026-08-08,21.81,48,34.342,127.0101
fwyo5,2026-08-09,24.0,48,34.342,127.0101
fwyo5,2026-08-10,24.91,48,34.342,127.0101
fwyo5,2026-08-11,24.91,48,34.342,127.0101
fwyo5,2026-08-12,25.05,48,34.342,127.0101
fwyo5,2026-08-13,25.24,48,34.342,127.0101
fwyo5,2026-08-14,25.45,48,34.342,127.0101
fwyo5,2026-08-15,25.52,48,34.342,127.0101
fwyo5,2026-08-16,25.53,48,34.342,127.0101
fwyo5,2026-08-17,25.6,48,34.342,127.0101
fwyo5,2026-08-18,25.85,48,34.342,127.0101
fwyo5,2026-08-19,26.27,48,34.342,127.0101
fwyo5,2026-08-20,26.51,48,34.342,127.0101
fwyo5,2026-08-21,26.59,48,34.342,127.0101
fwyo5,2026-08-22,27.25,48,34.342,127.0101
fwyo5,2026-08-23,27.61,48,34.342,127.0101
fwyo5,2026-08-24,27.72,48,34.342,127.0101
fwyo5,2026-08-25,27.51,48,34.342,127.0101
fwyo5,2026-08-26,27.21,48,34.342,127.0101
fwyo5,2026-08-27,26.92,48,34.342,127.0101
fwyo5,2026-08-28,26.74,48,34.342,127.0101
fwyo5,2026-08-29,26.44,48,34.342,127.0101
fwyo5,2026-08-30,26.01,48,34.342,127.0101
fwyo5,2026-08-31,25.7,48,34.342,127.0101
fwyo5,2026-09-01,25.37,48,34.342,127.0101
fwyo5,2026-09-02,25.12,48,34.342,127.0101
fwyo5,2026-09-03,24.98,48,34.342,127.0101
fwyo5,2026-09-04,24.61,48,34.342,127.0101
fwyo5,2026-09-05,24.84,48,34.342,127.0101
fwyo5,2026-09-06,25.16,48,34.342,127.0101
fwyo5,2026-09-07,25.52,48,34.342,127.0101
fwyo5,2026-09-08,25.69,48,34.342,127.0101
fwyo5,2026-09-09,25.68,48,34.342,127.0101
fwyo5,2026-09-10,25.49,48,34.342,127.0101
fwyo5,2026-09-11,25.44,48,34.342,127.0101
fwyo5,2026-09-12,25.48,48,34.342,127.0101
fwyo5,2026-09-13,25.56,48,34.342,127.0101
fwyo5,2026-09-14,25.48,48,34.342,127.0101
fwyo5,2026-09-15,25.49,48,34.342,127.0101
fwyo5,2026-09-16,25.47,48,34.342,127.0101
fwyo5,2026-09-17,25.38,48,34.342,127.0101
fwyo5,2026-09-18,25.3,48,34.342,127.0101
fwyo5,2026-09-19,25.33,48,34.342,127.0101
fwyo5,2026-09-20,25.46,48,34.342,127.0101
fwyo5,2026-09-21,25.51,48,34.342,127.0101
fwyo5,2026-09-22,25.42,48,34.342,127.0101
fwyo5,2026-09-23,25.32,48,34.342,127.0101
fwyo5,2026-09-24,25.27,48,34.342,127.0101
fybm6,2026-05-15,16.94,14,34.5731,127.737
fybm6,2026-05-16,16.74,24,34.5731,127.737
fybm6,2026-05-17,17.12,24,34.5731,127.737
fybm6,2026-05-18,17.11,24,34.5731,127.737
fybm6,2026-05-19,17.14,24,34.5731,127.737
fybm6,2026-05-20,17.53,24,34.5731,127.737
fybm6,2026-05-21,17.62,24,34.5731,127.737
fybm6,2026-05-22,17.76,24,34.5731,127.737
fybm6,2026-05-23,17.88,24,34.5731,127.737
fybm6,2026-05-24,17.94,24,34.5731,127.737
fybm6,2026-05-25,18.24,24,34.5731,127.737
fybm6,2026-05-26,18.49,24,34.5731,127.737
fybm6,2026-05-27,19.2,24,34.5731,127.737
fybm6,2026-05-28,19.31,24,34.5731,127.737
fybm6,2026-05-29,19.56,24,34.5731,127.737
fybm6,2026-05-30,19.24,24,34.5731,127.737
fybm6,2026-05-31,19.39,24,34.5731,127.737
fybm6,2026-06-01,19.33,24,34.5731,127.737
fybm6,2026-06-02,19.45,24,34.5731,127.737
fybm6,2026-06-03,19.49,24,34.5731,127.737
fybm6,2026-06-04,19.52,24,34.5731,127.737
fybm6,2026-06-05,19.49,24,34.5731,127.737
fybm6,2026-06-06,19.62,23,34.5731,127.737
fybm6,2026-06-07,20.2,24,34.5731,127.737
fybm6,2026-06-08,19.76,24,34.5731,127.737
fybm6,2026-06-09,19.75,24,34.5731,127.737
fybm6,2026-06-10,19.8,24,34.5731,127.737
fybm6,2026-06-11,19.77,24,34.5731,127.737
fybm6,2026-06-12,19.93,24,34.5731,127.737
fybm6,2026-06-13,20.07,24,34.5731,127.737
fybm6,2026-06-14,20.14,24,34.5731,127.737
fybm6,2026-06-15,20.28,24,34.5731,127.737
fybm6,2026-06-16,20.69,24,34.5731,127.737
fybm6,2026-06-17,20.81,24,34.5731,127.737
fybm6,2026-06-18,20.98,24,34.5731,127.737
fybm6,2026-06-19,20.93,24,34.5731,127.737
fybm6,2026-06-20,21.45,24,34.5731,127.737
fybm6,2026-06-21,21.24,24,34.5731,127.737
fybm6,2026-06-22,20.87,18,34.5731,127.737
fybm6,2026-06-23,20.75,24,34.5731,127.737
fybm6,2026-06-24,20.79,22,34.5731,127.737
fybm6,2026-06-25,21.11,24,34.5731,127.737
fybm6,2026-06-26,21.48,23,34.5731,127.737
fybm6,2026-06-27,21.47,19,34.5731,127.737
fybm6,2026-06-28,21.29,13,34.5731,127.737
fybm6,2026-07-14,23.47,14,34.5731,127.737
fybm6,2026-07-15,23.0,22,34.5731,127.737
fybm6,2026-07-16,22.64,20,34.5731,127.737
fybm6,2026-07-17,22.97,18,34.5731,127.737
fybm6,2026-07-18,23.04,18,34.5731,127.737
fybm6,2026-07-19,22.81,17,34.5731,127.737
fybm6,2026-07-20,22.78,17,34.5731,127.737
fybm6,2026-07-21,23.23,17,34.5731,127.737
fybm6,2026-07-22,24.04,17,34.5731,127.737
fybm6,2026-07-23,25.3,24,34.5731,127.737
fybm6,2026-07-24,25.51,24,34.5731,127.737
fybm6,2026-07-25,25.53,24,34.5731,127.737
fybm6,2026-07-26,24.76,24,34.5731,127.737
fybm6,2026-07-27,23.71,24,34.5731,127.737
fybm6,2026-07-28,23.21,24,34.5731,127.737
fybm6,2026-07-29,23.06,24,34.5731,127.737
fybm6,2026-07-30,22.88,24,34.5731,127.737
fybm6,2026-07-31,22.6,24,34.5731,127.737
fybm6,2026-08-01,22.4,24,34.5731,127.737
fybm6,2026-08-02,22.34,24,34.5731,127.737
fybm6,2026-08-03,22.14,24,34.5731,127.737
fybm6,2026-08-04,22.02,24,34.5731,127.737
fybm6,2026-08-05,22.02,24,34.5731,127.737
fybm6,2026-08-06,23.12,24,34.5731,127.737
fybm6,2026-08-07,24.8,24,34.5731,127.737
fybm6,2026-08-08,25.87,23,34.5731,127.737
fybm6,2026-08-09,26.1,24,34.5731,127.737
fybm6,2026-08-10,26.11,24,34.5731,127.737
fybm6,2026-08-11,26.24,24,34.5731,127.737
fybm6,2026-08-12,26.5,24,34.5731,127.737
fybm6,2026-08-13,26.77,24,34.5731,127.737
fybm6,2026-08-14,26.94,24,34.5731,127.737
fybm6,2026-08-15,26.94,24,34.5731,127.737
fybm6,2026-08-16,26.72,24,34.5731,127.737
fybm6,2026-08-17,26.75,24,34.5731,127.737
fybm6,2026-08-18,27.04,24,34.5731,127.737
fybm6,2026-08-19,27.32,24,34.5731,127.737
fybm6,2026-08-20,27.49,24,34.5731,127.737
fybm6,2026-08-21,27.73,24,34.5731,127.737
fybm6,2026-08-22,27.92,24,34.5731,127.737
fybm6,2026-08-23,28.23,24,34.5731,127.737
fybm6,2026-08-24,28.31,24,34.5731,127.737
fybm6,2026-08-25,28.29,24,34.5731,127.737
fybm6,2026-08-26,28.2,24,34.5731,127.737
fybm6,2026-08-27,28.27,24,34.5731,127.737
fybm6,2026-08-28,27.89,24,34.5731,127.737
fybm6,2026-08-29,27.73,24,34.5731,127.737
fybm6,2026-08-30,27.32,24,34.5731,127.737
fybm6,2026-08-31,27.12,24,34.5731,127.737
fybm6,2026-09-01,27.04,24,34.5731,127.737
fybm6,2026-09-02,26.88,24,34.5731,127.737
fybm6,2026-09-03,27.15,24,34.5731,127.737
fybm6,2026-09-04,27.16,24,34.5731,127.737
fybm6,2026-09-05,26.73,24,34.5731,127.737
fybm6,2026-09-06,26.71,24,34.5731,127.737
fybm6,2026-09-07,26.76,24,34.5731,127.737
fybm6,2026-09-08,26.7,24,34.5731,127.737
fybm6,2026-09-09,26.47,24,34.5731,127.737
fybm6,2026-09-10,26.25,24,34.5731,127.737
fybm6,2026-09-11,26.3,24,34.5731,127.737
fybm6,2026-09-12,26.32,24,34.5731,127.737
fybm6,2026-09-13,26.38,24,34.5731,127.737
fybm6,2026-09-14,26.32,24,34.5731,127.737
fybm6,2026-09-15,26.34,24,34.5731,127.737
fybm6,2026-09-16,26.3,24,34.5731,127.737
fybm6,2026-09-17,26.11,24,34.5731,127.737
fybm6,2026-09-18,26.02,24,34.5731,127.737
fybm6,2026-09-19,26.12,24,34.5731,127.737
fybm6,2026-09-20,26.08,24,34.5731,127.737
fybm6,2026-09-21,25.99,24,34.5731,127.737
fybm6,2026-09-22,25.89,24,34.5731,127.737
fybm6,2026-09-23,25.83,24,34.5731,127.737
fybm6,2026-09-24,25.88,24,34.5731,127.737
fybo4,2026-05-01,15.93,24,34.6248,127.6341
fybo4,2026-05-02,16.11,24,34.6248,127.6341
fybo4,2026-05-03,15.98,24,34.6248,127.6341
fybo4,2026-05-04,15.84,24,34.6248,127.6341
fybo4,2026-05-05,15.98,24,34.6248,127.6341
fybo4,2026-05-06,16.3,24,34.6248,127.6341
fybo4,2026-05-07,16.65,24,34.6248,127.6341
fybo4,2026-05-08,16.99,24,34.6248,127.6341
fybo4,2026-05-09,16.62,24,34.6248,127.6341
fybo4,2026-05-10,16.75,24,34.6248,127.6341
fybo4,2026-05-11,17.29,24,34.6248,127.6341
fybo4,2026-05-12,17.0,23,34.6248,127.6341
fybo4,2026-05-13,17.45,24,34.6248,127.6341
fybo4,2026-05-14,17.62,24,34.6248,127.6341
fybo4,2026-05-15,17.92,24,34.6248,127.6341
fybo4,2026-05-16,18.1,24,34.6248,127.6341
fybo4,2026-05-17,18.44,24,34.6248,127.6341
fybo4,2026-05-18,18.62,24,34.6248,127.6341
fybo4,2026-05-19,18.84,24,34.6248,127.6341
fybo4,2026-05-20,18.86,24,34.6248,127.6341
fybo4,2026-05-21,18.67,24,34.6248,127.6341
fybo4,2026-05-22,18.8,24,34.6248,127.6341
fybo4,2026-05-23,18.88,24,34.6248,127.6341
fybo4,2026-05-24,19.41,24,34.6248,127.6341
fybo4,2026-05-25,19.87,24,34.6248,127.6341
fybo4,2026-05-26,20.35,24,34.6248,127.6341
fybo4,2026-05-27,20.2,24,34.6248,127.6341
fybo4,2026-05-28,20.36,22,34.6248,127.6341
fybo4,2026-05-29,20.52,24,34.6248,127.6341
fybo4,2026-05-30,20.25,24,34.6248,127.6341
fybo4,2026-05-31,20.55,24,34.6248,127.6341
fybo4,2026-06-01,20.75,24,34.6248,127.6341
fybo4,2026-06-02,20.67,24,34.6248,127.6341
fybo4,2026-06-03,20.8,24,34.6248,127.6341
fybo4,2026-06-04,20.72,24,34.6248,127.6341
fybo4,2026-06-05,20.77,24,34.6248,127.6341
fybo4,2026-06-06,20.8,24,34.6248,127.6341
fybo4,2026-06-07,20.97,24,34.6248,127.6341
fybo4,2026-06-08,20.97,24,34.6248,127.6341
fybo4,2026-06-09,21.33,24,34.6248,127.6341
fybo4,2026-06-10,21.19,24,34.6248,127.6341
fybo4,2026-06-11,21.12,24,34.6248,127.6341
fybo4,2026-06-12,21.14,24,34.6248,127.6341
fybo4,2026-06-13,21.29,24,34.6248,127.6341
fybo4,2026-06-14,21.51,24,34.6248,127.6341
fybo4,2026-06-15,21.61,24,34.6248,127.6341
fybo4,2026-06-16,21.69,24,34.6248,127.6341
fybo4,2026-06-17,21.62,24,34.6248,127.6341
fybo4,2026-06-18,21.83,24,34.6248,127.6341
fybo4,2026-06-19,21.92,24,34.6248,127.6341
fybo4,2026-06-20,22.02,23,34.6248,127.6341
fybo4,2026-06-21,22.25,24,34.6248,127.6341
fybo4,2026-06-22,22.12,24,34.6248,127.6341
fybo4,2026-06-23,21.98,24,34.6248,127.6341
fybo4,2026-06-24,22.08,24,34.6248,127.6341
fybo4,2026-06-25,21.98,24,34.6248,127.6341
fybo4,2026-06-26,22.45,23,34.6248,127.6341
fybo4,2026-06-27,22.63,24,34.6248,127.6341
fybo4,2026-06-28,22.54,24,34.6248,127.6341
fybo4,2026-06-29,22.82,24,34.6248,127.6341
fybo4,2026-06-30,22.98,24,34.6248,127.6341
fybo4,2026-07-01,22.78,24,34.6248,127.6341
fybo4,2026-07-02,22.92,24,34.6248,127.6341
fybo4,2026-07-03,22.85,24,34.6248,127.6341
fybo4,2026-07-04,22.9,24,34.6248,127.6341
fybo4,2026-07-05,22.92,24,34.6248,127.6341
fybo4,2026-07-06,23.13,24,34.6248,127.6341
fybo4,2026-07-07,23.35,24,34.6248,127.6341
fybo4,2026-07-08,23.45,24,34.6248,127.6341
fybo4,2026-07-09,23.65,24,34.6248,127.6341
fybo4,2026-07-10,24.09,24,34.6248,127.6341
fybo4,2026-07-11,24.74,24,34.6248,127.6341
fybo4,2026-07-12,25.16,24,34.6248,127.6341
fybo4,2026-07-13,24.7,24,34.6248,127.6341
fybo4,2026-07-14,24.52,24,34.6248,127.6341
fybo4,2026-07-15,24.52,24,34.6248,127.6341
fybo4,2026-07-16,24.69,23,34.6248,127.6341
fybo4,2026-07-17,24.73,22,34.6248,127.6341
fybo4,2026-07-18,24.53,23,34.6248,127.6341
fybo4,2026-07-19,24.59,23,34.6248,127.6341
fybo4,2026-07-20,24.75,23,34.6248,127.6341
fybo4,2026-07-21,25.08,23,34.6248,127.6341
fybo4,2026-07-22,25.72,24,34.6248,127.6341
fybo4,2026-07-23,26.23,23,34.6248,127.6341
fybo4,2026-07-24,26.87,24,34.6248,127.6341
fybo4,2026-07-25,27.52,24,34.6248,127.6341
fybo4,2026-07-26,27.54,24,34.6248,127.6341
fybo4,2026-07-27,26.99,24,34.6248,127.6341
fybo4,2026-07-28,26.46,24,34.6248,127.6341
fybo4,2026-07-29,26.39,23,34.6248,127.6341
fybo4,2026-07-30,25.86,23,34.6248,127.6341
fybo4,2026-07-31,25.37,23,34.6248,127.6341
fybo4,2026-08-01,25.14,22,34.6248,127.6341
fybo4,2026-08-02,25.46,23,34.6248,127.6341
fybo4,2026-08-03,25.11,21,34.6248,127.6341
fybo4,2026-08-04,24.91,20,34.6248,127.6341
fybo4,2026-08-05,25.16,22,34.6248,127.6341
fybo4,2026-08-06,25.69,24,34.6248,127.6341
fybo4,2026-08-07,26.4,24,34.6248,127.6341
fybo4,2026-08-08,27.15,24,34.6248,127.6341
fybo4,2026-08-09,26.5,24,34.6248,127.6341
fybo4,2026-08-10,26.18,24,34.6248,127.6341
fybo4,2026-08-11,26.02,24,34.6248,127.6341
fybo4,2026-08-12,26.21,24,34.6248,127.6341
fybo4,2026-08-13,26.69,24,34.6248,127.6341
fybo4,2026-08-14,27.07,24,34.6248,127.6341
fybo4,2026-08-15,27.17,24,34.6248,127.6341
fybo4,2026-08-16,26.89,24,34.6248,127.6341
fybo4,2026-08-17,26.84,24,34.6248,127.6341
fybo4,2026-08-18,27.14,24,34.6248,127.6341
fybo4,2026-08-19,27.5,24,34.6248,127.6341
fybo4,2026-08-20,27.98,24,34.6248,127.6341
fybo4,2026-08-21,28.45,24,34.6248,127.6341
fybo4,2026-08-22,28.57,24,34.6248,127.6341
fybo4,2026-08-23,28.99,24,34.6248,127.6341
fybo4,2026-08-24,29.32,24,34.6248,127.6341
fybo4,2026-08-25,29.34,24,34.6248,127.6341
fybo4,2026-08-26,29.33,24,34.6248,127.6341
fybo4,2026-08-27,29.37,24,34.6248,127.6341
fybo4,2026-08-28,29.06,24,34.6248,127.6341
fybo4,2026-08-29,28.9,24,34.6248,127.6341
fybo4,2026-08-30,28.91,24,34.6248,127.6341
fybo4,2026-08-31,28.8,24,34.6248,127.6341
fybo4,2026-09-01,28.67,24,34.6248,127.6341
fybo4,2026-09-02,28.65,24,34.6248,127.6341
fybo4,2026-09-03,28.78,24,34.6248,127.6341
fybo4,2026-09-04,28.29,24,34.6248,127.6341
fybo4,2026-09-05,27.65,24,34.6248,127.6341
fybo4,2026-09-06,27.23,24,34.6248,127.6341
fybo4,2026-09-07,27.02,24,34.6248,127.6341
fybo4,2026-09-08,27.02,24,34.6248,127.6341
fybo4,2026-09-09,26.79,24,34.6248,127.6341
fybo4,2026-09-10,26.35,24,34.6248,127.6341
fybo4,2026-09-11,26.5,24,34.6248,127.6341
fybo4,2026-09-12,26.61,24,34.6248,127.6341
fybo4,2026-09-13,26.8,24,34.6248,127.6341
fybo4,2026-09-14,26.82,24,34.6248,127.6341
fybo4,2026-09-15,26.88,24,34.6248,127.6341
fybo4,2026-09-16,26.84,24,34.6248,127.6341
fybo4,2026-09-17,26.46,24,34.6248,127.6341
fybo4,2026-09-18,26.27,24,34.6248,127.6341
fybo4,2026-09-19,26.28,24,34.6248,127.6341
fybo4,2026-09-20,26.15,24,34.6248,127.6341
fybo4,2026-09-21,26.15,24,34.6248,127.6341
fybo4,2026-09-22,26.06,24,34.6248,127.6341
fybo4,2026-09-23,26.01,24,34.6248,127.6341
fybo4,2026-09-24,26.07,24,34.6248,127.6341
fycm6,2026-05-01,14.35,24,34.032,127.3018
fycm6,2026-05-02,14.37,24,34.032,127.3018
fycm6,2026-05-03,14.08,24,34.032,127.3018
fycm6,2026-05-04,14.2,24,34.032,127.3018
fycm6,2026-05-05,14.67,24,34.032,127.3018
fycm6,2026-05-06,15.08,24,34.032,127.3018
fycm6,2026-05-07,15.62,24,34.032,127.3018
fycm6,2026-05-08,15.05,24,34.032,127.3018
fycm6,2026-05-09,15.28,24,34.032,127.3018
fycm6,2026-05-10,15.68,24,34.032,127.3018
fycm6,2026-05-11,16.6,24,34.032,127.3018
fycm6,2026-05-12,16.32,24,34.032,127.3018
fycm6,2026-05-13,16.55,24,34.032,127.3018
fycm6,2026-05-14,16.6,24,34.032,127.3018
fycm6,2026-05-15,16.15,24,34.032,127.3018
fycm6,2026-05-16,16.23,24,34.032,127.3018
fycm6,2026-05-17,15.72,24,34.032,127.3018
fycm6,2026-05-18,15.72,24,34.032,127.3018
fycm6,2026-05-19,16.08,24,34.032,127.3018
fycm6,2026-05-20,16.13,24,34.032,127.3018
fycm6,2026-05-21,16.18,24,34.032,127.3018
fycm6,2026-05-22,16.37,24,34.032,127.3018
fycm6,2026-05-23,16.55,24,34.032,127.3018
fycm6,2026-05-24,17.1,24,34.032,127.3018
fycm6,2026-05-25,17.63,24,34.032,127.3018
fycm6,2026-05-26,17.82,24,34.032,127.3018
fycm6,2026-05-27,17.88,24,34.032,127.3018
fycm6,2026-05-28,18.03,24,34.032,127.3018
fycm6,2026-05-29,18.15,24,34.032,127.3018
fycm6,2026-05-30,18.11,24,34.032,127.3018
fycm6,2026-05-31,18.14,24,34.032,127.3018
fycm6,2026-06-01,18.18,24,34.032,127.3018
fycm6,2026-06-02,18.59,24,34.032,127.3018
fycm6,2026-06-03,19.0,24,34.032,127.3018
fycm6,2026-06-04,18.88,24,34.032,127.3018
fycm6,2026-06-05,19.16,24,34.032,127.3018
fycm6,2026-06-06,19.25,24,34.032,127.3018
fycm6,2026-06-07,19.83,24,34.032,127.3018
fycm6,2026-06-08,19.64,24,34.032,127.3018
fycm6,2026-06-09,19.65,24,34.032,127.3018
fycm6,2026-06-10,20.13,24,34.032,127.3018
fycm6,2026-06-11,19.93,24,34.032,127.3018
fycm6,2026-06-12,19.78,24,34.032,127.3018
fycm6,2026-06-13,19.72,24,34.032,127.3018
fycm6,2026-06-14,19.55,24,34.032,127.3018
fycm6,2026-06-15,19.37,24,34.032,127.3018
fycm6,2026-06-16,19.12,24,34.032,127.3018
fycm6,2026-06-17,19.34,24,34.032,127.3018
fycm6,2026-06-18,19.17,24,34.032,127.3018
fycm6,2026-06-19,19.41,24,34.032,127.3018
fycm6,2026-06-20,19.4,24,34.032,127.3018
fycm6,2026-06-21,20.04,24,34.032,127.3018
fycm6,2026-06-22,19.96,24,34.032,127.3018
fycm6,2026-06-23,19.95,24,34.032,127.3018
fycm6,2026-06-24,20.03,24,34.032,127.3018
fycm6,2026-06-25,20.6,24,34.032,127.3018
fycm6,2026-06-26,21.28,24,34.032,127.3018
fycm6,2026-06-27,21.38,24,34.032,127.3018
fycm6,2026-06-28,21.66,24,34.032,127.3018
fycm6,2026-06-29,22.02,24,34.032,127.3018
fycm6,2026-06-30,22.0,24,34.032,127.3018
fycm6,2026-07-01,21.92,24,34.032,127.3018
fycm6,2026-07-02,22.54,24,34.032,127.3018
fycm6,2026-07-03,22.59,24,34.032,127.3018
fycm6,2026-07-04,22.55,24,34.032,127.3018
fycm6,2026-07-05,22.62,24,34.032,127.3018
fycm6,2026-07-06,22.91,24,34.032,127.3018
fycm6,2026-07-07,22.99,24,34.032,127.3018
fycm6,2026-07-08,23.0,24,34.032,127.3018
fycm6,2026-07-09,23.08,24,34.032,127.3018
fycm6,2026-07-10,23.28,24,34.032,127.3018
fycm6,2026-07-11,23.65,24,34.032,127.3018
fycm6,2026-07-12,23.09,24,34.032,127.3018
fycm6,2026-07-13,22.64,24,34.032,127.3018
fycm6,2026-07-14,22.99,24,34.032,127.3018
fycm6,2026-07-15,22.79,24,34.032,127.3018
fycm6,2026-07-16,22.27,24,34.032,127.3018
fycm6,2026-07-17,22.5,24,34.032,127.3018
fycm6,2026-07-18,22.0,24,34.032,127.3018
fycm6,2026-07-19,22.06,24,34.032,127.3018
fycm6,2026-07-20,22.1,24,34.032,127.3018
fycm6,2026-07-21,22.17,24,34.032,127.3018
fycm6,2026-07-22,22.84,24,34.032,127.3018
fycm6,2026-07-23,23.23,24,34.032,127.3018
fycm6,2026-07-24,24.05,24,34.032,127.3018
fycm6,2026-07-25,24.52,24,34.032,127.3018
fycm6,2026-07-26,24.99,24,34.032,127.3018
fycm6,2026-07-27,25.35,24,34.032,127.3018
fycm6,2026-07-28,25.2,24,34.032,127.3018
fycm6,2026-07-29,25.18,24,34.032,127.3018
fycm6,2026-07-30,24.93,24,34.032,127.3018
fycm6,2026-07-31,24.39,24,34.032,127.3018
fycm6,2026-08-01,24.3,24,34.032,127.3018
fycm6,2026-08-02,23.66,24,34.032,127.3018
fycm6,2026-08-03,23.59,24,34.032,127.3018
fycm6,2026-08-04,23.65,24,34.032,127.3018
fycm6,2026-08-05,25.6,24,34.032,127.3018
fycm6,2026-08-06,27.0,24,34.032,127.3018
fycm6,2026-08-07,27.07,24,34.032,127.3018
fycm6,2026-08-08,28.02,24,34.032,127.3018
fycm6,2026-08-09,27.54,24,34.032,127.3018
fycm6,2026-08-10,27.27,24,34.032,127.3018
fycm6,2026-08-11,26.98,24,34.032,127.3018
fycm6,2026-08-12,26.98,24,34.032,127.3018
fycm6,2026-08-13,27.1,24,34.032,127.3018
fycm6,2026-08-14,27.12,24,34.032,127.3018
fycm6,2026-08-15,26.83,24,34.032,127.3018
fycm6,2026-08-16,26.74,24,34.032,127.3018
fycm6,2026-08-17,27.03,24,34.032,127.3018
fycm6,2026-08-18,27.18,24,34.032,127.3018
fycm6,2026-08-19,27.48,24,34.032,127.3018
fycm6,2026-08-20,27.91,24,34.032,127.3018
fycm6,2026-08-21,28.42,24,34.032,127.3018
fycm6,2026-08-22,28.64,24,34.032,127.3018
fycm6,2026-08-23,28.71,24,34.032,127.3018
fycm6,2026-08-24,29.02,24,34.032,127.3018
fycm6,2026-08-25,29.12,24,34.032,127.3018
fycm6,2026-08-26,29.26,24,34.032,127.3018
fycm6,2026-08-27,29.38,24,34.032,127.3018
fycm6,2026-08-28,28.73,24,34.032,127.3018
fycm6,2026-08-29,28.52,24,34.032,127.3018
fycm6,2026-08-30,28.14,24,34.032,127.3018
fycm6,2026-08-31,27.63,24,34.032,127.3018
fycm6,2026-09-01,27.11,24,34.032,127.3018
fycm6,2026-09-02,26.83,24,34.032,127.3018
fycm6,2026-09-03,26.29,24,34.032,127.3018
fycm6,2026-09-04,25.75,24,34.032,127.3018
fycm6,2026-09-05,25.27,24,34.032,127.3018
fycm6,2026-09-06,25.96,24,34.032,127.3018
fycm6,2026-09-07,26.33,24,34.032,127.3018
fycm6,2026-09-08,26.56,24,34.032,127.3018
fycm6,2026-09-09,26.49,24,34.032,127.3018
fycm6,2026-09-10,25.97,24,34.032,127.3018
fycm6,2026-09-11,25.95,24,34.032,127.3018
fycm6,2026-09-12,25.99,24,34.032,127.3018
fycm6,2026-09-13,26.26,24,34.032,127.3018
fycm6,2026-09-14,26.1,24,34.032,127.3018
fycm6,2026-09-15,26.14,24,34.032,127.3018
fycm6,2026-09-16,25.98,24,34.032,127.3018
fycm6,2026-09-17,25.75,24,34.032,127.3018
fycm6,2026-09-18,25.4,24,34.032,127.3018
fycm6,2026-09-19,25.43,24,34.032,127.3018
fycm6,2026-09-20,25.51,24,34.032,127.3018
fycm6,2026-09-21,25.52,24,34.032,127.3018
fycm6,2026-09-22,25.37,24,34.032,127.3018
fycm6,2026-09-23,25.19,24,34.032,127.3018
fycm6,2026-09-24,25.41,24,34.032,127.3018
fydl4,2026-05-01,15.85,24,34.6098,127.7944
fydl4,2026-05-02,15.88,24,34.6098,127.7944
fydl4,2026-05-03,15.38,24,34.6098,127.7944
fydl4,2026-05-04,15.55,23,34.6098,127.7944
fydl4,2026-05-05,15.5,24,34.6098,127.7944
fydl4,2026-05-06,15.97,24,34.6098,127.7944
fydl4,2026-05-07,16.32,24,34.6098,127.7944
fydl4,2026-05-08,16.03,24,34.6098,127.7944
fydl4,2026-05-09,16.27,23,34.6098,127.7944
fydl4,2026-05-10,16.7,24,34.6098,127.7944
fydl4,2026-05-11,17.49,24,34.6098,127.7944
fydl4,2026-05-12,17.28,24,34.6098,127.7944
fydl4,2026-05-13,18.06,24,34.6098,127.7944
fydl4,2026-05-14,18.68,24,34.6098,127.7944
fydl4,2026-05-15,18.98,24,34.6098,127.7944
fydl4,2026-05-16,18.22,24,34.6098,127.7944
fydl4,2026-05-17,18.8,24,34.6098,127.7944
fydl4,2026-05-18,18.38,23,34.6098,127.7944
fydl4,2026-05-19,18.81,23,34.6098,127.7944
fydl4,2026-05-20,18.7,23,34.6098,127.7944
fydl4,2026-05-21,18.77,24,34.6098,127.7944
fydl4,2026-05-22,19.08,24,34.6098,127.7944
fydl4,2026-05-23,19.09,24,34.6098,127.7944
fydl4,2026-05-24,19.48,24,34.6098,127.7944
fydl4,2026-05-25,20.1,24,34.6098,127.7944
fydl4,2026-05-26,20.9,24,34.6098,127.7944
fydl4,2026-05-27,21.08,24,34.6098,127.7944
fydl4,2026-05-28,21.18,24,34.6098,127.7944
fydl4,2026-05-29,20.85,24,34.6098,127.7944
fydl4,2026-05-30,20.74,24,34.6098,127.7944
fydl4,2026-05-31,21.17,24,34.6098,127.7944
fydl4,2026-06-01,21.19,24,34.6098,127.7944
fydl4,2026-06-02,20.81,24,34.6098,127.7944
fydl4,2026-06-03,21.14,24,34.6098,127.7944
fydl4,2026-06-04,20.97,24,34.6098,127.7944
fydl4,2026-06-05,20.77,24,34.6098,127.7944
fydl4,2026-06-06,21.15,24,34.6098,127.7944
fydl4,2026-06-07,21.7,24,34.6098,127.7944
fydl4,2026-06-08,21.22,24,34.6098,127.7944
fydl4,2026-06-09,21.58,24,34.6098,127.7944
fydl4,2026-06-10,22.18,24,34.6098,127.7944
fydl4,2026-06-11,21.62,24,34.6098,127.7944
fydl4,2026-06-12,21.65,24,34.6098,127.7944
fydl4,2026-06-13,22.0,24,34.6098,127.7944
fydl4,2026-06-14,22.12,24,34.6098,127.7944
fydl4,2026-06-15,22.24,24,34.6098,127.7944
fydl4,2026-06-16,22.82,24,34.6098,127.7944
fydl4,2026-06-17,22.28,24,34.6098,127.7944
fydl4,2026-06-18,22.42,24,34.6098,127.7944
fydl4,2026-06-19,22.17,24,34.6098,127.7944
fydl4,2026-06-20,21.52,24,34.6098,127.7944
fydl4,2026-06-21,22.22,24,34.6098,127.7944
fydl4,2026-06-22,22.44,24,34.6098,127.7944
fydl4,2026-06-23,21.86,24,34.6098,127.7944
fydl4,2026-06-24,21.63,24,34.6098,127.7944
fydl4,2026-06-25,22.13,24,34.6098,127.7944
fydl4,2026-06-26,23.24,24,34.6098,127.7944
fydl4,2026-06-27,23.57,24,34.6098,127.7944
fydl4,2026-06-28,23.25,24,34.6098,127.7944
fydl4,2026-06-29,23.08,24,34.6098,127.7944
fydl4,2026-06-30,23.25,24,34.6098,127.7944
fydl4,2026-07-01,22.92,24,34.6098,127.7944
fydl4,2026-07-02,23.32,24,34.6098,127.7944
fydl4,2026-07-03,23.22,24,34.6098,127.7944
fydl4,2026-07-04,23.28,24,34.6098,127.7944
fydl4,2026-07-05,23.08,24,34.6098,127.7944
fydl4,2026-07-06,23.19,23,34.6098,127.7944
fydl4,2026-07-07,23.54,23,34.6098,127.7944
fydl4,2026-07-08,23.17,23,34.6098,127.7944
fydl4,2026-07-09,22.42,23,34.6098,127.7944
fydl4,2026-07-10,23.46,23,34.6098,127.7944
fydl4,2026-07-11,25.05,24,34.6098,127.7944
fydl4,2026-07-12,25.96,24,34.6098,127.7944
fydl4,2026-07-13,25.32,24,34.6098,127.7944
fydl4,2026-07-14,23.98,24,34.6098,127.7944
fydl4,2026-07-15,23.38,23,34.6098,127.7944
fydl4,2026-07-16,24.72,24,34.6098,127.7944
fydl4,2026-07-17,25.65,24,34.6098,127.7944
fydl4,2026-07-18,25.01,24,34.6098,127.7944
fydl4,2026-07-19,24.59,24,34.6098,127.7944
fydl4,2026-07-20,24.82,24,34.6098,127.7944
fydl4,2026-07-21,24.63,24,34.6098,127.7944
fydl4,2026-07-22,24.74,24,34.6098,127.7944
fydl4,2026-07-23,24.93,24,34.6098,127.7944
fydl4,2026-07-24,25.82,24,34.6098,127.7944
fydl4,2026-07-25,26.07,23,34.6098,127.7944
fydl4,2026-07-26,26.36,24,34.6098,127.7944
fydl4,2026-07-27,26.06,24,34.6098,127.7944
fydl4,2026-07-28,25.96,24,34.6098,127.7944
fydl4,2026-07-29,25.42,23,34.6098,127.7944
fydl4,2026-07-30,25.26,23,34.6098,127.7944
fydl4,2026-07-31,25.17,23,34.6098,127.7944
fydl4,2026-08-01,24.57,24,34.6098,127.7944
fydl4,2026-08-02,24.92,23,34.6098,127.7944
fydl4,2026-08-03,24.9,23,34.6098,127.7944
fydl4,2026-08-04,25.13,24,34.6098,127.7944
fydl4,2026-08-05,26.15,23,34.6098,127.7944
fydl4,2026-08-06,27.05,24,34.6098,127.7944
fydl4,2026-08-07,27.19,23,34.6098,127.7944
fydl4,2026-08-08,27.12,23,34.6098,127.7944
fydl4,2026-08-09,26.91,23,34.6098,127.7944
fydl4,2026-08-10,26.96,23,34.6098,127.7944
fydl4,2026-08-12,27.7,12,34.6098,127.7944
fydl4,2026-08-13,27.55,23,34.6098,127.7944
fydl4,2026-08-14,27.85,23,34.6098,127.7944
fydl4,2026-08-15,27.66,23,34.6098,127.7944
fydl4,2026-08-16,27.01,23,34.6098,127.7944
fydl4,2026-08-17,26.5,23,34.6098,127.7944
fydl4,2026-08-18,26.95,24,34.6098,127.7944
fydl4,2026-08-19,27.47,24,34.6098,127.7944
fydl4,2026-08-20,27.8,24,34.6098,127.7944
fydl4,2026-08-21,28.1,24,34.6098,127.7944
fydl4,2026-08-22,28.45,24,34.6098,127.7944
fydl4,2026-08-23,28.81,24,34.6098,127.7944
fydl4,2026-08-24,29.15,24,34.6098,127.7944
fydl4,2026-08-25,29.58,24,34.6098,127.7944
fydl4,2026-08-26,29.85,24,34.6098,127.7944
fydl4,2026-08-27,30.11,24,34.6098,127.7944
fydl4,2026-08-28,29.28,24,34.6098,127.7944
fydl4,2026-08-29,28.8,24,34.6098,127.7944
fydl4,2026-08-30,28.68,24,34.6098,127.7944
fydl4,2026-08-31,28.65,24,34.6098,127.7944
fydl4,2026-09-01,28.59,24,34.6098,127.7944
fydl4,2026-09-02,28.62,24,34.6098,127.7944
fydl4,2026-09-03,28.65,24,34.6098,127.7944
fydl4,2026-09-04,27.96,24,34.6098,127.7944
fydl4,2026-09-05,27.37,24,34.6098,127.7944
fydl4,2026-09-06,26.92,24,34.6098,127.7944
fydl4,2026-09-07,26.87,24,34.6098,127.7944
fydl4,2026-09-08,26.68,24,34.6098,127.7944
fydl4,2026-09-09,26.35,24,34.6098,127.7944
fydl4,2026-09-10,26.08,24,34.6098,127.7944
fydl4,2026-09-11,26.37,24,34.6098,127.7944
fydl4,2026-09-12,26.54,24,34.6098,127.7944
fydl4,2026-09-13,26.55,24,34.6098,127.7944
fydl4,2026-09-14,26.36,24,34.6098,127.7944
fydl4,2026-09-15,26.45,24,34.6098,127.7944
fydl4,2026-09-16,26.28,24,34.6098,127.7944
fydl4,2026-09-17,25.8,24,34.6098,127.7944
fydl4,2026-09-18,25.55,24,34.6098,127.7944
fydl4,2026-09-19,25.65,24,34.6098,127.7944
fydl4,2026-09-20,25.95,24,34.6098,127.7944
fydl4,2026-09-21,26.03,24,34.6098,127.7944
fydl4,2026-09-22,25.92,24,34.6098,127.7944
fydl4,2026-09-23,26.06,24,34.6098,127.7944
fydl4,2026-09-24,26.17,24,34.6098,127.7944
fydo4,2026-05-01,16.22,24,34.7236,127.7381
fydo4,2026-05-02,16.43,24,34.7236,127.7381
fydo4,2026-05-03,16.04,24,34.7236,127.7381
fydo4,2026-05-04,15.91,24,34.7236,127.7381
fydo4,2026-05-05,16.23,24,34.7236,127.7381
fydo4,2026-05-06,16.95,24,34.7236,127.7381
fydo4,2026-05-07,17.75,24,34.7236,127.7381
fydo4,2026-05-08,17.48,24,34.7236,127.7381
fydo4,2026-05-09,17.32,24,34.7236,127.7381
fydo4,2026-05-10,18.09,24,34.7236,127.7381
fydo4,2026-05-11,18.57,24,34.7236,127.7381
fydo4,2026-05-12,18.3,23,34.7236,127.7381
fydo4,2026-05-13,18.13,23,34.7236,127.7381
fydo4,2026-05-14,18.7,24,34.7236,127.7381
fydo4,2026-05-15,18.53,24,34.7236,127.7381
fydo4,2026-05-16,19.0,24,34.7236,127.7381
fydo4,2026-05-17,19.57,24,34.7236,127.7381
fydo4,2026-05-18,19.85,24,34.7236,127.7381
fydo4,2026-05-19,19.77,24,34.7236,127.7381
fydo4,2026-05-20,18.87,24,34.7236,127.7381
fydo4,2026-05-21,19.22,24,34.7236,127.7381
fydo4,2026-05-22,19.17,24,34.7236,127.7381
fydo4,2026-05-23,18.97,24,34.7236,127.7381
fydo4,2026-05-24,19.38,24,34.7236,127.7381
fydo4,2026-05-25,19.9,24,34.7236,127.7381
fydo4,2026-05-26,20.09,24,34.7236,127.7381
fydo4,2026-05-27,19.88,24,34.7236,127.7381
fydo4,2026-05-28,20.16,24,34.7236,127.7381
fydo4,2026-05-29,20.7,24,34.7236,127.7381
fydo4,2026-05-30,21.21,24,34.7236,127.7381
fydo4,2026-05-31,21.62,24,34.7236,127.7381
fydo4,2026-06-01,21.78,24,34.7236,127.7381
fydo4,2026-06-02,20.84,24,34.7236,127.7381
fydo4,2026-06-03,20.91,24,34.7236,127.7381
fydo4,2026-06-04,21.22,24,34.7236,127.7381
fydo4,2026-06-05,21.08,24,34.7236,127.7381
fydo4,2026-06-06,21.0,24,34.7236,127.7381
fydo4,2026-06-07,21.19,24,34.7236,127.7381
fydo4,2026-06-08,21.2,24,34.7236,127.7381
fydo4,2026-06-09,21.27,24,34.7236,127.7381
fydo4,2026-06-10,21.72,24,34.7236,127.7381
fydo4,2026-06-11,22.16,24,34.7236,127.7381
fydo4,2026-06-12,22.22,24,34.7236,127.7381
fydo4,2026-06-13,22.48,24,34.7236,127.7381
fydo4,2026-06-14,22.53,24,34.7236,127.7381
fydo4,2026-06-15,22.28,24,34.7236,127.7381
fydo4,2026-06-16,21.93,24,34.7236,127.7381
fydo4,2026-06-17,21.85,24,34.7236,127.7381
fydo4,2026-06-18,22.13,24,34.7236,127.7381
fydo4,2026-06-19,22.52,24,34.7236,127.7381
fydo4,2026-06-20,22.64,24,34.7236,127.7381
fydo4,2026-06-21,22.91,24,34.7236,127.7381
fydo4,2026-06-22,22.28,24,34.7236,127.7381
fydo4,2026-06-23,22.06,24,34.7236,127.7381
fydo4,2026-06-24,22.07,24,34.7236,127.7381
fydo4,2026-06-25,22.21,24,34.7236,127.7381
fydo4,2026-06-26,22.86,24,34.7236,127.7381
fydo4,2026-06-27,22.97,24,34.7236,127.7381
fydo4,2026-06-28,23.39,24,34.7236,127.7381
fydo4,2026-06-29,23.63,24,34.7236,127.7381
fydo4,2026-06-30,23.69,24,34.7236,127.7381
fydo4,2026-07-01,22.91,24,34.7236,127.7381
fydo4,2026-07-02,23.1,24,34.7236,127.7381
fydo4,2026-07-03,23.6,21,34.7236,127.7381
fydo4,2026-07-04,24.07,24,34.7236,127.7381
fydo4,2026-07-05,24.07,24,34.7236,127.7381
fydo4,2026-07-06,24.46,24,34.7236,127.7381
fydo4,2026-07-07,24.58,24,34.7236,127.7381
fydo4,2026-07-08,24.84,24,34.7236,127.7381
fydo4,2026-07-09,25.78,24,34.7236,127.7381
fydo4,2026-07-10,25.55,24,34.7236,127.7381
fydo4,2026-07-11,25.75,24,34.7236,127.7381
fydo4,2026-07-12,25.69,24,34.7236,127.7381
fydo4,2026-07-13,26.17,24,34.7236,127.7381
fydo4,2026-07-14,26.34,24,34.7236,127.7381
fydo4,2026-07-15,26.66,24,34.7236,127.7381
fydo4,2026-07-16,26.18,24,34.7236,127.7381
fydo4,2026-07-17,26.19,24,34.7236,127.7381
fydo4,2026-07-18,26.51,24,34.7236,127.7381
fydo4,2026-07-19,26.5,24,34.7236,127.7381
fydo4,2026-07-20,26.85,24,34.7236,127.7381
fydo4,2026-07-21,27.61,24,34.7236,127.7381
fydo4,2026-07-22,28.43,24,34.7236,127.7381
fydo4,2026-07-23,28.95,24,34.7236,127.7381
fydo4,2026-07-24,29.1,23,34.7236,127.7381
fydo4,2026-07-25,29.49,24,34.7236,127.7381
fydo4,2026-07-26,29.77,23,34.7236,127.7381
fydo4,2026-07-27,29.55,23,34.7236,127.7381
fydo4,2026-07-28,28.9,23,34.7236,127.7381
fydo4,2026-07-29,28.43,23,34.7236,127.7381
fydo4,2026-07-30,27.59,23,34.7236,127.7381
fydo4,2026-07-31,27.69,23,34.7236,127.7381
fydo4,2026-08-01,27.61,22,34.7236,127.7381
fydo4,2026-08-02,27.44,22,34.7236,127.7381
fydo4,2026-08-03,27.33,24,34.7236,127.7381
fydo4,2026-08-04,26.9,23,34.7236,127.7381
fydo4,2026-08-05,26.8,24,34.7236,127.7381
fydo4,2026-08-06,26.6,24,34.7236,127.7381
fydo4,2026-08-07,26.58,24,34.7236,127.7381
fydo4,2026-08-08,26.35,24,34.7236,127.7381
fydo4,2026-08-09,26.56,24,34.7236,127.7381
fydo4,2026-08-10,26.84,24,34.7236,127.7381
fydo4,2026-08-11,26.82,24,34.7236,127.7381
fydo4,2026-08-12,26.7,24,34.7236,127.7381
fydo4,2026-08-13,27.14,24,34.7236,127.7381
fydo4,2026-08-14,27.37,24,34.7236,127.7381
fydo4,2026-08-15,27.33,24,34.7236,127.7381
fydo4,2026-08-16,26.81,24,34.7236,127.7381
fydo4,2026-08-17,26.85,24,34.7236,127.7381
fydo4,2026-08-18,27.36,24,34.7236,127.7381
fydo4,2026-08-19,28.12,24,34.7236,127.7381
fydo4,2026-08-20,28.82,24,34.7236,127.7381
fydo4,2026-08-21,28.85,24,34.7236,127.7381
fydo4,2026-08-22,28.82,24,34.7236,127.7381
fydo4,2026-08-23,28.83,24,34.7236,127.7381
fydo4,2026-08-24,29.15,24,34.7236,127.7381
fydo4,2026-08-25,29.61,24,34.7236,127.7381
fydo4,2026-08-26,29.66,24,34.7236,127.7381
fydo4,2026-08-27,29.57,24,34.7236,127.7381
fydo4,2026-08-28,29.33,24,34.7236,127.7381
fydo4,2026-08-29,29.49,24,34.7236,127.7381
fydo4,2026-08-30,29.52,24,34.7236,127.7381
fydo4,2026-08-31,29.39,24,34.7236,127.7381
fydo4,2026-09-01,29.08,24,34.7236,127.7381
fydo4,2026-09-02,28.82,24,34.7236,127.7381
fydo4,2026-09-03,28.64,24,34.7236,127.7381
fydo4,2026-09-04,28.08,24,34.7236,127.7381
fydo4,2026-09-05,27.86,24,34.7236,127.7381
fydo4,2026-09-06,27.42,24,34.7236,127.7381
fydo4,2026-09-07,27.2,24,34.7236,127.7381
fydo4,2026-09-08,27.17,24,34.7236,127.7381
fydo4,2026-09-09,26.87,24,34.7236,127.7381
fydo4,2026-09-10,26.39,24,34.7236,127.7381
fydo4,2026-09-11,26.41,24,34.7236,127.7381
fydo4,2026-09-12,26.42,24,34.7236,127.7381
fydo4,2026-09-13,26.61,24,34.7236,127.7381
fydo4,2026-09-14,26.58,24,34.7236,127.7381
fydo4,2026-09-15,26.64,24,34.7236,127.7381
fydo4,2026-09-16,26.58,24,34.7236,127.7381
fydo4,2026-09-17,26.41,24,34.7236,127.7381
fydo4,2026-09-18,26.23,24,34.7236,127.7381
fydo4,2026-09-19,26.09,24,34.7236,127.7381
fydo4,2026-09-20,25.93,24,34.7236,127.7381
fydo4,2026-09-21,25.92,24,34.7236,127.7381
fydo4,2026-09-22,25.92,24,34.7236,127.7381
fydo4,2026-09-23,25.85,24,34.7236,127.7381
fydo4,2026-09-24,25.96,24,34.7236,127.7381
fydo9,2026-05-01,15.97,24,34.6188,127.6496
fydo9,2026-05-02,16.2,24,34.6188,127.6496
fydo9,2026-05-03,16.08,24,34.6188,127.6496
fydo9,2026-05-04,15.8,24,34.6188,127.6496
fydo9,2026-05-05,16.04,24,34.6188,127.6496
fydo9,2026-05-06,16.32,24,34.6188,127.6496
fydo9,2026-05-07,16.5,24,34.6188,127.6496
fydo9,2026-05-08,16.62,24,34.6188,127.6496
fydo9,2026-05-09,16.52,24,34.6188,127.6496
fydo9,2026-05-10,16.89,24,34.6188,127.6496
fydo9,2026-05-11,17.53,24,34.6188,127.6496
fydo9,2026-05-12,17.5,24,34.6188,127.6496
fydo9,2026-05-13,17.78,24,34.6188,127.6496
fydo9,2026-05-14,17.97,24,34.6188,127.6496
fydo9,2026-05-15,18.22,24,34.6188,127.6496
fydo9,2026-05-16,18.37,24,34.6188,127.6496
fydo9,2026-05-17,18.59,24,34.6188,127.6496
fydo9,2026-05-18,18.85,24,34.6188,127.6496
fydo9,2026-05-19,19.09,24,34.6188,127.6496
fydo9,2026-05-20,18.92,24,34.6188,127.6496
fydo9,2026-05-21,18.68,24,34.6188,127.6496
fydo9,2026-05-22,18.8,24,34.6188,127.6496
fydo9,2026-05-23,19.06,24,34.6188,127.6496
fydo9,2026-05-24,19.35,24,34.6188,127.6496
fydo9,2026-05-25,19.94,24,34.6188,127.6496
fydo9,2026-05-26,20.82,24,34.6188,127.6496
fydo9,2026-05-27,20.77,24,34.6188,127.6496
fydo9,2026-05-28,20.58,24,34.6188,127.6496
fydo9,2026-05-29,20.83,24,34.6188,127.6496
fydo9,2026-05-30,20.52,24,34.6188,127.6496
fydo9,2026-05-31,20.68,24,34.6188,127.6496
fydo9,2026-06-01,20.88,24,34.6188,127.6496
fydo9,2026-06-02,20.84,24,34.6188,127.6496
fydo9,2026-06-03,20.87,24,34.6188,127.6496
fydo9,2026-06-04,20.96,24,34.6188,127.6496
fydo9,2026-06-05,20.91,24,34.6188,127.6496
fydo9,2026-06-06,21.0,24,34.6188,127.6496
fydo9,2026-06-07,21.32,24,34.6188,127.6496
fydo9,2026-06-08,21.28,24,34.6188,127.6496
fydo9,2026-06-09,21.44,24,34.6188,127.6496
fydo9,2026-06-10,21.27,24,34.6188,127.6496
fydo9,2026-06-11,21.35,24,34.6188,127.6496
fydo9,2026-06-12,21.23,23,34.6188,127.6496
fydo9,2026-06-13,21.35,24,34.6188,127.6496
fydo9,2026-06-14,21.58,24,34.6188,127.6496
fydo9,2026-06-15,21.84,24,34.6188,127.6496
fydo9,2026-06-16,21.87,24,34.6188,127.6496
fydo9,2026-06-17,21.82,24,34.6188,127.6496
fydo9,2026-06-18,22.16,24,34.6188,127.6496
fydo9,2026-06-19,22.06,24,34.6188,127.6496
fydo9,2026-06-20,21.83,24,34.6188,127.6496
fydo9,2026-06-21,22.1,24,34.6188,127.6496
fydo9,2026-06-22,22.21,24,34.6188,127.6496
fydo9,2026-06-23,22.13,24,34.6188,127.6496
fydo9,2026-06-24,22.23,24,34.6188,127.6496
fydo9,2026-06-25,22.0,24,34.6188,127.6496
fydo9,2026-06-26,22.42,24,34.6188,127.6496
fydo9,2026-06-27,22.8,24,34.6188,127.6496
fydo9,2026-06-28,22.76,24,34.6188,127.6496
fydo9,2026-06-29,23.37,24,34.6188,127.6496
fydo9,2026-06-30,23.29,24,34.6188,127.6496
fydo9,2026-07-01,23.03,24,34.6188,127.6496
fydo9,2026-07-02,23.05,24,34.6188,127.6496
fydo9,2026-07-03,22.99,24,34.6188,127.6496
fydo9,2026-07-04,22.91,24,34.6188,127.6496
fydo9,2026-07-05,22.85,24,34.6188,127.6496
fydo9,2026-07-06,22.99,24,34.6188,127.6496
fydo9,2026-07-07,23.32,24,34.6188,127.6496
fydo9,2026-07-08,23.11,24,34.6188,127.6496
fydo9,2026-07-09,23.32,24,34.6188,127.6496
fydo9,2026-07-10,24.08,24,34.6188,127.6496
fydo9,2026-07-11,25.09,24,34.6188,127.6496
fydo9,2026-07-12,25.65,24,34.6188,127.6496
fydo9,2026-07-13,24.55,24,34.6188,127.6496
fydo9,2026-07-14,24.42,24,34.6188,127.6496
fydo9,2026-07-15,24.45,24,34.6188,127.6496
fydo9,2026-07-16,24.98,23,34.6188,127.6496
fydo9,2026-07-17,24.82,24,34.6188,127.6496
fydo9,2026-07-18,24.45,24,34.6188,127.6496
fydo9,2026-07-19,24.52,24,34.6188,127.6496
fydo9,2026-07-20,24.65,24,34.6188,127.6496
fydo9,2026-07-21,24.92,24,34.6188,127.6496
fydo9,2026-07-22,25.51,24,34.6188,127.6496
fydo9,2026-07-23,25.91,24,34.6188,127.6496
fydo9,2026-07-24,26.95,24,34.6188,127.6496
fydo9,2026-07-25,27.65,24,34.6188,127.6496
fydo9,2026-07-26,27.37,24,34.6188,127.6496
fydo9,2026-07-27,27.01,21,34.6188,127.6496
fydo9,2026-07-28,26.54,21,34.6188,127.6496
fydo9,2026-07-29,26.57,22,34.6188,127.6496
fydo9,2026-07-30,25.99,22,34.6188,127.6496
fydo9,2026-07-31,25.37,22,34.6188,127.6496
fydo9,2026-08-01,25.25,22,34.6188,127.6496
fydo9,2026-08-02,24.99,22,34.6188,127.6496
fydo9,2026-08-03,24.98,23,34.6188,127.6496
fydo9,2026-08-04,24.68,21,34.6188,127.6496
fydo9,2026-08-05,24.97,23,34.6188,127.6496
fydo9,2026-08-06,25.59,23,34.6188,127.6496
fydo9,2026-08-07,26.68,24,34.6188,127.6496
fydo9,2026-08-08,27.17,24,34.6188,127.6496
fydo9,2026-08-09,26.53,24,34.6188,127.6496
fydo9,2026-08-10,26.28,24,34.6188,127.6496
fydo9,2026-08-11,25.97,24,34.6188,127.6496
fydo9,2026-08-12,26.09,24,34.6188,127.6496
fydo9,2026-08-13,26.54,24,34.6188,127.6496
fydo9,2026-08-14,26.9,24,34.6188,127.6496
fydo9,2026-08-15,26.98,24,34.6188,127.6496
fydo9,2026-08-16,26.84,24,34.6188,127.6496
fydo9,2026-08-17,26.75,24,34.6188,127.6496
fydo9,2026-08-18,26.93,24,34.6188,127.6496
fydo9,2026-08-19,27.24,23,34.6188,127.6496
fydo9,2026-08-20,27.64,24,34.6188,127.6496
fydo9,2026-08-21,28.19,23,34.6188,127.6496
fydo9,2026-08-22,28.28,24,34.6188,127.6496
fydo9,2026-08-23,28.88,24,34.6188,127.6496
fydo9,2026-08-24,29.25,24,34.6188,127.6496
fydo9,2026-08-25,29.34,23,34.6188,127.6496
fydo9,2026-08-26,29.47,23,34.6188,127.6496
fydo9,2026-08-27,29.41,23,34.6188,127.6496
fydo9,2026-08-28,29.07,23,34.6188,127.6496
fydo9,2026-08-29,28.81,23,34.6188,127.6496
fydo9,2026-08-30,28.85,23,34.6188,127.6496
fydo9,2026-08-31,28.73,23,34.6188,127.6496
fydo9,2026-09-01,28.59,23,34.6188,127.6496
fydo9,2026-09-02,28.58,23,34.6188,127.6496
fydo9,2026-09-03,28.66,23,34.6188,127.6496
fydo9,2026-09-04,28.4,23,34.6188,127.6496
fydo9,2026-09-05,27.6,23,34.6188,127.6496
fydo9,2026-09-06,27.1,23,34.6188,127.6496
fydo9,2026-09-07,26.89,23,34.6188,127.6496
fydo9,2026-09-08,26.86,23,34.6188,127.6496
fydo9,2026-09-09,26.64,23,34.6188,127.6496
fydo9,2026-09-10,26.22,23,34.6188,127.6496
fydo9,2026-09-11,26.35,23,34.6188,127.6496
fydo9,2026-09-12,26.53,23,34.6188,127.6496
fydo9,2026-09-13,26.61,23,34.6188,127.6496
fydo9,2026-09-14,26.66,23,34.6188,127.6496
fydo9,2026-09-15,26.72,23,34.6188,127.6496
fydo9,2026-09-16,26.67,23,34.6188,127.6496
fydo9,2026-09-17,26.42,23,34.6188,127.6496
fydo9,2026-09-18,26.11,23,34.6188,127.6496
fydo9,2026-09-19,26.0,23,34.6188,127.6496
fydo9,2026-09-20,26.03,23,34.6188,127.6496
fydo9,2026-09-21,26.03,23,34.6188,127.6496
fydo9,2026-09-22,26.04,23,34.6188,127.6496
fydo9,2026-09-23,25.94,23,34.6188,127.6496
fydo9,2026-09-24,25.99,23,34.6188,127.6496
fygl4,2026-05-01,15.72,24,34.6179,127.7123
fygl4,2026-05-02,15.8,24,34.6179,127.7123
fygl4,2026-05-03,15.51,24,34.6179,127.7123
fygl4,2026-05-04,15.78,24,34.6179,127.7123
fygl4,2026-05-05,15.96,24,34.6179,127.7123
fygl4,2026-05-06,16.08,24,34.6179,127.7123
fygl4,2026-05-07,16.54,24,34.6179,127.7123
fygl4,2026-05-08,16.63,24,34.6179,127.7123
fygl4,2026-05-09,16.88,24,34.6179,127.7123
fygl4,2026-05-10,16.65,24,34.6179,127.7123
fygl4,2026-05-11,16.72,24,34.6179,127.7123
fygl4,2026-05-12,16.68,23,34.6179,127.7123
fygl4,2026-05-15,17.48,13,34.6179,127.7123
fygl4,2026-05-16,17.4,24,34.6179,127.7123
fygl4,2026-05-17,17.77,24,34.6179,127.7123
fygl4,2026-05-18,17.96,24,34.6179,127.7123
fygl4,2026-05-19,18.07,24,34.6179,127.7123
fygl4,2026-05-20,17.69,24,34.6179,127.7123
fygl4,2026-05-21,18.35,24,34.6179,127.7123
fygl4,2026-05-22,18.57,24,34.6179,127.7123
fygl4,2026-05-23,18.5,24,34.6179,127.7123
fygl4,2026-05-24,18.88,24,34.6179,127.7123
fygl4,2026-05-25,19.8,24,34.6179,127.7123
fygl4,2026-05-26,19.51,24,34.6179,127.7123
fygl4,2026-05-27,19.08,24,34.6179,127.7123
fygl4,2026-05-28,20.52,24,34.6179,127.7123
fygl4,2026-05-29,21.1,24,34.6179,127.7123
fygl4,2026-05-30,20.75,24,34.6179,127.7123
fygl4,2026-05-31,21.17,24,34.6179,127.7123
fygl4,2026-06-01,20.59,24,34.6179,127.7123
fygl4,2026-06-02,19.74,24,34.6179,127.7123
fygl4,2026-06-03,20.63,24,34.6179,127.7123
fygl4,2026-06-04,20.21,24,34.6179,127.7123
fygl4,2026-06-05,20.82,24,34.6179,127.7123
fygl4,2026-06-06,20.88,24,34.6179,127.7123
fygl4,2026-06-07,20.94,24,34.6179,127.7123
fygl4,2026-06-08,20.17,24,34.6179,127.7123
fygl4,2026-06-09,20.4,24,34.6179,127.7123
fygl4,2026-06-10,20.72,24,34.6179,127.7123
fygl4,2026-06-11,21.07,24,34.6179,127.7123
fygl4,2026-06-12,21.09,24,34.6179,127.7123
fygl4,2026-06-13,20.82,24,34.6179,127.7123
fygl4,2026-06-14,20.82,24,34.6179,127.7123
fygl4,2026-06-15,20.72,24,34.6179,127.7123
fygl4,2026-06-16,20.9,24,34.6179,127.7123
fygl4,2026-06-17,20.9,24,34.6179,127.7123
fygl4,2026-06-18,21.26,24,34.6179,127.7123
fygl4,2026-06-19,21.41,24,34.6179,127.7123
fygl4,2026-06-20,21.82,24,34.6179,127.7123
fygl4,2026-06-21,22.03,24,34.6179,127.7123
fygl4,2026-06-22,21.23,24,34.6179,127.7123
fygl4,2026-06-23,21.18,24,34.6179,127.7123
fygl4,2026-06-24,21.31,24,34.6179,127.7123
fygl4,2026-06-25,21.48,24,34.6179,127.7123
fygl4,2026-06-26,22.05,24,34.6179,127.7123
fygl4,2026-06-27,21.9,24,34.6179,127.7123
fygl4,2026-06-28,22.4,24,34.6179,127.7123
fygl4,2026-06-29,22.2,24,34.6179,127.7123
fygl4,2026-06-30,22.22,24,34.6179,127.7123
fygl4,2026-07-01,21.74,24,34.6179,127.7123
fygl4,2026-07-02,22.26,24,34.6179,127.7123
fygl4,2026-07-03,22.38,24,34.6179,127.7123
fygl4,2026-07-04,22.54,24,34.6179,127.7123
fygl4,2026-07-05,22.55,24,34.6179,127.7123
fygl4,2026-07-06,22.84,24,34.6179,127.7123
fygl4,2026-07-07,22.95,24,34.6179,127.7123
fygl4,2026-07-08,23.09,24,34.6179,127.7123
fygl4,2026-07-09,23.48,24,34.6179,127.7123
fygl4,2026-07-10,23.61,24,34.6179,127.7123
fygl4,2026-07-11,23.91,24,34.6179,127.7123
fygl4,2026-07-12,23.93,24,34.6179,127.7123
fygl4,2026-07-13,24.23,24,34.6179,127.7123
fygl4,2026-07-14,24.38,24,34.6179,127.7123
fygl4,2026-07-15,24.46,24,34.6179,127.7123
fygl4,2026-07-16,24.0,24,34.6179,127.7123
fygl4,2026-07-17,23.74,24,34.6179,127.7123
fygl4,2026-07-18,23.89,24,34.6179,127.7123
fygl4,2026-07-19,23.94,24,34.6179,127.7123
fygl4,2026-07-20,24.42,24,34.6179,127.7123
fygl4,2026-07-21,24.65,24,34.6179,127.7123
fygl4,2026-07-22,25.16,24,34.6179,127.7123
fygl4,2026-07-23,26.43,24,34.6179,127.7123
fygl4,2026-07-24,26.89,24,34.6179,127.7123
fygl4,2026-07-25,27.25,24,34.6179,127.7123
fygl4,2026-07-26,27.34,24,34.6179,127.7123
fygl4,2026-07-27,26.38,24,34.6179,127.7123
fygl4,2026-07-28,26.04,21,34.6179,127.7123
fygl4,2026-07-29,26.2,24,34.6179,127.7123
fygl4,2026-07-30,25.95,24,34.6179,127.7123
fygl4,2026-07-31,24.69,24,34.6179,127.7123
fygl4,2026-08-01,24.37,24,34.6179,127.7123
fygl4,2026-08-02,23.91,24,34.6179,127.7123
fygl4,2026-08-03,23.55,24,34.6179,127.7123
fygl4,2026-08-04,23.64,24,34.6179,127.7123
fygl4,2026-08-05,23.85,24,34.6179,127.7123
fygl4,2026-08-06,24.13,24,34.6179,127.7123
fygl4,2026-08-07,24.5,24,34.6179,127.7123
fygl4,2026-08-08,24.5,24,34.6179,127.7123
fygl4,2026-08-09,25.19,24,34.6179,127.7123
fygl4,2026-08-10,25.68,24,34.6179,127.7123
fygl4,2026-08-11,25.87,24,34.6179,127.7123
fygl4,2026-08-12,26.13,24,34.6179,127.7123
fygl4,2026-08-13,26.52,24,34.6179,127.7123
fygl4,2026-08-14,26.94,24,34.6179,127.7123
fygl4,2026-08-15,27.07,24,34.6179,127.7123
fygl4,2026-08-16,26.7,24,34.6179,127.7123
fygl4,2026-08-17,26.82,24,34.6179,127.7123
fygl4,2026-08-18,27.25,24,34.6179,127.7123
fygl4,2026-08-19,27.64,24,34.6179,127.7123
fygl4,2026-08-20,28.03,24,34.6179,127.7123
fygl4,2026-08-21,28.37,24,34.6179,127.7123
fygl4,2026-08-22,28.46,24,34.6179,127.7123
fygl4,2026-08-23,28.68,24,34.6179,127.7123
fygl4,2026-08-24,28.81,24,34.6179,127.7123
fygl4,2026-08-25,28.9,24,34.6179,127.7123
fygl4,2026-08-26,28.68,24,34.6179,127.7123
fygl4,2026-08-27,28.8,24,34.6179,127.7123
fygl4,2026-08-28,28.49,24,34.6179,127.7123
fygl4,2026-08-29,28.69,24,34.6179,127.7123
fygl4,2026-08-30,28.78,24,34.6179,127.7123
fygl4,2026-08-31,28.31,24,34.6179,127.7123
fygl4,2026-09-01,28.19,24,34.6179,127.7123
fygl4,2026-09-02,28.08,24,34.6179,127.7123
fygl4,2026-09-03,27.78,24,34.6179,127.7123
fygl4,2026-09-04,27.35,24,34.6179,127.7123
fygl4,2026-09-05,27.08,24,34.6179,127.7123
fygl4,2026-09-06,26.86,24,34.6179,127.7123
fygl4,2026-09-07,26.95,24,34.6179,127.7123
fygl4,2026-09-08,26.81,24,34.6179,127.7123
fygl4,2026-09-09,26.62,24,34.6179,127.7123
fygl4,2026-09-10,26.38,24,34.6179,127.7123
fygl4,2026-09-11,26.32,24,34.6179,127.7123
fygl4,2026-09-12,26.37,24,34.6179,127.7123
fygl4,2026-09-13,26.58,24,34.6179,127.7123
fygl4,2026-09-14,26.55,24,34.6179,127.7123
fygl4,2026-09-15,26.55,24,34.6179,127.7123
fygl4,2026-09-16,26.54,24,34.6179,127.7123
fygl4,2026-09-17,26.29,24,34.6179,127.7123
fygl4,2026-09-18,26.22,24,34.6179,127.7123
fygl4,2026-09-19,26.21,24,34.6179,127.7123
fygl4,2026-09-20,26.2,24,34.6179,127.7123
fygl4,2026-09-21,26.22,24,34.6179,127.7123
fygl4,2026-09-22,26.12,24,34.6179,127.7123
fygl4,2026-09-23,25.98,24,34.6179,127.7123
fygl4,2026-09-24,25.97,24,34.6179,127.7123
fyhl7,2026-05-01,16.13,24,34.6476,127.6863
fyhl7,2026-05-02,16.25,24,34.6476,127.6863
fyhl7,2026-05-03,15.93,24,34.6476,127.6863
fyhl7,2026-05-04,15.92,24,34.6476,127.6863
fyhl7,2026-05-05,16.22,24,34.6476,127.6863
fyhl7,2026-05-06,17.03,24,34.6476,127.6863
fyhl7,2026-05-07,17.55,24,34.6476,127.6863
fyhl7,2026-05-08,17.38,24,34.6476,127.6863
fyhl7,2026-05-09,17.53,24,34.6476,127.6863
fyhl7,2026-05-10,17.85,24,34.6476,127.6863
fyhl7,2026-05-11,18.39,24,34.6476,127.6863
fyhl7,2026-05-12,18.0,24,34.6476,127.6863
fyhl7,2026-05-13,18.38,24,34.6476,127.6863
fyhl7,2026-05-14,18.61,24,34.6476,127.6863
fyhl7,2026-05-15,18.63,24,34.6476,127.6863
fyhl7,2026-05-16,18.98,24,34.6476,127.6863
fyhl7,2026-05-17,19.17,24,34.6476,127.6863
fyhl7,2026-05-18,19.4,24,34.6476,127.6863
fyhl7,2026-05-19,19.48,24,34.6476,127.6863
fyhl7,2026-05-20,18.68,24,34.6476,127.6863
fyhl7,2026-05-21,19.47,24,34.6476,127.6863
fyhl7,2026-05-22,19.7,24,34.6476,127.6863
fyhl7,2026-05-23,19.19,24,34.6476,127.6863
fyhl7,2026-05-24,19.7,24,34.6476,127.6863
fyhl7,2026-05-25,20.88,24,34.6476,127.6863
fyhl7,2026-05-26,21.0,24,34.6476,127.6863
fyhl7,2026-05-27,20.03,24,34.6476,127.6863
fyhl7,2026-05-28,21.39,24,34.6476,127.6863
fyhl7,2026-05-29,21.45,24,34.6476,127.6863
fyhl7,2026-05-30,21.55,24,34.6476,127.6863
fyhl7,2026-05-31,22.0,24,34.6476,127.6863
fyhl7,2026-06-01,21.75,24,34.6476,127.6863
fyhl7,2026-06-02,20.95,24,34.6476,127.6863
fyhl7,2026-06-03,21.65,24,34.6476,127.6863
fyhl7,2026-06-04,21.62,24,34.6476,127.6863
fyhl7,2026-06-05,21.4,24,34.6476,127.6863
fyhl7,2026-06-06,21.28,24,34.6476,127.6863
fyhl7,2026-06-07,21.46,24,34.6476,127.6863
fyhl7,2026-06-08,21.45,24,34.6476,127.6863
fyhl7,2026-06-09,21.5,24,34.6476,127.6863
fyhl7,2026-06-10,21.96,24,34.6476,127.6863
fyhl7,2026-06-11,22.15,24,34.6476,127.6863
fyhl7,2026-06-12,22.05,24,34.6476,127.6863
fyhl7,2026-06-13,22.03,24,34.6476,127.6863
fyhl7,2026-06-14,22.21,24,34.6476,127.6863
fyhl7,2026-06-15,22.15,24,34.6476,127.6863
fyhl7,2026-06-16,22.05,24,34.6476,127.6863
fyhl7,2026-06-17,21.82,24,34.6476,127.6863
fyhl7,2026-06-18,22.36,24,34.6476,127.6863
fyhl7,2026-06-19,22.3,24,34.6476,127.6863
fyhl7,2026-06-20,22.08,24,34.6476,127.6863
fyhl7,2026-06-21,23.17,24,34.6476,127.6863
fyhl7,2026-06-22,22.72,24,34.6476,127.6863
fyhl7,2026-06-23,22.38,24,34.6476,127.6863
fyhl7,2026-06-24,21.63,24,34.6476,127.6863
fyhl7,2026-06-25,22.08,24,34.6476,127.6863
fyhl7,2026-06-26,22.98,24,34.6476,127.6863
fyhl7,2026-06-27,22.99,24,34.6476,127.6863
fyhl7,2026-06-28,23.33,24,34.6476,127.6863
fyhl7,2026-06-29,23.67,24,34.6476,127.6863
fyhl7,2026-06-30,23.76,24,34.6476,127.6863
fyhl7,2026-07-01,22.98,24,34.6476,127.6863
fyhl7,2026-07-02,23.44,24,34.6476,127.6863
fyhl7,2026-07-03,23.52,24,34.6476,127.6863
fyhl7,2026-07-04,23.63,24,34.6476,127.6863
fyhl7,2026-07-05,23.6,24,34.6476,127.6863
fyhl7,2026-07-06,24.08,24,34.6476,127.6863
fyhl7,2026-07-07,24.69,24,34.6476,127.6863
fyhl7,2026-07-08,24.45,24,34.6476,127.6863
fyhl7,2026-07-09,24.47,24,34.6476,127.6863
fyhl7,2026-07-10,25.39,24,34.6476,127.6863
fyhl7,2026-07-11,26.52,24,34.6476,127.6863
fyhl7,2026-07-12,26.43,24,34.6476,127.6863
fyhl7,2026-07-13,25.9,24,34.6476,127.6863
fyhl7,2026-07-14,25.6,24,34.6476,127.6863
fyhl7,2026-07-15,25.64,24,34.6476,127.6863
fyhl7,2026-07-16,26.12,24,34.6476,127.6863
fyhl7,2026-07-17,25.75,24,34.6476,127.6863
fyhl7,2026-07-18,25.63,24,34.6476,127.6863
fyhl7,2026-07-19,26.11,24,34.6476,127.6863
fyhl7,2026-07-20,26.38,24,34.6476,127.6863
fyhl7,2026-07-21,26.75,24,34.6476,127.6863
fyhl7,2026-07-22,27.44,24,34.6476,127.6863
fyhl7,2026-07-23,27.93,24,34.6476,127.6863
fyhl7,2026-07-24,28.62,24,34.6476,127.6863
fyhl7,2026-07-25,29.09,24,34.6476,127.6863
fyhl7,2026-07-26,29.35,24,34.6476,127.6863
fyhl7,2026-07-27,29.21,24,34.6476,127.6863
fyhl7,2026-07-28,28.85,24,34.6476,127.6863
fyhl7,2026-07-29,28.8,24,34.6476,127.6863
fyhl7,2026-07-30,28.16,24,34.6476,127.6863
fyhl7,2026-07-31,27.84,24,34.6476,127.6863
fyhl7,2026-08-01,27.45,24,34.6476,127.6863
fyhl7,2026-08-02,27.57,24,34.6476,127.6863
fyhl7,2026-08-03,27.26,24,34.6476,127.6863
fyhl7,2026-08-04,27.38,24,34.6476,127.6863
fyhl7,2026-08-05,27.64,24,34.6476,127.6863
fyhl7,2026-08-06,27.9,24,34.6476,127.6863
fyhl7,2026-08-07,27.55,24,34.6476,127.6863
fyhl7,2026-08-08,26.22,24,34.6476,127.6863
fyhl7,2026-08-09,25.73,24,34.6476,127.6863
fyhl7,2026-08-10,25.5,24,34.6476,127.6863
fyhl7,2026-08-11,25.61,24,34.6476,127.6863
fyhl7,2026-08-12,25.93,24,34.6476,127.6863
fyhl7,2026-08-13,26.59,24,34.6476,127.6863
fyhl7,2026-08-14,26.85,24,34.6476,127.6863
fyhl7,2026-08-15,26.9,24,34.6476,127.6863
fyhl7,2026-08-16,26.47,24,34.6476,127.6863
fyhl7,2026-08-17,26.44,24,34.6476,127.6863
fyhl7,2026-08-18,27.07,24,34.6476,127.6863
fyhl7,2026-08-19,27.9,24,34.6476,127.6863
fyhl7,2026-08-20,28.58,24,34.6476,127.6863
fyhl7,2026-08-21,28.94,24,34.6476,127.6863
fyhl7,2026-08-22,28.98,24,34.6476,127.6863
fyhl7,2026-08-23,29.49,24,34.6476,127.6863
fyhl7,2026-08-24,29.84,24,34.6476,127.6863
fyhl7,2026-08-25,30.1,24,34.6476,127.6863
fyhl7,2026-08-26,30.12,24,34.6476,127.6863
fyhl7,2026-08-27,30.22,24,34.6476,127.6863
fyhl7,2026-08-28,29.4,24,34.6476,127.6863
fyhl7,2026-08-29,29.37,24,34.6476,127.6863
fyhl7,2026-08-30,29.52,24,34.6476,127.6863
fyhl7,2026-08-31,29.35,24,34.6476,127.6863
fyhl7,2026-09-01,29.3,24,34.6476,127.6863
fyhl7,2026-09-02,29.59,24,34.6476,127.6863
fyhl7,2026-09-03,29.34,24,34.6476,127.6863
fyhl7,2026-09-04,27.78,24,34.6476,127.6863
fyhl7,2026-09-05,26.89,24,34.6476,127.6863
fyhl7,2026-09-06,26.57,24,34.6476,127.6863
fyhl7,2026-09-07,26.6,24,34.6476,127.6863
fyhl7,2026-09-08,26.58,24,34.6476,127.6863
fyhl7,2026-09-09,26.21,24,34.6476,127.6863
fyhl7,2026-09-10,25.89,24,34.6476,127.6863
fyhl7,2026-09-11,26.08,24,34.6476,127.6863
fyhl7,2026-09-12,26.29,24,34.6476,127.6863
fyhl7,2026-09-13,26.59,24,34.6476,127.6863
fyhl7,2026-09-14,26.59,24,34.6476,127.6863
fyhl7,2026-09-15,26.62,24,34.6476,127.6863
fyhl7,2026-09-16,26.56,24,34.6476,127.6863
fyhl7,2026-09-17,25.88,24,34.6476,127.6863
fyhl7,2026-09-18,25.62,24,34.6476,127.6863
fyhl7,2026-09-19,25.88,24,34.6476,127.6863
fyhl7,2026-09-20,25.93,24,34.6476,127.6863
fyhl7,2026-09-21,25.79,24,34.6476,127.6863
fyhl7,2026-09-22,25.75,24,34.6476,127.6863
fyhl7,2026-09-23,25.64,24,34.6476,127.6863
fyhl7,2026-09-24,25.84,24,34.6476,127.6863
fyhm6,2026-05-01,15.5,24,34.5772,127.6897
fyhm6,2026-05-02,15.57,24,34.5772,127.6897
fyhm6,2026-05-03,15.35,24,34.5772,127.6897
fyhm6,2026-05-04,15.52,24,34.5772,127.6897
fyhm6,2026-05-05,15.63,24,34.5772,127.6897
fyhm6,2026-05-06,15.82,24,34.5772,127.6897
fyhm6,2026-05-07,16.14,24,34.5772,127.6897
fyhm6,2026-05-08,16.78,24,34.5772,127.6897
fyhm6,2026-05-09,16.58,24,34.5772,127.6897
fyhm6,2026-05-10,16.63,23,34.5772,127.6897
fyhm6,2026-05-11,16.94,24,34.5772,127.6897
fyhm6,2026-05-12,16.4,24,34.5772,127.6897
fyhm6,2026-05-13,16.97,23,34.5772,127.6897
fyhm6,2026-05-14,16.98,24,34.5772,127.6897
fyhm6,2026-05-15,17.2,24,34.5772,127.6897
fyhm6,2026-05-16,17.77,24,34.5772,127.6897
fyhm6,2026-05-17,18.19,24,34.5772,127.6897
fyhm6,2026-05-18,18.33,24,34.5772,127.6897
fyhm6,2026-05-19,18.39,24,34.5772,127.6897
fyhm6,2026-05-20,17.77,24,34.5772,127.6897
fyhm6,2026-05-21,18.37,24,34.5772,127.6897
fyhm6,2026-05-22,18.2,24,34.5772,127.6897
fyhm6,2026-05-23,18.16,24,34.5772,127.6897
fyhm6,2026-05-24,18.75,24,34.5772,127.6897
fyhm6,2026-05-25,19.25,24,34.5772,127.6897
fyhm6,2026-05-26,19.22,24,34.5772,127.6897
fyhm6,2026-05-27,19.39,24,34.5772,127.6897
fyhm6,2026-05-28,20.12,24,34.5772,127.6897
fyhm6,2026-05-29,20.2,24,34.5772,127.6897
fyhm6,2026-05-30,20.48,24,34.5772,127.6897
fyhm6,2026-05-31,20.4,24,34.5772,127.6897
fyhm6,2026-06-01,20.08,24,34.5772,127.6897
fyhm6,2026-06-02,19.59,24,34.5772,127.6897
fyhm6,2026-06-03,20.3,24,34.5772,127.6897
fyhm6,2026-06-04,19.85,24,34.5772,127.6897
fyhm6,2026-06-05,20.64,24,34.5772,127.6897
fyhm6,2026-06-06,20.53,24,34.5772,127.6897
fyhm6,2026-06-07,20.62,24,34.5772,127.6897
fyhm6,2026-06-08,20.25,24,34.5772,127.6897
fyhm6,2026-06-09,20.68,24,34.5772,127.6897
fyhm6,2026-06-10,21.08,24,34.5772,127.6897
fyhm6,2026-06-11,21.12,24,34.5772,127.6897
fyhm6,2026-06-12,21.07,24,34.5772,127.6897
fyhm6,2026-06-13,20.67,24,34.5772,127.6897
fyhm6,2026-06-14,20.8,24,34.5772,127.6897
fyhm6,2026-06-15,20.93,24,34.5772,127.6897
fyhm6,2026-06-16,21.24,24,34.5772,127.6897
fyhm6,2026-06-17,20.99,24,34.5772,127.6897
fyhm6,2026-06-18,21.55,24,34.5772,127.6897
fyhm6,2026-06-19,21.35,24,34.5772,127.6897
fyhm6,2026-06-20,21.62,24,34.5772,127.6897
fyhm6,2026-06-21,22.02,24,34.5772,127.6897
fyhm6,2026-06-22,20.96,24,34.5772,127.6897
fyhm6,2026-06-23,21.01,24,34.5772,127.6897
fyhm6,2026-06-24,21.26,24,34.5772,127.6897
fyhm6,2026-06-25,21.8,24,34.5772,127.6897
fyhm6,2026-06-26,22.5,24,34.5772,127.6897
fyhm6,2026-06-27,22.16,24,34.5772,127.6897
fyhm6,2026-06-28,22.36,24,34.5772,127.6897
fyhm6,2026-06-29,22.29,24,34.5772,127.6897
fyhm6,2026-06-30,22.2,24,34.5772,127.6897
fyhm6,2026-07-01,21.64,24,34.5772,127.6897
fyhm6,2026-07-02,22.3,24,34.5772,127.6897
fyhm6,2026-07-03,22.21,24,34.5772,127.6897
fyhm6,2026-07-04,22.18,24,34.5772,127.6897
fyhm6,2026-07-05,22.34,24,34.5772,127.6897
fyhm6,2026-07-06,22.68,24,34.5772,127.6897
fyhm6,2026-07-07,22.82,24,34.5772,127.6897
fyhm6,2026-07-08,23.01,24,34.5772,127.6897
fyhm6,2026-07-09,23.61,24,34.5772,127.6897
fyhm6,2026-07-10,23.88,24,34.5772,127.6897
fyhm6,2026-07-11,24.4,24,34.5772,127.6897
fyhm6,2026-07-12,24.45,24,34.5772,127.6897
fyhm6,2026-07-13,24.59,24,34.5772,127.6897
fyhm6,2026-07-14,24.16,24,34.5772,127.6897
fyhm6,2026-07-15,24.29,24,34.5772,127.6897
fyhm6,2026-07-16,23.93,24,34.5772,127.6897
fyhm6,2026-07-17,23.78,24,34.5772,127.6897
fyhm6,2026-07-18,23.7,24,34.5772,127.6897
fyhm6,2026-07-19,23.91,24,34.5772,127.6897
fyhm6,2026-07-20,23.59,24,34.5772,127.6897
fyhm6,2026-07-21,23.59,24,34.5772,127.6897
fyhm6,2026-07-22,24.36,24,34.5772,127.6897
fyhm6,2026-07-23,25.1,24,34.5772,127.6897
fyhm6,2026-07-24,25.68,24,34.5772,127.6897
fyhm6,2026-07-25,25.82,24,34.5772,127.6897
fyhm6,2026-07-26,25.85,24,34.5772,127.6897
fyhm6,2026-07-27,25.42,24,34.5772,127.6897
fyhm6,2026-07-28,25.19,22,34.5772,127.6897
fyhm6,2026-07-29,25.27,24,34.5772,127.6897
fyhm6,2026-07-30,24.57,24,34.5772,127.6897
fyhm6,2026-07-31,23.59,24,34.5772,127.6897
fyhm6,2026-08-01,23.35,24,34.5772,127.6897
fyhm6,2026-08-02,23.12,24,34.5772,127.6897
fyhm6,2026-08-03,22.98,24,34.5772,127.6897
fyhm6,2026-08-04,22.86,24,34.5772,127.6897
fyhm6,2026-08-05,23.1,24,34.5772,127.6897
fyhm6,2026-08-06,23.65,24,34.5772,127.6897
fyhm6,2026-08-07,24.54,24,34.5772,127.6897
fyhm6,2026-08-08,25.14,24,34.5772,127.6897
fyhm6,2026-08-09,25.58,24,34.5772,127.6897
fyhm6,2026-08-10,25.59,24,34.5772,127.6897
fyhm6,2026-08-11,25.79,24,34.5772,127.6897
fyhm6,2026-08-12,26.24,24,34.5772,127.6897
fyhm6,2026-08-13,26.57,24,34.5772,127.6897
fyhm6,2026-08-14,26.83,24,34.5772,127.6897
fyhm6,2026-08-15,26.89,24,34.5772,127.6897
fyhm6,2026-08-16,26.69,24,34.5772,127.6897
fyhm6,2026-08-17,26.71,24,34.5772,127.6897
fyhm6,2026-08-18,26.99,24,34.5772,127.6897
fyhm6,2026-08-19,27.28,24,34.5772,127.6897
fyhm6,2026-08-20,27.63,24,34.5772,127.6897
fyhm6,2026-08-21,27.99,24,34.5772,127.6897
fyhm6,2026-08-22,27.98,24,34.5772,127.6897
fyhm6,2026-08-23,28.26,24,34.5772,127.6897
fyhm6,2026-08-24,28.62,24,34.5772,127.6897
fyhm6,2026-08-25,28.75,24,34.5772,127.6897
fyhm6,2026-08-26,28.52,24,34.5772,127.6897
fyhm6,2026-08-27,28.52,24,34.5772,127.6897
fyhm6,2026-08-28,28.22,24,34.5772,127.6897
fyhm6,2026-08-29,28.21,24,34.5772,127.6897
fyhm6,2026-08-30,28.08,24,34.5772,127.6897
fyhm6,2026-08-31,27.81,24,34.5772,127.6897
fyhm6,2026-09-01,27.58,24,34.5772,127.6897
fyhm6,2026-09-02,27.66,24,34.5772,127.6897
fyhm6,2026-09-03,27.55,24,34.5772,127.6897
fyhm6,2026-09-04,27.01,24,34.5772,127.6897
fyhm6,2026-09-05,26.83,24,34.5772,127.6897
fyhm6,2026-09-06,26.75,24,34.5772,127.6897
fyhm6,2026-09-07,26.71,24,34.5772,127.6897
fyhm6,2026-09-08,26.74,24,34.5772,127.6897
fyhm6,2026-09-09,26.5,24,34.5772,127.6897
fyhm6,2026-09-10,26.2,24,34.5772,127.6897
fyhm6,2026-09-11,26.3,24,34.5772,127.6897
fyhm6,2026-09-12,26.41,24,34.5772,127.6897
fyhm6,2026-09-13,26.46,24,34.5772,127.6897
fyhm6,2026-09-14,26.5,24,34.5772,127.6897
fyhm6,2026-09-15,26.49,24,34.5772,127.6897
fyhm6,2026-09-16,26.34,24,34.5772,127.6897
fyhm6,2026-09-17,26.15,24,34.5772,127.6897
fyhm6,2026-09-18,26.0,24,34.5772,127.6897
fyhm6,2026-09-19,26.26,24,34.5772,127.6897
fyhm6,2026-09-20,26.18,24,34.5772,127.6897
fyhm6,2026-09-21,26.02,24,34.5772,127.6897
fyhm6,2026-09-22,25.87,24,34.5772,127.6897
fyhm6,2026-09-23,25.8,23,34.5772,127.6897
fyhm6,2026-09-24,25.96,24,34.5772,127.6897
fyho5,2026-05-01,15.61,24,34.5927,127.7269
fyho5,2026-05-02,15.68,24,34.5927,127.7269
fyho5,2026-05-03,15.48,24,34.5927,127.7269
fyho5,2026-05-04,15.52,24,34.5927,127.7269
fyho5,2026-05-05,15.59,24,34.5927,127.7269
fyho5,2026-05-06,15.81,24,34.5927,127.7269
fyho5,2026-05-07,16.11,24,34.5927,127.7269
fyho5,2026-05-08,16.41,24,34.5927,127.7269
fyho5,2026-05-09,16.33,24,34.5927,127.7269
fyho5,2026-05-10,16.42,24,34.5927,127.7269
fyho5,2026-05-11,16.68,24,34.5927,127.7269
fyho5,2026-05-12,16.28,24,34.5927,127.7269
fyho5,2026-05-13,16.45,24,34.5927,127.7269
fyho5,2026-05-14,16.75,24,34.5927,127.7269
fyho5,2026-05-15,16.97,24,34.5927,127.7269
fyho5,2026-05-16,17.37,24,34.5927,127.7269
fyho5,2026-05-17,17.68,24,34.5927,127.7269
fyho5,2026-05-18,17.79,24,34.5927,127.7269
fyho5,2026-05-19,17.94,24,34.5927,127.7269
fyho5,2026-05-20,17.67,24,34.5927,127.7269
fyho5,2026-05-21,18.0,24,34.5927,127.7269
fyho5,2026-05-22,17.89,24,34.5927,127.7269
fyho5,2026-05-23,17.95,24,34.5927,127.7269
fyho5,2026-05-24,18.24,24,34.5927,127.7269
fyho5,2026-05-25,18.63,24,34.5927,127.7269
fyho5,2026-05-26,18.72,24,34.5927,127.7269
fyho5,2026-05-27,18.81,24,34.5927,127.7269
fyho5,2026-05-28,19.58,24,34.5927,127.7269
fyho5,2026-05-29,19.55,22,34.5927,127.7269
fyho5,2026-05-30,19.45,24,34.5927,127.7269
fyho5,2026-05-31,19.55,24,34.5927,127.7269
fyho5,2026-06-01,19.56,24,34.5927,127.7269
fyho5,2026-06-02,19.3,24,34.5927,127.7269
fyho5,2026-06-03,19.59,24,34.5927,127.7269
fyho5,2026-06-04,19.45,24,34.5927,127.7269
fyho5,2026-06-05,19.85,24,34.5927,127.7269
fyho5,2026-06-06,19.7,24,34.5927,127.7269
fyho5,2026-06-07,20.08,24,34.5927,127.7269
fyho5,2026-06-08,20.07,24,34.5927,127.7269
fyho5,2026-06-09,20.25,24,34.5927,127.7269
fyho5,2026-06-10,20.36,23,34.5927,127.7269
fyho5,2026-06-11,20.44,24,34.5927,127.7269
fyho5,2026-06-12,20.47,24,34.5927,127.7269
fyho5,2026-06-13,20.34,24,34.5927,127.7269
fyho5,2026-06-14,20.48,24,34.5927,127.7269
fyho5,2026-06-15,20.55,24,34.5927,127.7269
fyho5,2026-06-16,20.75,24,34.5927,127.7269
fyho5,2026-06-17,20.8,24,34.5927,127.7269
fyho5,2026-06-18,21.21,24,34.5927,127.7269
fyho5,2026-06-19,21.16,24,34.5927,127.7269
fyho5,2026-06-20,21.35,24,34.5927,127.7269
fyho5,2026-06-21,21.51,24,34.5927,127.7269
fyho5,2026-06-22,21.02,24,34.5927,127.7269
fyho5,2026-06-23,20.95,24,34.5927,127.7269
fyho5,2026-06-24,21.08,24,34.5927,127.7269
fyho5,2026-06-25,21.23,13,34.5927,127.7269
fyho5,2026-07-03,22.32,14,34.5927,127.7269
fyho5,2026-07-04,22.3,23,34.5927,127.7269
fyho5,2026-07-05,22.28,23,34.5927,127.7269
fyho5,2026-07-06,22.31,12,34.5927,127.7269
fyho5,2026-07-09,23.15,12,34.5927,127.7269
fyho5,2026-07-10,23.24,23,34.5927,127.7269
fyho5,2026-07-11,23.33,23,34.5927,127.7269
fyho5,2026-07-12,23.5,23,34.5927,127.7269
fyho5,2026-07-13,23.87,23,34.5927,127.7269
fyho5,2026-07-14,23.8,23,34.5927,127.7269
fyho5,2026-07-15,23.73,23,34.5927,127.7269
fyho5,2026-07-16,23.23,23,34.5927,127.7269
fyho5,2026-07-17,23.3,23,34.5927,127.7269
fyho5,2026-07-18,23.31,23,34.5927,127.7269
fyho5,2026-07-19,23.33,23,34.5927,127.7269
fyho5,2026-07-20,23.44,23,34.5927,127.7269
fyho5,2026-07-21,23.64,23,34.5927,127.7269
fyho5,2026-07-22,24.07,23,34.5927,127.7269
fyho5,2026-07-23,24.92,23,34.5927,127.7269
fyho5,2026-07-24,25.36,23,34.5927,127.7269
fyho5,2026-07-25,25.57,23,34.5927,127.7269
fyho5,2026-07-26,25.39,23,34.5927,127.7269
fyho5,2026-07-27,24.53,23,34.5927,127.7269
fyho5,2026-07-28,24.14,23,34.5927,127.7269
fyho5,2026-07-29,24.13,23,34.5927,127.7269
fyho5,2026-07-30,23.87,23,34.5927,127.7269
fyho5,2026-07-31,23.49,23,34.5927,127.7269
fyho5,2026-08-01,23.32,23,34.5927,127.7269
fyho5,2026-08-02,22.85,23,34.5927,127.7269
fyho5,2026-08-03,22.79,23,34.5927,127.7269
fyho5,2026-08-04,22.81,23,34.5927,127.7269
fyho5,2026-08-05,22.84,23,34.5927,127.7269
fyho5,2026-08-06,23.2,23,34.5927,127.7269
fyho5,2026-08-07,23.96,23,34.5927,127.7269
fyho5,2026-08-08,25.13,23,34.5927,127.7269
fyho5,2026-08-09,25.33,23,34.5927,127.7269
fyho5,2026-08-10,25.79,23,34.5927,127.7269
fyho5,2026-08-11,26.07,23,34.5927,127.7269
fyho5,2026-08-12,26.38,23,34.5927,127.7269
fyho5,2026-08-13,26.69,22,34.5927,127.7269
fyho5,2026-08-14,26.97,23,34.5927,127.7269
fyho5,2026-08-15,27.05,23,34.5927,127.7269
fyho5,2026-08-16,26.82,23,34.5927,127.7269
fyho5,2026-08-17,26.84,23,34.5927,127.7269
fyho5,2026-08-18,27.05,23,34.5927,127.7269
fyho5,2026-08-19,27.33,23,34.5927,127.7269
fyho5,2026-08-20,27.63,23,34.5927,127.7269
fyho5,2026-08-21,27.79,23,34.5927,127.7269
fyho5,2026-08-22,27.92,23,34.5927,127.7269
fyho5,2026-08-23,28.18,23,34.5927,127.7269
fyho5,2026-08-24,28.39,23,34.5927,127.7269
fyho5,2026-08-25,28.55,23,34.5927,127.7269
fyho5,2026-08-26,28.39,23,34.5927,127.7269
fyho5,2026-08-27,28.47,23,34.5927,127.7269
fyho5,2026-08-28,28.29,23,34.5927,127.7269
fyho5,2026-08-29,28.22,23,34.5927,127.7269
fyho5,2026-08-30,28.02,23,34.5927,127.7269
fyho5,2026-08-31,27.7,23,34.5927,127.7269
fyho5,2026-09-01,27.52,23,34.5927,127.7269
fyho5,2026-09-02,27.53,23,34.5927,127.7269
fyho5,2026-09-03,27.4,23,34.5927,127.7269
fyho5,2026-09-04,27.19,23,34.5927,127.7269
fyho5,2026-09-05,27.0,23,34.5927,127.7269
fyho5,2026-09-06,26.87,23,34.5927,127.7269
fyho5,2026-09-07,26.96,23,34.5927,127.7269
fyho5,2026-09-08,26.85,23,34.5927,127.7269
fyho5,2026-09-09,26.6,23,34.5927,127.7269
fyho5,2026-09-10,26.4,23,34.5927,127.7269
fyho5,2026-09-11,26.39,23,34.5927,127.7269
fyho5,2026-09-12,26.43,23,34.5927,127.7269
fyho5,2026-09-13,26.51,23,34.5927,127.7269
fyho5,2026-09-14,26.46,23,34.5927,127.7269
fyho5,2026-09-15,26.54,23,34.5927,127.7269
fyho5,2026-09-16,26.51,23,34.5927,127.7269
fyho5,2026-09-17,26.25,23,34.5927,127.7269
fyho5,2026-09-18,26.21,23,34.5927,127.7269
fyho5,2026-09-19,26.25,23,34.5927,127.7269
fyho5,2026-09-20,26.13,23,34.5927,127.7269
fyho5,2026-09-21,26.18,23,34.5927,127.7269
fyho5,2026-09-22,26.04,23,34.5927,127.7269
fyho5,2026-09-23,25.95,23,34.5927,127.7269
fyho5,2026-09-24,25.92,23,34.5927,127.7269
fyjo4,2026-05-01,15.79,24,34.6722,127.788
fyjo4,2026-05-02,15.58,24,34.6722,127.788
fyjo4,2026-05-03,15.34,24,34.6722,127.788
fyjo4,2026-05-04,15.5,24,34.6722,127.788
fyjo4,2026-05-05,15.62,24,34.6722,127.788
fyjo4,2026-05-06,15.95,24,34.6722,127.788
fyjo4,2026-05-07,16.78,24,34.6722,127.788
fyjo4,2026-05-08,15.9,24,34.6722,127.788
fyjo4,2026-05-09,16.18,24,34.6722,127.788
fyjo4,2026-05-10,16.95,24,34.6722,127.788
fyjo4,2026-05-11,17.41,24,34.6722,127.788
fyjo4,2026-05-12,17.52,23,34.6722,127.788
fyjo4,2026-05-13,17.83,24,34.6722,127.788
fyjo4,2026-05-14,17.98,24,34.6722,127.788
fyjo4,2026-05-15,17.61,24,34.6722,127.788
fyjo4,2026-05-16,18.0,24,34.6722,127.788
fyjo4,2026-05-17,18.32,24,34.6722,127.788
fyjo4,2026-05-18,18.48,24,34.6722,127.788
fyjo4,2026-05-19,18.46,24,34.6722,127.788
fyjo4,2026-05-20,18.41,24,34.6722,127.788
fyjo4,2026-05-21,18.51,24,34.6722,127.788
fyjo4,2026-05-22,18.53,24,34.6722,127.788
fyjo4,2026-05-23,18.69,24,34.6722,127.788
fyjo4,2026-05-24,19.05,24,34.6722,127.788
fyjo4,2026-05-25,20.16,24,34.6722,127.788
fyjo4,2026-05-26,20.72,24,34.6722,127.788
fyjo4,2026-05-27,20.84,24,34.6722,127.788
fyjo4,2026-05-28,21.08,24,34.6722,127.788
fyjo4,2026-05-29,20.55,24,34.6722,127.788
fyjo4,2026-05-30,20.71,24,34.6722,127.788
fyjo4,2026-05-31,20.81,24,34.6722,127.788
fyjo4,2026-06-01,21.0,24,34.6722,127.788
fyjo4,2026-06-02,20.59,24,34.6722,127.788
fyjo4,2026-06-03,20.75,24,34.6722,127.788
fyjo4,2026-06-04,20.71,24,34.6722,127.788
fyjo4,2026-06-05,20.66,24,34.6722,127.788
fyjo4,2026-06-06,20.69,24,34.6722,127.788
fyjo4,2026-06-07,21.13,24,34.6722,127.788
fyjo4,2026-06-08,21.36,24,34.6722,127.788
fyjo4,2026-06-09,21.26,24,34.6722,127.788
fyjo4,2026-06-10,21.58,24,34.6722,127.788
fyjo4,2026-06-11,21.36,24,34.6722,127.788
fyjo4,2026-06-12,21.57,24,34.6722,127.788
fyjo4,2026-06-13,21.7,24,34.6722,127.788
fyjo4,2026-06-14,21.66,24,34.6722,127.788
fyjo4,2026-06-15,21.51,24,34.6722,127.788
fyjo4,2026-06-16,21.58,24,34.6722,127.788
fyjo4,2026-06-17,21.5,24,34.6722,127.788
fyjo4,2026-06-18,21.41,24,34.6722,127.788
fyjo4,2026-06-19,21.75,24,34.6722,127.788
fyjo4,2026-06-20,21.65,24,34.6722,127.788
fyjo4,2026-06-21,21.82,24,34.6722,127.788
fyjo4,2026-06-22,21.63,24,34.6722,127.788
fyjo4,2026-06-23,21.82,24,34.6722,127.788
fyjo4,2026-06-24,21.78,24,34.6722,127.788
fyjo4,2026-06-25,22.15,24,34.6722,127.788
fyjo4,2026-06-26,22.86,24,34.6722,127.788
fyjo4,2026-06-27,23.1,24,34.6722,127.788
fyjo4,2026-06-28,22.98,24,34.6722,127.788
fyjo4,2026-06-29,23.05,24,34.6722,127.788
fyjo4,2026-06-30,22.75,24,34.6722,127.788
fyjo4,2026-07-01,22.56,24,34.6722,127.788
fyjo4,2026-07-02,22.81,24,34.6722,127.788
fyjo4,2026-07-03,22.95,24,34.6722,127.788
fyjo4,2026-07-04,22.97,24,34.6722,127.788
fyjo4,2026-07-05,23.15,24,34.6722,127.788
fyjo4,2026-07-06,23.47,24,34.6722,127.788
fyjo4,2026-07-07,23.71,24,34.6722,127.788
fyjo4,2026-07-08,23.55,24,34.6722,127.788
fyjo4,2026-07-09,23.18,24,34.6722,127.788
fyjo4,2026-07-10,24.08,24,34.6722,127.788
fyjo4,2026-07-11,25.28,24,34.6722,127.788
fyjo4,2026-07-12,25.9,24,34.6722,127.788
fyjo4,2026-07-13,25.28,24,34.6722,127.788
fyjo4,2026-07-14,24.45,24,34.6722,127.788
fyjo4,2026-07-15,24.02,24,34.6722,127.788
fyjo4,2026-07-16,24.91,24,34.6722,127.788
fyjo4,2026-07-17,25.02,24,34.6722,127.788
fyjo4,2026-07-18,24.91,24,34.6722,127.788
fyjo4,2026-07-19,24.85,24,34.6722,127.788
fyjo4,2026-07-20,24.89,24,34.6722,127.788
fyjo4,2026-07-21,24.8,24,34.6722,127.788
fyjo4,2026-07-22,25.19,24,34.6722,127.788
fyjo4,2026-07-23,25.3,24,34.6722,127.788
fyjo4,2026-07-24,25.66,24,34.6722,127.788
fyjo4,2026-07-25,26.96,24,34.6722,127.788
fyjo4,2026-07-26,26.62,24,34.6722,127.788
fyjo4,2026-07-27,26.25,24,34.6722,127.788
fyjo4,2026-07-28,25.73,24,34.6722,127.788
fyjo4,2026-07-29,25.92,24,34.6722,127.788
fyjo4,2026-07-30,25.43,24,34.6722,127.788
fyjo4,2026-07-31,25.14,24,34.6722,127.788
fyjo4,2026-08-01,24.35,24,34.6722,127.788
fyjo4,2026-08-02,24.47,24,34.6722,127.788
fyjo4,2026-08-03,24.47,24,34.6722,127.788
fyjo4,2026-08-04,24.32,24,34.6722,127.788
fyjo4,2026-08-05,24.54,24,34.6722,127.788
fyjo4,2026-08-06,24.9,24,34.6722,127.788
fyjo4,2026-08-07,26.02,24,34.6722,127.788
fyjo4,2026-08-08,26.99,24,34.6722,127.788
fyjo4,2026-08-09,27.08,24,34.6722,127.788
fyjo4,2026-08-10,27.01,24,34.6722,127.788
fyjo4,2026-08-11,26.85,24,34.6722,127.788
fyjo4,2026-08-12,26.92,24,34.6722,127.788
fyjo4,2026-08-13,27.05,24,34.6722,127.788
fyjo4,2026-08-14,27.08,24,34.6722,127.788
fyjo4,2026-08-15,26.96,24,34.6722,127.788
fyjo4,2026-08-16,26.46,24,34.6722,127.788
fyjo4,2026-08-17,26.44,24,34.6722,127.788
fyjo4,2026-08-18,26.75,24,34.6722,127.788
fyjo4,2026-08-19,27.19,24,34.6722,127.788
fyjo4,2026-08-20,27.58,24,34.6722,127.788
fyjo4,2026-08-21,28.09,24,34.6722,127.788
fyjo4,2026-08-22,28.38,24,34.6722,127.788
fyjo4,2026-08-23,28.91,24,34.6722,127.788
fyjo4,2026-08-24,29.4,24,34.6722,127.788
fyjo4,2026-08-25,29.57,24,34.6722,127.788
fyjo4,2026-08-26,29.9,24,34.6722,127.788
fyjo4,2026-08-27,29.82,24,34.6722,127.788
fyjo4,2026-08-28,29.06,24,34.6722,127.788
fyjo4,2026-08-29,28.54,24,34.6722,127.788
fyjo4,2026-08-30,28.81,24,34.6722,127.788
fyjo4,2026-08-31,28.58,24,34.6722,127.788
fyjo4,2026-09-01,28.3,24,34.6722,127.788
fyjo4,2026-09-02,28.39,24,34.6722,127.788
fyjo4,2026-09-03,28.45,24,34.6722,127.788
fyjo4,2026-09-04,28.15,24,34.6722,127.788
fyjo4,2026-09-05,27.9,24,34.6722,127.788
fyjo4,2026-09-06,27.36,24,34.6722,127.788
fyjo4,2026-09-07,26.85,24,34.6722,127.788
fyjo4,2026-09-08,26.59,24,34.6722,127.788
fyjo4,2026-09-09,26.38,24,34.6722,127.788
fyjo4,2026-09-10,26.28,24,34.6722,127.788
fyjo4,2026-09-11,26.27,24,34.6722,127.788
fyjo4,2026-09-12,26.2,24,34.6722,127.788
fyjo4,2026-09-13,26.26,24,34.6722,127.788
fyjo4,2026-09-14,26.26,24,34.6722,127.788
fyjo4,2026-09-15,26.27,24,34.6722,127.788
fyjo4,2026-09-16,26.17,24,34.6722,127.788
fyjo4,2026-09-17,26.03,24,34.6722,127.788
fyjo4,2026-09-18,25.65,24,34.6722,127.788
fyjo4,2026-09-19,25.96,24,34.6722,127.788
fyjo4,2026-09-20,25.99,24,34.6722,127.788
fyjo4,2026-09-21,26.02,24,34.6722,127.788
fyjo4,2026-09-22,25.92,24,34.6722,127.788
fyjo4,2026-09-23,25.88,24,34.6722,127.788
fyjo4,2026-09-24,25.86,24,34.6722,127.788
fynm6,2026-05-01,17.46,24,34.7032,127.6254
fynm6,2026-05-02,17.72,24,34.7032,127.6254
fynm6,2026-05-03,17.2,24,34.7032,127.6254
fynm6,2026-05-04,17.09,24,34.7032,127.6254
fynm6,2026-05-05,17.34,24,34.7032,127.6254
fynm6,2026-05-06,18.06,24,34.7032,127.6254
fynm6,2026-05-07,19.02,24,34.7032,127.6254
fynm6,2026-05-08,18.22,24,34.7032,127.6254
fynm6,2026-05-09,18.36,23,34.7032,127.6254
fynm6,2026-05-10,18.88,23,34.7032,127.6254
fynm6,2026-05-11,19.66,23,34.7032,127.6254
fynm6,2026-05-12,19.3,23,34.7032,127.6254
fynm6,2026-05-13,20.06,23,34.7032,127.6254
fynm6,2026-05-14,20.92,23,34.7032,127.6254
fynm6,2026-05-15,21.58,23,34.7032,127.6254
fynm6,2026-05-16,21.99,24,34.7032,127.6254
fynm6,2026-05-17,22.75,23,34.7032,127.6254
fynm6,2026-05-18,22.98,24,34.7032,127.6254
fynm6,2026-05-19,22.64,24,34.7032,127.6254
fynm6,2026-05-20,21.81,23,34.7032,127.6254
fynm6,2026-05-21,21.66,23,34.7032,127.6254
fynm6,2026-05-22,20.58,23,34.7032,127.6254
fynm6,2026-05-23,20.72,24,34.7032,127.6254
fynm6,2026-05-24,21.67,24,34.7032,127.6254
fynm6,2026-05-25,22.78,23,34.7032,127.6254
fynm6,2026-05-26,23.13,24,34.7032,127.6254
fynm6,2026-05-27,23.05,24,34.7032,127.6254
fynm6,2026-05-28,22.31,24,34.7032,127.6254
fynm6,2026-05-29,21.76,24,34.7032,127.6254
fynm6,2026-05-30,22.42,24,34.7032,127.6254
fynm6,2026-05-31,23.14,23,34.7032,127.6254
fynm6,2026-06-01,23.7,23,34.7032,127.6254
fynm6,2026-06-02,23.19,24,34.7032,127.6254
fynm6,2026-06-03,23.85,24,34.7032,127.6254
fynm6,2026-06-04,24.04,24,34.7032,127.6254
fynm6,2026-06-05,23.48,24,34.7032,127.6254
fynm6,2026-06-06,22.78,24,34.7032,127.6254
fynm6,2026-06-07,23.43,23,34.7032,127.6254
fynm6,2026-06-08,23.28,24,34.7032,127.6254
fynm6,2026-06-09,22.9,23,34.7032,127.6254
fynm6,2026-06-10,23.5,23,34.7032,127.6254
fynm6,2026-06-11,22.91,24,34.7032,127.6254
fynm6,2026-06-12,22.62,24,34.7032,127.6254
fynm6,2026-06-13,23.88,24,34.7032,127.6254
fynm6,2026-06-14,24.4,24,34.7032,127.6254
fynm6,2026-06-15,24.8,24,34.7032,127.6254
fynm6,2026-06-16,25.1,24,34.7032,127.6254
fynm6,2026-06-17,24.91,24,34.7032,127.6254
fynm6,2026-06-18,25.25,24,34.7032,127.6254
fynm6,2026-06-19,25.15,24,34.7032,127.6254
fynm6,2026-06-20,24.56,24,34.7032,127.6254
fynm6,2026-06-21,24.1,23,34.7032,127.6254
fynm6,2026-06-22,23.91,23,34.7032,127.6254
fynm6,2026-06-23,23.58,23,34.7032,127.6254
fynm6,2026-06-24,23.3,24,34.7032,127.6254
fynm6,2026-06-25,23.73,24,34.7032,127.6254
fynm6,2026-06-26,24.51,24,34.7032,127.6254
fynm6,2026-06-27,25.0,24,34.7032,127.6254
fynm6,2026-06-28,25.22,24,34.7032,127.6254
fynm6,2026-06-29,25.53,23,34.7032,127.6254
fynm6,2026-06-30,25.68,24,34.7032,127.6254
fynm6,2026-07-01,25.1,24,34.7032,127.6254
fynm6,2026-07-02,25.25,24,34.7032,127.6254
fynm6,2026-07-03,25.66,24,34.7032,127.6254
fynm6,2026-07-04,25.67,24,34.7032,127.6254
fynm6,2026-07-05,25.65,24,34.7032,127.6254
fynm6,2026-07-06,25.85,24,34.7032,127.6254
fynm6,2026-07-07,26.09,24,34.7032,127.6254
fynm6,2026-07-08,26.36,24,34.7032,127.6254
fynm6,2026-07-09,26.22,24,34.7032,127.6254
fynm6,2026-07-10,26.62,24,34.7032,127.6254
fynm6,2026-07-11,28.04,23,34.7032,127.6254
fynm6,2026-07-12,28.3,24,34.7032,127.6254
fynm6,2026-07-13,28.2,24,34.7032,127.6254
fynm6,2026-07-14,28.18,24,34.7032,127.6254
fynm6,2026-07-15,28.0,24,34.7032,127.6254
fynm6,2026-07-16,27.33,24,34.7032,127.6254
fynm6,2026-07-17,28.06,24,34.7032,127.6254
fynm6,2026-07-18,28.56,24,34.7032,127.6254
fynm6,2026-07-19,28.83,24,34.7032,127.6254
fynm6,2026-07-20,29.16,24,34.7032,127.6254
fynm6,2026-07-21,29.1,24,34.7032,127.6254
fynm6,2026-07-22,29.52,24,34.7032,127.6254
fynm6,2026-07-23,29.75,24,34.7032,127.6254
fynm6,2026-07-24,29.92,24,34.7032,127.6254
fynm6,2026-07-25,30.61,23,34.7032,127.6254
fynm6,2026-07-26,31.03,23,34.7032,127.6254
fynm6,2026-07-27,31.03,23,34.7032,127.6254
fynm6,2026-07-28,30.45,24,34.7032,127.6254
fynm6,2026-07-29,28.37,23,34.7032,127.6254
fynm6,2026-07-30,27.47,23,34.7032,127.6254
fynm6,2026-07-31,27.79,23,34.7032,127.6254
fynm6,2026-08-01,28.2,23,34.7032,127.6254
fynm6,2026-08-02,28.68,23,34.7032,127.6254
fynm6,2026-08-03,30.07,23,34.7032,127.6254
fynm6,2026-08-04,30.26,24,34.7032,127.6254
fynm6,2026-08-05,30.51,23,34.7032,127.6254
fynm6,2026-08-06,30.77,24,34.7032,127.6254
fynm6,2026-08-07,30.99,24,34.7032,127.6254
fynm6,2026-08-08,30.72,24,34.7032,127.6254
fynm6,2026-08-09,29.96,23,34.7032,127.6254
fynm6,2026-08-10,29.52,23,34.7032,127.6254
fynm6,2026-08-11,28.83,23,34.7032,127.6254
fynm6,2026-08-12,28.71,23,34.7032,127.6254
fynm6,2026-08-13,28.97,23,34.7032,127.6254
fynm6,2026-08-14,29.06,23,34.7032,127.6254
fynm6,2026-08-15,28.82,23,34.7032,127.6254
fynm6,2026-08-16,27.53,23,34.7032,127.6254
fynm6,2026-08-17,27.14,23,34.7032,127.6254
fynm6,2026-08-18,27.91,24,34.7032,127.6254
fynm6,2026-08-19,28.58,24,34.7032,127.6254
fynm6,2026-08-20,29.45,24,34.7032,127.6254
fynm6,2026-08-21,29.82,24,34.7032,127.6254
fynm6,2026-08-22,29.91,24,34.7032,127.6254
fynm6,2026-08-23,30.42,23,34.7032,127.6254
fynm6,2026-08-24,30.82,24,34.7032,127.6254
fynm6,2026-08-25,31.16,24,34.7032,127.6254
fynm6,2026-08-26,31.47,24,34.7032,127.6254
fynm6,2026-08-27,31.8,24,34.7032,127.6254
fynm6,2026-08-28,31.12,24,34.7032,127.6254
fynm6,2026-08-29,30.97,24,34.7032,127.6254
fynm6,2026-08-30,30.82,24,34.7032,127.6254
fynm6,2026-08-31,30.61,24,34.7032,127.6254
fynm6,2026-09-01,30.58,24,34.7032,127.6254
fynm6,2026-09-02,30.58,24,34.7032,127.6254
fynm6,2026-09-03,30.54,24,34.7032,127.6254
fynm6,2026-09-04,29.65,23,34.7032,127.6254
fynm6,2026-09-05,28.83,23,34.7032,127.6254
fynm6,2026-09-06,28.38,23,34.7032,127.6254
fynm6,2026-09-07,28.04,23,34.7032,127.6254
fynm6,2026-09-08,28.0,23,34.7032,127.6254
fynm6,2026-09-09,27.59,23,34.7032,127.6254
fynm6,2026-09-10,27.05,23,34.7032,127.6254
fynm6,2026-09-11,27.14,23,34.7032,127.6254
fynm6,2026-09-12,27.3,23,34.7032,127.6254
fynm6,2026-09-13,27.43,23,34.7032,127.6254
fynm6,2026-09-14,27.42,23,34.7032,127.6254
fynm6,2026-09-15,27.22,23,34.7032,127.6254
fynm6,2026-09-16,27.17,23,34.7032,127.6254
fynm6,2026-09-17,26.72,23,34.7032,127.6254
fynm6,2026-09-18,26.3,23,34.7032,127.6254
fynm6,2026-09-19,26.35,23,34.7032,127.6254
fynm6,2026-09-20,26.35,23,34.7032,127.6254
fynm6,2026-09-21,26.41,23,34.7032,127.6254
fynm6,2026-09-22,26.39,23,34.7032,127.6254
fynm6,2026-09-23,26.4,23,34.7032,127.6254
fynm6,2026-09-24,26.56,23,34.7032,127.6254
fysk9,2026-05-01,16.91,24,34.719,127.7138
fysk9,2026-05-02,16.87,24,34.719,127.7138
fysk9,2026-05-03,16.66,24,34.719,127.7138
fysk9,2026-05-04,16.42,24,34.719,127.7138
fysk9,2026-05-05,16.76,24,34.719,127.7138
fysk9,2026-05-06,17.43,24,34.719,127.7138
fysk9,2026-05-07,18.05,24,34.719,127.7138
fysk9,2026-05-08,17.75,24,34.719,127.7138
fysk9,2026-05-09,17.62,24,34.719,127.7138
fysk9,2026-05-10,18.32,24,34.719,127.7138
fysk9,2026-05-11,18.98,24,34.719,127.7138
fysk9,2026-05-12,18.99,15,34.719,127.7138
fysk9,2026-06-09,22.4,13,34.719,127.7138
fysk9,2026-06-10,22.57,24,34.719,127.7138
fysk9,2026-06-11,22.64,24,34.719,127.7138
fysk9,2026-06-12,22.8,24,34.719,127.7138
fysk9,2026-06-13,23.27,23,34.719,127.7138
fysk9,2026-06-14,23.42,24,34.719,127.7138
fysk9,2026-06-15,23.48,24,34.719,127.7138
fysk9,2026-06-16,23.14,24,34.719,127.7138
fysk9,2026-06-17,22.82,24,34.719,127.7138
fysk9,2026-06-18,23.24,24,34.719,127.7138
fysk9,2026-06-19,23.49,24,34.719,127.7138
fysk9,2026-06-20,22.98,24,34.719,127.7138
fysk9,2026-06-21,23.48,24,34.719,127.7138
fysk9,2026-06-22,23.04,24,34.719,127.7138
fysk9,2026-06-23,22.79,24,34.719,127.7138
fysk9,2026-06-24,22.95,24,34.719,127.7138
fysk9,2026-06-25,23.27,24,34.719,127.7138
fysk9,2026-06-26,23.62,24,34.719,127.7138
fysk9,2026-06-27,23.88,24,34.719,127.7138
fysk9,2026-06-28,24.3,24,34.719,127.7138
fysk9,2026-06-29,24.35,24,34.719,127.7138
fysk9,2026-06-30,24.63,24,34.719,127.7138
fysk9,2026-07-01,24.0,24,34.719,127.7138
fysk9,2026-07-02,24.35,24,34.719,127.7138
fysk9,2026-07-03,24.53,24,34.719,127.7138
fysk9,2026-07-04,24.76,24,34.719,127.7138
fysk9,2026-07-05,24.69,24,34.719,127.7138
fysk9,2026-07-06,24.8,24,34.719,127.7138
fysk9,2026-07-07,25.1,24,34.719,127.7138
fysk9,2026-07-11,26.98,18,34.719,127.7138
fysk9,2026-07-12,26.7,24,34.719,127.7138
fysk9,2026-07-13,26.94,22,34.719,127.7138
fysk9,2026-07-14,27.13,24,34.719,127.7138
fysk9,2026-07-15,27.02,24,34.719,127.7138
fysk9,2026-07-16,27.23,24,34.719,127.7138
fysk9,2026-07-17,27.11,24,34.719,127.7138
fysk9,2026-07-18,27.17,24,34.719,127.7138
fysk9,2026-07-19,27.51,24,34.719,127.7138
fysk9,2026-07-20,27.89,24,34.719,127.7138
fysk9,2026-07-21,28.27,24,34.719,127.7138
fysk9,2026-07-22,28.88,24,34.719,127.7138
fysk9,2026-07-23,29.17,24,34.719,127.7138
fysk9,2026-07-24,29.46,24,34.719,127.7138
fysk9,2026-07-25,29.66,24,34.719,127.7138
fysk9,2026-07-26,29.95,24,34.719,127.7138
fysk9,2026-07-27,29.78,24,34.719,127.7138
fysk9,2026-07-28,29.62,24,34.719,127.7138
fysk9,2026-07-29,29.1,24,34.719,127.7138
fysk9,2026-07-30,28.06,24,34.719,127.7138
fysk9,2026-07-31,27.77,24,34.719,127.7138
fysk9,2026-08-01,28.06,24,34.719,127.7138
fysk9,2026-08-02,28.37,24,34.719,127.7138
fysk9,2026-08-03,28.27,24,34.719,127.7138
fysk9,2026-08-04,28.42,24,34.719,127.7138
fysk9,2026-08-05,28.8,24,34.719,127.7138
fysk9,2026-08-06,28.35,24,34.719,127.7138
fysk9,2026-08-07,27.87,24,34.719,127.7138
fysk9,2026-08-08,27.03,24,34.719,127.7138
fysk9,2026-08-09,26.75,24,34.719,127.7138
fysk9,2026-08-10,26.78,24,34.719,127.7138
fysk9,2026-08-11,26.63,24,34.719,127.7138
fysk9,2026-08-12,26.76,24,34.719,127.7138
fysk9,2026-08-13,27.12,24,34.719,127.7138
fysk9,2026-08-14,27.54,24,34.719,127.7138
fysk9,2026-08-15,27.49,24,34.719,127.7138
fysk9,2026-08-16,26.97,24,34.719,127.7138
fysk9,2026-08-17,26.86,24,34.719,127.7138
fysk9,2026-08-18,27.45,24,34.719,127.7138
fysk9,2026-08-19,28.11,24,34.719,127.7138
fysk9,2026-08-20,28.93,24,34.719,127.7138
fysk9,2026-08-21,29.45,24,34.719,127.7138
fysk9,2026-08-22,29.6,24,34.719,127.7138
fysk9,2026-08-23,29.71,24,34.719,127.7138
fysk9,2026-08-24,29.99,24,34.719,127.7138
fysk9,2026-08-25,30.23,24,34.719,127.7138
fysk9,2026-08-26,30.55,24,34.719,127.7138
fysk9,2026-08-27,30.75,24,34.719,127.7138
fysk9,2026-08-28,30.15,24,34.719,127.7138
fysk9,2026-08-29,29.98,24,34.719,127.7138
fysk9,2026-08-30,29.97,24,34.719,127.7138
fysk9,2026-08-31,29.97,24,34.719,127.7138
fysk9,2026-09-01,29.93,24,34.719,127.7138
fysk9,2026-09-02,29.9,24,34.719,127.7138
fysk9,2026-09-03,29.72,24,34.719,127.7138
fysk9,2026-09-04,28.93,24,34.719,127.7138
fysk9,2026-09-05,28.28,24,34.719,127.7138
fysk9,2026-09-06,27.73,24,34.719,127.7138
fysk9,2026-09-07,27.65,24,34.719,127.7138
fysk9,2026-09-08,27.58,24,34.719,127.7138
fysk9,2026-09-09,27.2,24,34.719,127.7138
fysk9,2026-09-10,26.69,24,34.719,127.7138
fysk9,2026-09-11,26.69,24,34.719,127.7138
fysk9,2026-09-12,26.7,24,34.719,127.7138
fysk9,2026-09-13,26.8,24,34.719,127.7138
fysk9,2026-09-14,26.76,24,34.719,127.7138
fysk9,2026-09-15,26.75,24,34.719,127.7138
fysk9,2026-09-16,26.73,24,34.719,127.7138
fysk9,2026-09-17,26.38,24,34.719,127.7138
fysk9,2026-09-18,26.08,24,34.719,127.7138
fysk9,2026-09-19,26.11,24,34.719,127.7138
fysk9,2026-09-20,26.03,24,34.719,127.7138
fysk9,2026-09-21,26.04,24,34.719,127.7138
fysk9,2026-09-22,26.04,24,34.719,127.7138
fysk9,2026-09-23,25.91,24,34.719,127.7138
fysk9,2026-09-24,26.14,24,34.719,127.7138
fysl4,2026-05-01,15.3,24,34.5474,127.7236
fysl4,2026-05-02,15.25,24,34.5474,127.7236
fysl4,2026-05-03,15.19,24,34.5474,127.7236
fysl4,2026-05-04,15.35,24,34.5474,127.7236
fysl4,2026-05-05,15.28,24,34.5474,127.7236
fysl4,2026-05-06,15.61,24,34.5474,127.7236
fysl4,2026-05-07,15.93,24,34.5474,127.7236
fysl4,2026-05-08,15.77,24,34.5474,127.7236
fysl4,2026-05-09,15.8,24,34.5474,127.7236
fysl4,2026-05-10,15.96,24,34.5474,127.7236
fysl4,2026-05-11,16.52,24,34.5474,127.7236
fysl4,2026-05-12,17.14,24,34.5474,127.7236
fysl4,2026-05-13,16.51,24,34.5474,127.7236
fysl4,2026-05-14,16.27,24,34.5474,127.7236
fysl4,2026-05-15,16.77,24,34.5474,127.7236
fysl4,2026-05-16,17.13,24,34.5474,127.7236
fysl4,2026-05-17,17.1,24,34.5474,127.7236
fysl4,2026-05-18,17.17,24,34.5474,127.7236
fysl4,2026-05-19,17.05,24,34.5474,127.7236
fysl4,2026-05-20,17.03,24,34.5474,127.7236
fysl4,2026-05-21,17.42,24,34.5474,127.7236
fysl4,2026-05-22,17.37,24,34.5474,127.7236
fysl4,2026-05-23,17.4,24,34.5474,127.7236
fysl4,2026-05-24,17.59,24,34.5474,127.7236
fysl4,2026-05-25,17.74,24,34.5474,127.7236
fysl4,2026-05-26,17.88,24,34.5474,127.7236
fysl4,2026-05-27,18.29,24,34.5474,127.7236
fysl4,2026-05-28,19.03,24,34.5474,127.7236
fysl4,2026-05-29,18.97,24,34.5474,127.7236
fysl4,2026-05-30,18.88,24,34.5474,127.7236
fysl4,2026-05-31,18.79,24,34.5474,127.7236
fysl4,2026-06-01,18.78,24,34.5474,127.7236
fysl4,2026-06-02,18.68,24,34.5474,127.7236
fysl4,2026-06-03,19.18,24,34.5474,127.7236
fysl4,2026-06-04,19.1,24,34.5474,127.7236
fysl4,2026-06-05,19.68,24,34.5474,127.7236
fysl4,2026-06-06,19.1,24,34.5474,127.7236
fysl4,2026-06-07,19.5,24,34.5474,127.7236
fysl4,2026-06-08,19.7,24,34.5474,127.7236
fysl4,2026-06-09,19.65,24,34.5474,127.7236
fysl4,2026-06-10,20.29,24,34.5474,127.7236
fysl4,2026-06-11,19.94,24,34.5474,127.7236
fysl4,2026-06-12,19.7,24,34.5474,127.7236
fysl4,2026-06-13,19.76,24,34.5474,127.7236
fysl4,2026-06-14,19.97,24,34.5474,127.7236
fysl4,2026-06-15,20.12,24,34.5474,127.7236
fysl4,2026-06-16,20.2,24,34.5474,127.7236
fysl4,2026-06-17,20.4,24,34.5474,127.7236
fysl4,2026-06-18,20.65,24,34.5474,127.7236
fysl4,2026-06-19,20.57,24,34.5474,127.7236
fysl4,2026-06-20,20.97,24,34.5474,127.7236
fysl4,2026-06-21,21.12,24,34.5474,127.7236
fysl4,2026-06-22,20.52,24,34.5474,127.7236
fysl4,2026-06-23,20.37,24,34.5474,127.7236
fysl4,2026-06-24,20.52,24,34.5474,127.7236
fysl4,2026-06-25,21.12,24,34.5474,127.7236
fysl4,2026-06-26,21.82,24,34.5474,127.7236
fysl4,2026-06-27,21.45,24,34.5474,127.7236
fysl4,2026-06-28,21.54,24,34.5474,127.7236
fysl4,2026-06-29,21.57,24,34.5474,127.7236
fysl4,2026-06-30,21.49,24,34.5474,127.7236
fysl4,2026-07-01,21.42,24,34.5474,127.7236
fysl4,2026-07-02,21.63,24,34.5474,127.7236
fysl4,2026-07-03,21.72,24,34.5474,127.7236
fysl4,2026-07-04,21.71,24,34.5474,127.7236
fysl4,2026-07-05,21.88,24,34.5474,127.7236
fysl4,2026-07-06,21.89,24,34.5474,127.7236
fysl4,2026-07-07,21.81,24,34.5474,127.7236
fysl4,2026-07-08,23.02,24,34.5474,127.7236
fysl4,2026-07-09,23.65,24,34.5474,127.7236
fysl4,2026-07-10,23.95,24,34.5474,127.7236
fysl4,2026-07-11,23.98,24,34.5474,127.7236
fysl4,2026-07-12,23.86,24,34.5474,127.7236
fysl4,2026-07-13,23.97,24,34.5474,127.7236
fysl4,2026-07-14,23.88,24,34.5474,127.7236
fysl4,2026-07-15,23.68,24,34.5474,127.7236
fysl4,2026-07-16,22.78,24,34.5474,127.7236
fysl4,2026-07-17,22.52,24,34.5474,127.7236
fysl4,2026-07-18,22.45,24,34.5474,127.7236
fysl4,2026-07-19,22.71,24,34.5474,127.7236
fysl4,2026-07-20,22.96,24,34.5474,127.7236
fysl4,2026-07-21,23.82,24,34.5474,127.7236
fysl4,2026-07-22,24.77,24,34.5474,127.7236
fysl4,2026-07-23,25.97,24,34.5474,127.7236
fysl4,2026-07-24,26.2,24,34.5474,127.7236
fysl4,2026-07-25,26.39,24,34.5474,127.7236
fysl4,2026-07-26,25.86,23,34.5474,127.7236
fysl4,2026-07-27,25.15,22,34.5474,127.7236
fysl4,2026-07-28,24.57,24,34.5474,127.7236
fysl4,2026-07-29,23.81,24,34.5474,127.7236
fysl4,2026-07-30,23.25,24,34.5474,127.7236
fysl4,2026-07-31,22.6,23,34.5474,127.7236
fysl4,2026-08-01,22.23,23,34.5474,127.7236
fysl4,2026-08-02,21.78,24,34.5474,127.7236
fysl4,2026-08-03,21.71,24,34.5474,127.7236
fysl4,2026-08-04,22.1,22,34.5474,127.7236
fysl4,2026-08-05,22.94,22,34.5474,127.7236
fysl4,2026-08-06,24.25,22,34.5474,127.7236
fysl4,2026-08-07,25.29,23,34.5474,127.7236
fysl4,2026-08-08,25.27,23,34.5474,127.7236
fysl4,2026-08-09,25.76,23,34.5474,127.7236
fysl4,2026-08-10,25.58,23,34.5474,127.7236
fysl4,2026-08-11,26.11,23,34.5474,127.7236
fysl4,2026-08-12,26.32,23,34.5474,127.7236
fysl4,2026-08-13,26.74,24,34.5474,127.7236
fysl4,2026-08-14,26.9,23,34.5474,127.7236
fysl4,2026-08-15,26.98,24,34.5474,127.7236
fysl4,2026-08-16,26.8,24,34.5474,127.7236
fysl4,2026-08-17,26.79,24,34.5474,127.7236
fysl4,2026-08-18,26.97,24,34.5474,127.7236
fysl4,2026-08-19,27.15,24,34.5474,127.7236
fysl4,2026-08-20,27.45,24,34.5474,127.7236
fysl4,2026-08-21,27.79,24,34.5474,127.7236
fysl4,2026-08-22,27.83,24,34.5474,127.7236
fysl4,2026-08-23,27.92,24,34.5474,127.7236
fysl4,2026-08-24,28.43,24,34.5474,127.7236
fysl4,2026-08-25,28.68,24,34.5474,127.7236
fysl4,2026-08-26,28.4,24,34.5474,127.7236
fysl4,2026-08-27,28.5,24,34.5474,127.7236
fysl4,2026-08-28,28.21,24,34.5474,127.7236
fysl4,2026-08-29,27.89,24,34.5474,127.7236
fysl4,2026-08-30,27.42,24,34.5474,127.7236
fysl4,2026-08-31,27.32,24,34.5474,127.7236
fysl4,2026-09-01,27.27,24,34.5474,127.7236
fysl4,2026-09-02,27.08,24,34.5474,127.7236
fysl4,2026-09-03,26.94,24,34.5474,127.7236
fysl4,2026-09-04,26.59,24,34.5474,127.7236
fysl4,2026-09-05,26.51,24,34.5474,127.7236
fysl4,2026-09-06,26.61,23,34.5474,127.7236
fysl4,2026-09-07,26.68,24,34.5474,127.7236
fysl4,2026-09-08,26.73,24,34.5474,127.7236
fysl4,2026-09-09,26.46,23,34.5474,127.7236
fysl4,2026-09-10,26.23,24,34.5474,127.7236
fysl4,2026-09-11,26.16,24,34.5474,127.7236
fysl4,2026-09-12,26.22,24,34.5474,127.7236
fysl4,2026-09-13,26.4,24,34.5474,127.7236
fysl4,2026-09-14,26.29,23,34.5474,127.7236
fysl4,2026-09-15,26.27,24,34.5474,127.7236
fysl4,2026-09-16,26.23,24,34.5474,127.7236
fysl4,2026-09-17,26.21,24,34.5474,127.7236
fysl4,2026-09-18,26.05,24,34.5474,127.7236
fysl4,2026-09-19,26.1,24,34.5474,127.7236
fysl4,2026-09-20,26.0,23,34.5474,127.7236
fysl4,2026-09-21,25.93,23,34.5474,127.7236
fysl4,2026-09-22,25.76,23,34.5474,127.7236
fysl4,2026-09-23,25.71,23,34.5474,127.7236
fysl4,2026-09-24,25.88,24,34.5474,127.7236
fywo4,2026-05-01,15.25,24,34.5739,127.7259
fywo4,2026-05-02,15.32,24,34.5739,127.7259
fywo4,2026-05-03,15.16,24,34.5739,127.7259
fywo4,2026-05-04,15.18,24,34.5739,127.7259
fywo4,2026-05-05,15.15,24,34.5739,127.7259
fywo4,2026-05-06,15.46,24,34.5739,127.7259
fywo4,2026-05-07,15.72,24,34.5739,127.7259
fywo4,2026-05-08,15.59,24,34.5739,127.7259
fywo4,2026-05-09,15.51,24,34.5739,127.7259
fywo4,2026-05-10,15.67,24,34.5739,127.7259
fywo4,2026-05-11,15.98,24,34.5739,127.7259
fywo4,2026-05-12,15.78,24,34.5739,127.7259
fywo4,2026-05-13,15.99,24,34.5739,127.7259
fywo4,2026-05-14,16.39,24,34.5739,127.7259
fywo4,2026-05-15,16.62,24,34.5739,127.7259
fywo4,2026-05-16,16.8,24,34.5739,127.7259
fywo4,2026-05-17,17.0,24,34.5739,127.7259
fywo4,2026-05-18,17.1,24,34.5739,127.7259
fywo4,2026-05-19,17.18,24,34.5739,127.7259
fywo4,2026-05-20,17.21,24,34.5739,127.7259
fywo4,2026-05-21,17.54,24,34.5739,127.7259
fywo4,2026-05-22,17.56,24,34.5739,127.7259
fywo4,2026-05-23,17.75,24,34.5739,127.7259
fywo4,2026-05-24,17.88,24,34.5739,127.7259
fywo4,2026-05-25,18.05,24,34.5739,127.7259
fywo4,2026-05-26,18.2,24,34.5739,127.7259
fywo4,2026-05-27,19.08,24,34.5739,127.7259
fywo4,2026-05-28,19.17,24,34.5739,127.7259
fywo4,2026-05-29,19.09,24,34.5739,127.7259
fywo4,2026-05-30,18.95,24,34.5739,127.7259
fywo4,2026-05-31,18.93,24,34.5739,127.7259
fywo4,2026-06-01,19.24,19,34.5739,127.7259
fywo4,2026-06-02,19.03,24,34.5739,127.7259
fywo4,2026-06-03,19.1,24,34.5739,127.7259
fywo4,2026-06-04,19.09,24,34.5739,127.7259
fywo4,2026-06-05,19.37,24,34.5739,127.7259
fywo4,2026-06-06,19.4,24,34.5739,127.7259
fywo4,2026-06-07,20.02,24,34.5739,127.7259
fywo4,2026-06-08,19.58,24,34.5739,127.7259
fywo4,2026-06-09,19.61,24,34.5739,127.7259
fywo4,2026-06-10,19.89,24,34.5739,127.7259
fywo4,2026-06-11,19.88,24,34.5739,127.7259
fywo4,2026-06-12,19.8,24,34.5739,127.7259
fywo4,2026-06-13,19.88,24,34.5739,127.7259
fywo4,2026-06-14,19.95,24,34.5739,127.7259
fywo4,2026-06-15,20.29,24,34.5739,127.7259
fywo4,2026-06-16,20.5,24,34.5739,127.7259
fywo4,2026-06-17,20.5,24,34.5739,127.7259
fywo4,2026-06-18,20.88,24,34.5739,127.7259
fywo4,2026-06-19,20.72,24,34.5739,127.7259
fywo4,2026-06-20,20.99,24,34.5739,127.7259
fywo4,2026-06-21,20.7,24,34.5739,127.7259
fywo4,2026-06-22,20.72,24,34.5739,127.7259
fywo4,2026-06-23,20.68,24,34.5739,127.7259
fywo4,2026-06-24,20.76,24,34.5739,127.7259
fywo4,2026-06-25,20.95,24,34.5739,127.7259
fywo4,2026-06-26,21.41,24,34.5739,127.7259
fywo4,2026-06-27,21.45,24,34.5739,127.7259
fywo4,2026-06-28,21.58,24,34.5739,127.7259
fywo4,2026-06-29,21.51,24,34.5739,127.7259
fywo4,2026-06-30,21.68,24,34.5739,127.7259
fywo4,2026-07-01,21.42,24,34.5739,127.7259
fywo4,2026-07-02,21.92,24,34.5739,127.7259
fywo4,2026-07-03,21.95,24,34.5739,127.7259
fywo4,2026-07-04,21.96,24,34.5739,127.7259
fywo4,2026-07-05,21.84,24,34.5739,127.7259
fywo4,2026-07-06,21.9,24,34.5739,127.7259
fywo4,2026-07-07,21.98,24,34.5739,127.7259
fywo4,2026-07-08,22.36,24,34.5739,127.7259
fywo4,2026-07-09,22.93,24,34.5739,127.7259
fywo4,2026-07-10,23.31,24,34.5739,127.7259
fywo4,2026-07-11,23.57,24,34.5739,127.7259
fywo4,2026-07-12,23.62,24,34.5739,127.7259
fywo4,2026-07-13,23.85,24,34.5739,127.7259
fywo4,2026-07-14,23.06,24,34.5739,127.7259
fywo4,2026-07-15,22.77,24,34.5739,127.7259
fywo4,2026-07-16,22.24,24,34.5739,127.7259
fywo4,2026-07-17,22.55,24,34.5739,127.7259
fywo4,2026-07-18,22.75,24,34.5739,127.7259
fywo4,2026-07-19,22.63,24,34.5739,127.7259
fywo4,2026-07-20,22.63,24,34.5739,127.7259
fywo4,2026-07-21,22.99,24,34.5739,127.7259
fywo4,2026-07-22,24.2,24,34.5739,127.7259
fywo4,2026-07-23,25.21,24,34.5739,127.7259
fywo4,2026-07-24,25.36,24,34.5739,127.7259
fywo4,2026-07-25,25.52,23,34.5739,127.7259
fywo4,2026-07-26,24.74,24,34.5739,127.7259
fywo4,2026-07-27,23.99,24,34.5739,127.7259
fywo4,2026-07-28,23.49,24,34.5739,127.7259
fywo4,2026-07-29,22.72,24,34.5739,127.7259
fywo4,2026-07-30,22.57,23,34.5739,127.7259
fywo4,2026-07-31,22.33,24,34.5739,127.7259
fywo4,2026-08-01,22.1,24,34.5739,127.7259
fywo4,2026-08-02,21.78,24,34.5739,127.7259
fywo4,2026-08-03,21.73,24,34.5739,127.7259
fywo4,2026-08-04,21.66,24,34.5739,127.7259
fywo4,2026-08-05,21.62,24,34.5739,127.7259
fywo4,2026-08-06,23.29,23,34.5739,127.7259
fywo4,2026-08-07,24.88,24,34.5739,127.7259
fywo4,2026-08-08,25.77,24,34.5739,127.7259
fywo4,2026-08-09,26.2,24,34.5739,127.7259
fywo4,2026-08-10,26.15,24,34.5739,127.7259
fywo4,2026-08-11,26.14,24,34.5739,127.7259
fywo4,2026-08-12,26.34,24,34.5739,127.7259
fywo4,2026-08-13,26.66,24,34.5739,127.7259
fywo4,2026-08-14,26.82,24,34.5739,127.7259
fywo4,2026-08-15,26.88,24,34.5739,127.7259
fywo4,2026-08-16,26.66,24,34.5739,127.7259
fywo4,2026-08-17,26.65,24,34.5739,127.7259
fywo4,2026-08-18,26.9,24,34.5739,127.7259
fywo4,2026-08-19,27.1,24,34.5739,127.7259
fywo4,2026-08-20,27.25,24,34.5739,127.7259
fywo4,2026-08-21,27.57,24,34.5739,127.7259
fywo4,2026-08-22,27.75,24,34.5739,127.7259
fywo4,2026-08-23,28.03,24,34.5739,127.7259
fywo4,2026-08-24,28.2,24,34.5739,127.7259
fywo4,2026-08-25,28.05,24,34.5739,127.7259
fywo4,2026-08-26,28.02,24,34.5739,127.7259
fywo4,2026-08-27,28.12,24,34.5739,127.7259
fywo4,2026-08-28,27.62,24,34.5739,127.7259
fywo4,2026-08-29,27.33,24,34.5739,127.7259
fywo4,2026-08-30,26.87,24,34.5739,127.7259
fywo4,2026-08-31,26.76,24,34.5739,127.7259
fywo4,2026-09-01,26.62,24,34.5739,127.7259
fywo4,2026-09-02,26.75,24,34.5739,127.7259
fywo4,2026-09-03,27.19,24,34.5739,127.7259
fywo4,2026-09-04,26.98,24,34.5739,127.7259
fywo4,2026-09-05,26.48,24,34.5739,127.7259
fywo4,2026-09-06,26.48,24,34.5739,127.7259
fywo4,2026-09-07,26.52,24,34.5739,127.7259
fywo4,2026-09-08,26.48,24,34.5739,127.7259
fywo4,2026-09-09,26.3,24,34.5739,127.7259
fywo4,2026-09-10,26.02,24,34.5739,127.7259
fywo4,2026-09-11,26.06,24,34.5739,127.7259
fywo4,2026-09-12,26.06,24,34.5739,127.7259
fywo4,2026-09-13,26.17,24,34.5739,127.7259
fywo4,2026-09-14,26.08,24,34.5739,127.7259
fywo4,2026-09-15,26.12,24,34.5739,127.7259
fywo4,2026-09-16,26.08,24,34.5739,127.7259
fywo4,2026-09-17,26.0,24,34.5739,127.7259
fywo4,2026-09-18,25.92,24,34.5739,127.7259
fywo4,2026-09-19,25.96,24,34.5739,127.7259
fywo4,2026-09-20,25.78,24,34.5739,127.7259
fywo4,2026-09-21,25.7,24,34.5739,127.7259
fywo4,2026-09-22,25.65,24,34.5739,127.7259
fywo4,2026-09-23,25.6,24,34.5739,127.7259
fywo4,2026-09-24,25.68,24,34.5739,127.7259
fyym6,2026-05-01,17.04,23,34.7494,127.515
fyym6,2026-05-02,17.24,23,34.7494,127.515
fyym6,2026-05-03,17.06,23,34.7494,127.515
fyym6,2026-05-04,16.82,23,34.7494,127.515
fyym6,2026-05-05,16.96,23,34.7494,127.515
fyym6,2026-05-06,17.25,23,34.7494,127.515
fyym6,2026-05-07,17.61,24,34.7494,127.515
fyym6,2026-05-08,17.65,24,34.7494,127.515
fyym6,2026-05-09,18.07,24,34.7494,127.515
fyym6,2026-05-10,18.08,24,34.7494,127.515
fyym6,2026-05-11,18.68,24,34.7494,127.515
fyym6,2026-05-12,18.75,23,34.7494,127.515
fyym6,2026-05-13,19.1,24,34.7494,127.515
fyym6,2026-05-14,19.53,24,34.7494,127.515
fyym6,2026-05-15,19.95,24,34.7494,127.515
fyym6,2026-05-16,20.44,24,34.7494,127.515
fyym6,2026-05-17,20.81,23,34.7494,127.515
fyym6,2026-05-18,21.07,24,34.7494,127.515
fyym6,2026-05-19,21.16,24,34.7494,127.515
fyym6,2026-05-20,20.82,24,34.7494,127.515
fyym6,2026-05-21,21.0,24,34.7494,127.515
fyym6,2026-05-22,21.1,24,34.7494,127.515
fyym6,2026-05-23,20.94,24,34.7494,127.515
fyym6,2026-05-24,21.4,24,34.7494,127.515
fyym6,2026-05-25,22.21,24,34.7494,127.515
fyym6,2026-05-26,22.41,24,34.7494,127.515
fyym6,2026-05-27,21.79,24,34.7494,127.515
fyym6,2026-05-28,22.05,24,34.7494,127.515
fyym6,2026-05-29,22.05,24,34.7494,127.515
fyym6,2026-05-30,22.27,24,34.7494,127.515
fyym6,2026-05-31,22.66,24,34.7494,127.515
fyym6,2026-06-01,22.72,24,34.7494,127.515
fyym6,2026-06-02,22.47,24,34.7494,127.515
fyym6,2026-06-03,23.01,24,34.7494,127.515
fyym6,2026-06-04,23.04,24,34.7494,127.515
fyym6,2026-06-05,23.08,24,34.7494,127.515
fyym6,2026-06-06,22.78,24,34.7494,127.515
fyym6,2026-06-07,23.01,24,34.7494,127.515
fyym6,2026-06-08,22.82,24,34.7494,127.515
fyym6,2026-06-09,22.83,24,34.7494,127.515
fyym6,2026-06-10,23.01,24,34.7494,127.515
fyym6,2026-06-11,22.92,24,34.7494,127.515
fyym6,2026-06-12,22.85,24,34.7494,127.515
fyym6,2026-06-13,23.04,24,34.7494,127.515
fyym6,2026-06-14,23.34,24,34.7494,127.515
fyym6,2026-06-15,23.8,24,34.7494,127.515
fyym6,2026-06-16,23.98,24,34.7494,127.515
fyym6,2026-06-17,23.79,24,34.7494,127.515
fyym6,2026-06-18,24.13,24,34.7494,127.515
fyym6,2026-06-19,24.17,24,34.7494,127.515
fyym6,2026-06-20,24.12,24,34.7494,127.515
fyym6,2026-06-21,24.68,24,34.7494,127.515
fyym6,2026-06-22,24.36,24,34.7494,127.515
fyym6,2026-06-23,23.96,24,34.7494,127.515
fyym6,2026-06-24,23.17,24,34.7494,127.515
fyym6,2026-06-25,23.1,24,34.7494,127.515
fyym6,2026-06-26,23.77,24,34.7494,127.515
fyym6,2026-06-27,23.94,24,34.7494,127.515
fyym6,2026-06-28,24.07,24,34.7494,127.515
fyym6,2026-06-29,24.42,24,34.7494,127.515
fyym6,2026-06-30,24.72,24,34.7494,127.515
fyym6,2026-07-01,24.5,24,34.7494,127.515
fyym6,2026-07-02,24.59,24,34.7494,127.515
fyym6,2026-07-03,24.6,24,34.7494,127.515
fyym6,2026-07-04,24.76,24,34.7494,127.515
fyym6,2026-07-05,24.89,24,34.7494,127.515
fyym6,2026-07-06,25.15,24,34.7494,127.515
fyym6,2026-07-07,25.6,24,34.7494,127.515
fyym6,2026-07-08,25.63,24,34.7494,127.515
fyym6,2026-07-09,25.84,24,34.7494,127.515
fyym6,2026-07-10,26.38,24,34.7494,127.515
fyym6,2026-07-11,27.45,24,34.7494,127.515
fyym6,2026-07-12,27.44,24,34.7494,127.515
fyym6,2026-07-13,27.1,24,34.7494,127.515
fyym6,2026-07-14,27.38,24,34.7494,127.515
fyym6,2026-07-15,27.75,24,34.7494,127.515
fyym6,2026-07-16,27.78,24,34.7494,127.515
fyym6,2026-07-17,27.77,24,34.7494,127.515
fyym6,2026-07-18,27.62,24,34.7494,127.515
fyym6,2026-07-19,27.84,24,34.7494,127.515
fyym6,2026-07-20,28.0,24,34.7494,127.515
fyym6,2026-07-21,28.22,24,34.7494,127.515
fyym6,2026-07-22,28.63,24,34.7494,127.515
fyym6,2026-07-23,29.14,24,34.7494,127.515
fyym6,2026-07-24,29.49,24,34.7494,127.515
fyym6,2026-07-25,30.09,24,34.7494,127.515
fyym6,2026-07-26,30.34,24,34.7494,127.515
fyym6,2026-07-27,30.37,24,34.7494,127.515
fyym6,2026-07-28,30.0,24,34.7494,127.515
fyym6,2026-07-29,28.94,23,34.7494,127.515
fyym6,2026-07-30,28.05,24,34.7494,127.515
fyym6,2026-07-31,28.24,24,34.7494,127.515
fyym6,2026-08-01,28.7,24,34.7494,127.515
fyym6,2026-08-02,28.72,24,34.7494,127.515
fyym6,2026-08-03,29.16,24,34.7494,127.515
fyym6,2026-08-04,29.46,24,34.7494,127.515
fyym6,2026-08-05,29.67,23,34.7494,127.515
fyym6,2026-08-06,29.84,24,34.7494,127.515
fyym6,2026-08-07,29.95,24,34.7494,127.515
fyym6,2026-08-08,29.48,24,34.7494,127.515
fyym6,2026-08-09,28.4,24,34.7494,127.515
fyym6,2026-08-10,27.76,24,34.7494,127.515
fyym6,2026-08-11,27.24,24,34.7494,127.515
fyym6,2026-08-12,26.9,24,34.7494,127.515
fyym6,2026-08-13,27.05,24,34.7494,127.515
fyym6,2026-08-14,27.41,24,34.7494,127.515
fyym6,2026-08-15,27.55,24,34.7494,127.515
fyym6,2026-08-16,27.27,24,34.7494,127.515
fyym6,2026-08-17,27.21,24,34.7494,127.515
fyym6,2026-08-18,27.62,24,34.7494,127.515
fyym6,2026-08-19,27.97,23,34.7494,127.515
fyym6,2026-08-20,28.41,24,34.7494,127.515
fyym6,2026-08-21,28.95,24,34.7494,127.515
fyym6,2026-08-22,29.1,24,34.7494,127.515
fyym6,2026-08-23,29.46,24,34.7494,127.515
fyym6,2026-08-24,29.88,24,34.7494,127.515
fyym6,2026-08-25,30.22,24,34.7494,127.515
fyym6,2026-08-26,30.4,24,34.7494,127.515
fyym6,2026-08-27,30.6,24,34.7494,127.515
fyym6,2026-08-28,30.35,24,34.7494,127.515
fyym6,2026-08-29,30.32,24,34.7494,127.515
fyym6,2026-08-30,30.36,24,34.7494,127.515
fyym6,2026-08-31,30.26,24,34.7494,127.515
fyym6,2026-09-01,30.28,24,34.7494,127.515
fyym6,2026-09-02,30.32,24,34.7494,127.515
fyym6,2026-09-03,30.17,24,34.7494,127.515
fyym6,2026-09-04,29.36,24,34.7494,127.515
fyym6,2026-09-05,28.03,24,34.7494,127.515
fyym6,2026-09-06,27.53,24,34.7494,127.515
fyym6,2026-09-07,27.32,24,34.7494,127.515
fyym6,2026-09-08,27.24,24,34.7494,127.515
fyym6,2026-09-09,26.94,24,34.7494,127.515
fyym6,2026-09-10,26.49,24,34.7494,127.515
fyym6,2026-09-11,26.42,24,34.7494,127.515
fyym6,2026-09-12,26.43,24,34.7494,127.515
fyym6,2026-09-13,26.47,24,34.7494,127.515
fyym6,2026-09-14,26.42,24,34.7494,127.515
fyym6,2026-09-15,26.43,24,34.7494,127.515
fyym6,2026-09-16,26.45,24,34.7494,127.515
fyym6,2026-09-17,26.23,24,34.7494,127.515
fyym6,2026-09-18,26.12,24,34.7494,127.515
fyym6,2026-09-19,26.24,24,34.7494,127.515
fyym6,2026-09-20,26.38,24,34.7494,127.515
fyym6,2026-09-21,26.27,24,34.7494,127.515
fyym6,2026-09-22,26.09,24,34.7494,127.515
fyym6,2026-09-23,26.05,24,34.7494,127.515
fyym6,2026-09-24,26.1,24,34.7494,127.515
gi086,2026-05-01,15.4,48,34.8038,128.7094
gi086,2026-05-02,15.51,48,34.8038,128.7094
gi086,2026-05-03,15.38,48,34.8038,128.7094
gi086,2026-05-04,15.26,48,34.8038,128.7094
gi086,2026-05-05,15.2,48,34.8038,128.7094
gi086,2026-05-06,15.72,48,34.8038,128.7094
gi086,2026-05-07,16.06,48,34.8038,128.7094
gi086,2026-05-08,15.8,48,34.8038,128.7094
gi086,2026-05-09,15.13,48,34.8038,128.7094
gi086,2026-05-10,15.72,48,34.8038,128.7094
gi086,2026-05-11,16.14,48,34.8038,128.7094
gi086,2026-05-12,16.1,48,34.8038,128.7094
gi086,2026-05-13,16.01,48,34.8038,128.7094
gi086,2026-05-14,15.72,48,34.8038,128.7094
gi086,2026-05-15,16.15,48,34.8038,128.7094
gi086,2026-05-16,16.83,48,34.8038,128.7094
gi086,2026-05-17,16.65,48,34.8038,128.7094
gi086,2026-05-18,16.57,48,34.8038,128.7094
gi086,2026-05-19,16.37,48,34.8038,128.7094
gi086,2026-05-20,15.82,48,34.8038,128.7094
gi086,2026-05-21,16.16,48,34.8038,128.7094
gi086,2026-05-22,16.21,48,34.8038,128.7094
gi086,2026-05-23,16.41,48,34.8038,128.7094
gi086,2026-05-24,16.94,48,34.8038,128.7094
gi086,2026-05-25,17.58,48,34.8038,128.7094
gi086,2026-05-26,18.22,48,34.8038,128.7094
gi086,2026-05-27,18.38,48,34.8038,128.7094
gi086,2026-05-28,18.73,48,34.8038,128.7094
gi086,2026-05-29,18.67,48,34.8038,128.7094
gi086,2026-05-30,19.1,48,34.8038,128.7094
gi086,2026-05-31,18.5,48,34.8038,128.7094
gi086,2026-06-01,17.77,48,34.8038,128.7094
gi086,2026-06-02,17.18,48,34.8038,128.7094
gi086,2026-06-03,17.19,48,34.8038,128.7094
gi086,2026-06-04,17.37,48,34.8038,128.7094
gi086,2026-06-05,17.93,48,34.8038,128.7094
gi086,2026-06-06,17.19,48,34.8038,128.7094
gi086,2026-06-07,19.12,48,34.8038,128.7094
gi086,2026-06-08,19.48,48,34.8038,128.7094
gi086,2026-06-09,19.12,48,34.8038,128.7094
gi086,2026-06-10,19.77,48,34.8038,128.7094
gi086,2026-06-11,19.74,48,34.8038,128.7094
gi086,2026-06-12,19.05,48,34.8038,128.7094
gi086,2026-06-13,18.84,48,34.8038,128.7094
gi086,2026-06-14,17.78,48,34.8038,128.7094
gi086,2026-06-15,18.02,48,34.8038,128.7094
gi086,2026-06-16,18.19,48,34.8038,128.7094
gi086,2026-06-17,18.5,48,34.8038,128.7094
gi086,2026-06-18,18.89,48,34.8038,128.7094
gi086,2026-06-19,18.6,48,34.8038,128.7094
gi086,2026-06-20,18.7,48,34.8038,128.7094
gi086,2026-06-21,17.97,48,34.8038,128.7094
gi086,2026-06-22,18.18,48,34.8038,128.7094
gi086,2026-06-23,18.3,48,34.8038,128.7094
gi086,2026-06-24,19.6,48,34.8038,128.7094
gi086,2026-06-25,20.41,48,34.8038,128.7094
gi086,2026-06-26,21.28,48,34.8038,128.7094
gi086,2026-06-27,21.56,48,34.8038,128.7094
gi086,2026-06-28,21.99,48,34.8038,128.7094
gi086,2026-06-29,22.23,48,34.8038,128.7094
gi086,2026-06-30,22.1,48,34.8038,128.7094
gi086,2026-07-01,21.29,48,34.8038,128.7094
gi086,2026-07-02,21.15,48,34.8038,128.7094
gi086,2026-07-03,21.42,48,34.8038,128.7094
gi086,2026-07-04,20.75,48,34.8038,128.7094
gi086,2026-07-05,20.97,48,34.8038,128.7094
gi086,2026-07-06,20.71,48,34.8038,128.7094
gi086,2026-07-07,20.02,48,34.8038,128.7094
gi086,2026-07-08,20.31,48,34.8038,128.7094
gi086,2026-07-09,21.11,48,34.8038,128.7094
gi086,2026-07-10,20.11,48,34.8038,128.7094
gi086,2026-07-11,21.56,48,34.8038,128.7094
gi086,2026-07-12,22.84,48,34.8038,128.7094
gi086,2026-07-13,23.03,48,34.8038,128.7094
gi086,2026-07-14,22.42,48,34.8038,128.7094
gi086,2026-07-15,21.52,48,34.8038,128.7094
gi086,2026-07-16,18.2,48,34.8038,128.7094
gi086,2026-07-17,18.18,48,34.8038,128.7094
gi086,2026-07-18,18.72,48,34.8038,128.7094
gi086,2026-07-19,18.58,48,34.8038,128.7094
gi086,2026-07-20,18.51,48,34.8038,128.7094
gi086,2026-07-21,18.78,48,34.8038,128.7094
gi086,2026-07-22,20.1,48,34.8038,128.7094
gi086,2026-07-23,20.77,48,34.8038,128.7094
gi086,2026-07-24,21.54,48,34.8038,128.7094
gi086,2026-07-25,21.93,48,34.8038,128.7094
gi086,2026-07-26,21.56,48,34.8038,128.7094
gi086,2026-07-27,21.32,48,34.8038,128.7094
gi086,2026-07-28,21.4,48,34.8038,128.7094
gi086,2026-07-29,20.53,48,34.8038,128.7094
gi086,2026-07-30,20.37,48,34.8038,128.7094
gi086,2026-07-31,19.59,48,34.8038,128.7094
gi086,2026-08-01,19.33,48,34.8038,128.7094
gi086,2026-08-02,19.33,48,34.8038,128.7094
gi086,2026-08-03,19.01,48,34.8038,128.7094
gi086,2026-08-04,21.58,48,34.8038,128.7094
gi086,2026-08-05,25.19,48,34.8038,128.7094
gi086,2026-08-06,26.01,48,34.8038,128.7094
gi086,2026-08-07,26.65,48,34.8038,128.7094
gi086,2026-08-08,27.7,48,34.8038,128.7094
gi086,2026-08-09,27.8,48,34.8038,128.7094
gi086,2026-08-10,27.41,48,34.8038,128.7094
gi086,2026-08-11,27.1,48,34.8038,128.7094
gi086,2026-08-12,26.91,48,34.8038,128.7094
gi086,2026-08-13,27.2,48,34.8038,128.7094
gi086,2026-08-14,27.65,48,34.8038,128.7094
gi086,2026-08-15,27.25,48,34.8038,128.7094
gi086,2026-08-16,26.65,48,34.8038,128.7094
gi086,2026-08-17,25.35,48,34.8038,128.7094
gi086,2026-08-18,25.26,48,34.8038,128.7094
gi086,2026-08-19,25.48,48,34.8038,128.7094
gi086,2026-08-20,25.64,48,34.8038,128.7094
gi086,2026-08-21,26.55,48,34.8038,128.7094
gi086,2026-08-22,27.46,48,34.8038,128.7094
gi086,2026-08-23,27.97,48,34.8038,128.7094
gi086,2026-08-24,28.22,48,34.8038,128.7094
gi086,2026-08-25,27.79,48,34.8038,128.7094
gi086,2026-08-26,28.1,48,34.8038,128.7094
gi086,2026-08-27,28.63,48,34.8038,128.7094
gi086,2026-08-28,28.07,48,34.8038,128.7094
gi086,2026-08-29,27.74,48,34.8038,128.7094
gi086,2026-08-30,26.46,48,34.8038,128.7094
gi086,2026-08-31,26.4,48,34.8038,128.7094
gi086,2026-09-01,26.02,48,34.8038,128.7094
gi086,2026-09-02,26.75,48,34.8038,128.7094
gi086,2026-09-03,26.86,48,34.8038,128.7094
gi086,2026-09-04,27.18,48,34.8038,128.7094
gi086,2026-09-05,27.02,48,34.8038,128.7094
gi086,2026-09-06,27.04,48,34.8038,128.7094
gi086,2026-09-07,26.81,48,34.8038,128.7094
gi086,2026-09-08,26.58,48,34.8038,128.7094
gi086,2026-09-09,26.14,48,34.8038,128.7094
gi086,2026-09-10,25.6,48,34.8038,128.7094
gi086,2026-09-11,25.56,48,34.8038,128.7094
gi086,2026-09-12,25.42,48,34.8038,128.7094
gi086,2026-09-13,25.53,48,34.8038,128.7094
gi086,2026-09-14,25.48,48,34.8038,128.7094
gi086,2026-09-15,25.48,48,34.8038,128.7094
gi086,2026-09-16,25.22,48,34.8038,128.7094
gi086,2026-09-17,24.92,48,34.8038,128.7094
gi086,2026-09-18,24.82,48,34.8038,128.7094
gi086,2026-09-19,24.68,48,34.8038,128.7094
gi086,2026-09-20,24.77,48,34.8038,128.7094
gi086,2026-09-21,24.78,48,34.8038,128.7094
gi086,2026-09-22,24.73,48,34.8038,128.7094
gi086,2026-09-23,24.69,48,34.8038,128.7094
gi086,2026-09-24,24.79,48,34.8038,128.7094
km001,2026-05-01,16.81,47,34.687,127.708
km001,2026-05-02,16.75,48,34.687,127.708
km001,2026-05-03,16.69,48,34.687,127.708
km001,2026-05-04,16.4,48,34.687,127.708
km001,2026-05-05,16.45,48,34.687,127.708
km001,2026-05-06,16.78,48,34.687,127.708
km001,2026-05-07,17.22,48,34.687,127.708
km001,2026-05-08,17.47,48,34.687,127.708
km001,2026-05-09,17.41,48,34.687,127.708
km001,2026-05-10,17.9,48,34.687,127.708
km001,2026-05-11,18.25,48,34.687,127.708
km001,2026-05-12,18.44,48,34.687,127.708
km001,2026-05-13,18.38,48,34.687,127.708
km001,2026-05-14,18.78,48,34.687,127.708
km001,2026-05-15,19.08,48,34.687,127.708
km001,2026-05-16,19.22,48,34.687,127.708
km001,2026-05-17,19.34,48,34.687,127.708
km001,2026-05-18,19.53,48,34.687,127.708
km001,2026-05-19,19.64,48,34.687,127.708
km001,2026-05-20,19.47,48,34.687,127.708
km001,2026-05-21,19.52,48,34.687,127.708
km001,2026-05-22,19.3,48,34.687,127.708
km001,2026-05-23,19.35,42,34.687,127.708
km001,2026-05-29,20.53,26,34.687,127.708
km001,2026-05-30,20.93,48,34.687,127.708
km001,2026-05-31,21.19,48,34.687,127.708
km001,2026-06-01,21.47,48,34.687,127.708
km001,2026-06-02,21.32,48,34.687,127.708
km001,2026-06-03,21.21,48,34.687,127.708
km001,2026-06-04,21.4,48,34.687,127.708
km001,2026-06-05,21.53,48,34.687,127.708
km001,2026-06-06,21.23,48,34.687,127.708
km001,2026-06-07,20.97,48,34.687,127.708
km001,2026-06-08,21.17,48,34.687,127.708
km001,2026-06-09,21.12,48,34.687,127.708
km001,2026-06-10,21.74,48,34.687,127.708
km001,2026-06-11,22.39,48,34.687,127.708
km001,2026-06-12,22.45,48,34.687,127.708
km001,2026-06-13,22.61,48,34.687,127.708
km001,2026-06-14,22.74,48,34.687,127.708
km001,2026-06-15,22.75,48,34.687,127.708
km001,2026-06-16,22.59,48,34.687,127.708
km001,2026-06-17,22.41,48,34.687,127.708
km001,2026-06-18,22.18,48,34.687,127.708
km001,2026-06-19,22.54,48,34.687,127.708
km001,2026-06-20,22.71,48,34.687,127.708
km001,2026-06-21,22.89,48,34.687,127.708
km001,2026-06-22,23.04,48,34.687,127.708
km001,2026-06-23,22.73,48,34.687,127.708
km001,2026-06-24,22.45,48,34.687,127.708
km001,2026-06-25,22.36,48,34.687,127.708
km001,2026-06-26,22.35,48,34.687,127.708
km001,2026-06-27,22.72,48,34.687,127.708
km001,2026-06-28,23.26,48,34.687,127.708
km001,2026-06-29,23.78,48,34.687,127.708
km001,2026-06-30,24.03,48,34.687,127.708
km001,2026-07-01,23.9,48,34.687,127.708
km001,2026-07-02,23.6,48,34.687,127.708
km001,2026-07-03,23.65,48,34.687,127.708
km001,2026-07-04,23.75,48,34.687,127.708
km001,2026-07-05,23.96,48,34.687,127.708
km001,2026-07-06,24.0,48,34.687,127.708
km001,2026-07-07,24.15,48,34.687,127.708
km001,2026-07-08,24.5,48,34.687,127.708
km001,2026-07-09,25.12,48,34.687,127.708
km001,2026-07-10,25.04,48,34.687,127.708
km001,2026-07-11,24.9,48,34.687,127.708
km001,2026-07-12,25.09,48,34.687,127.708
km001,2026-07-13,26.26,48,34.687,127.708
km001,2026-07-14,26.48,48,34.687,127.708
km001,2026-07-15,26.5,48,34.687,127.708
km001,2026-07-16,26.45,48,34.687,127.708
km001,2026-07-17,25.94,48,34.687,127.708
km001,2026-07-18,25.91,48,34.687,127.708
km001,2026-07-19,26.05,48,34.687,127.708
km001,2026-07-20,26.17,48,34.687,127.708
km001,2026-07-21,26.62,48,34.687,127.708
km001,2026-07-22,27.07,48,34.687,127.708
km001,2026-07-23,27.55,48,34.687,127.708
km001,2026-07-24,27.38,48,34.687,127.708
km001,2026-07-25,27.32,48,34.687,127.708
km001,2026-07-26,27.18,48,34.687,127.708
km001,2026-07-27,27.65,48,34.687,127.708
km001,2026-07-28,27.58,48,34.687,127.708
km001,2026-07-29,27.11,48,34.687,127.708
km001,2026-07-30,26.7,45,34.687,127.708
km001,2026-07-31,26.55,48,34.687,127.708
km001,2026-08-01,26.63,48,34.687,127.708
km001,2026-08-02,26.51,48,34.687,127.708
km001,2026-08-03,26.22,48,34.687,127.708
km001,2026-08-04,26.05,48,34.687,127.708
km001,2026-08-05,25.79,48,34.687,127.708
km001,2026-08-06,25.71,48,34.687,127.708
km001,2026-08-07,25.33,48,34.687,127.708
km001,2026-08-08,25.37,48,34.687,127.708
km001,2026-08-09,25.88,48,34.687,127.708
km001,2026-08-10,25.93,48,34.687,127.708
km001,2026-08-11,25.97,48,34.687,127.708
km001,2026-08-12,25.88,48,34.687,127.708
km001,2026-08-13,26.17,48,34.687,127.708
km001,2026-08-14,26.68,48,34.687,127.708
km001,2026-08-15,27.0,48,34.687,127.708
km001,2026-08-16,26.84,48,34.687,127.708
km001,2026-08-17,26.65,48,34.687,127.708
km001,2026-08-18,26.78,48,34.687,127.708
km001,2026-08-19,27.12,48,34.687,127.708
km001,2026-08-20,27.24,48,34.687,127.708
km001,2026-08-21,27.45,48,34.687,127.708
km001,2026-08-22,27.6,48,34.687,127.708
km001,2026-08-23,28.02,48,34.687,127.708
km001,2026-08-24,28.58,48,34.687,127.708
km001,2026-08-25,28.95,48,34.687,127.708
km001,2026-08-26,29.22,48,34.687,127.708
km001,2026-08-27,29.5,48,34.687,127.708
km001,2026-08-28,29.77,48,34.687,127.708
km001,2026-08-29,29.66,48,34.687,127.708
km001,2026-08-30,29.71,48,34.687,127.708
km001,2026-08-31,29.71,48,34.687,127.708
km001,2026-09-01,29.66,48,34.687,127.708
km001,2026-09-02,29.56,48,34.687,127.708
km001,2026-09-03,29.34,48,34.687,127.708
km001,2026-09-04,28.55,48,34.687,127.708
km001,2026-09-05,27.62,48,34.687,127.708
km001,2026-09-06,27.14,48,34.687,127.708
km001,2026-09-07,26.81,48,34.687,127.708
km001,2026-09-08,26.79,48,34.687,127.708
km001,2026-09-09,26.69,48,34.687,127.708
km001,2026-09-10,26.19,48,34.687,127.708
km001,2026-09-11,26.14,48,34.687,127.708
km001,2026-09-12,26.17,48,34.687,127.708
km001,2026-09-13,26.26,48,34.687,127.708
km001,2026-09-14,26.26,48,34.687,127.708
km001,2026-09-15,26.29,48,34.687,127.708
km001,2026-09-16,26.29,48,34.687,127.708
km001,2026-09-17,25.89,48,34.687,127.708
km001,2026-09-18,25.35,48,34.687,127.708
km001,2026-09-19,25.28,48,34.687,127.708
km001,2026-09-20,25.39,48,34.687,127.708
km001,2026-09-21,25.5,48,34.687,127.708
km001,2026-09-22,25.53,48,34.687,127.708
km001,2026-09-23,25.46,48,34.687,127.708
km001,2026-09-24,25.49,48,34.687,127.708
tb087,2026-05-01,16.24,48,34.8082,128.4951
tb087,2026-05-02,16.21,48,34.8082,128.4951
tb087,2026-05-03,16.19,48,34.8082,128.4951
tb087,2026-05-04,16.16,48,34.8082,128.4951
tb087,2026-05-05,16.11,48,34.8082,128.4951
tb087,2026-05-06,16.3,48,34.8082,128.4951
tb087,2026-05-07,16.53,48,34.8082,128.4951
tb087,2026-05-08,16.88,48,34.8082,128.4951
tb087,2026-05-09,16.91,48,34.8082,128.4951
tb087,2026-05-10,17.09,48,34.8082,128.4951
tb087,2026-05-11,17.42,48,34.8082,128.4951
tb087,2026-05-12,17.72,48,34.8082,128.4951
tb087,2026-05-13,17.8,48,34.8082,128.4951
tb087,2026-05-14,18.11,48,34.8082,128.4951
tb087,2026-05-15,18.39,48,34.8082,128.4951
tb087,2026-05-16,18.01,48,34.8082,128.4951
tb087,2026-05-17,17.91,48,34.8082,128.4951
tb087,2026-05-18,18.01,48,34.8082,128.4951
tb087,2026-05-19,18.05,48,34.8082,128.4951
tb087,2026-05-20,18.17,48,34.8082,128.4951
tb087,2026-05-21,18.13,48,34.8082,128.4951
tb087,2026-05-22,18.33,48,34.8082,128.4951
tb087,2026-05-23,18.47,48,34.8082,128.4951
tb087,2026-05-24,18.42,48,34.8082,128.4951
tb087,2026-05-25,18.48,48,34.8082,128.4951
tb087,2026-05-26,18.37,48,34.8082,128.4951
tb087,2026-05-27,19.35,48,34.8082,128.4951
tb087,2026-05-28,18.91,48,34.8082,128.4951
tb087,2026-05-29,18.88,48,34.8082,128.4951
tb087,2026-05-30,19.19,48,34.8082,128.4951
tb087,2026-05-31,19.42,48,34.8082,128.4951
tb087,2026-06-01,19.62,48,34.8082,128.4951
tb087,2026-06-02,19.7,48,34.8082,128.4951
tb087,2026-06-03,19.5,48,34.8082,128.4951
tb087,2026-06-04,19.59,48,34.8082,128.4951
tb087,2026-06-05,19.58,48,34.8082,128.4951
tb087,2026-06-06,19.87,48,34.8082,128.4951
tb087,2026-06-07,20.23,48,34.8082,128.4951
tb087,2026-06-08,19.71,48,34.8082,128.4951
tb087,2026-06-09,19.46,48,34.8082,128.4951
tb087,2026-06-10,19.73,48,34.8082,128.4951
tb087,2026-06-11,19.94,48,34.8082,128.4951
tb087,2026-06-12,20.15,48,34.8082,128.4951
tb087,2026-06-13,20.36,48,34.8082,128.4951
tb087,2026-06-14,20.32,48,34.8082,128.4951
tb087,2026-06-15,20.5,48,34.8082,128.4951
tb087,2026-06-16,20.66,48,34.8082,128.4951
tb087,2026-06-17,20.46,48,34.8082,128.4951
tb087,2026-06-18,20.12,48,34.8082,128.4951
tb087,2026-06-19,20.21,48,34.8082,128.4951
tb087,2026-06-20,20.45,48,34.8082,128.4951
tb087,2026-06-21,20.58,48,34.8082,128.4951
tb087,2026-06-22,20.87,48,34.8082,128.4951
tb087,2026-06-23,20.94,48,34.8082,128.4951
tb087,2026-06-24,20.82,48,34.8082,128.4951
tb087,2026-06-25,20.39,48,34.8082,128.4951
tb087,2026-06-26,20.5,48,34.8082,128.4951
tb087,2026-06-27,21.09,48,34.8082,128.4951
tb087,2026-06-28,21.35,48,34.8082,128.4951
tb087,2026-06-29,21.52,48,34.8082,128.4951
tb087,2026-06-30,21.72,48,34.8082,128.4951
tb087,2026-07-01,21.67,48,34.8082,128.4951
tb087,2026-07-02,21.4,48,34.8082,128.4951
tb087,2026-07-03,21.46,48,34.8082,128.4951
tb087,2026-07-04,21.41,48,34.8082,128.4951
tb087,2026-07-05,21.46,48,34.8082,128.4951
tb087,2026-07-06,21.49,48,34.8082,128.4951
tb087,2026-07-07,21.55,48,34.8082,128.4951
tb087,2026-07-08,21.61,48,34.8082,128.4951
tb087,2026-07-09,22.32,48,34.8082,128.4951
tb087,2026-07-10,22.72,48,34.8082,128.4951
tb087,2026-07-11,22.62,48,34.8082,128.4951
tb087,2026-07-12,22.73,48,34.8082,128.4951
tb087,2026-07-13,23.07,48,34.8082,128.4951
tb087,2026-07-14,23.02,48,34.8082,128.4951
tb087,2026-07-15,22.88,48,34.8082,128.4951
tb087,2026-07-16,22.78,48,34.8082,128.4951
tb087,2026-07-17,22.7,48,34.8082,128.4951
tb087,2026-07-18,22.41,48,34.8082,128.4951
tb087,2026-07-19,22.04,48,34.8082,128.4951
tb087,2026-07-20,21.62,48,34.8082,128.4951
tb087,2026-07-21,21.46,48,34.8082,128.4951
tb087,2026-07-22,21.63,48,34.8082,128.4951
tb087,2026-07-23,22.37,48,34.8082,128.4951
tb087,2026-07-24,22.89,48,34.8082,128.4951
tb087,2026-07-25,22.88,48,34.8082,128.4951
tb087,2026-07-26,22.82,48,34.8082,128.4951
tb087,2026-07-27,23.02,48,34.8082,128.4951
tb087,2026-07-28,22.9,48,34.8082,128.4951
tb087,2026-07-29,22.57,48,34.8082,128.4951
tb087,2026-07-30,22.35,48,34.8082,128.4951
tb087,2026-07-31,22.32,48,34.8082,128.4951
tb087,2026-08-01,22.07,48,34.8082,128.4951
tb087,2026-08-02,21.86,48,34.8082,128.4951
tb087,2026-08-03,21.74,48,34.8082,128.4951
tb087,2026-08-04,21.41,48,34.8082,128.4951
tb087,2026-08-05,21.41,48,34.8082,128.4951
tb087,2026-08-06,22.21,48,34.8082,128.4951
tb087,2026-08-07,24.68,48,34.8082,128.4951
tb087,2026-08-08,25.91,48,34.8082,128.4951
tb087,2026-08-09,26.44,48,34.8082,128.4951
tb087,2026-08-10,26.46,48,34.8082,128.4951
tb087,2026-08-11,26.31,48,34.8082,128.4951
tb087,2026-08-12,26.05,48,34.8082,128.4951
tb087,2026-08-13,26.07,48,34.8082,128.4951
tb087,2026-08-14,26.3,48,34.8082,128.4951
tb087,2026-08-15,26.56,48,34.8082,128.4951
tb087,2026-08-16,26.44,48,34.8082,128.4951
tb087,2026-08-17,26.23,48,34.8082,128.4951
tb087,2026-08-18,26.09,48,34.8082,128.4951
tb087,2026-08-19,26.14,48,34.8082,128.4951
tb087,2026-08-20,26.2,48,34.8082,128.4951
tb087,2026-08-21,26.21,39,34.8082,128.4951
tb087,2026-08-22,26.23,48,34.8082,128.4951
tb087,2026-08-23,26.45,48,34.8082,128.4951
tb087,2026-08-24,26.6,48,34.8082,128.4951
tb087,2026-08-25,26.79,48,34.8082,128.4951
tb087,2026-08-26,26.89,48,34.8082,128.4951
tb087,2026-08-27,26.88,48,34.8082,128.4951
tb087,2026-08-28,26.88,48,34.8082,128.4951
tb087,2026-08-29,26.72,48,34.8082,128.4951
tb087,2026-08-30,26.58,47,34.8082,128.4951
tb087,2026-08-31,26.01,47,34.8082,128.4951
tb087,2026-09-01,25.57,48,34.8082,128.4951
tb087,2026-09-02,24.88,48,34.8082,128.4951
tb087,2026-09-03,24.63,48,34.8082,128.4951
tb087,2026-09-04,25.06,48,34.8082,128.4951
tb087,2026-09-05,25.29,48,34.8082,128.4951
tb087,2026-09-06,25.22,48,34.8082,128.4951
tb087,2026-09-07,25.17,48,34.8082,128.4951
tb087,2026-09-08,25.22,48,34.8082,128.4951
tb087,2026-09-09,25.27,48,34.8082,128.4951
tb087,2026-09-10,25.05,48,34.8082,128.4951
tb087,2026-09-11,25.09,48,34.8082,128.4951
tb087,2026-09-12,25.21,48,34.8082,128.4951
tb087,2026-09-13,25.44,48,34.8082,128.4951
tb087,2026-09-14,25.62,48,34.8082,128.4951
tb087,2026-09-15,25.66,48,34.8082,128.4951
tb087,2026-09-16,25.68,48,34.8082,128.4951
tb087,2026-09-17,25.5,48,34.8082,128.4951
tb087,2026-09-18,25.28,48,34.8082,128.4951
tb087,2026-09-19,25.18,48,34.8082,128.4951
tb087,2026-09-20,25.15,48,34.8082,128.4951
tb087,2026-09-21,25.17,48,34.8082,128.4951
tb087,2026-09-22,25.11,48,34.8082,128.4951
tb087,2026-09-23,25.03,48,34.8082,128.4951
tb087,2026-09-24,25.09,48,34.8082,128.4951
ty004,2026-05-01,15.68,48,34.7904,128.4293
ty004,2026-05-02,15.81,48,34.7904,128.4293
ty004,2026-05-03,15.62,48,34.7904,128.4293
ty004,2026-05-04,15.38,48,34.7904,128.4293
ty004,2026-05-05,15.76,48,34.7904,128.4293
ty004,2026-05-06,15.58,48,34.7904,128.4293
ty004,2026-05-07,15.81,48,34.7904,128.4293
ty004,2026-05-08,15.76,48,34.7904,128.4293
ty004,2026-05-09,15.97,48,34.7904,128.4293
ty004,2026-05-10,15.98,48,34.7904,128.4293
ty004,2026-05-11,16.42,48,34.7904,128.4293
ty004,2026-05-12,16.77,48,34.7904,128.4293
ty004,2026-05-13,17.0,48,34.7904,128.4293
ty004,2026-05-14,17.72,48,34.7904,128.4293
ty004,2026-05-15,17.58,48,34.7904,128.4293
ty004,2026-05-16,16.86,48,34.7904,128.4293
ty004,2026-05-17,16.96,48,34.7904,128.4293
ty004,2026-05-18,16.95,48,34.7904,128.4293
ty004,2026-05-19,17.02,48,34.7904,128.4293
ty004,2026-05-20,17.84,48,34.7904,128.4293
ty004,2026-05-21,17.06,48,34.7904,128.4293
ty004,2026-05-22,17.86,48,34.7904,128.4293
ty004,2026-05-23,17.79,48,34.7904,128.4293
ty004,2026-05-24,17.62,48,34.7904,128.4293
ty004,2026-05-25,17.74,48,34.7904,128.4293
ty004,2026-05-26,17.72,48,34.7904,128.4293
ty004,2026-05-27,18.9,48,34.7904,128.4293
ty004,2026-05-28,17.56,48,34.7904,128.4293
ty004,2026-05-29,18.24,48,34.7904,128.4293
ty004,2026-05-30,18.27,48,34.7904,128.4293
ty004,2026-05-31,18.44,48,34.7904,128.4293
ty004,2026-06-01,18.43,48,34.7904,128.4293
ty004,2026-06-02,18.47,48,34.7904,128.4293
ty004,2026-06-03,18.55,48,34.7904,128.4293
ty004,2026-06-04,18.65,48,34.7904,128.4293
ty004,2026-06-05,18.45,48,34.7904,128.4293
ty004,2026-06-06,19.64,48,34.7904,128.4293
ty004,2026-06-07,19.43,48,34.7904,128.4293
ty004,2026-06-08,18.55,48,34.7904,128.4293
ty004,2026-06-09,18.99,48,34.7904,128.4293
ty004,2026-06-10,18.84,48,34.7904,128.4293
ty004,2026-06-11,18.94,48,34.7904,128.4293
ty004,2026-06-12,19.11,48,34.7904,128.4293
ty004,2026-06-13,18.97,48,34.7904,128.4293
ty004,2026-06-14,19.06,48,34.7904,128.4293
ty004,2026-06-15,19.89,48,34.7904,128.4293
ty004,2026-06-16,19.59,48,34.7904,128.4293
ty004,2026-06-17,19.14,48,34.7904,128.4293
ty004,2026-06-18,19.08,48,34.7904,128.4293
ty004,2026-06-19,19.35,48,34.7904,128.4293
ty004,2026-06-20,18.9,48,34.7904,128.4293
ty004,2026-06-21,19.7,48,34.7904,128.4293
ty004,2026-06-22,20.46,48,34.7904,128.4293
ty004,2026-06-23,20.82,48,34.7904,128.4293
ty004,2026-06-24,20.71,48,34.7904,128.4293
ty004,2026-06-25,20.14,48,34.7904,128.4293
ty004,2026-06-26,20.07,48,34.7904,128.4293
ty004,2026-06-27,20.71,48,34.7904,128.4293
ty004,2026-06-28,20.54,48,34.7904,128.4293
ty004,2026-06-29,20.96,48,34.7904,128.4293
ty004,2026-06-30,21.16,48,34.7904,128.4293
ty004,2026-07-01,21.08,48,34.7904,128.4293
ty004,2026-07-02,20.72,48,34.7904,128.4293
ty004,2026-07-03,20.69,48,34.7904,128.4293
ty004,2026-07-04,20.85,48,34.7904,128.4293
ty004,2026-07-05,20.62,48,34.7904,128.4293
ty004,2026-07-06,20.88,48,34.7904,128.4293
ty004,2026-07-07,21.02,48,34.7904,128.4293
ty004,2026-07-08,20.77,48,34.7904,128.4293
ty004,2026-07-09,21.25,48,34.7904,128.4293
ty004,2026-07-10,22.01,48,34.7904,128.4293
ty004,2026-07-11,21.95,48,34.7904,128.4293
ty004,2026-07-12,21.91,48,34.7904,128.4293
ty004,2026-07-13,21.96,48,34.7904,128.4293
ty004,2026-07-14,21.78,48,34.7904,128.4293
ty004,2026-07-15,21.15,48,34.7904,128.4293
ty004,2026-07-16,21.85,48,34.7904,128.4293
ty004,2026-07-17,20.93,48,34.7904,128.4293
ty004,2026-07-18,20.42,48,34.7904,128.4293
ty004,2026-07-19,20.37,48,34.7904,128.4293
ty004,2026-07-20,20.22,48,34.7904,128.4293
ty004,2026-07-21,20.71,48,34.7904,128.4293
ty004,2026-07-22,21.26,48,34.7904,128.4293
ty004,2026-07-23,22.22,48,34.7904,128.4293
ty004,2026-07-24,22.36,48,34.7904,128.4293
ty004,2026-07-25,22.05,48,34.7904,128.4293
ty004,2026-07-26,22.49,48,34.7904,128.4293
ty004,2026-07-27,21.81,48,34.7904,128.4293
ty004,2026-07-28,21.52,48,34.7904,128.4293
ty004,2026-07-29,20.87,48,34.7904,128.4293
ty004,2026-07-30,20.72,48,34.7904,128.4293
ty004,2026-07-31,20.31,48,34.7904,128.4293
ty004,2026-08-01,19.96,48,34.7904,128.4293
ty004,2026-08-02,19.84,48,34.7904,128.4293
ty004,2026-08-03,19.87,48,34.7904,128.4293
ty004,2026-08-04,19.97,48,34.7904,128.4293
ty004,2026-08-05,20.92,48,34.7904,128.4293
ty004,2026-08-06,23.17,48,34.7904,128.4293
ty004,2026-08-07,24.93,48,34.7904,128.4293
ty004,2026-08-08,26.71,48,34.7904,128.4293
ty004,2026-08-09,26.85,48,34.7904,128.4293
ty004,2026-08-10,26.82,48,34.7904,128.4293
ty004,2026-08-11,26.4,48,34.7904,128.4293
ty004,2026-08-12,26.06,48,34.7904,128.4293
ty004,2026-08-13,26.1,48,34.7904,128.4293
ty004,2026-08-14,26.15,48,34.7904,128.4293
ty004,2026-08-15,26.24,48,34.7904,128.4293
ty004,2026-08-16,26.2,48,34.7904,128.4293
ty004,2026-08-17,25.92,48,34.7904,128.4293
ty004,2026-08-18,25.76,48,34.7904,128.4293
ty004,2026-08-19,25.87,48,34.7904,128.4293
ty004,2026-08-20,26.01,47,34.7904,128.4293
ty004,2026-08-21,26.06,48,34.7904,128.4293
ty004,2026-08-22,26.6,48,34.7904,128.4293
ty004,2026-08-23,26.98,48,34.7904,128.4293
ty004,2026-08-24,27.21,48,34.7904,128.4293
ty004,2026-08-25,27.14,48,34.7904,128.4293
ty004,2026-08-26,27.0,48,34.7904,128.4293
ty004,2026-08-27,26.8,48,34.7904,128.4293
ty004,2026-08-28,26.73,48,34.7904,128.4293
ty004,2026-08-29,26.43,48,34.7904,128.4293
ty004,2026-08-30,26.1,48,34.7904,128.4293
ty004,2026-08-31,25.25,48,34.7904,128.4293
ty004,2026-09-01,24.67,48,34.7904,128.4293
ty004,2026-09-02,24.13,48,34.7904,128.4293
ty004,2026-09-03,24.7,48,34.7904,128.4293
ty004,2026-09-04,25.9,48,34.7904,128.4293
ty004,2026-09-05,25.67,48,34.7904,128.4293
ty004,2026-09-06,25.83,48,34.7904,128.4293
ty004,2026-09-07,25.88,48,34.7904,128.4293
ty004,2026-09-08,26.04,48,34.7904,128.4293
ty004,2026-09-09,25.99,48,34.7904,128.4293
ty004,2026-09-10,25.64,48,34.7904,128.4293
ty004,2026-09-11,25.6,48,34.7904,128.4293
ty004,2026-09-12,25.69,48,34.7904,128.4293
ty004,2026-09-13,25.68,48,34.7904,128.4293
ty004,2026-09-14,25.79,48,34.7904,128.4293
ty004,2026-09-15,25.95,48,34.7904,128.4293
ty004,2026-09-16,25.96,48,34.7904,128.4293
ty004,2026-09-17,25.71,48,34.7904,128.4293
ty004,2026-09-18,25.34,48,34.7904,128.4293
ty004,2026-09-19,25.2,48,34.7904,128.4293
ty004,2026-09-20,25.25,48,34.7904,128.4293
ty004,2026-09-21,25.29,48,34.7904,128.4293
ty004,2026-09-22,25.3,48,34.7904,128.4293
ty004,2026-09-23,25.22,48,34.7904,128.4293
ty004,2026-09-24,25.14,48,34.7904,128.4293
ty005,2026-05-01,15.42,48,34.8022,128.2463
ty005,2026-05-02,15.35,48,34.8022,128.2463
ty005,2026-05-03,15.4,48,34.8022,128.2463
ty005,2026-05-04,15.2,48,34.8022,128.2463
ty005,2026-05-05,15.48,48,34.8022,128.2463
ty005,2026-05-06,15.89,48,34.8022,128.2463
ty005,2026-05-07,15.91,48,34.8022,128.2463
ty005,2026-05-08,15.61,48,34.8022,128.2463
ty005,2026-05-09,16.03,48,34.8022,128.2463
ty005,2026-05-10,16.3,48,34.8022,128.2463
ty005,2026-05-11,16.39,48,34.8022,128.2463
ty005,2026-05-12,16.51,48,34.8022,128.2463
ty005,2026-05-13,16.56,48,34.8022,128.2463
ty005,2026-05-14,17.11,48,34.8022,128.2463
ty005,2026-05-15,17.82,48,34.8022,128.2463
ty005,2026-05-16,17.42,48,34.8022,128.2463
ty005,2026-05-17,17.31,48,34.8022,128.2463
ty005,2026-05-18,17.31,48,34.8022,128.2463
ty005,2026-05-19,17.48,48,34.8022,128.2463
ty005,2026-05-20,17.67,48,34.8022,128.2463
ty005,2026-05-21,17.68,48,34.8022,128.2463
ty005,2026-05-22,17.91,15,34.8022,128.2463
ty005,2026-05-28,18.37,29,34.8022,128.2463
ty005,2026-05-29,19.47,48,34.8022,128.2463
ty005,2026-05-30,18.78,48,34.8022,128.2463
ty005,2026-05-31,19.14,48,34.8022,128.2463
ty005,2026-06-01,19.5,48,34.8022,128.2463
ty005,2026-06-02,19.33,48,34.8022,128.2463
ty005,2026-06-03,19.46,48,34.8022,128.2463
ty005,2026-06-04,19.46,48,34.8022,128.2463
ty005,2026-06-05,19.2,48,34.8022,128.2463
ty005,2026-06-06,20.08,48,34.8022,128.2463
ty005,2026-06-07,20.22,48,34.8022,128.2463
ty005,2026-06-08,19.76,48,34.8022,128.2463
ty005,2026-06-09,20.11,48,34.8022,128.2463
ty005,2026-06-10,19.77,48,34.8022,128.2463
ty005,2026-06-11,20.01,48,34.8022,128.2463
ty005,2026-06-12,20.07,48,34.8022,128.2463
ty005,2026-06-13,20.04,48,34.8022,128.2463
ty005,2026-06-14,20.27,48,34.8022,128.2463
ty005,2026-06-15,20.48,48,34.8022,128.2463
ty005,2026-06-16,20.56,48,34.8022,128.2463
ty005,2026-06-17,20.57,48,34.8022,128.2463
ty005,2026-06-18,20.3,48,34.8022,128.2463
ty005,2026-06-19,20.43,48,34.8022,128.2463
ty005,2026-06-20,20.45,48,34.8022,128.2463
ty005,2026-06-21,20.8,48,34.8022,128.2463
ty005,2026-06-22,21.32,48,34.8022,128.2463
ty005,2026-06-23,21.44,48,34.8022,128.2463
ty005,2026-06-24,21.43,48,34.8022,128.2463
ty005,2026-06-25,21.25,48,34.8022,128.2463
ty005,2026-06-26,21.6,48,34.8022,128.2463
ty005,2026-06-27,21.89,48,34.8022,128.2463
ty005,2026-06-28,21.95,48,34.8022,128.2463
ty005,2026-06-29,21.91,48,34.8022,128.2463
ty005,2026-06-30,22.16,48,34.8022,128.2463
ty005,2026-07-01,21.92,48,34.8022,128.2463
ty005,2026-07-02,21.73,48,34.8022,128.2463
ty005,2026-07-03,21.67,48,34.8022,128.2463
ty005,2026-07-04,21.61,48,34.8022,128.2463
ty005,2026-07-05,21.63,48,34.8022,128.2463
ty005,2026-07-06,21.64,48,34.8022,128.2463
ty005,2026-07-07,22.07,48,34.8022,128.2463
ty005,2026-07-08,22.04,48,34.8022,128.2463
ty005,2026-07-09,22.05,48,34.8022,128.2463
ty005,2026-07-10,23.28,48,34.8022,128.2463
ty005,2026-07-11,23.28,48,34.8022,128.2463
ty005,2026-07-12,23.58,48,34.8022,128.2463
ty005,2026-07-13,23.45,48,34.8022,128.2463
ty005,2026-07-14,23.04,48,34.8022,128.2463
ty005,2026-07-15,22.51,48,34.8022,128.2463
ty005,2026-07-16,22.89,48,34.8022,128.2463
ty005,2026-07-17,22.66,48,34.8022,128.2463
ty005,2026-07-18,22.43,48,34.8022,128.2463
ty005,2026-07-19,22.43,48,34.8022,128.2463
ty005,2026-07-20,22.37,48,34.8022,128.2463
ty005,2026-07-21,22.6,48,34.8022,128.2463
ty005,2026-07-22,22.61,48,34.8022,128.2463
ty005,2026-07-23,23.18,48,34.8022,128.2463
ty005,2026-07-24,23.09,48,34.8022,128.2463
ty005,2026-07-29,22.92,29,34.8022,128.2463
ty005,2026-07-30,22.21,48,34.8022,128.2463
ty005,2026-07-31,22.07,48,34.8022,128.2463
ty005,2026-08-01,21.42,48,34.8022,128.2463
ty005,2026-08-02,21.4,48,34.8022,128.2463
ty005,2026-08-03,21.46,48,34.8022,128.2463
ty005,2026-08-04,21.43,48,34.8022,128.2463
ty005,2026-08-05,21.84,48,34.8022,128.2463
ty005,2026-08-06,22.66,48,34.8022,128.2463
ty005,2026-08-07,25.32,48,34.8022,128.2463
ty005,2026-08-08,26.82,48,34.8022,128.2463
ty005,2026-08-09,26.99,48,34.8022,128.2463
ty005,2026-08-10,26.96,48,34.8022,128.2463
ty005,2026-08-11,26.83,48,34.8022,128.2463
ty005,2026-08-12,26.79,48,34.8022,128.2463
ty005,2026-08-13,26.93,48,34.8022,128.2463
ty005,2026-08-14,26.98,48,34.8022,128.2463
ty005,2026-08-15,27.13,48,34.8022,128.2463
ty005,2026-08-16,26.93,48,34.8022,128.2463
ty005,2026-08-17,26.7,48,34.8022,128.2463
ty005,2026-08-18,26.77,48,34.8022,128.2463
ty005,2026-08-19,27.01,48,34.8022,128.2463
ty005,2026-08-20,27.16,48,34.8022,128.2463
ty005,2026-08-21,27.44,48,34.8022,128.2463
ty005,2026-08-22,27.68,48,34.8022,128.2463
ty005,2026-08-23,27.96,48,34.8022,128.2463
ty005,2026-08-24,28.24,48,34.8022,128.2463
ty005,2026-08-25,28.3,48,34.8022,128.2463
ty005,2026-08-26,28.68,48,34.8022,128.2463
ty005,2026-08-27,28.72,48,34.8022,128.2463
ty005,2026-08-28,28.49,48,34.8022,128.2463
ty005,2026-08-29,27.33,48,34.8022,128.2463
ty005,2026-08-30,27.35,48,34.8022,128.2463
ty005,2026-08-31,26.78,48,34.8022,128.2463
ty005,2026-09-01,26.9,48,34.8022,128.2463
ty005,2026-09-02,26.71,48,34.8022,128.2463
ty005,2026-09-03,26.68,48,34.8022,128.2463
ty005,2026-09-04,27.42,48,34.8022,128.2463
ty005,2026-09-05,26.44,48,34.8022,128.2463
ty005,2026-09-06,26.24,48,34.8022,128.2463
ty005,2026-09-07,26.28,48,34.8022,128.2463
ty005,2026-09-08,26.22,48,34.8022,128.2463
ty005,2026-09-09,26.14,48,34.8022,128.2463
ty005,2026-09-10,25.89,48,34.8022,128.2463
ty005,2026-09-11,25.82,48,34.8022,128.2463
ty005,2026-09-12,25.86,48,34.8022,128.2463
ty005,2026-09-13,25.88,48,34.8022,128.2463
ty005,2026-09-14,25.94,48,34.8022,128.2463
ty005,2026-09-15,25.97,48,34.8022,128.2463
ty005,2026-09-16,26.09,48,34.8022,128.2463
ty005,2026-09-17,25.91,48,34.8022,128.2463
ty005,2026-09-18,25.73,48,34.8022,128.2463
ty005,2026-09-19,25.72,48,34.8022,128.2463
ty005,2026-09-20,25.73,48,34.8022,128.2463
ty005,2026-09-21,25.75,48,34.8022,128.2463
ty005,2026-09-22,25.72,48,34.8022,128.2463
ty005,2026-09-23,25.61,48,34.8022,128.2463
ty005,2026-09-24,25.6,48,34.8022,128.2463
wc001,2026-05-01,13.58,48,34.1698,126.8547
wc001,2026-05-02,13.14,48,34.1698,126.8547
wc001,2026-05-03,12.91,48,34.1698,126.8547
wc001,2026-05-04,13.17,48,34.1698,126.8547
wc001,2026-05-05,12.89,48,34.1698,126.8547
wc001,2026-05-06,12.85,48,34.1698,126.8547
wc001,2026-05-07,12.95,48,34.1698,126.8547
wc001,2026-05-08,13.64,48,34.1698,126.8547
wc001,2026-05-09,13.58,48,34.1698,126.8547
wc001,2026-05-10,13.48,48,34.1698,126.8547
wc001,2026-05-11,13.53,48,34.1698,126.8547
wc001,2026-05-12,13.72,48,34.1698,126.8547
wc001,2026-05-13,13.45,48,34.1698,126.8547
wc001,2026-05-14,13.09,48,34.1698,126.8547
wc001,2026-05-15,13.31,48,34.1698,126.8547
wc001,2026-05-16,13.67,48,34.1698,126.8547
wc001,2026-05-17,13.67,48,34.1698,126.8547
wc001,2026-05-18,13.87,48,34.1698,126.8547
wc001,2026-05-19,14.42,48,34.1698,126.8547
wc001,2026-05-20,14.36,48,34.1698,126.8547
wc001,2026-05-21,14.52,48,34.1698,126.8547
wc001,2026-05-22,14.38,48,34.1698,126.8547
wc001,2026-05-23,14.19,48,34.1698,126.8547
wc001,2026-05-24,14.26,48,34.1698,126.8547
wc001,2026-05-25,14.16,48,34.1698,126.8547
wc001,2026-05-26,14.51,48,34.1698,126.8547
wc001,2026-05-27,14.58,48,34.1698,126.8547
wc001,2026-05-28,15.12,48,34.1698,126.8547
wc001,2026-05-29,15.76,48,34.1698,126.8547
wc001,2026-05-30,15.8,48,34.1698,126.8547
wc001,2026-05-31,15.95,48,34.1698,126.8547
wc001,2026-06-01,15.87,48,34.1698,126.8547
wc001,2026-06-02,15.71,48,34.1698,126.8547
wc001,2026-06-03,16.6,48,34.1698,126.8547
wc001,2026-06-04,16.6,48,34.1698,126.8547
wc001,2026-06-05,16.98,48,34.1698,126.8547
wc001,2026-06-06,16.49,48,34.1698,126.8547
wc001,2026-06-07,16.95,48,34.1698,126.8547
wc001,2026-06-08,17.96,48,34.1698,126.8547
wc001,2026-06-09,17.71,48,34.1698,126.8547
wc001,2026-06-10,18.07,48,34.1698,126.8547
wc001,2026-06-11,17.79,48,34.1698,126.8547
wc001,2026-06-12,17.38,48,34.1698,126.8547
wc001,2026-06-13,16.82,48,34.1698,126.8547
wc001,2026-06-14,16.51,48,34.1698,126.8547
wc001,2026-06-15,16.81,48,34.1698,126.8547
wc001,2026-06-16,17.27,46,34.1698,126.8547
wc001,2026-06-17,18.33,48,34.1698,126.8547
wc001,2026-06-18,19.21,48,34.1698,126.8547
wc001,2026-06-19,18.66,48,34.1698,126.8547
wc001,2026-06-20,19.0,48,34.1698,126.8547
wc001,2026-06-21,17.69,48,34.1698,126.8547
wc001,2026-06-22,17.23,48,34.1698,126.8547
wc001,2026-06-23,17.52,48,34.1698,126.8547
wc001,2026-06-24,17.87,48,34.1698,126.8547
wc001,2026-06-25,18.9,48,34.1698,126.8547
wc001,2026-06-26,19.58,48,34.1698,126.8547
wc001,2026-06-27,19.49,48,34.1698,126.8547
wc001,2026-06-28,19.1,48,34.1698,126.8547
wc001,2026-06-29,18.91,48,34.1698,126.8547
wc001,2026-06-30,18.93,48,34.1698,126.8547
wc001,2026-07-01,18.97,48,34.1698,126.8547
wc001,2026-07-02,20.16,48,34.1698,126.8547
wc001,2026-07-03,20.54,48,34.1698,126.8547
wc001,2026-07-04,19.89,48,34.1698,126.8547
wc001,2026-07-05,20.04,48,34.1698,126.8547
wc001,2026-07-06,19.76,48,34.1698,126.8547
wc001,2026-07-07,19.69,48,34.1698,126.8547
wc001,2026-07-08,20.49,48,34.1698,126.8547
wc001,2026-07-09,19.79,48,34.1698,126.8547
wc001,2026-07-10,19.73,48,34.1698,126.8547
wc001,2026-07-11,20.39,48,34.1698,126.8547
wc001,2026-07-12,21.34,48,34.1698,126.8547
wc001,2026-07-13,21.8,48,34.1698,126.8547
wc001,2026-07-14,20.92,48,34.1698,126.8547
wc001,2026-07-15,19.51,48,34.1698,126.8547
wc001,2026-07-16,18.36,48,34.1698,126.8547
wc001,2026-07-17,18.08,48,34.1698,126.8547
wc001,2026-07-18,18.02,48,34.1698,126.8547
wc001,2026-07-19,17.83,48,34.1698,126.8547
wc001,2026-07-20,18.01,48,34.1698,126.8547
wc001,2026-07-21,18.58,48,34.1698,126.8547
wc001,2026-07-22,19.04,48,34.1698,126.8547
wc001,2026-07-23,20.3,48,34.1698,126.8547
wc001,2026-07-24,21.2,48,34.1698,126.8547
wc001,2026-07-25,22.2,48,34.1698,126.8547
wc001,2026-07-26,22.68,48,34.1698,126.8547
wc001,2026-07-27,22.09,48,34.1698,126.8547
wc001,2026-07-28,20.96,48,34.1698,126.8547
wc001,2026-07-29,20.12,48,34.1698,126.8547
wc001,2026-07-30,18.92,48,34.1698,126.8547
wc001,2026-07-31,18.44,48,34.1698,126.8547
wc001,2026-08-01,18.26,48,34.1698,126.8547
wc001,2026-08-02,17.74,48,34.1698,126.8547
wc001,2026-08-03,17.54,48,34.1698,126.8547
wc001,2026-08-04,17.95,48,34.1698,126.8547
wc001,2026-08-05,21.05,48,34.1698,126.8547
wc001,2026-08-06,23.21,48,34.1698,126.8547
wc001,2026-08-07,21.99,48,34.1698,126.8547
wc001,2026-08-08,20.74,48,34.1698,126.8547
wc001,2026-08-09,21.91,48,34.1698,126.8547
wc001,2026-08-10,23.6,48,34.1698,126.8547
wc001,2026-08-11,25.1,48,34.1698,126.8547
wc001,2026-08-12,26.0,48,34.1698,126.8547
wc001,2026-08-13,26.46,48,34.1698,126.8547
wc001,2026-08-14,26.68,48,34.1698,126.8547
wc001,2026-08-15,26.54,48,34.1698,126.8547
wc001,2026-08-16,26.18,48,34.1698,126.8547
wc001,2026-08-17,26.17,48,34.1698,126.8547
wc001,2026-08-18,26.24,48,34.1698,126.8547
wc001,2026-08-19,27.05,48,34.1698,126.8547
wc001,2026-08-20,27.31,48,34.1698,126.8547
wc001,2026-08-21,27.12,48,34.1698,126.8547
wc001,2026-08-22,27.06,48,34.1698,126.8547
wc001,2026-08-23,27.8,48,34.1698,126.8547
wc001,2026-08-24,28.46,48,34.1698,126.8547
wc001,2026-08-25,27.98,48,34.1698,126.8547
wc001,2026-08-26,27.32,48,34.1698,126.8547
wc001,2026-08-27,27.56,48,34.1698,126.8547
wc001,2026-08-28,26.56,48,34.1698,126.8547
wc001,2026-08-29,24.7,48,34.1698,126.8547
wc001,2026-08-30,23.31,48,34.1698,126.8547
wc001,2026-08-31,22.86,48,34.1698,126.8547
wc001,2026-09-01,21.14,48,34.1698,126.8547
wc001,2026-09-02,21.26,48,34.1698,126.8547
wc001,2026-09-03,21.05,48,34.1698,126.8547
wc001,2026-09-04,20.75,48,34.1698,126.8547
wc001,2026-09-05,21.77,48,34.1698,126.8547
wc001,2026-09-06,23.69,36,34.1698,126.8547
wc001,2026-09-08,26.39,28,34.1698,126.8547
wc001,2026-09-09,26.1,48,34.1698,126.8547
wc001,2026-09-10,25.67,48,34.1698,126.8547
wc001,2026-09-11,25.63,48,34.1698,126.8547
wc001,2026-09-12,25.7,48,34.1698,126.8547
wc001,2026-09-13,25.72,48,34.1698,126.8547
wc001,2026-09-14,25.29,48,34.1698,126.8547
wc001,2026-09-15,24.84,48,34.1698,126.8547
wc001,2026-09-16,24.7,48,34.1698,126.8547
wc001,2026-09-17,24.21,48,34.1698,126.8547
wc001,2026-09-18,24.17,48,34.1698,126.8547
wc001,2026-09-19,24.62,48,34.1698,126.8547
wc001,2026-09-20,25.37,48,34.1698,126.8547
wc001,2026-09-21,25.19,48,34.1698,126.8547
wc001,2026-09-22,24.83,48,34.1698,126.8547
wc001,2026-09-23,24.7,48,34.1698,126.8547
wc001,2026-09-24,24.83,48,34.1698,126.8547
wk094,2026-05-01,14.14,48,34.3786,127.0654
wk094,2026-05-02,14.08,48,34.3786,127.0654
wk094,2026-05-03,14.08,48,34.3786,127.0654
wk094,2026-05-04,14.06,48,34.3786,127.0654
wk094,2026-05-05,14.07,48,34.3786,127.0654
wk094,2026-05-06,14.19,48,34.3786,127.0654
wk094,2026-05-07,14.32,48,34.3786,127.0654
wk094,2026-05-08,14.43,48,34.3786,127.0654
wk094,2026-05-09,14.36,48,34.3786,127.0654
wk094,2026-05-10,14.48,48,34.3786,127.0654
wk094,2026-05-11,14.74,48,34.3786,127.0654
wk094,2026-05-12,14.7,48,34.3786,127.0654
wk094,2026-05-13,14.73,48,34.3786,127.0654
wk094,2026-05-14,14.9,48,34.3786,127.0654
wk094,2026-05-15,15.18,48,34.3786,127.0654
wk094,2026-05-16,15.41,48,34.3786,127.0654
wk094,2026-05-17,15.48,48,34.3786,127.0654
wk094,2026-05-18,15.55,48,34.3786,127.0654
wk094,2026-05-19,15.56,48,34.3786,127.0654
wk094,2026-05-20,15.64,48,34.3786,127.0654
wk094,2026-05-21,15.88,48,34.3786,127.0654
wk094,2026-05-22,16.09,48,34.3786,127.0654
wk094,2026-05-23,16.29,48,34.3786,127.0654
wk094,2026-05-24,16.43,48,34.3786,127.0654
wk094,2026-05-25,16.67,48,34.3786,127.0654
wk094,2026-05-26,16.87,48,34.3786,127.0654
wk094,2026-05-27,17.11,48,34.3786,127.0654
wk094,2026-05-28,17.46,48,34.3786,127.0654
wk094,2026-05-29,17.71,48,34.3786,127.0654
wk094,2026-05-30,17.79,48,34.3786,127.0654
wk094,2026-05-31,17.77,48,34.3786,127.0654
wk094,2026-06-01,17.83,48,34.3786,127.0654
wk094,2026-06-02,17.99,48,34.3786,127.0654
wk094,2026-06-03,18.09,48,34.3786,127.0654
wk094,2026-06-04,18.23,48,34.3786,127.0654
wk094,2026-06-05,18.37,48,34.3786,127.0654
wk094,2026-06-06,18.51,48,34.3786,127.0654
wk094,2026-06-07,18.84,48,34.3786,127.0654
wk094,2026-06-08,19.13,48,34.3786,127.0654
wk094,2026-06-09,19.28,48,34.3786,127.0654
wk094,2026-06-10,19.33,48,34.3786,127.0654
wk094,2026-06-11,19.37,48,34.3786,127.0654
wk094,2026-06-12,19.33,48,34.3786,127.0654
wk094,2026-06-13,19.42,48,34.3786,127.0654
wk094,2026-06-14,19.47,48,34.3786,127.0654
wk094,2026-06-15,19.59,48,34.3786,127.0654
wk094,2026-06-16,19.69,48,34.3786,127.0654
wk094,2026-06-17,19.74,48,34.3786,127.0654
wk094,2026-06-18,19.77,48,34.3786,127.0654
wk094,2026-06-19,19.75,48,34.3786,127.0654
wk094,2026-06-20,19.88,48,34.3786,127.0654
wk094,2026-06-21,19.8,48,34.3786,127.0654
wk094,2026-06-22,19.97,48,34.3786,127.0654
wk094,2026-06-23,20.0,48,34.3786,127.0654
wk094,2026-06-24,20.18,48,34.3786,127.0654
wk094,2026-06-25,20.51,48,34.3786,127.0654
wk094,2026-06-26,20.84,48,34.3786,127.0654
wk094,2026-06-27,20.89,48,34.3786,127.0654
wk094,2026-06-28,20.98,48,34.3786,127.0654
wk094,2026-06-29,21.09,48,34.3786,127.0654
wk094,2026-06-30,21.23,48,34.3786,127.0654
wk094,2026-07-01,21.26,48,34.3786,127.0654
wk094,2026-07-02,21.37,48,34.3786,127.0654
wk094,2026-07-03,21.41,48,34.3786,127.0654
wk094,2026-07-04,21.4,47,34.3786,127.0654
wk094,2026-07-05,21.43,48,34.3786,127.0654
wk094,2026-07-06,21.43,48,34.3786,127.0654
wk094,2026-07-07,21.59,48,34.3786,127.0654
wk094,2026-07-08,21.72,48,34.3786,127.0654
wk094,2026-07-09,21.79,48,34.3786,127.0654
wk094,2026-07-10,21.92,48,34.3786,127.0654
wk094,2026-07-11,22.25,48,34.3786,127.0654
wk094,2026-07-12,22.45,48,34.3786,127.0654
wk094,2026-07-13,22.64,48,34.3786,127.0654
wk094,2026-07-14,22.81,48,34.3786,127.0654
wk094,2026-07-15,22.7,48,34.3786,127.0654
wk094,2026-07-16,22.34,48,34.3786,127.0654
wk094,2026-07-17,22.08,48,34.3786,127.0654
wk094,2026-07-18,21.96,48,34.3786,127.0654
wk094,2026-07-19,21.89,48,34.3786,127.0654
wk094,2026-07-20,22.05,48,34.3786,127.0654
wk094,2026-07-21,22.27,48,34.3786,127.0654
wk094,2026-07-22,22.41,48,34.3786,127.0654
wk094,2026-07-23,22.83,48,34.3786,127.0654
wk094,2026-07-24,23.43,48,34.3786,127.0654
wk094,2026-07-25,23.9,48,34.3786,127.0654
wk094,2026-07-26,24.12,48,34.3786,127.0654
wk094,2026-07-27,23.4,48,34.3786,127.0654
wk094,2026-07-28,22.62,48,34.3786,127.0654
wk094,2026-07-29,22.25,48,34.3786,127.0654
wk094,2026-07-30,22.06,48,34.3786,127.0654
wk094,2026-07-31,21.73,48,34.3786,127.0654
wk094,2026-08-01,21.5,48,34.3786,127.0654
wk094,2026-08-02,21.35,48,34.3786,127.0654
wk094,2026-08-03,21.23,48,34.3786,127.0654
wk094,2026-08-04,21.29,48,34.3786,127.0654
wk094,2026-08-05,21.5,48,34.3786,127.0654
wk094,2026-08-06,21.63,48,34.3786,127.0654
wk094,2026-08-07,21.74,48,34.3786,127.0654
wk094,2026-08-08,22.18,48,34.3786,127.0654
wk094,2026-08-09,22.75,48,34.3786,127.0654
wk094,2026-08-10,23.48,48,34.3786,127.0654
wk094,2026-08-11,24.16,48,34.3786,127.0654
wk094,2026-08-12,24.63,48,34.3786,127.0654
wk094,2026-08-13,25.02,48,34.3786,127.0654
wk094,2026-08-14,25.25,48,34.3786,127.0654
wk094,2026-08-15,25.45,48,34.3786,127.0654
wk094,2026-08-16,25.53,48,34.3786,127.0654
wk094,2026-08-17,25.6,48,34.3786,127.0654
wk094,2026-08-18,25.74,48,34.3786,127.0654
wk094,2026-08-19,25.9,48,34.3786,127.0654
wk094,2026-08-20,26.08,48,34.3786,127.0654
wk094,2026-08-21,26.27,48,34.3786,127.0654
wk094,2026-08-22,26.47,48,34.3786,127.0654
wk094,2026-08-23,26.57,48,34.3786,127.0654
wk094,2026-08-24,26.67,48,34.3786,127.0654
wk094,2026-08-25,26.81,48,34.3786,127.0654
wk094,2026-08-26,26.87,48,34.3786,127.0654
wk094,2026-08-27,26.92,48,34.3786,127.0654
wk094,2026-08-28,26.88,48,34.3786,127.0654
wk094,2026-08-29,26.76,48,34.3786,127.0654
wk094,2026-08-30,26.55,48,34.3786,127.0654
wk094,2026-08-31,26.29,48,34.3786,127.0654
wk094,2026-09-01,25.93,48,34.3786,127.0654
wk094,2026-09-02,25.86,48,34.3786,127.0654
wk094,2026-09-03,25.76,48,34.3786,127.0654
wk094,2026-09-04,25.73,48,34.3786,127.0654
wk094,2026-09-05,25.7,48,34.3786,127.0654
wk094,2026-09-06,25.91,48,34.3786,127.0654
wk094,2026-09-07,25.91,48,34.3786,127.0654
wk094,2026-09-08,26.01,48,34.3786,127.0654
wk094,2026-09-09,25.96,48,34.3786,127.0654
wk094,2026-09-10,25.71,48,34.3786,127.0654
wk094,2026-09-11,25.59,48,34.3786,127.0654
wk094,2026-09-12,25.59,48,34.3786,127.0654
wk094,2026-09-13,25.62,48,34.3786,127.0654
wk094,2026-09-14,25.56,48,34.3786,127.0654
wk094,2026-09-15,25.54,48,34.3786,127.0654
wk094,2026-09-16,25.56,48,34.3786,127.0654
wk094,2026-09-17,25.46,48,34.3786,127.0654
wk094,2026-09-18,25.36,48,34.3786,127.0654
wk094,2026-09-19,25.3,48,34.3786,127.0654
wk094,2026-09-20,25.34,48,34.3786,127.0654
wk094,2026-09-21,25.37,48,34.3786,127.0654
wk094,2026-09-22,25.36,48,34.3786,127.0654
wk094,2026-09-23,25.31,48,34.3786,127.0654
wk094,2026-09-24,25.31,48,34.3786,127.0654
wn087,2026-05-01,13.68,48,34.2214,126.5414
wn087,2026-05-02,13.67,48,34.2214,126.5414
wn087,2026-05-03,13.65,48,34.2214,126.5414
wn087,2026-05-04,13.64,48,34.2214,126.5414
wn087,2026-05-05,13.72,48,34.2214,126.5414
wn087,2026-05-06,13.79,48,34.2214,126.5414
wn087,2026-05-07,13.85,48,34.2214,126.5414
wn087,2026-05-08,14.02,48,34.2214,126.5414
wn087,2026-05-09,14.08,48,34.2214,126.5414
wn087,2026-05-10,14.07,48,34.2214,126.5414
wn087,2026-05-11,14.07,48,34.2214,126.5414
wn087,2026-05-12,13.97,48,34.2214,126.5414
wn087,2026-05-13,13.98,48,34.2214,126.5414
wn087,2026-05-14,14.19,48,34.2214,126.5414
wn087,2026-05-15,14.55,48,34.2214,126.5414
wn087,2026-05-16,14.69,48,34.2214,126.5414
wn087,2026-05-17,14.96,48,34.2214,126.5414
wn087,2026-05-18,15.04,48,34.2214,126.5414
wn087,2026-05-19,15.02,48,34.2214,126.5414
wn087,2026-05-20,15.1,48,34.2214,126.5414
wn087,2026-05-21,15.14,48,34.2214,126.5414
wn087,2026-05-22,15.25,48,34.2214,126.5414
wn087,2026-05-23,15.34,48,34.2214,126.5414
wn087,2026-05-24,15.32,48,34.2214,126.5414
wn087,2026-05-25,15.52,48,34.2214,126.5414
wn087,2026-05-26,15.56,48,34.2214,126.5414
wn087,2026-05-27,15.79,48,34.2214,126.5414
wn087,2026-05-28,15.94,48,34.2214,126.5414
wn087,2026-05-29,16.06,48,34.2214,126.5414
wn087,2026-05-30,16.25,48,34.2214,126.5414
wn087,2026-05-31,16.44,48,34.2214,126.5414
wn087,2026-06-01,16.6,48,34.2214,126.5414
wn087,2026-06-02,16.65,48,34.2214,126.5414
wn087,2026-06-03,16.82,48,34.2214,126.5414
wn087,2026-06-04,16.98,48,34.2214,126.5414
wn087,2026-06-05,17.27,48,34.2214,126.5414
wn087,2026-06-06,17.42,48,34.2214,126.5414
wn087,2026-06-07,17.53,48,34.2214,126.5414
wn087,2026-06-08,17.59,48,34.2214,126.5414
wn087,2026-06-09,17.59,48,34.2214,126.5414
wn087,2026-06-10,17.75,48,34.2214,126.5414
wn087,2026-06-11,17.81,48,34.2214,126.5414
wn087,2026-06-12,18.03,48,34.2214,126.5414
wn087,2026-06-13,18.13,48,34.2214,126.5414
wn087,2026-06-14,18.1,48,34.2214,126.5414
wn087,2026-06-15,18.26,48,34.2214,126.5414
wn087,2026-06-16,18.27,48,34.2214,126.5414
wn087,2026-06-17,18.24,48,34.2214,126.5414
wn087,2026-06-18,18.36,48,34.2214,126.5414
wn087,2026-06-19,18.4,48,34.2214,126.5414
wn087,2026-06-20,18.81,48,34.2214,126.5414
wn087,2026-06-21,18.79,48,34.2214,126.5414
wn087,2026-06-22,18.81,48,34.2214,126.5414
wn087,2026-06-23,18.81,48,34.2214,126.5414
wn087,2026-06-24,18.94,48,34.2214,126.5414
wn087,2026-06-25,19.02,48,34.2214,126.5414
wn087,2026-06-26,19.15,48,34.2214,126.5414
wn087,2026-06-27,19.25,48,34.2214,126.5414
wn087,2026-06-28,19.3,48,34.2214,126.5414
wn087,2026-06-29,19.36,48,34.2214,126.5414
wn087,2026-06-30,19.54,48,34.2214,126.5414
wn087,2026-07-01,19.59,48,34.2214,126.5414
wn087,2026-07-02,19.74,48,34.2214,126.5414
wn087,2026-07-03,19.88,48,34.2214,126.5414
wn087,2026-07-04,19.91,48,34.2214,126.5414
wn087,2026-07-05,20.04,48,34.2214,126.5414
wn087,2026-07-06,20.18,48,34.2214,126.5414
wn087,2026-07-07,20.31,48,34.2214,126.5414
wn087,2026-07-08,20.47,48,34.2214,126.5414
wn087,2026-07-09,20.44,48,34.2214,126.5414
wn087,2026-07-10,20.38,48,34.2214,126.5414
wn087,2026-07-11,20.57,48,34.2214,126.5414
wn087,2026-07-12,20.75,48,34.2214,126.5414
wn087,2026-07-13,21.0,48,34.2214,126.5414
wn087,2026-07-14,21.26,48,34.2214,126.5414
wn087,2026-07-15,21.37,48,34.2214,126.5414
wn087,2026-07-16,21.1,48,34.2214,126.5414
wn087,2026-07-17,20.9,48,34.2214,126.5414
wn087,2026-07-18,20.82,48,34.2214,126.5414
wn087,2026-07-19,20.72,48,34.2214,126.5414
wn087,2026-07-20,20.71,48,34.2214,126.5414
wn087,2026-07-21,20.77,48,34.2214,126.5414
wn087,2026-07-22,21.24,48,34.2214,126.5414
wn087,2026-07-23,21.79,48,34.2214,126.5414
wn087,2026-07-24,21.91,48,34.2214,126.5414
wn087,2026-07-25,21.25,48,34.2214,126.5414
wn087,2026-07-26,21.12,48,34.2214,126.5414
wn087,2026-07-27,20.7,48,34.2214,126.5414
wn087,2026-07-28,20.63,48,34.2214,126.5414
wn087,2026-07-29,20.59,48,34.2214,126.5414
wn087,2026-07-30,20.43,48,34.2214,126.5414
wn087,2026-07-31,20.36,48,34.2214,126.5414
wn087,2026-08-01,20.26,48,34.2214,126.5414
wn087,2026-08-02,20.2,48,34.2214,126.5414
wn087,2026-08-03,20.18,48,34.2214,126.5414
wn087,2026-08-04,20.16,48,34.2214,126.5414
wn087,2026-08-05,20.24,48,34.2214,126.5414
wn087,2026-08-06,20.14,48,34.2214,126.5414
wn087,2026-08-07,20.19,48,34.2214,126.5414
wn087,2026-08-08,20.17,48,34.2214,126.5414
wn087,2026-08-09,20.35,48,34.2214,126.5414
wn087,2026-08-10,20.79,48,34.2214,126.5414
wn087,2026-08-11,21.8,48,34.2214,126.5414
wn087,2026-08-12,22.71,48,34.2214,126.5414
wn087,2026-08-13,23.51,48,34.2214,126.5414
wn087,2026-08-14,24.04,48,34.2214,126.5414
wn087,2026-08-15,24.41,48,34.2214,126.5414
wn087,2026-08-16,24.7,48,34.2214,126.5414
wn087,2026-08-17,24.97,48,34.2214,126.5414
wn087,2026-08-18,25.19,48,34.2214,126.5414
wn087,2026-08-19,25.29,48,34.2214,126.5414
wn087,2026-08-20,25.22,48,34.2214,126.5414
wn087,2026-08-21,25.31,48,34.2214,126.5414
wn087,2026-08-22,25.79,48,34.2214,126.5414
wn087,2026-08-23,26.42,48,34.2214,126.5414
wn087,2026-08-24,26.75,48,34.2214,126.5414
wn087,2026-08-25,26.64,48,34.2214,126.5414
wn087,2026-08-26,26.19,48,34.2214,126.5414
wn087,2026-08-27,25.95,48,34.2214,126.5414
wn087,2026-08-28,25.59,48,34.2214,126.5414
wn087,2026-08-29,25.25,48,34.2214,126.5414
wn087,2026-08-30,24.96,48,34.2214,126.5414
wn087,2026-08-31,24.68,48,34.2214,126.5414
wn087,2026-09-01,24.41,48,34.2214,126.5414
wn087,2026-09-02,24.18,48,34.2214,126.5414
wn087,2026-09-03,23.88,48,34.2214,126.5414
wn087,2026-09-04,23.39,48,34.2214,126.5414
wn087,2026-09-05,23.36,48,34.2214,126.5414
wn087,2026-09-06,23.55,48,34.2214,126.5414
wn087,2026-09-07,24.14,48,34.2214,126.5414
wn087,2026-09-08,24.35,48,34.2214,126.5414
wn087,2026-09-09,24.17,48,34.2214,126.5414
wn087,2026-09-10,24.16,48,34.2214,126.5414
wn087,2026-09-11,24.33,48,34.2214,126.5414
wn087,2026-09-12,24.62,48,34.2214,126.5414
wn087,2026-09-13,24.86,48,34.2214,126.5414
wn087,2026-09-14,24.93,48,34.2214,126.5414
wn087,2026-09-15,24.86,48,34.2214,126.5414
wn087,2026-09-16,24.89,48,34.2214,126.5414
wn087,2026-09-17,24.82,48,34.2214,126.5414
wn087,2026-09-18,24.78,48,34.2214,126.5414
wn087,2026-09-19,24.72,48,34.2214,126.5414
wn087,2026-09-20,24.67,48,34.2214,126.5414
wn087,2026-09-21,24.59,48,34.2214,126.5414
wn087,2026-09-22,24.57,48,34.2214,126.5414
wn087,2026-09-23,24.55,48,34.2214,126.5414
wn087,2026-09-24,24.68,48,34.2214,126.5414
