date,region,model,actual,prediction,actual_observed,scored_common,scored_available,forecast_origin
2025-01-01,완도,climatology,8.3,7.196428571428571,True,True,True,2024-12-31
2025-01-02,완도,climatology,8.2,7.207142857142856,True,True,True,2024-12-31
2025-01-03,완도,climatology,8.1,7.192857142857143,True,True,True,2024-12-31
2025-01-04,완도,climatology,8.1,7.146428571428572,True,True,True,2024-12-31
2025-01-05,완도,climatology,8.1,7.125,True,True,True,2024-12-31
2025-01-06,완도,climatology,8.1,7.0321428571428575,True,True,True,2024-12-31
2025-01-07,완도,climatology,7.8,6.928571428571429,True,True,True,2024-12-31
2025-01-08,완도,climatology,7.5,6.824999999999998,True,True,True,2024-12-31
2025-01-09,완도,climatology,7.0,6.757142857142857,True,True,True,2024-12-31
2025-01-10,완도,climatology,6.3,6.775,True,True,True,2024-12-31
2025-01-11,완도,climatology,6.1,6.864285714285714,True,True,True,2024-12-31
2025-01-12,완도,climatology,6.1,7.007142857142857,True,True,True,2024-12-31
2025-01-13,완도,climatology,6.3,7.146428571428571,True,True,True,2024-12-31
2025-01-14,완도,climatology,6.9,7.250000000000001,True,True,True,2024-12-31
2025-01-15,완도,climatology,7.2,7.317857142857143,True,True,True,2024-12-31
2025-01-16,완도,climatology,7.1,7.3392857142857135,True,True,True,2024-12-31
2025-01-17,완도,climatology,7.4,7.267857142857143,True,True,True,2024-12-31
2025-01-18,완도,climatology,7.3,7.1499999999999995,True,True,True,2024-12-31
2025-01-19,완도,climatology,7.4,7.046428571428571,True,True,True,2024-12-31
2025-01-20,완도,climatology,7.6,6.992857142857142,True,True,True,2024-12-31
2025-01-21,완도,climatology,7.6,6.94642857142857,True,True,True,2024-12-31
2025-01-22,완도,climatology,7.4,6.8999999999999995,True,True,True,2024-12-31
2025-01-23,완도,climatology,7.2,6.882142857142858,True,True,True,2024-12-31
2025-01-24,완도,climatology,7.2,6.903571428571429,True,True,True,2024-12-31
2025-01-25,완도,climatology,7.4,6.921428571428572,True,True,True,2024-12-31
2025-01-26,완도,climatology,7.6,6.878571428571429,True,True,True,2024-12-31
2025-01-27,완도,climatology,7.3,6.803571428571429,True,True,True,2024-12-31
2025-01-28,완도,climatology,6.8,6.789285714285714,True,True,True,2024-12-31
2025-01-29,완도,climatology,6.5,6.860714285714286,True,True,True,2024-12-31
2025-01-30,완도,climatology,6.5,6.8999999999999995,True,True,True,2024-12-31
2025-01-31,완도,climatology,6.8,6.903571428571428,True,True,True,2024-12-31
2025-02-01,완도,climatology,7.0,6.917857142857142,True,True,True,2024-12-31
2025-02-02,완도,climatology,7.3,6.9642857142857135,True,True,True,2024-12-31
2025-02-03,완도,climatology,7.2,7.007142857142857,True,True,True,2024-12-31
2025-02-04,완도,climatology,6.6,7.053571428571428,True,True,True,2024-12-31
2025-02-05,완도,climatology,5.8,7.035714285714285,True,True,True,2024-12-31
2025-02-06,완도,climatology,5.2,7.017857142857143,True,True,True,2024-12-31
2025-02-07,완도,climatology,4.8,7.028571428571428,True,True,True,2024-12-31
2025-02-08,완도,climatology,4.7,7.074999999999998,True,True,True,2024-12-31
2025-02-09,완도,climatology,4.5,7.175,True,True,True,2024-12-31
2025-02-10,완도,climatology,4.3,7.353571428571429,True,True,True,2024-12-31
2025-02-11,완도,climatology,4.5,7.560714285714286,True,True,True,2024-12-31
2025-02-12,완도,climatology,5.3,7.760714285714286,True,True,True,2024-12-31
2025-02-13,완도,climatology,5.5,7.900000000000001,True,True,True,2024-12-31
2025-02-14,완도,climatology,5.7,7.9821428571428585,True,True,True,2024-12-31
2025-02-15,완도,climatology,6.3,8.014285714285714,True,True,True,2024-12-31
2025-02-16,완도,climatology,6.6,8.053571428571427,True,True,True,2024-12-31
2025-02-17,완도,climatology,6.8,8.007142857142856,True,True,True,2024-12-31
2025-02-18,완도,climatology,6.4,7.932142857142857,True,True,True,2024-12-31
2025-02-19,완도,climatology,6.1,7.910714285714286,True,True,True,2024-12-31
2025-02-20,완도,climatology,5.9,7.953571428571429,True,True,True,2024-12-31
2025-02-21,완도,climatology,5.6,8.014285714285714,True,True,True,2024-12-31
2025-02-22,완도,climatology,5.4,8.082142857142857,True,True,True,2024-12-31
2025-02-23,완도,climatology,5.2,8.114285714285712,True,True,True,2024-12-31
2025-02-24,완도,climatology,5.1,8.203571428571427,True,True,True,2024-12-31
2025-02-25,완도,climatology,5.2,8.29642857142857,True,True,True,2024-12-31
2025-02-26,완도,climatology,5.6,8.43448275862069,True,True,True,2024-12-31
2025-02-27,완도,climatology,5.9,8.482758620689655,True,True,True,2024-12-31
2025-02-28,완도,climatology,6.7,8.548275862068966,True,True,True,2024-12-31
2025-03-01,완도,climatology,7.1,8.655172413793105,True,True,True,2024-12-31
2025-03-02,완도,climatology,7.5,8.779310344827586,True,True,True,2024-12-31
2025-03-03,완도,climatology,7.5,8.89655172413793,True,True,True,2024-12-31
2025-03-04,완도,climatology,7.0,9.020689655172415,True,True,True,2024-12-31
2025-03-05,완도,climatology,7.2,9.107142857142856,True,True,True,2024-12-31
2025-03-06,완도,climatology,7.5,9.314285714285713,True,True,True,2024-12-31
2025-03-07,완도,climatology,7.7,9.560714285714285,True,True,True,2024-12-31
2025-03-08,완도,climatology,8.0,9.817857142857145,True,True,True,2024-12-31
2025-03-09,완도,climatology,8.2,10.082142857142856,True,True,True,2024-12-31
2025-03-10,완도,climatology,8.6,10.325000000000001,True,True,True,2024-12-31
2025-03-11,완도,climatology,9.0,10.535714285714286,True,True,True,2024-12-31
2025-03-12,완도,climatology,9.3,10.760714285714284,True,True,True,2024-12-31
2025-03-13,완도,climatology,9.4,10.985714285714284,True,True,True,2024-12-31
2025-03-14,완도,climatology,9.8,11.153571428571428,True,True,True,2024-12-31
2025-03-15,완도,climatology,9.8,11.260714285714286,True,True,True,2024-12-31
2025-03-16,완도,climatology,9.3,11.346428571428573,True,True,True,2024-12-31
2025-03-17,완도,climatology,8.5,11.4,True,True,True,2024-12-31
2025-03-18,완도,climatology,8.2,11.421428571428573,True,True,True,2024-12-31
2025-03-19,완도,climatology,8.0,11.399999999999997,True,True,True,2024-12-31
2025-03-20,완도,climatology,8.5,11.392857142857142,True,True,True,2024-12-31
2025-03-21,완도,climatology,9.4,11.414285714285715,True,True,True,2024-12-31
2025-03-22,완도,climatology,10.4,11.489285714285714,True,True,True,2024-12-31
2025-03-23,완도,climatology,11.3,11.607142857142858,True,True,True,2024-12-31
2025-03-24,완도,climatology,12.2,11.742857142857142,True,True,True,2024-12-31
2025-03-25,완도,climatology,12.5,11.9,True,True,True,2024-12-31
2025-03-26,완도,climatology,12.6,12.071428571428571,True,True,True,2024-12-31
2025-03-27,완도,climatology,12.7,12.251851851851855,True,True,True,2024-12-31
2025-03-28,완도,climatology,11.5,12.47777777777778,True,True,True,2024-12-31
2025-03-29,완도,climatology,10.5,12.670370370370371,True,True,True,2024-12-31
2025-03-30,완도,climatology,9.8,12.825925925925924,True,True,True,2024-12-31
2025-03-31,완도,climatology,10.1,13.018518518518519,True,True,True,2024-12-31
2025-04-01,완도,climatology,10.6,13.214814814814815,True,True,True,2024-12-31
2025-04-02,완도,climatology,10.9,13.450000000000001,True,True,True,2024-12-31
2025-04-03,완도,climatology,11.2,13.561538461538465,True,True,True,2024-12-31
2025-04-04,완도,climatology,11.7,13.672,True,True,True,2024-12-31
2025-04-05,완도,climatology,12.3,13.783333333333333,True,True,True,2024-12-31
2025-04-06,완도,climatology,12.6,13.878260869565219,True,True,True,2024-12-31
2025-04-07,완도,climatology,,13.977272727272727,False,False,False,2024-12-31
2025-04-08,완도,climatology,,14.114285714285716,False,False,False,2024-12-31
2025-04-09,완도,climatology,,14.180952380952382,False,False,False,2024-12-31
2025-04-10,완도,climatology,,14.290476190476191,False,False,False,2024-12-31
2025-04-11,완도,climatology,,14.414285714285716,False,False,False,2024-12-31
2025-04-12,완도,climatology,,14.576190476190478,False,False,False,2024-12-31
2025-04-13,완도,climatology,,14.766666666666667,False,False,False,2024-12-31
2025-04-14,완도,climatology,,14.91428571428572,False,False,False,2024-12-31
2025-04-15,완도,climatology,,15.052380952380956,False,False,False,2024-12-31
2025-04-16,완도,climatology,,15.185714285714287,False,False,False,2024-12-31
2025-04-17,완도,climatology,,15.328571428571427,False,False,False,2024-12-31
2025-04-18,완도,climatology,,15.48181818181818,False,False,False,2024-12-31
2025-04-19,완도,climatology,,15.617391304347823,False,False,False,2024-12-31
2025-04-20,완도,climatology,,15.720833333333337,False,False,False,2024-12-31
2025-04-21,완도,climatology,,15.859999999999998,False,False,False,2024-12-31
2025-04-22,완도,climatology,,15.98076923076923,False,False,False,2024-12-31
2025-04-23,완도,climatology,,16.1037037037037,False,False,False,2024-12-31
2025-04-24,완도,climatology,16.4,16.17142857142857,True,True,True,2024-12-31
2025-04-25,완도,climatology,15.6,16.3,True,True,True,2024-12-31
2025-04-26,완도,climatology,15.3,16.414285714285715,True,True,True,2024-12-31
2025-04-27,완도,climatology,15.4,16.5,True,True,True,2024-12-31
2025-04-28,완도,climatology,15.8,16.525925925925925,True,True,True,2024-12-31
2025-04-29,완도,climatology,15.4,16.54074074074074,True,True,True,2024-12-31
2025-04-30,완도,climatology,15.6,16.562962962962963,True,True,True,2024-12-31
2025-05-01,완도,climatology,15.9,16.644444444444446,True,True,True,2024-12-31
2025-05-02,완도,climatology,15.5,16.737037037037037,True,True,True,2024-12-31
2025-05-03,완도,climatology,15.5,16.82962962962963,True,True,True,2024-12-31
2025-05-04,완도,climatology,15.5,16.94642857142857,True,True,True,2024-12-31
2025-05-05,완도,climatology,15.4,17.057142857142857,True,True,True,2024-12-31
2025-05-06,완도,climatology,15.2,17.22142857142857,True,True,True,2024-12-31
2025-05-07,완도,climatology,15.3,17.4,True,True,True,2024-12-31
2025-05-08,완도,climatology,15.9,17.553571428571427,True,True,True,2024-12-31
2025-05-09,완도,climatology,16.1,17.67142857142857,True,True,True,2024-12-31
2025-05-10,완도,climatology,15.9,17.799999999999997,True,True,True,2024-12-31
2025-05-11,완도,climatology,15.7,17.924999999999997,True,True,True,2024-12-31
2025-05-12,완도,climatology,16.1,18.07142857142857,True,True,True,2024-12-31
2025-05-13,완도,climatology,16.7,18.164285714285715,True,True,True,2024-12-31
2025-05-14,완도,climatology,17.3,18.22142857142857,True,True,True,2024-12-31
2025-05-15,완도,climatology,17.6,18.275,True,True,True,2024-12-31
2025-05-16,완도,climatology,17.5,18.34642857142857,True,True,True,2024-12-31
2025-05-17,완도,climatology,17.7,18.428571428571427,True,True,True,2024-12-31
2025-05-18,완도,climatology,17.7,18.510714285714283,True,True,True,2024-12-31
2025-05-19,완도,climatology,18.2,18.629629629629626,True,True,True,2024-12-31
2025-05-20,완도,climatology,18.8,18.796153846153846,True,True,True,2024-12-31
2025-05-21,완도,climatology,19.1,18.983999999999998,True,True,True,2024-12-31
2025-05-22,완도,climatology,19.1,19.229166666666668,True,True,True,2024-12-31
2025-05-23,완도,climatology,19.0,19.46521739130435,True,True,True,2024-12-31
2025-05-24,완도,climatology,18.2,19.69090909090909,True,True,True,2024-12-31
2025-05-25,완도,climatology,18.1,19.93809523809524,True,True,True,2024-12-31
2025-05-26,완도,climatology,18.5,20.133333333333333,True,True,True,2024-12-31
2025-05-27,완도,climatology,18.8,20.26666666666667,True,True,True,2024-12-31
2025-05-28,완도,climatology,18.9,20.38095238095238,True,True,True,2024-12-31
2025-05-29,완도,climatology,19.3,20.45,True,True,True,2024-12-31
2025-05-30,완도,climatology,19.6,20.517391304347825,True,True,True,2024-12-31
2025-05-31,완도,climatology,19.7,20.59166666666667,True,True,True,2024-12-31
2025-06-01,완도,climatology,19.6,20.671999999999997,True,True,True,2024-12-31
2025-06-02,완도,climatology,19.9,20.71153846153846,True,True,True,2024-12-31
2025-06-03,완도,climatology,19.9,20.76666666666667,True,True,True,2024-12-31
2025-06-04,완도,climatology,19.8,20.83571428571429,True,True,True,2024-12-31
2025-06-05,완도,climatology,19.8,20.921428571428578,True,True,True,2024-12-31
2025-06-06,완도,climatology,20.2,21.039285714285715,True,True,True,2024-12-31
2025-06-07,완도,climatology,20.5,21.178571428571434,True,True,True,2024-12-31
2025-06-08,완도,climatology,21.0,21.339285714285715,True,True,True,2024-12-31
2025-06-09,완도,climatology,21.2,21.55,True,True,True,2024-12-31
2025-06-10,완도,climatology,21.2,21.775000000000002,True,True,True,2024-12-31
2025-06-11,완도,climatology,21.2,21.974999999999998,True,True,True,2024-12-31
2025-06-12,완도,climatology,21.2,22.157142857142855,True,True,True,2024-12-31
2025-06-13,완도,climatology,21.1,22.28928571428571,True,True,True,2024-12-31
2025-06-14,완도,climatology,21.3,22.375,True,True,True,2024-12-31
2025-06-15,완도,climatology,21.2,22.41785714285714,True,True,True,2024-12-31
2025-06-16,완도,climatology,21.5,22.46428571428571,True,True,True,2024-12-31
2025-06-17,완도,climatology,21.5,22.510714285714283,True,True,True,2024-12-31
2025-06-18,완도,climatology,21.9,22.58928571428572,True,True,True,2024-12-31
2025-06-19,완도,climatology,22.5,22.69285714285715,True,True,True,2024-12-31
2025-06-20,완도,climatology,22.9,22.810714285714287,True,True,True,2024-12-31
2025-06-21,완도,climatology,22.7,22.946428571428577,True,True,True,2024-12-31
2025-06-22,완도,climatology,22.1,23.05714285714286,True,True,True,2024-12-31
2025-06-23,완도,climatology,22.3,23.160714285714285,True,True,True,2024-12-31
2025-06-24,완도,climatology,22.2,23.267857142857142,True,True,True,2024-12-31
2025-06-25,완도,climatology,21.9,23.357142857142858,True,True,True,2024-12-31
2025-06-26,완도,climatology,22.0,23.442857142857143,True,True,True,2024-12-31
2025-06-27,완도,climatology,22.3,23.517857142857142,True,True,True,2024-12-31
2025-06-28,완도,climatology,22.7,23.617857142857144,True,True,True,2024-12-31
2025-06-29,완도,climatology,23.1,23.803571428571427,True,True,True,2024-12-31
2025-06-30,완도,climatology,23.9,23.974999999999998,True,True,True,2024-12-31
2025-07-01,완도,climatology,24.4,24.11428571428571,True,True,True,2024-12-31
2025-07-02,완도,climatology,25.1,24.24285714285714,True,True,True,2024-12-31
2025-07-03,완도,climatology,25.1,24.35,True,True,True,2024-12-31
2025-07-04,완도,climatology,25.3,24.47142857142857,True,True,True,2024-12-31
2025-07-05,완도,climatology,25.5,24.517857142857146,True,True,True,2024-12-31
2025-07-06,완도,climatology,25.8,24.45714285714286,True,True,True,2024-12-31
2025-07-07,완도,climatology,25.4,24.396428571428572,True,True,True,2024-12-31
2025-07-08,완도,climatology,26.0,24.353571428571428,True,True,True,2024-12-31
2025-07-09,완도,climatology,26.5,24.310714285714287,True,True,True,2024-12-31
2025-07-10,완도,climatology,26.4,24.26785714285714,True,True,True,2024-12-31
2025-07-11,완도,climatology,26.2,24.23928571428571,True,True,True,2024-12-31
2025-07-12,완도,climatology,26.1,24.232142857142858,True,True,True,2024-12-31
2025-07-13,완도,climatology,25.4,24.260714285714283,True,True,True,2024-12-31
2025-07-14,완도,climatology,24.8,24.3,True,True,True,2024-12-31
2025-07-15,완도,climatology,24.7,24.332142857142856,True,True,True,2024-12-31
2025-07-16,완도,climatology,24.7,24.35357142857143,True,True,True,2024-12-31
2025-07-17,완도,climatology,25.0,24.38571428571429,True,True,True,2024-12-31
2025-07-18,완도,climatology,25.2,24.421428571428578,True,True,True,2024-12-31
2025-07-19,완도,climatology,25.8,24.47857142857143,True,True,True,2024-12-31
2025-07-20,완도,climatology,26.8,24.546428571428574,True,True,True,2024-12-31
2025-07-21,완도,climatology,27.3,24.62142857142857,True,True,True,2024-12-31
2025-07-22,완도,climatology,27.6,24.70714285714286,True,True,True,2024-12-31
2025-07-23,완도,climatology,27.6,24.85,True,True,True,2024-12-31
2025-07-24,완도,climatology,27.6,25.060714285714287,True,True,True,2024-12-31
2025-07-25,완도,climatology,27.8,25.282142857142862,True,True,True,2024-12-31
2025-07-26,완도,climatology,28.1,25.52142857142857,True,True,True,2024-12-31
2025-07-27,완도,climatology,28.2,25.74642857142857,True,True,True,2024-12-31
2025-07-28,완도,climatology,28.3,25.964285714285715,True,True,True,2024-12-31
2025-07-29,완도,climatology,28.4,26.2,True,True,True,2024-12-31
2025-07-30,완도,climatology,28.5,26.407142857142862,True,True,True,2024-12-31
2025-07-31,완도,climatology,28.8,26.542857142857144,True,True,True,2024-12-31
2025-08-01,완도,climatology,29.1,26.653571428571436,True,True,True,2024-12-31
2025-08-02,완도,climatology,29.5,26.782142857142862,True,True,True,2024-12-31
2025-08-03,완도,climatology,29.5,26.939285714285717,True,True,True,2024-12-31
2025-08-04,완도,climatology,29.2,27.096428571428568,True,True,True,2024-12-31
2025-08-05,완도,climatology,29.1,27.224999999999994,True,True,True,2024-12-31
2025-08-06,완도,climatology,28.8,27.307142857142853,True,True,True,2024-12-31
2025-08-07,완도,climatology,28.4,27.353571428571428,True,True,True,2024-12-31
2025-08-08,완도,climatology,27.9,27.325,True,True,True,2024-12-31
2025-08-09,완도,climatology,27.4,27.282142857142862,True,True,True,2024-12-31
2025-08-10,완도,climatology,26.8,27.217857142857145,True,True,True,2024-12-31
2025-08-11,완도,climatology,26.2,27.146428571428576,True,True,True,2024-12-31
2025-08-12,완도,climatology,25.2,27.10357142857143,True,True,True,2024-12-31
2025-08-13,완도,climatology,25.2,27.046428571428574,True,True,True,2024-12-31
2025-08-14,완도,climatology,25.7,27.0,True,True,True,2024-12-31
2025-08-15,완도,climatology,26.1,27.02857142857143,True,True,True,2024-12-31
2025-08-16,완도,climatology,26.4,27.022222222222222,True,True,True,2024-12-31
2025-08-17,완도,climatology,26.6,27.019230769230766,True,True,True,2024-12-31
2025-08-18,완도,climatology,27.2,27.0,True,True,True,2024-12-31
2025-08-19,완도,climatology,27.3,27.036000000000005,True,False,True,2024-12-31
2025-08-20,완도,climatology,27.0,27.104,True,False,True,2024-12-31
2025-08-21,완도,climatology,27.0,27.16,True,False,True,2024-12-31
2025-08-22,완도,climatology,26.5,27.163999999999998,True,True,True,2024-12-31
2025-08-23,완도,climatology,26.3,27.18076923076923,True,True,True,2024-12-31
2025-08-24,완도,climatology,26.3,27.207407407407405,True,True,True,2024-12-31
2025-08-25,완도,climatology,26.2,27.203571428571426,True,True,True,2024-12-31
2025-08-26,완도,climatology,25.9,27.114285714285707,True,True,True,2024-12-31
2025-08-27,완도,climatology,25.7,27.02142857142857,True,True,True,2024-12-31
2025-08-28,완도,climatology,26.0,26.949999999999996,True,True,True,2024-12-31
2025-08-29,완도,climatology,26.2,26.88214285714286,True,True,True,2024-12-31
2025-08-30,완도,climatology,26.3,26.739285714285717,True,True,True,2024-12-31
2025-08-31,완도,climatology,26.9,26.71481481481482,True,True,True,2024-12-31
2025-09-01,완도,climatology,27.1,26.71923076923077,True,True,True,2024-12-31
2025-09-02,완도,climatology,27.6,26.728,True,True,True,2024-12-31
2025-09-03,완도,climatology,26.8,26.72083333333333,True,True,True,2024-12-31
2025-09-04,완도,climatology,27.2,26.72608695652173,True,True,True,2024-12-31
2025-09-05,완도,climatology,27.0,26.75454545454545,True,True,True,2024-12-31
2025-09-06,완도,climatology,26.8,27.014999999999997,True,True,True,2024-12-31
2025-09-07,완도,climatology,26.3,27.13157894736842,True,True,True,2024-12-31
2025-09-08,완도,climatology,25.7,27.28333333333333,True,True,True,2024-12-31
2025-09-09,완도,climatology,24.8,27.464705882352945,True,True,True,2024-12-31
2025-09-10,완도,climatology,24.1,27.75,True,True,True,2024-12-31
2025-09-11,완도,climatology,24.0,28.033333333333335,True,True,True,2024-12-31
2025-09-12,완도,climatology,23.8,28.349999999999998,True,True,True,2024-12-31
2025-09-13,완도,climatology,24.1,28.37142857142857,True,True,True,2024-12-31
2025-09-14,완도,climatology,24.2,28.349999999999998,True,True,True,2024-12-31
2025-09-15,완도,climatology,24.6,28.32857142857143,True,True,True,2024-12-31
2025-09-16,완도,climatology,25.0,28.32857142857143,True,True,True,2024-12-31
2025-09-17,완도,climatology,25.3,27.986666666666668,True,True,True,2024-12-31
2025-09-18,완도,climatology,24.6,27.61875,True,True,True,2024-12-31
2025-09-19,완도,climatology,24.6,27.2235294117647,True,True,True,2024-12-31
2025-09-20,완도,climatology,24.4,26.844444444444445,True,True,True,2024-12-31
2025-09-21,완도,climatology,23.9,26.32,True,True,True,2024-12-31
2025-09-22,완도,climatology,23.6,25.827272727272717,True,True,True,2024-12-31
2025-09-23,완도,climatology,23.4,25.429166666666664,True,True,True,2024-12-31
2025-09-24,완도,climatology,23.5,25.172000000000004,True,True,True,2024-12-31
2025-09-25,완도,climatology,23.5,25.0,True,True,True,2024-12-31
2025-09-26,완도,climatology,23.4,24.88888888888889,True,True,True,2024-12-31
2025-09-27,완도,climatology,23.5,24.792857142857144,True,True,True,2024-12-31
2025-09-28,완도,climatology,23.7,24.76071428571429,True,True,True,2024-12-31
2025-09-29,완도,climatology,23.8,24.71071428571429,True,True,True,2024-12-31
2025-09-30,완도,climatology,23.5,24.614285714285717,True,True,True,2024-12-31
2025-10-01,완도,climatology,23.5,24.478571428571428,True,True,True,2024-12-31
2025-10-02,완도,climatology,23.3,24.285714285714285,True,True,True,2024-12-31
2025-10-03,완도,climatology,22.5,24.03214285714285,True,True,True,2024-12-31
2025-10-04,완도,climatology,22.5,23.732142857142854,True,True,True,2024-12-31
2025-10-05,완도,climatology,23.0,23.40357142857143,True,True,True,2024-12-31
2025-10-06,완도,climatology,23.4,23.085714285714282,True,True,True,2024-12-31
2025-10-07,완도,climatology,23.6,22.782142857142855,True,True,True,2024-12-31
2025-10-08,완도,climatology,23.5,22.475,True,True,True,2024-12-31
2025-10-09,완도,climatology,23.6,22.2,True,True,True,2024-12-31
2025-10-10,완도,climatology,23.4,21.985714285714288,True,True,True,2024-12-31
2025-10-11,완도,climatology,23.5,21.84642857142857,True,True,True,2024-12-31
2025-10-12,완도,climatology,23.7,21.760714285714283,True,True,True,2024-12-31
2025-10-13,완도,climatology,23.9,21.71428571428571,True,True,True,2024-12-31
2025-10-14,완도,climatology,24.1,21.578571428571426,True,True,True,2024-12-31
2025-10-15,완도,climatology,23.5,21.36428571428571,True,True,True,2024-12-31
2025-10-16,완도,climatology,23.3,21.14285714285714,True,True,True,2024-12-31
2025-10-17,완도,climatology,23.1,20.846428571428568,True,True,True,2024-12-31
2025-10-18,완도,climatology,22.9,20.467857142857145,True,True,True,2024-12-31
2025-10-19,완도,climatology,22.3,20.082142857142856,True,True,True,2024-12-31
2025-10-20,완도,climatology,21.6,19.685714285714283,True,True,True,2024-12-31
2025-10-21,완도,climatology,20.7,19.360714285714284,True,True,True,2024-12-31
2025-10-22,완도,climatology,20.2,19.11785714285714,True,True,True,2024-12-31
2025-10-23,완도,climatology,20.4,18.910714285714285,True,True,True,2024-12-31
2025-10-24,완도,climatology,20.4,18.8,True,True,True,2024-12-31
2025-10-25,완도,climatology,20.5,18.742857142857144,True,True,True,2024-12-31
2025-10-26,완도,climatology,20.2,18.682142857142857,True,True,True,2024-12-31
2025-10-27,완도,climatology,19.6,18.63214285714286,True,True,True,2024-12-31
2025-10-28,완도,climatology,18.6,18.607142857142858,True,True,True,2024-12-31
2025-10-29,완도,climatology,17.8,18.6,True,True,True,2024-12-31
2025-10-30,완도,climatology,17.5,18.575,True,True,True,2024-12-31
2025-10-31,완도,climatology,17.4,18.532142857142862,True,True,True,2024-12-31
2025-11-01,완도,climatology,17.5,18.50714285714286,True,True,True,2024-12-31
2025-11-02,완도,climatology,17.3,18.435714285714287,True,True,True,2024-12-31
2025-11-03,완도,climatology,16.8,18.321428571428573,True,True,True,2024-12-31
2025-11-04,완도,climatology,17.0,18.142857142857142,True,True,True,2024-12-31
2025-11-05,완도,climatology,17.6,17.917857142857148,True,True,True,2024-12-31
2025-11-06,완도,climatology,17.9,17.660714285714285,True,True,True,2024-12-31
2025-11-07,완도,climatology,18.0,17.367857142857144,True,True,True,2024-12-31
2025-11-08,완도,climatology,18.0,17.017857142857142,True,True,True,2024-12-31
2025-11-09,완도,climatology,17.7,16.685714285714287,True,True,True,2024-12-31
2025-11-10,완도,climatology,17.4,16.371428571428574,True,True,True,2024-12-31
2025-11-11,완도,climatology,16.7,16.1,True,True,True,2024-12-31
2025-11-12,완도,climatology,16.0,15.892857142857144,True,True,True,2024-12-31
2025-11-13,완도,climatology,15.5,15.724999999999998,True,True,True,2024-12-31
2025-11-14,완도,climatology,15.5,15.560714285714285,True,True,True,2024-12-31
2025-11-15,완도,climatology,15.3,15.346428571428572,True,True,True,2024-12-31
2025-11-16,완도,climatology,15.2,15.117857142857142,True,True,True,2024-12-31
2025-11-17,완도,climatology,15.1,14.932142857142859,True,True,True,2024-12-31
2025-11-18,완도,climatology,14.4,14.775,True,True,True,2024-12-31
2025-11-19,완도,climatology,14.0,14.589285714285714,True,True,True,2024-12-31
2025-11-20,완도,climatology,14.0,14.375,True,True,True,2024-12-31
2025-11-21,완도,climatology,14.1,14.128571428571425,True,True,True,2024-12-31
2025-11-22,완도,climatology,14.2,13.939285714285711,True,True,True,2024-12-31
2025-11-23,완도,climatology,14.3,13.778571428571428,True,True,True,2024-12-31
2025-11-24,완도,climatology,14.6,13.567857142857145,True,True,True,2024-12-31
2025-11-25,완도,climatology,14.5,13.35,True,True,True,2024-12-31
2025-11-26,완도,climatology,13.9,13.135714285714286,True,True,True,2024-12-31
2025-11-27,완도,climatology,13.4,12.882142857142858,True,True,True,2024-12-31
2025-11-28,완도,climatology,12.8,12.596428571428572,True,True,True,2024-12-31
2025-11-29,완도,climatology,12.3,12.310714285714285,True,True,True,2024-12-31
2025-11-30,완도,climatology,12.6,12.032142857142857,True,True,True,2024-12-31
2025-12-01,완도,climatology,13.0,11.77142857142857,True,True,True,2024-12-31
2025-12-02,완도,climatology,12.5,11.489285714285714,True,True,True,2024-12-31
2025-12-03,완도,climatology,11.8,11.2,True,True,True,2024-12-31
2025-12-04,완도,climatology,11.3,10.978571428571428,True,True,True,2024-12-31
2025-12-05,완도,climatology,11.2,10.849999999999998,True,True,True,2024-12-31
2025-12-06,완도,climatology,11.0,10.799999999999999,True,True,True,2024-12-31
2025-12-07,완도,climatology,11.4,10.775,True,True,True,2024-12-31
2025-12-08,완도,climatology,11.7,10.782142857142857,True,True,True,2024-12-31
2025-12-09,완도,climatology,11.2,10.789285714285715,True,True,True,2024-12-31
2025-12-10,완도,climatology,11.0,10.77857142857143,True,True,True,2024-12-31
2025-12-11,완도,climatology,11.1,10.710714285714287,True,True,True,2024-12-31
2025-12-12,완도,climatology,10.7,10.635714285714284,True,True,True,2024-12-31
2025-12-13,완도,climatology,10.2,10.507142857142856,True,True,True,2024-12-31
2025-12-14,완도,climatology,9.7,10.292857142857143,True,True,True,2024-12-31
2025-12-15,완도,climatology,9.6,9.950000000000001,True,True,True,2024-12-31
2025-12-16,완도,climatology,9.6,9.592857142857143,True,True,True,2024-12-31
2025-12-17,완도,climatology,9.8,9.25357142857143,True,True,True,2024-12-31
2025-12-18,완도,climatology,9.8,8.971428571428573,True,True,True,2024-12-31
2025-12-19,완도,climatology,9.9,8.671428571428573,True,True,True,2024-12-31
2025-12-20,완도,climatology,10.4,8.332142857142857,True,True,True,2024-12-31
2025-12-21,완도,climatology,10.4,8.039285714285715,True,True,True,2024-12-31
2025-12-22,완도,climatology,9.6,7.825000000000001,True,True,True,2024-12-31
2025-12-23,완도,climatology,9.5,7.642857142857144,True,True,True,2024-12-31
2025-12-24,완도,climatology,9.8,7.485714285714286,True,True,True,2024-12-31
2025-12-25,완도,climatology,9.5,7.335714285714286,True,True,True,2024-12-31
2025-12-26,완도,climatology,8.5,7.225,True,True,True,2024-12-31
2025-12-27,완도,climatology,7.6,7.196428571428571,True,True,True,2024-12-31
2025-12-28,완도,climatology,7.4,7.189285714285715,True,True,True,2024-12-31
2025-12-29,완도,climatology,7.6,7.146428571428571,True,True,True,2024-12-31
2025-12-30,완도,climatology,7.9,7.164285714285714,True,True,True,2024-12-31
2025-12-31,완도,climatology,7.6,7.17857142857143,True,True,True,2024-12-31
2025-01-01,완도,naive_seasonal,8.3,8.9,True,True,True,2024-12-31
2025-01-02,완도,naive_seasonal,8.2,9.1,True,True,True,2024-12-31
2025-01-03,완도,naive_seasonal,8.1,9.0,True,True,True,2024-12-31
2025-01-04,완도,naive_seasonal,8.1,8.7,True,True,True,2024-12-31
2025-01-05,완도,naive_seasonal,8.1,8.6,True,True,True,2024-12-31
2025-01-06,완도,naive_seasonal,8.1,8.6,True,True,True,2024-12-31
2025-01-07,완도,naive_seasonal,7.8,8.3,True,True,True,2024-12-31
2025-01-08,완도,naive_seasonal,7.5,7.7,True,True,True,2024-12-31
2025-01-09,완도,naive_seasonal,7.0,7.4,True,True,True,2024-12-31
2025-01-10,완도,naive_seasonal,6.3,7.5,True,True,True,2024-12-31
2025-01-11,완도,naive_seasonal,6.1,7.6,True,True,True,2024-12-31
2025-01-12,완도,naive_seasonal,6.1,8.2,True,True,True,2024-12-31
2025-01-13,완도,naive_seasonal,6.3,8.3,True,True,True,2024-12-31
2025-01-14,완도,naive_seasonal,6.9,8.5,True,True,True,2024-12-31
2025-01-15,완도,naive_seasonal,7.2,8.6,True,True,True,2024-12-31
2025-01-16,완도,naive_seasonal,7.1,8.3,True,True,True,2024-12-31
2025-01-17,완도,naive_seasonal,7.4,8.5,True,True,True,2024-12-31
2025-01-18,완도,naive_seasonal,7.3,8.6,True,True,True,2024-12-31
2025-01-19,완도,naive_seasonal,7.4,8.7,True,True,True,2024-12-31
2025-01-20,완도,naive_seasonal,7.6,8.3,True,True,True,2024-12-31
2025-01-21,완도,naive_seasonal,7.6,8.1,True,True,True,2024-12-31
2025-01-22,완도,naive_seasonal,7.4,7.7,True,True,True,2024-12-31
2025-01-23,완도,naive_seasonal,7.2,7.0,True,True,True,2024-12-31
2025-01-24,완도,naive_seasonal,7.2,6.2,True,True,True,2024-12-31
2025-01-25,완도,naive_seasonal,7.4,6.0,True,True,True,2024-12-31
2025-01-26,완도,naive_seasonal,7.6,6.3,True,True,True,2024-12-31
2025-01-27,완도,naive_seasonal,7.3,6.8,True,True,True,2024-12-31
2025-01-28,완도,naive_seasonal,6.8,7.2,True,True,True,2024-12-31
2025-01-29,완도,naive_seasonal,6.5,7.4,True,True,True,2024-12-31
2025-01-30,완도,naive_seasonal,6.5,7.6,True,True,True,2024-12-31
2025-01-31,완도,naive_seasonal,6.8,7.9,True,True,True,2024-12-31
2025-02-01,완도,naive_seasonal,7.0,8.1,True,True,True,2024-12-31
2025-02-02,완도,naive_seasonal,7.3,8.1,True,True,True,2024-12-31
2025-02-03,완도,naive_seasonal,7.2,8.2,True,True,True,2024-12-31
2025-02-04,완도,naive_seasonal,6.6,8.1,True,True,True,2024-12-31
2025-02-05,완도,naive_seasonal,5.8,8.1,True,True,True,2024-12-31
2025-02-06,완도,naive_seasonal,5.2,7.9,True,True,True,2024-12-31
2025-02-07,완도,naive_seasonal,4.8,7.7,True,True,True,2024-12-31
2025-02-08,완도,naive_seasonal,4.7,7.5,True,True,True,2024-12-31
2025-02-09,완도,naive_seasonal,4.5,7.5,True,True,True,2024-12-31
2025-02-10,완도,naive_seasonal,4.3,7.7,True,True,True,2024-12-31
2025-02-11,완도,naive_seasonal,4.5,8.0,True,True,True,2024-12-31
2025-02-12,완도,naive_seasonal,5.3,8.6,True,True,True,2024-12-31
2025-02-13,완도,naive_seasonal,5.5,9.3,True,True,True,2024-12-31
2025-02-14,완도,naive_seasonal,5.7,10.3,True,True,True,2024-12-31
2025-02-15,완도,naive_seasonal,6.3,10.6,True,True,True,2024-12-31
2025-02-16,완도,naive_seasonal,6.6,9.9,True,True,True,2024-12-31
2025-02-17,완도,naive_seasonal,6.8,9.9,True,True,True,2024-12-31
2025-02-18,완도,naive_seasonal,6.4,10.1,True,True,True,2024-12-31
2025-02-19,완도,naive_seasonal,6.1,11.2,True,True,True,2024-12-31
2025-02-20,완도,naive_seasonal,5.9,10.8,True,True,True,2024-12-31
2025-02-21,완도,naive_seasonal,5.6,10.4,True,True,True,2024-12-31
2025-02-22,완도,naive_seasonal,5.4,9.9,True,True,True,2024-12-31
2025-02-23,완도,naive_seasonal,5.2,9.7,True,True,True,2024-12-31
2025-02-24,완도,naive_seasonal,5.1,9.5,True,True,True,2024-12-31
2025-02-25,완도,naive_seasonal,5.2,9.4,True,True,True,2024-12-31
2025-02-26,완도,naive_seasonal,5.6,9.7,True,True,True,2024-12-31
2025-02-27,완도,naive_seasonal,5.9,10.0,True,True,True,2024-12-31
2025-02-28,완도,naive_seasonal,6.7,10.3,True,True,True,2024-12-31
2025-03-01,완도,naive_seasonal,7.1,9.5,True,True,True,2024-12-31
2025-03-02,완도,naive_seasonal,7.5,9.0,True,True,True,2024-12-31
2025-03-03,완도,naive_seasonal,7.5,8.9,True,True,True,2024-12-31
2025-03-04,완도,naive_seasonal,7.0,8.9,True,True,True,2024-12-31
2025-03-05,완도,naive_seasonal,7.2,9.1,True,True,True,2024-12-31
2025-03-06,완도,naive_seasonal,7.5,9.3,True,True,True,2024-12-31
2025-03-07,완도,naive_seasonal,7.7,9.7,True,True,True,2024-12-31
2025-03-08,완도,naive_seasonal,8.0,9.5,True,True,True,2024-12-31
2025-03-09,완도,naive_seasonal,8.2,9.4,True,True,True,2024-12-31
2025-03-10,완도,naive_seasonal,8.6,9.5,True,True,True,2024-12-31
2025-03-11,완도,naive_seasonal,9.0,9.7,True,True,True,2024-12-31
2025-03-12,완도,naive_seasonal,9.3,9.8,True,True,True,2024-12-31
2025-03-13,완도,naive_seasonal,9.4,10.4,True,True,True,2024-12-31
2025-03-14,완도,naive_seasonal,9.8,10.5,True,True,True,2024-12-31
2025-03-15,완도,naive_seasonal,9.8,10.9,True,True,True,2024-12-31
2025-03-16,완도,naive_seasonal,9.3,11.3,True,True,True,2024-12-31
2025-03-17,완도,naive_seasonal,8.5,11.8,True,True,True,2024-12-31
2025-03-18,완도,naive_seasonal,8.2,11.7,True,True,True,2024-12-31
2025-03-19,완도,naive_seasonal,8.0,11.8,True,True,True,2024-12-31
2025-03-20,완도,naive_seasonal,8.5,11.4,True,True,True,2024-12-31
2025-03-21,완도,naive_seasonal,9.4,11.0,True,True,True,2024-12-31
2025-03-22,완도,naive_seasonal,10.4,11.2,True,True,True,2024-12-31
2025-03-23,완도,naive_seasonal,11.3,12.3,True,True,True,2024-12-31
2025-03-24,완도,naive_seasonal,12.2,12.5,True,True,True,2024-12-31
2025-03-25,완도,naive_seasonal,12.5,12.0,True,True,True,2024-12-31
2025-03-26,완도,naive_seasonal,12.6,11.8,True,True,True,2024-12-31
2025-03-27,완도,naive_seasonal,12.7,11.9,True,True,True,2024-12-31
2025-03-28,완도,naive_seasonal,11.5,12.2,True,True,True,2024-12-31
2025-03-29,완도,naive_seasonal,10.5,12.3,True,True,True,2024-12-31
2025-03-30,완도,naive_seasonal,9.8,12.6,True,True,True,2024-12-31
2025-03-31,완도,naive_seasonal,10.1,12.9,True,True,True,2024-12-31
2025-04-01,완도,naive_seasonal,10.6,13.3,True,True,True,2024-12-31
2025-04-02,완도,naive_seasonal,10.9,13.7,True,True,True,2024-12-31
2025-04-03,완도,naive_seasonal,11.2,14.0,True,True,True,2024-12-31
2025-04-04,완도,naive_seasonal,11.7,14.0,True,True,True,2024-12-31
2025-04-05,완도,naive_seasonal,12.3,14.1,True,True,True,2024-12-31
2025-04-06,완도,naive_seasonal,12.6,14.1,True,True,True,2024-12-31
2025-04-07,완도,naive_seasonal,,14.3,False,False,False,2024-12-31
2025-04-08,완도,naive_seasonal,,14.5,False,False,False,2024-12-31
2025-04-09,완도,naive_seasonal,,14.5,False,False,False,2024-12-31
2025-04-10,완도,naive_seasonal,,14.8,False,False,False,2024-12-31
2025-04-11,완도,naive_seasonal,,14.7,False,False,False,2024-12-31
2025-04-12,완도,naive_seasonal,,15.0,False,False,False,2024-12-31
2025-04-13,완도,naive_seasonal,,15.8,False,False,False,2024-12-31
2025-04-14,완도,naive_seasonal,,16.3,False,False,False,2024-12-31
2025-04-15,완도,naive_seasonal,,16.6,False,False,False,2024-12-31
2025-04-16,완도,naive_seasonal,,17.0,False,False,False,2024-12-31
2025-04-17,완도,naive_seasonal,,16.6,False,False,False,2024-12-31
2025-04-18,완도,naive_seasonal,,16.8,False,False,False,2024-12-31
2025-04-19,완도,naive_seasonal,,16.9,False,False,False,2024-12-31
2025-04-20,완도,naive_seasonal,,16.9,False,False,False,2024-12-31
2025-04-21,완도,naive_seasonal,,16.7,False,False,False,2024-12-31
2025-04-22,완도,naive_seasonal,,16.9,False,False,False,2024-12-31
2025-04-23,완도,naive_seasonal,,16.7,False,False,False,2024-12-31
2025-04-24,완도,naive_seasonal,16.4,16.7,True,True,True,2024-12-31
2025-04-25,완도,naive_seasonal,15.6,16.7,True,True,True,2024-12-31
2025-04-26,완도,naive_seasonal,15.3,17.1,True,True,True,2024-12-31
2025-04-27,완도,naive_seasonal,15.4,17.5,True,True,True,2024-12-31
2025-04-28,완도,naive_seasonal,15.8,18.0,True,True,True,2024-12-31
2025-04-29,완도,naive_seasonal,15.4,18.0,True,True,True,2024-12-31
2025-04-30,완도,naive_seasonal,15.6,17.9,True,True,True,2024-12-31
2025-05-01,완도,naive_seasonal,15.9,17.6,True,True,True,2024-12-31
2025-05-02,완도,naive_seasonal,15.5,17.8,True,True,True,2024-12-31
2025-05-03,완도,naive_seasonal,15.5,18.3,True,True,True,2024-12-31
2025-05-04,완도,naive_seasonal,15.5,18.6,True,True,True,2024-12-31
2025-05-05,완도,naive_seasonal,15.4,18.9,True,True,True,2024-12-31
2025-05-06,완도,naive_seasonal,15.2,18.4,True,True,True,2024-12-31
2025-05-07,완도,naive_seasonal,15.3,18.2,True,True,True,2024-12-31
2025-05-08,완도,naive_seasonal,15.9,17.9,True,True,True,2024-12-31
2025-05-09,완도,naive_seasonal,16.1,18.1,True,True,True,2024-12-31
2025-05-10,완도,naive_seasonal,15.9,18.4,True,True,True,2024-12-31
2025-05-11,완도,naive_seasonal,15.7,18.7,True,True,True,2024-12-31
2025-05-12,완도,naive_seasonal,16.1,18.9,True,True,True,2024-12-31
2025-05-13,완도,naive_seasonal,16.7,18.5,True,True,True,2024-12-31
2025-05-14,완도,naive_seasonal,17.3,18.9,True,True,True,2024-12-31
2025-05-15,완도,naive_seasonal,17.6,18.8,True,True,True,2024-12-31
2025-05-16,완도,naive_seasonal,17.5,18.2,True,True,True,2024-12-31
2025-05-17,완도,naive_seasonal,17.7,18.1,True,True,True,2024-12-31
2025-05-18,완도,naive_seasonal,17.7,18.8,True,True,True,2024-12-31
2025-05-19,완도,naive_seasonal,18.2,19.5,True,True,True,2024-12-31
2025-05-20,완도,naive_seasonal,18.8,19.9,True,True,True,2024-12-31
2025-05-21,완도,naive_seasonal,19.1,20.1,True,True,True,2024-12-31
2025-05-22,완도,naive_seasonal,19.1,20.4,True,True,True,2024-12-31
2025-05-23,완도,naive_seasonal,19.0,20.8,True,True,True,2024-12-31
2025-05-24,완도,naive_seasonal,18.2,20.8,True,True,True,2024-12-31
2025-05-25,완도,naive_seasonal,18.1,21.0,True,True,True,2024-12-31
2025-05-26,완도,naive_seasonal,18.5,20.5,True,True,True,2024-12-31
2025-05-27,완도,naive_seasonal,18.8,20.4,True,True,True,2024-12-31
2025-05-28,완도,naive_seasonal,18.9,20.3,True,True,True,2024-12-31
2025-05-29,완도,naive_seasonal,19.3,20.8,True,True,True,2024-12-31
2025-05-30,완도,naive_seasonal,19.6,21.2,True,True,True,2024-12-31
2025-05-31,완도,naive_seasonal,19.7,21.2,True,True,True,2024-12-31
2025-06-01,완도,naive_seasonal,19.6,21.0,True,True,True,2024-12-31
2025-06-02,완도,naive_seasonal,19.9,20.7,True,True,True,2024-12-31
2025-06-03,완도,naive_seasonal,19.9,20.9,True,True,True,2024-12-31
2025-06-04,완도,naive_seasonal,19.8,21.4,True,True,True,2024-12-31
2025-06-05,완도,naive_seasonal,19.8,21.5,True,True,True,2024-12-31
2025-06-06,완도,naive_seasonal,20.2,21.2,True,True,True,2024-12-31
2025-06-07,완도,naive_seasonal,20.5,21.2,True,True,True,2024-12-31
2025-06-08,완도,naive_seasonal,21.0,21.1,True,True,True,2024-12-31
2025-06-09,완도,naive_seasonal,21.2,21.3,True,True,True,2024-12-31
2025-06-10,완도,naive_seasonal,21.2,21.6,True,True,True,2024-12-31
2025-06-11,완도,naive_seasonal,21.2,22.0,True,True,True,2024-12-31
2025-06-12,완도,naive_seasonal,21.2,22.4,True,True,True,2024-12-31
2025-06-13,완도,naive_seasonal,21.1,23.0,True,True,True,2024-12-31
2025-06-14,완도,naive_seasonal,21.3,23.4,True,True,True,2024-12-31
2025-06-15,완도,naive_seasonal,21.2,24.1,True,True,True,2024-12-31
2025-06-16,완도,naive_seasonal,21.5,24.0,True,True,True,2024-12-31
2025-06-17,완도,naive_seasonal,21.5,23.3,True,True,True,2024-12-31
2025-06-18,완도,naive_seasonal,21.9,23.3,True,True,True,2024-12-31
2025-06-19,완도,naive_seasonal,22.5,23.6,True,True,True,2024-12-31
2025-06-20,완도,naive_seasonal,22.9,23.5,True,True,True,2024-12-31
2025-06-21,완도,naive_seasonal,22.7,23.2,True,True,True,2024-12-31
2025-06-22,완도,naive_seasonal,22.1,23.2,True,True,True,2024-12-31
2025-06-23,완도,naive_seasonal,22.3,22.8,True,True,True,2024-12-31
2025-06-24,완도,naive_seasonal,22.2,22.7,True,True,True,2024-12-31
2025-06-25,완도,naive_seasonal,21.9,22.7,True,True,True,2024-12-31
2025-06-26,완도,naive_seasonal,22.0,22.8,True,True,True,2024-12-31
2025-06-27,완도,naive_seasonal,22.3,22.5,True,True,True,2024-12-31
2025-06-28,완도,naive_seasonal,22.7,22.5,True,True,True,2024-12-31
2025-06-29,완도,naive_seasonal,23.1,23.1,True,True,True,2024-12-31
2025-06-30,완도,naive_seasonal,23.9,23.2,True,True,True,2024-12-31
2025-07-01,완도,naive_seasonal,24.4,23.0,True,True,True,2024-12-31
2025-07-02,완도,naive_seasonal,25.1,23.9,True,True,True,2024-12-31
2025-07-03,완도,naive_seasonal,25.1,24.4,True,True,True,2024-12-31
2025-07-04,완도,naive_seasonal,25.3,24.4,True,True,True,2024-12-31
2025-07-05,완도,naive_seasonal,25.5,24.6,True,True,True,2024-12-31
2025-07-06,완도,naive_seasonal,25.8,24.7,True,True,True,2024-12-31
2025-07-07,완도,naive_seasonal,25.4,24.3,True,True,True,2024-12-31
2025-07-08,완도,naive_seasonal,26.0,23.7,True,True,True,2024-12-31
2025-07-09,완도,naive_seasonal,26.5,23.5,True,True,True,2024-12-31
2025-07-10,완도,naive_seasonal,26.4,23.5,True,True,True,2024-12-31
2025-07-11,완도,naive_seasonal,26.2,22.9,True,True,True,2024-12-31
2025-07-12,완도,naive_seasonal,26.1,23.1,True,True,True,2024-12-31
2025-07-13,완도,naive_seasonal,25.4,23.4,True,True,True,2024-12-31
2025-07-14,완도,naive_seasonal,24.8,23.8,True,True,True,2024-12-31
2025-07-15,완도,naive_seasonal,24.7,23.5,True,True,True,2024-12-31
2025-07-16,완도,naive_seasonal,24.7,23.1,True,True,True,2024-12-31
2025-07-17,완도,naive_seasonal,25.0,23.4,True,True,True,2024-12-31
2025-07-18,완도,naive_seasonal,25.2,23.7,True,True,True,2024-12-31
2025-07-19,완도,naive_seasonal,25.8,23.6,True,True,True,2024-12-31
2025-07-20,완도,naive_seasonal,26.8,23.6,True,True,True,2024-12-31
2025-07-21,완도,naive_seasonal,27.3,24.0,True,True,True,2024-12-31
2025-07-22,완도,naive_seasonal,27.6,24.3,True,True,True,2024-12-31
2025-07-23,완도,naive_seasonal,27.6,24.7,True,True,True,2024-12-31
2025-07-24,완도,naive_seasonal,27.6,25.0,True,True,True,2024-12-31
2025-07-25,완도,naive_seasonal,27.8,25.2,True,True,True,2024-12-31
2025-07-26,완도,naive_seasonal,28.1,25.1,True,True,True,2024-12-31
2025-07-27,완도,naive_seasonal,28.2,25.4,True,True,True,2024-12-31
2025-07-28,완도,naive_seasonal,28.3,26.0,True,True,True,2024-12-31
2025-07-29,완도,naive_seasonal,28.4,26.3,True,True,True,2024-12-31
2025-07-30,완도,naive_seasonal,28.5,26.2,True,True,True,2024-12-31
2025-07-31,완도,naive_seasonal,28.8,26.7,True,True,True,2024-12-31
2025-08-01,완도,naive_seasonal,29.1,27.0,True,True,True,2024-12-31
2025-08-02,완도,naive_seasonal,29.5,26.7,True,True,True,2024-12-31
2025-08-03,완도,naive_seasonal,29.5,26.6,True,True,True,2024-12-31
2025-08-04,완도,naive_seasonal,29.2,26.7,True,True,True,2024-12-31
2025-08-05,완도,naive_seasonal,29.1,26.9,True,True,True,2024-12-31
2025-08-06,완도,naive_seasonal,28.8,26.9,True,True,True,2024-12-31
2025-08-07,완도,naive_seasonal,28.4,26.9,True,True,True,2024-12-31
2025-08-08,완도,naive_seasonal,27.9,26.8,True,True,True,2024-12-31
2025-08-09,완도,naive_seasonal,27.4,26.7,True,True,True,2024-12-31
2025-08-10,완도,naive_seasonal,26.8,27.3,True,True,True,2024-12-31
2025-08-11,완도,naive_seasonal,26.2,27.2,True,True,True,2024-12-31
2025-08-12,완도,naive_seasonal,25.2,28.0,True,True,True,2024-12-31
2025-08-13,완도,naive_seasonal,25.2,28.2,True,True,True,2024-12-31
2025-08-14,완도,naive_seasonal,25.7,28.5,True,True,True,2024-12-31
2025-08-15,완도,naive_seasonal,26.1,29.2,True,True,True,2024-12-31
2025-08-16,완도,naive_seasonal,26.4,28.5,True,True,True,2024-12-31
2025-08-17,완도,naive_seasonal,26.6,28.4,True,True,True,2024-12-31
2025-08-18,완도,naive_seasonal,27.2,28.3,True,True,True,2024-12-31
2025-08-19,완도,naive_seasonal,27.3,,True,False,False,2024-12-31
2025-08-20,완도,naive_seasonal,27.0,,True,False,False,2024-12-31
2025-08-21,완도,naive_seasonal,27.0,,True,False,False,2024-12-31
2025-08-22,완도,naive_seasonal,26.5,28.2,True,True,True,2024-12-31
2025-08-23,완도,naive_seasonal,26.3,28.0,True,True,True,2024-12-31
2025-08-24,완도,naive_seasonal,26.3,28.2,True,True,True,2024-12-31
2025-08-25,완도,naive_seasonal,26.2,28.3,True,True,True,2024-12-31
2025-08-26,완도,naive_seasonal,25.9,28.6,True,True,True,2024-12-31
2025-08-27,완도,naive_seasonal,25.7,28.8,True,True,True,2024-12-31
2025-08-28,완도,naive_seasonal,26.0,28.9,True,True,True,2024-12-31
2025-08-29,완도,naive_seasonal,26.2,28.8,True,True,True,2024-12-31
2025-08-30,완도,naive_seasonal,26.3,28.7,True,True,True,2024-12-31
2025-08-31,완도,naive_seasonal,26.9,28.3,True,True,True,2024-12-31
2025-09-01,완도,naive_seasonal,27.1,28.2,True,True,True,2024-12-31
2025-09-02,완도,naive_seasonal,27.6,28.2,True,True,True,2024-12-31
2025-09-03,완도,naive_seasonal,26.8,27.9,True,True,True,2024-12-31
2025-09-04,완도,naive_seasonal,27.2,27.7,True,True,True,2024-12-31
2025-09-05,완도,naive_seasonal,27.0,27.8,True,True,True,2024-12-31
2025-09-06,완도,naive_seasonal,26.8,27.8,True,True,True,2024-12-31
2025-09-07,완도,naive_seasonal,26.3,27.8,True,True,True,2024-12-31
2025-09-08,완도,naive_seasonal,25.7,27.9,True,True,True,2024-12-31
2025-09-09,완도,naive_seasonal,24.8,28.3,True,True,True,2024-12-31
2025-09-10,완도,naive_seasonal,24.1,28.7,True,True,True,2024-12-31
2025-09-11,완도,naive_seasonal,24.0,29.0,True,True,True,2024-12-31
2025-09-12,완도,naive_seasonal,23.8,28.8,True,True,True,2024-12-31
2025-09-13,완도,naive_seasonal,24.1,29.3,True,True,True,2024-12-31
2025-09-14,완도,naive_seasonal,24.2,29.5,True,True,True,2024-12-31
2025-09-15,완도,naive_seasonal,24.6,29.4,True,True,True,2024-12-31
2025-09-16,완도,naive_seasonal,25.0,29.2,True,True,True,2024-12-31
2025-09-17,완도,naive_seasonal,25.3,29.1,True,True,True,2024-12-31
2025-09-18,완도,naive_seasonal,24.6,29.1,True,True,True,2024-12-31
2025-09-19,완도,naive_seasonal,24.6,29.2,True,True,True,2024-12-31
2025-09-20,완도,naive_seasonal,24.4,28.7,True,True,True,2024-12-31
2025-09-21,완도,naive_seasonal,23.9,28.2,True,True,True,2024-12-31
2025-09-22,완도,naive_seasonal,23.6,27.4,True,True,True,2024-12-31
2025-09-23,완도,naive_seasonal,23.4,26.8,True,True,True,2024-12-31
2025-09-24,완도,naive_seasonal,23.5,26.3,True,True,True,2024-12-31
2025-09-25,완도,naive_seasonal,23.5,26.3,True,True,True,2024-12-31
2025-09-26,완도,naive_seasonal,23.4,26.5,True,True,True,2024-12-31
2025-09-27,완도,naive_seasonal,23.5,26.6,True,True,True,2024-12-31
2025-09-28,완도,naive_seasonal,23.7,26.5,True,True,True,2024-12-31
2025-09-29,완도,naive_seasonal,23.8,26.4,True,True,True,2024-12-31
2025-09-30,완도,naive_seasonal,23.5,26.2,True,True,True,2024-12-31
2025-10-01,완도,naive_seasonal,23.5,26.0,True,True,True,2024-12-31
2025-10-02,완도,naive_seasonal,23.3,24.9,True,True,True,2024-12-31
2025-10-03,완도,naive_seasonal,22.5,23.6,True,True,True,2024-12-31
2025-10-04,완도,naive_seasonal,22.5,23.1,True,True,True,2024-12-31
2025-10-05,완도,naive_seasonal,23.0,23.3,True,True,True,2024-12-31
2025-10-06,완도,naive_seasonal,23.4,23.3,True,True,True,2024-12-31
2025-10-07,완도,naive_seasonal,23.6,22.8,True,True,True,2024-12-31
2025-10-08,완도,naive_seasonal,23.5,22.6,True,True,True,2024-12-31
2025-10-09,완도,naive_seasonal,23.6,22.6,True,True,True,2024-12-31
2025-10-10,완도,naive_seasonal,23.4,22.5,True,True,True,2024-12-31
2025-10-11,완도,naive_seasonal,23.5,22.5,True,True,True,2024-12-31
2025-10-12,완도,naive_seasonal,23.7,22.4,True,True,True,2024-12-31
2025-10-13,완도,naive_seasonal,23.9,22.5,True,True,True,2024-12-31
2025-10-14,완도,naive_seasonal,24.1,22.4,True,True,True,2024-12-31
2025-10-15,완도,naive_seasonal,23.5,22.6,True,True,True,2024-12-31
2025-10-16,완도,naive_seasonal,23.3,22.9,True,True,True,2024-12-31
2025-10-17,완도,naive_seasonal,23.1,22.9,True,True,True,2024-12-31
2025-10-18,완도,naive_seasonal,22.9,22.8,True,True,True,2024-12-31
2025-10-19,완도,naive_seasonal,22.3,23.0,True,True,True,2024-12-31
2025-10-20,완도,naive_seasonal,21.6,21.8,True,True,True,2024-12-31
2025-10-21,완도,naive_seasonal,20.7,20.9,True,True,True,2024-12-31
2025-10-22,완도,naive_seasonal,20.2,21.1,True,True,True,2024-12-31
2025-10-23,완도,naive_seasonal,20.4,20.9,True,True,True,2024-12-31
2025-10-24,완도,naive_seasonal,20.4,20.4,True,True,True,2024-12-31
2025-10-25,완도,naive_seasonal,20.5,19.8,True,True,True,2024-12-31
2025-10-26,완도,naive_seasonal,20.2,19.5,True,True,True,2024-12-31
2025-10-27,완도,naive_seasonal,19.6,19.8,True,True,True,2024-12-31
2025-10-28,완도,naive_seasonal,18.6,20.0,True,True,True,2024-12-31
2025-10-29,완도,naive_seasonal,17.8,20.0,True,True,True,2024-12-31
2025-10-30,완도,naive_seasonal,17.5,20.1,True,True,True,2024-12-31
2025-10-31,완도,naive_seasonal,17.4,20.1,True,True,True,2024-12-31
2025-11-01,완도,naive_seasonal,17.5,19.8,True,True,True,2024-12-31
2025-11-02,완도,naive_seasonal,17.3,19.6,True,True,True,2024-12-31
2025-11-03,완도,naive_seasonal,16.8,20.0,True,True,True,2024-12-31
2025-11-04,완도,naive_seasonal,17.0,20.0,True,True,True,2024-12-31
2025-11-05,완도,naive_seasonal,17.6,19.3,True,True,True,2024-12-31
2025-11-06,완도,naive_seasonal,17.9,18.3,True,True,True,2024-12-31
2025-11-07,완도,naive_seasonal,18.0,17.5,True,True,True,2024-12-31
2025-11-08,완도,naive_seasonal,18.0,17.3,True,True,True,2024-12-31
2025-11-09,완도,naive_seasonal,17.7,17.2,True,True,True,2024-12-31
2025-11-10,완도,naive_seasonal,17.4,17.3,True,True,True,2024-12-31
2025-11-11,완도,naive_seasonal,16.7,17.3,True,True,True,2024-12-31
2025-11-12,완도,naive_seasonal,16.0,17.6,True,True,True,2024-12-31
2025-11-13,완도,naive_seasonal,15.5,17.7,True,True,True,2024-12-31
2025-11-14,완도,naive_seasonal,15.5,17.8,True,True,True,2024-12-31
2025-11-15,완도,naive_seasonal,15.3,18.1,True,True,True,2024-12-31
2025-11-16,완도,naive_seasonal,15.2,18.4,True,True,True,2024-12-31
2025-11-17,완도,naive_seasonal,15.1,18.3,True,True,True,2024-12-31
2025-11-18,완도,naive_seasonal,14.4,16.4,True,True,True,2024-12-31
2025-11-19,완도,naive_seasonal,14.0,15.5,True,True,True,2024-12-31
2025-11-20,완도,naive_seasonal,14.0,15.3,True,True,True,2024-12-31
2025-11-21,완도,naive_seasonal,14.1,15.1,True,True,True,2024-12-31
2025-11-22,완도,naive_seasonal,14.2,14.9,True,True,True,2024-12-31
2025-11-23,완도,naive_seasonal,14.3,14.4,True,True,True,2024-12-31
2025-11-24,완도,naive_seasonal,14.6,13.9,True,True,True,2024-12-31
2025-11-25,완도,naive_seasonal,14.5,13.8,True,True,True,2024-12-31
2025-11-26,완도,naive_seasonal,13.9,13.6,True,True,True,2024-12-31
2025-11-27,완도,naive_seasonal,13.4,13.0,True,True,True,2024-12-31
2025-11-28,완도,naive_seasonal,12.8,12.5,True,True,True,2024-12-31
2025-11-29,완도,naive_seasonal,12.3,12.2,True,True,True,2024-12-31
2025-11-30,완도,naive_seasonal,12.6,12.3,True,True,True,2024-12-31
2025-12-01,완도,naive_seasonal,13.0,12.5,True,True,True,2024-12-31
2025-12-02,완도,naive_seasonal,12.5,12.7,True,True,True,2024-12-31
2025-12-03,완도,naive_seasonal,11.8,12.7,True,True,True,2024-12-31
2025-12-04,완도,naive_seasonal,11.3,12.2,True,True,True,2024-12-31
2025-12-05,완도,naive_seasonal,11.2,12.0,True,True,True,2024-12-31
2025-12-06,완도,naive_seasonal,11.0,11.8,True,True,True,2024-12-31
2025-12-07,완도,naive_seasonal,11.4,11.4,True,True,True,2024-12-31
2025-12-08,완도,naive_seasonal,11.7,10.9,True,True,True,2024-12-31
2025-12-09,완도,naive_seasonal,11.2,10.5,True,True,True,2024-12-31
2025-12-10,완도,naive_seasonal,11.0,10.2,True,True,True,2024-12-31
2025-12-11,완도,naive_seasonal,11.1,10.1,True,True,True,2024-12-31
2025-12-12,완도,naive_seasonal,10.7,9.7,True,True,True,2024-12-31
2025-12-13,완도,naive_seasonal,10.2,9.5,True,True,True,2024-12-31
2025-12-14,완도,naive_seasonal,9.7,9.4,True,True,True,2024-12-31
2025-12-15,완도,naive_seasonal,9.6,9.5,True,True,True,2024-12-31
2025-12-16,완도,naive_seasonal,9.6,9.7,True,True,True,2024-12-31
2025-12-17,완도,naive_seasonal,9.8,10.0,True,True,True,2024-12-31
2025-12-18,완도,naive_seasonal,9.8,9.8,True,True,True,2024-12-31
2025-12-19,완도,naive_seasonal,9.9,9.3,True,True,True,2024-12-31
2025-12-20,완도,naive_seasonal,10.4,8.9,True,True,True,2024-12-31
2025-12-21,완도,naive_seasonal,10.4,8.6,True,True,True,2024-12-31
2025-12-22,완도,naive_seasonal,9.6,8.3,True,True,True,2024-12-31
2025-12-23,완도,naive_seasonal,9.5,7.8,True,True,True,2024-12-31
2025-12-24,완도,naive_seasonal,9.8,7.6,True,True,True,2024-12-31
2025-12-25,완도,naive_seasonal,9.5,7.4,True,True,True,2024-12-31
2025-12-26,완도,naive_seasonal,8.5,7.4,True,True,True,2024-12-31
2025-12-27,완도,naive_seasonal,7.6,7.1,True,True,True,2024-12-31
2025-12-28,완도,naive_seasonal,7.4,6.9,True,True,True,2024-12-31
2025-12-29,완도,naive_seasonal,7.6,7.0,True,True,True,2024-12-31
2025-12-30,완도,naive_seasonal,7.9,7.3,True,True,True,2024-12-31
2025-12-31,완도,naive_seasonal,7.6,7.5,True,True,True,2024-12-31
2025-01-01,완도,moving_average,8.3,7.228571428571428,True,True,True,2024-12-31
2025-01-02,완도,moving_average,8.2,7.228571428571428,True,True,True,2024-12-31
2025-01-03,완도,moving_average,8.1,7.228571428571428,True,True,True,2024-12-31
2025-01-04,완도,moving_average,8.1,7.228571428571428,True,True,True,2024-12-31
2025-01-05,완도,moving_average,8.1,7.228571428571428,True,True,True,2024-12-31
2025-01-06,완도,moving_average,8.1,7.228571428571428,True,True,True,2024-12-31
2025-01-07,완도,moving_average,7.8,7.228571428571428,True,True,True,2024-12-31
2025-01-08,완도,moving_average,7.5,7.228571428571428,True,True,True,2024-12-31
2025-01-09,완도,moving_average,7.0,7.228571428571428,True,True,True,2024-12-31
2025-01-10,완도,moving_average,6.3,7.228571428571428,True,True,True,2024-12-31
2025-01-11,완도,moving_average,6.1,7.228571428571428,True,True,True,2024-12-31
2025-01-12,완도,moving_average,6.1,7.228571428571428,True,True,True,2024-12-31
2025-01-13,완도,moving_average,6.3,7.228571428571428,True,True,True,2024-12-31
2025-01-14,완도,moving_average,6.9,7.228571428571428,True,True,True,2024-12-31
2025-01-15,완도,moving_average,7.2,7.228571428571428,True,True,True,2024-12-31
2025-01-16,완도,moving_average,7.1,7.228571428571428,True,True,True,2024-12-31
2025-01-17,완도,moving_average,7.4,7.228571428571428,True,True,True,2024-12-31
2025-01-18,완도,moving_average,7.3,7.228571428571428,True,True,True,2024-12-31
2025-01-19,완도,moving_average,7.4,7.228571428571428,True,True,True,2024-12-31
2025-01-20,완도,moving_average,7.6,7.228571428571428,True,True,True,2024-12-31
2025-01-21,완도,moving_average,7.6,7.228571428571428,True,True,True,2024-12-31
2025-01-22,완도,moving_average,7.4,7.228571428571428,True,True,True,2024-12-31
2025-01-23,완도,moving_average,7.2,7.228571428571428,True,True,True,2024-12-31
2025-01-24,완도,moving_average,7.2,7.228571428571428,True,True,True,2024-12-31
2025-01-25,완도,moving_average,7.4,7.228571428571428,True,True,True,2024-12-31
2025-01-26,완도,moving_average,7.6,7.228571428571428,True,True,True,2024-12-31
2025-01-27,완도,moving_average,7.3,7.228571428571428,True,True,True,2024-12-31
2025-01-28,완도,moving_average,6.8,7.228571428571428,True,True,True,2024-12-31
2025-01-29,완도,moving_average,6.5,7.228571428571428,True,True,True,2024-12-31
2025-01-30,완도,moving_average,6.5,7.228571428571428,True,True,True,2024-12-31
2025-01-31,완도,moving_average,6.8,7.228571428571428,True,True,True,2024-12-31
2025-02-01,완도,moving_average,7.0,7.228571428571428,True,True,True,2024-12-31
2025-02-02,완도,moving_average,7.3,7.228571428571428,True,True,True,2024-12-31
2025-02-03,완도,moving_average,7.2,7.228571428571428,True,True,True,2024-12-31
2025-02-04,완도,moving_average,6.6,7.228571428571428,True,True,True,2024-12-31
2025-02-05,완도,moving_average,5.8,7.228571428571428,True,True,True,2024-12-31
2025-02-06,완도,moving_average,5.2,7.228571428571428,True,True,True,2024-12-31
2025-02-07,완도,moving_average,4.8,7.228571428571428,True,True,True,2024-12-31
2025-02-08,완도,moving_average,4.7,7.228571428571428,True,True,True,2024-12-31
2025-02-09,완도,moving_average,4.5,7.228571428571428,True,True,True,2024-12-31
2025-02-10,완도,moving_average,4.3,7.228571428571428,True,True,True,2024-12-31
2025-02-11,완도,moving_average,4.5,7.228571428571428,True,True,True,2024-12-31
2025-02-12,완도,moving_average,5.3,7.228571428571428,True,True,True,2024-12-31
2025-02-13,완도,moving_average,5.5,7.228571428571428,True,True,True,2024-12-31
2025-02-14,완도,moving_average,5.7,7.228571428571428,True,True,True,2024-12-31
2025-02-15,완도,moving_average,6.3,7.228571428571428,True,True,True,2024-12-31
2025-02-16,완도,moving_average,6.6,7.228571428571428,True,True,True,2024-12-31
2025-02-17,완도,moving_average,6.8,7.228571428571428,True,True,True,2024-12-31
2025-02-18,완도,moving_average,6.4,7.228571428571428,True,True,True,2024-12-31
2025-02-19,완도,moving_average,6.1,7.228571428571428,True,True,True,2024-12-31
2025-02-20,완도,moving_average,5.9,7.228571428571428,True,True,True,2024-12-31
2025-02-21,완도,moving_average,5.6,7.228571428571428,True,True,True,2024-12-31
2025-02-22,완도,moving_average,5.4,7.228571428571428,True,True,True,2024-12-31
2025-02-23,완도,moving_average,5.2,7.228571428571428,True,True,True,2024-12-31
2025-02-24,완도,moving_average,5.1,7.228571428571428,True,True,True,2024-12-31
2025-02-25,완도,moving_average,5.2,7.228571428571428,True,True,True,2024-12-31
2025-02-26,완도,moving_average,5.6,7.228571428571428,True,True,True,2024-12-31
2025-02-27,완도,moving_average,5.9,7.228571428571428,True,True,True,2024-12-31
2025-02-28,완도,moving_average,6.7,7.228571428571428,True,True,True,2024-12-31
2025-03-01,완도,moving_average,7.1,7.228571428571428,True,True,True,2024-12-31
2025-03-02,완도,moving_average,7.5,7.228571428571428,True,True,True,2024-12-31
2025-03-03,완도,moving_average,7.5,7.228571428571428,True,True,True,2024-12-31
2025-03-04,완도,moving_average,7.0,7.228571428571428,True,True,True,2024-12-31
2025-03-05,완도,moving_average,7.2,7.228571428571428,True,True,True,2024-12-31
2025-03-06,완도,moving_average,7.5,7.228571428571428,True,True,True,2024-12-31
2025-03-07,완도,moving_average,7.7,7.228571428571428,True,True,True,2024-12-31
2025-03-08,완도,moving_average,8.0,7.228571428571428,True,True,True,2024-12-31
2025-03-09,완도,moving_average,8.2,7.228571428571428,True,True,True,2024-12-31
2025-03-10,완도,moving_average,8.6,7.228571428571428,True,True,True,2024-12-31
2025-03-11,완도,moving_average,9.0,7.228571428571428,True,True,True,2024-12-31
2025-03-12,완도,moving_average,9.3,7.228571428571428,True,True,True,2024-12-31
2025-03-13,완도,moving_average,9.4,7.228571428571428,True,True,True,2024-12-31
2025-03-14,완도,moving_average,9.8,7.228571428571428,True,True,True,2024-12-31
2025-03-15,완도,moving_average,9.8,7.228571428571428,True,True,True,2024-12-31
2025-03-16,완도,moving_average,9.3,7.228571428571428,True,True,True,2024-12-31
2025-03-17,완도,moving_average,8.5,7.228571428571428,True,True,True,2024-12-31
2025-03-18,완도,moving_average,8.2,7.228571428571428,True,True,True,2024-12-31
2025-03-19,완도,moving_average,8.0,7.228571428571428,True,True,True,2024-12-31
2025-03-20,완도,moving_average,8.5,7.228571428571428,True,True,True,2024-12-31
2025-03-21,완도,moving_average,9.4,7.228571428571428,True,True,True,2024-12-31
2025-03-22,완도,moving_average,10.4,7.228571428571428,True,True,True,2024-12-31
2025-03-23,완도,moving_average,11.3,7.228571428571428,True,True,True,2024-12-31
2025-03-24,완도,moving_average,12.2,7.228571428571428,True,True,True,2024-12-31
2025-03-25,완도,moving_average,12.5,7.228571428571428,True,True,True,2024-12-31
2025-03-26,완도,moving_average,12.6,7.228571428571428,True,True,True,2024-12-31
2025-03-27,완도,moving_average,12.7,7.228571428571428,True,True,True,2024-12-31
2025-03-28,완도,moving_average,11.5,7.228571428571428,True,True,True,2024-12-31
2025-03-29,완도,moving_average,10.5,7.228571428571428,True,True,True,2024-12-31
2025-03-30,완도,moving_average,9.8,7.228571428571428,True,True,True,2024-12-31
2025-03-31,완도,moving_average,10.1,7.228571428571428,True,True,True,2024-12-31
2025-04-01,완도,moving_average,10.6,7.228571428571428,True,True,True,2024-12-31
2025-04-02,완도,moving_average,10.9,7.228571428571428,True,True,True,2024-12-31
2025-04-03,완도,moving_average,11.2,7.228571428571428,True,True,True,2024-12-31
2025-04-04,완도,moving_average,11.7,7.228571428571428,True,True,True,2024-12-31
2025-04-05,완도,moving_average,12.3,7.228571428571428,True,True,True,2024-12-31
2025-04-06,완도,moving_average,12.6,7.228571428571428,True,True,True,2024-12-31
2025-04-07,완도,moving_average,,7.228571428571428,False,False,False,2024-12-31
2025-04-08,완도,moving_average,,7.228571428571428,False,False,False,2024-12-31
2025-04-09,완도,moving_average,,7.228571428571428,False,False,False,2024-12-31
2025-04-10,완도,moving_average,,7.228571428571428,False,False,False,2024-12-31
2025-04-11,완도,moving_average,,7.228571428571428,False,False,False,2024-12-31
2025-04-12,완도,moving_average,,7.228571428571428,False,False,False,2024-12-31
2025-04-13,완도,moving_average,,7.228571428571428,False,False,False,2024-12-31
2025-04-14,완도,moving_average,,7.228571428571428,False,False,False,2024-12-31
2025-04-15,완도,moving_average,,7.228571428571428,False,False,False,2024-12-31
2025-04-16,완도,moving_average,,7.228571428571428,False,False,False,2024-12-31
2025-04-17,완도,moving_average,,7.228571428571428,False,False,False,2024-12-31
2025-04-18,완도,moving_average,,7.228571428571428,False,False,False,2024-12-31
2025-04-19,완도,moving_average,,7.228571428571428,False,False,False,2024-12-31
2025-04-20,완도,moving_average,,7.228571428571428,False,False,False,2024-12-31
2025-04-21,완도,moving_average,,7.228571428571428,False,False,False,2024-12-31
2025-04-22,완도,moving_average,,7.228571428571428,False,False,False,2024-12-31
2025-04-23,완도,moving_average,,7.228571428571428,False,False,False,2024-12-31
2025-04-24,완도,moving_average,16.4,7.228571428571428,True,True,True,2024-12-31
2025-04-25,완도,moving_average,15.6,7.228571428571428,True,True,True,2024-12-31
2025-04-26,완도,moving_average,15.3,7.228571428571428,True,True,True,2024-12-31
2025-04-27,완도,moving_average,15.4,7.228571428571428,True,True,True,2024-12-31
2025-04-28,완도,moving_average,15.8,7.228571428571428,True,True,True,2024-12-31
2025-04-29,완도,moving_average,15.4,7.228571428571428,True,True,True,2024-12-31
2025-04-30,완도,moving_average,15.6,7.228571428571428,True,True,True,2024-12-31
2025-05-01,완도,moving_average,15.9,7.228571428571428,True,True,True,2024-12-31
2025-05-02,완도,moving_average,15.5,7.228571428571428,True,True,True,2024-12-31
2025-05-03,완도,moving_average,15.5,7.228571428571428,True,True,True,2024-12-31
2025-05-04,완도,moving_average,15.5,7.228571428571428,True,True,True,2024-12-31
2025-05-05,완도,moving_average,15.4,7.228571428571428,True,True,True,2024-12-31
2025-05-06,완도,moving_average,15.2,7.228571428571428,True,True,True,2024-12-31
2025-05-07,완도,moving_average,15.3,7.228571428571428,True,True,True,2024-12-31
2025-05-08,완도,moving_average,15.9,7.228571428571428,True,True,True,2024-12-31
2025-05-09,완도,moving_average,16.1,7.228571428571428,True,True,True,2024-12-31
2025-05-10,완도,moving_average,15.9,7.228571428571428,True,True,True,2024-12-31
2025-05-11,완도,moving_average,15.7,7.228571428571428,True,True,True,2024-12-31
2025-05-12,완도,moving_average,16.1,7.228571428571428,True,True,True,2024-12-31
2025-05-13,완도,moving_average,16.7,7.228571428571428,True,True,True,2024-12-31
2025-05-14,완도,moving_average,17.3,7.228571428571428,True,True,True,2024-12-31
2025-05-15,완도,moving_average,17.6,7.228571428571428,True,True,True,2024-12-31
2025-05-16,완도,moving_average,17.5,7.228571428571428,True,True,True,2024-12-31
2025-05-17,완도,moving_average,17.7,7.228571428571428,True,True,True,2024-12-31
2025-05-18,완도,moving_average,17.7,7.228571428571428,True,True,True,2024-12-31
2025-05-19,완도,moving_average,18.2,7.228571428571428,True,True,True,2024-12-31
2025-05-20,완도,moving_average,18.8,7.228571428571428,True,True,True,2024-12-31
2025-05-21,완도,moving_average,19.1,7.228571428571428,True,True,True,2024-12-31
2025-05-22,완도,moving_average,19.1,7.228571428571428,True,True,True,2024-12-31
2025-05-23,완도,moving_average,19.0,7.228571428571428,True,True,True,2024-12-31
2025-05-24,완도,moving_average,18.2,7.228571428571428,True,True,True,2024-12-31
2025-05-25,완도,moving_average,18.1,7.228571428571428,True,True,True,2024-12-31
2025-05-26,완도,moving_average,18.5,7.228571428571428,True,True,True,2024-12-31
2025-05-27,완도,moving_average,18.8,7.228571428571428,True,True,True,2024-12-31
2025-05-28,완도,moving_average,18.9,7.228571428571428,True,True,True,2024-12-31
2025-05-29,완도,moving_average,19.3,7.228571428571428,True,True,True,2024-12-31
2025-05-30,완도,moving_average,19.6,7.228571428571428,True,True,True,2024-12-31
2025-05-31,완도,moving_average,19.7,7.228571428571428,True,True,True,2024-12-31
2025-06-01,완도,moving_average,19.6,7.228571428571428,True,True,True,2024-12-31
2025-06-02,완도,moving_average,19.9,7.228571428571428,True,True,True,2024-12-31
2025-06-03,완도,moving_average,19.9,7.228571428571428,True,True,True,2024-12-31
2025-06-04,완도,moving_average,19.8,7.228571428571428,True,True,True,2024-12-31
2025-06-05,완도,moving_average,19.8,7.228571428571428,True,True,True,2024-12-31
2025-06-06,완도,moving_average,20.2,7.228571428571428,True,True,True,2024-12-31
2025-06-07,완도,moving_average,20.5,7.228571428571428,True,True,True,2024-12-31
2025-06-08,완도,moving_average,21.0,7.228571428571428,True,True,True,2024-12-31
2025-06-09,완도,moving_average,21.2,7.228571428571428,True,True,True,2024-12-31
2025-06-10,완도,moving_average,21.2,7.228571428571428,True,True,True,2024-12-31
2025-06-11,완도,moving_average,21.2,7.228571428571428,True,True,True,2024-12-31
2025-06-12,완도,moving_average,21.2,7.228571428571428,True,True,True,2024-12-31
2025-06-13,완도,moving_average,21.1,7.228571428571428,True,True,True,2024-12-31
2025-06-14,완도,moving_average,21.3,7.228571428571428,True,True,True,2024-12-31
2025-06-15,완도,moving_average,21.2,7.228571428571428,True,True,True,2024-12-31
2025-06-16,완도,moving_average,21.5,7.228571428571428,True,True,True,2024-12-31
2025-06-17,완도,moving_average,21.5,7.228571428571428,True,True,True,2024-12-31
2025-06-18,완도,moving_average,21.9,7.228571428571428,True,True,True,2024-12-31
2025-06-19,완도,moving_average,22.5,7.228571428571428,True,True,True,2024-12-31
2025-06-20,완도,moving_average,22.9,7.228571428571428,True,True,True,2024-12-31
2025-06-21,완도,moving_average,22.7,7.228571428571428,True,True,True,2024-12-31
2025-06-22,완도,moving_average,22.1,7.228571428571428,True,True,True,2024-12-31
2025-06-23,완도,moving_average,22.3,7.228571428571428,True,True,True,2024-12-31
2025-06-24,완도,moving_average,22.2,7.228571428571428,True,True,True,2024-12-31
2025-06-25,완도,moving_average,21.9,7.228571428571428,True,True,True,2024-12-31
2025-06-26,완도,moving_average,22.0,7.228571428571428,True,True,True,2024-12-31
2025-06-27,완도,moving_average,22.3,7.228571428571428,True,True,True,2024-12-31
2025-06-28,완도,moving_average,22.7,7.228571428571428,True,True,True,2024-12-31
2025-06-29,완도,moving_average,23.1,7.228571428571428,True,True,True,2024-12-31
2025-06-30,완도,moving_average,23.9,7.228571428571428,True,True,True,2024-12-31
2025-07-01,완도,moving_average,24.4,7.228571428571428,True,True,True,2024-12-31
2025-07-02,완도,moving_average,25.1,7.228571428571428,True,True,True,2024-12-31
2025-07-03,완도,moving_average,25.1,7.228571428571428,True,True,True,2024-12-31
2025-07-04,완도,moving_average,25.3,7.228571428571428,True,True,True,2024-12-31
2025-07-05,완도,moving_average,25.5,7.228571428571428,True,True,True,2024-12-31
2025-07-06,완도,moving_average,25.8,7.228571428571428,True,True,True,2024-12-31
2025-07-07,완도,moving_average,25.4,7.228571428571428,True,True,True,2024-12-31
2025-07-08,완도,moving_average,26.0,7.228571428571428,True,True,True,2024-12-31
2025-07-09,완도,moving_average,26.5,7.228571428571428,True,True,True,2024-12-31
2025-07-10,완도,moving_average,26.4,7.228571428571428,True,True,True,2024-12-31
2025-07-11,완도,moving_average,26.2,7.228571428571428,True,True,True,2024-12-31
2025-07-12,완도,moving_average,26.1,7.228571428571428,True,True,True,2024-12-31
2025-07-13,완도,moving_average,25.4,7.228571428571428,True,True,True,2024-12-31
2025-07-14,완도,moving_average,24.8,7.228571428571428,True,True,True,2024-12-31
2025-07-15,완도,moving_average,24.7,7.228571428571428,True,True,True,2024-12-31
2025-07-16,완도,moving_average,24.7,7.228571428571428,True,True,True,2024-12-31
2025-07-17,완도,moving_average,25.0,7.228571428571428,True,True,True,2024-12-31
2025-07-18,완도,moving_average,25.2,7.228571428571428,True,True,True,2024-12-31
2025-07-19,완도,moving_average,25.8,7.228571428571428,True,True,True,2024-12-31
2025-07-20,완도,moving_average,26.8,7.228571428571428,True,True,True,2024-12-31
2025-07-21,완도,moving_average,27.3,7.228571428571428,True,True,True,2024-12-31
2025-07-22,완도,moving_average,27.6,7.228571428571428,True,True,True,2024-12-31
2025-07-23,완도,moving_average,27.6,7.228571428571428,True,True,True,2024-12-31
2025-07-24,완도,moving_average,27.6,7.228571428571428,True,True,True,2024-12-31
2025-07-25,완도,moving_average,27.8,7.228571428571428,True,True,True,2024-12-31
2025-07-26,완도,moving_average,28.1,7.228571428571428,True,True,True,2024-12-31
2025-07-27,완도,moving_average,28.2,7.228571428571428,True,True,True,2024-12-31
2025-07-28,완도,moving_average,28.3,7.228571428571428,True,True,True,2024-12-31
2025-07-29,완도,moving_average,28.4,7.228571428571428,True,True,True,2024-12-31
2025-07-30,완도,moving_average,28.5,7.228571428571428,True,True,True,2024-12-31
2025-07-31,완도,moving_average,28.8,7.228571428571428,True,True,True,2024-12-31
2025-08-01,완도,moving_average,29.1,7.228571428571428,True,True,True,2024-12-31
2025-08-02,완도,moving_average,29.5,7.228571428571428,True,True,True,2024-12-31
2025-08-03,완도,moving_average,29.5,7.228571428571428,True,True,True,2024-12-31
2025-08-04,완도,moving_average,29.2,7.228571428571428,True,True,True,2024-12-31
2025-08-05,완도,moving_average,29.1,7.228571428571428,True,True,True,2024-12-31
2025-08-06,완도,moving_average,28.8,7.228571428571428,True,True,True,2024-12-31
2025-08-07,완도,moving_average,28.4,7.228571428571428,True,True,True,2024-12-31
2025-08-08,완도,moving_average,27.9,7.228571428571428,True,True,True,2024-12-31
2025-08-09,완도,moving_average,27.4,7.228571428571428,True,True,True,2024-12-31
2025-08-10,완도,moving_average,26.8,7.228571428571428,True,True,True,2024-12-31
2025-08-11,완도,moving_average,26.2,7.228571428571428,True,True,True,2024-12-31
2025-08-12,완도,moving_average,25.2,7.228571428571428,True,True,True,2024-12-31
2025-08-13,완도,moving_average,25.2,7.228571428571428,True,True,True,2024-12-31
2025-08-14,완도,moving_average,25.7,7.228571428571428,True,True,True,2024-12-31
2025-08-15,완도,moving_average,26.1,7.228571428571428,True,True,True,2024-12-31
2025-08-16,완도,moving_average,26.4,7.228571428571428,True,True,True,2024-12-31
2025-08-17,완도,moving_average,26.6,7.228571428571428,True,True,True,2024-12-31
2025-08-18,완도,moving_average,27.2,7.228571428571428,True,True,True,2024-12-31
2025-08-19,완도,moving_average,27.3,7.228571428571428,True,False,True,2024-12-31
2025-08-20,완도,moving_average,27.0,7.228571428571428,True,False,True,2024-12-31
2025-08-21,완도,moving_average,27.0,7.228571428571428,True,False,True,2024-12-31
2025-08-22,완도,moving_average,26.5,7.228571428571428,True,True,True,2024-12-31
2025-08-23,완도,moving_average,26.3,7.228571428571428,True,True,True,2024-12-31
2025-08-24,완도,moving_average,26.3,7.228571428571428,True,True,True,2024-12-31
2025-08-25,완도,moving_average,26.2,7.228571428571428,True,True,True,2024-12-31
2025-08-26,완도,moving_average,25.9,7.228571428571428,True,True,True,2024-12-31
2025-08-27,완도,moving_average,25.7,7.228571428571428,True,True,True,2024-12-31
2025-08-28,완도,moving_average,26.0,7.228571428571428,True,True,True,2024-12-31
2025-08-29,완도,moving_average,26.2,7.228571428571428,True,True,True,2024-12-31
2025-08-30,완도,moving_average,26.3,7.228571428571428,True,True,True,2024-12-31
2025-08-31,완도,moving_average,26.9,7.228571428571428,True,True,True,2024-12-31
2025-09-01,완도,moving_average,27.1,7.228571428571428,True,True,True,2024-12-31
2025-09-02,완도,moving_average,27.6,7.228571428571428,True,True,True,2024-12-31
2025-09-03,완도,moving_average,26.8,7.228571428571428,True,True,True,2024-12-31
2025-09-04,완도,moving_average,27.2,7.228571428571428,True,True,True,2024-12-31
2025-09-05,완도,moving_average,27.0,7.228571428571428,True,True,True,2024-12-31
2025-09-06,완도,moving_average,26.8,7.228571428571428,True,True,True,2024-12-31
2025-09-07,완도,moving_average,26.3,7.228571428571428,True,True,True,2024-12-31
2025-09-08,완도,moving_average,25.7,7.228571428571428,True,True,True,2024-12-31
2025-09-09,완도,moving_average,24.8,7.228571428571428,True,True,True,2024-12-31
2025-09-10,완도,moving_average,24.1,7.228571428571428,True,True,True,2024-12-31
2025-09-11,완도,moving_average,24.0,7.228571428571428,True,True,True,2024-12-31
2025-09-12,완도,moving_average,23.8,7.228571428571428,True,True,True,2024-12-31
2025-09-13,완도,moving_average,24.1,7.228571428571428,True,True,True,2024-12-31
2025-09-14,완도,moving_average,24.2,7.228571428571428,True,True,True,2024-12-31
2025-09-15,완도,moving_average,24.6,7.228571428571428,True,True,True,2024-12-31
2025-09-16,완도,moving_average,25.0,7.228571428571428,True,True,True,2024-12-31
2025-09-17,완도,moving_average,25.3,7.228571428571428,True,True,True,2024-12-31
2025-09-18,완도,moving_average,24.6,7.228571428571428,True,True,True,2024-12-31
2025-09-19,완도,moving_average,24.6,7.228571428571428,True,True,True,2024-12-31
2025-09-20,완도,moving_average,24.4,7.228571428571428,True,True,True,2024-12-31
2025-09-21,완도,moving_average,23.9,7.228571428571428,True,True,True,2024-12-31
2025-09-22,완도,moving_average,23.6,7.228571428571428,True,True,True,2024-12-31
2025-09-23,완도,moving_average,23.4,7.228571428571428,True,True,True,2024-12-31
2025-09-24,완도,moving_average,23.5,7.228571428571428,True,True,True,2024-12-31
2025-09-25,완도,moving_average,23.5,7.228571428571428,True,True,True,2024-12-31
2025-09-26,완도,moving_average,23.4,7.228571428571428,True,True,True,2024-12-31
2025-09-27,완도,moving_average,23.5,7.228571428571428,True,True,True,2024-12-31
2025-09-28,완도,moving_average,23.7,7.228571428571428,True,True,True,2024-12-31
2025-09-29,완도,moving_average,23.8,7.228571428571428,True,True,True,2024-12-31
2025-09-30,완도,moving_average,23.5,7.228571428571428,True,True,True,2024-12-31
2025-10-01,완도,moving_average,23.5,7.228571428571428,True,True,True,2024-12-31
2025-10-02,완도,moving_average,23.3,7.228571428571428,True,True,True,2024-12-31
2025-10-03,완도,moving_average,22.5,7.228571428571428,True,True,True,2024-12-31
2025-10-04,완도,moving_average,22.5,7.228571428571428,True,True,True,2024-12-31
2025-10-05,완도,moving_average,23.0,7.228571428571428,True,True,True,2024-12-31
2025-10-06,완도,moving_average,23.4,7.228571428571428,True,True,True,2024-12-31
2025-10-07,완도,moving_average,23.6,7.228571428571428,True,True,True,2024-12-31
2025-10-08,완도,moving_average,23.5,7.228571428571428,True,True,True,2024-12-31
2025-10-09,완도,moving_average,23.6,7.228571428571428,True,True,True,2024-12-31
2025-10-10,완도,moving_average,23.4,7.228571428571428,True,True,True,2024-12-31
2025-10-11,완도,moving_average,23.5,7.228571428571428,True,True,True,2024-12-31
2025-10-12,완도,moving_average,23.7,7.228571428571428,True,True,True,2024-12-31
2025-10-13,완도,moving_average,23.9,7.228571428571428,True,True,True,2024-12-31
2025-10-14,완도,moving_average,24.1,7.228571428571428,True,True,True,2024-12-31
2025-10-15,완도,moving_average,23.5,7.228571428571428,True,True,True,2024-12-31
2025-10-16,완도,moving_average,23.3,7.228571428571428,True,True,True,2024-12-31
2025-10-17,완도,moving_average,23.1,7.228571428571428,True,True,True,2024-12-31
2025-10-18,완도,moving_average,22.9,7.228571428571428,True,True,True,2024-12-31
2025-10-19,완도,moving_average,22.3,7.228571428571428,True,True,True,2024-12-31
2025-10-20,완도,moving_average,21.6,7.228571428571428,True,True,True,2024-12-31
2025-10-21,완도,moving_average,20.7,7.228571428571428,True,True,True,2024-12-31
2025-10-22,완도,moving_average,20.2,7.228571428571428,True,True,True,2024-12-31
2025-10-23,완도,moving_average,20.4,7.228571428571428,True,True,True,2024-12-31
2025-10-24,완도,moving_average,20.4,7.228571428571428,True,True,True,2024-12-31
2025-10-25,완도,moving_average,20.5,7.228571428571428,True,True,True,2024-12-31
2025-10-26,완도,moving_average,20.2,7.228571428571428,True,True,True,2024-12-31
2025-10-27,완도,moving_average,19.6,7.228571428571428,True,True,True,2024-12-31
2025-10-28,완도,moving_average,18.6,7.228571428571428,True,True,True,2024-12-31
2025-10-29,완도,moving_average,17.8,7.228571428571428,True,True,True,2024-12-31
2025-10-30,완도,moving_average,17.5,7.228571428571428,True,True,True,2024-12-31
2025-10-31,완도,moving_average,17.4,7.228571428571428,True,True,True,2024-12-31
2025-11-01,완도,moving_average,17.5,7.228571428571428,True,True,True,2024-12-31
2025-11-02,완도,moving_average,17.3,7.228571428571428,True,True,True,2024-12-31
2025-11-03,완도,moving_average,16.8,7.228571428571428,True,True,True,2024-12-31
2025-11-04,완도,moving_average,17.0,7.228571428571428,True,True,True,2024-12-31
2025-11-05,완도,moving_average,17.6,7.228571428571428,True,True,True,2024-12-31
2025-11-06,완도,moving_average,17.9,7.228571428571428,True,True,True,2024-12-31
2025-11-07,완도,moving_average,18.0,7.228571428571428,True,True,True,2024-12-31
2025-11-08,완도,moving_average,18.0,7.228571428571428,True,True,True,2024-12-31
2025-11-09,완도,moving_average,17.7,7.228571428571428,True,True,True,2024-12-31
2025-11-10,완도,moving_average,17.4,7.228571428571428,True,True,True,2024-12-31
2025-11-11,완도,moving_average,16.7,7.228571428571428,True,True,True,2024-12-31
2025-11-12,완도,moving_average,16.0,7.228571428571428,True,True,True,2024-12-31
2025-11-13,완도,moving_average,15.5,7.228571428571428,True,True,True,2024-12-31
2025-11-14,완도,moving_average,15.5,7.228571428571428,True,True,True,2024-12-31
2025-11-15,완도,moving_average,15.3,7.228571428571428,True,True,True,2024-12-31
2025-11-16,완도,moving_average,15.2,7.228571428571428,True,True,True,2024-12-31
2025-11-17,완도,moving_average,15.1,7.228571428571428,True,True,True,2024-12-31
2025-11-18,완도,moving_average,14.4,7.228571428571428,True,True,True,2024-12-31
2025-11-19,완도,moving_average,14.0,7.228571428571428,True,True,True,2024-12-31
2025-11-20,완도,moving_average,14.0,7.228571428571428,True,True,True,2024-12-31
2025-11-21,완도,moving_average,14.1,7.228571428571428,True,True,True,2024-12-31
2025-11-22,완도,moving_average,14.2,7.228571428571428,True,True,True,2024-12-31
2025-11-23,완도,moving_average,14.3,7.228571428571428,True,True,True,2024-12-31
2025-11-24,완도,moving_average,14.6,7.228571428571428,True,True,True,2024-12-31
2025-11-25,완도,moving_average,14.5,7.228571428571428,True,True,True,2024-12-31
2025-11-26,완도,moving_average,13.9,7.228571428571428,True,True,True,2024-12-31
2025-11-27,완도,moving_average,13.4,7.228571428571428,True,True,True,2024-12-31
2025-11-28,완도,moving_average,12.8,7.228571428571428,True,True,True,2024-12-31
2025-11-29,완도,moving_average,12.3,7.228571428571428,True,True,True,2024-12-31
2025-11-30,완도,moving_average,12.6,7.228571428571428,True,True,True,2024-12-31
2025-12-01,완도,moving_average,13.0,7.228571428571428,True,True,True,2024-12-31
2025-12-02,완도,moving_average,12.5,7.228571428571428,True,True,True,2024-12-31
2025-12-03,완도,moving_average,11.8,7.228571428571428,True,True,True,2024-12-31
2025-12-04,완도,moving_average,11.3,7.228571428571428,True,True,True,2024-12-31
2025-12-05,완도,moving_average,11.2,7.228571428571428,True,True,True,2024-12-31
2025-12-06,완도,moving_average,11.0,7.228571428571428,True,True,True,2024-12-31
2025-12-07,완도,moving_average,11.4,7.228571428571428,True,True,True,2024-12-31
2025-12-08,완도,moving_average,11.7,7.228571428571428,True,True,True,2024-12-31
2025-12-09,완도,moving_average,11.2,7.228571428571428,True,True,True,2024-12-31
2025-12-10,완도,moving_average,11.0,7.228571428571428,True,True,True,2024-12-31
2025-12-11,완도,moving_average,11.1,7.228571428571428,True,True,True,2024-12-31
2025-12-12,완도,moving_average,10.7,7.228571428571428,True,True,True,2024-12-31
2025-12-13,완도,moving_average,10.2,7.228571428571428,True,True,True,2024-12-31
2025-12-14,완도,moving_average,9.7,7.228571428571428,True,True,True,2024-12-31
2025-12-15,완도,moving_average,9.6,7.228571428571428,True,True,True,2024-12-31
2025-12-16,완도,moving_average,9.6,7.228571428571428,True,True,True,2024-12-31
2025-12-17,완도,moving_average,9.8,7.228571428571428,True,True,True,2024-12-31
2025-12-18,완도,moving_average,9.8,7.228571428571428,True,True,True,2024-12-31
2025-12-19,완도,moving_average,9.9,7.228571428571428,True,True,True,2024-12-31
2025-12-20,완도,moving_average,10.4,7.228571428571428,True,True,True,2024-12-31
2025-12-21,완도,moving_average,10.4,7.228571428571428,True,True,True,2024-12-31
2025-12-22,완도,moving_average,9.6,7.228571428571428,True,True,True,2024-12-31
2025-12-23,완도,moving_average,9.5,7.228571428571428,True,True,True,2024-12-31
2025-12-24,완도,moving_average,9.8,7.228571428571428,True,True,True,2024-12-31
2025-12-25,완도,moving_average,9.5,7.228571428571428,True,True,True,2024-12-31
2025-12-26,완도,moving_average,8.5,7.228571428571428,True,True,True,2024-12-31
2025-12-27,완도,moving_average,7.6,7.228571428571428,True,True,True,2024-12-31
2025-12-28,완도,moving_average,7.4,7.228571428571428,True,True,True,2024-12-31
2025-12-29,완도,moving_average,7.6,7.228571428571428,True,True,True,2024-12-31
2025-12-30,완도,moving_average,7.9,7.228571428571428,True,True,True,2024-12-31
2025-12-31,완도,moving_average,7.6,7.228571428571428,True,True,True,2024-12-31
2025-01-01,완도,harmonic_regression,8.3,7.181235707265918,True,True,True,2024-12-31
2025-01-02,완도,harmonic_regression,8.2,7.119194255316623,True,True,True,2024-12-31
2025-01-03,완도,harmonic_regression,8.1,7.063793188049452,True,True,True,2024-12-31
2025-01-04,완도,harmonic_regression,8.1,7.01482420097433,True,True,True,2024-12-31
2025-01-05,완도,harmonic_regression,8.1,6.972055939066852,True,True,True,2024-12-31
2025-01-06,완도,harmonic_regression,8.1,6.935236380072082,True,True,True,2024-12-31
2025-01-07,완도,harmonic_regression,7.8,6.90409538126301,True,True,True,2024-12-31
2025-01-08,완도,harmonic_regression,7.5,6.8783473649851885,True,True,True,2024-12-31
2025-01-09,완도,harmonic_regression,7.0,6.857694117078102,True,True,True,2024-12-31
2025-01-10,완도,harmonic_regression,6.3,6.841827671276089,True,True,True,2024-12-31
2025-01-11,완도,harmonic_regression,6.1,6.8304332519657525,True,True,True,2024-12-31
2025-01-12,완도,harmonic_regression,6.1,6.823192247219829,True,True,True,2024-12-31
2025-01-13,완도,harmonic_regression,6.3,6.8197851838430505,True,True,True,2024-12-31
2025-01-14,완도,harmonic_regression,6.9,6.819894676254753,True,True,True,2024-12-31
2025-01-15,완도,harmonic_regression,7.2,6.823208321394562,True,True,True,2024-12-31
2025-01-16,완도,harmonic_regression,7.1,6.829421512467183,True,True,True,2024-12-31
2025-01-17,완도,harmonic_regression,7.4,6.8382401452330335,True,True,True,2024-12-31
2025-01-18,완도,harmonic_regression,7.3,6.849383191694416,True,True,True,2024-12-31
2025-01-19,완도,harmonic_regression,7.4,6.862585117409479,True,True,True,2024-12-31
2025-01-20,완도,harmonic_regression,7.6,6.877598120274955,True,True,True,2024-12-31
2025-01-21,완도,harmonic_regression,7.6,6.8941941704367675,True,True,True,2024-12-31
2025-01-22,완도,harmonic_regression,7.4,6.9121668329965065,True,True,True,2024-12-31
2025-01-23,완도,harmonic_regression,7.2,6.931332857361992,True,True,True,2024-12-31
2025-01-24,완도,harmonic_regression,7.2,6.951533519418767,True,True,True,2024-12-31
2025-01-25,완도,harmonic_regression,7.4,6.972635705153982,True,True,True,2024-12-31
2025-01-26,완도,harmonic_regression,7.6,6.994532726919713,True,True,True,2024-12-31
2025-01-27,완도,harmonic_regression,7.3,7.017144866154272,True,True,True,2024-12-31
2025-01-28,완도,harmonic_regression,6.8,7.040419639061096,True,True,True,2024-12-31
2025-01-29,완도,harmonic_regression,6.5,7.064331784449209,True,True,True,2024-12-31
2025-01-30,완도,harmonic_regression,6.5,7.088882975640143,True,True,True,2024-12-31
2025-01-31,완도,harmonic_regression,6.8,7.114101261017186,True,True,True,2024-12-31
2025-02-01,완도,harmonic_regression,7.0,7.140040240407783,True,True,True,2024-12-31
2025-02-02,완도,harmonic_regression,7.3,7.16677798702325,True,True,True,2024-12-31
2025-02-03,완도,harmonic_regression,7.2,7.194415727107289,True,True,True,2024-12-31
2025-02-04,완도,harmonic_regression,6.6,7.223076291742373,True,True,True,2024-12-31
2025-02-05,완도,harmonic_regression,5.8,7.252902357409138,True,True,True,2024-12-31
2025-02-06,완도,harmonic_regression,5.2,7.284054493867728,True,True,True,2024-12-31
2025-02-07,완도,harmonic_regression,4.8,7.316709039713029,True,True,True,2024-12-31
2025-02-08,완도,harmonic_regression,4.7,7.3510558275310345,True,True,True,2024-12-31
2025-02-09,완도,harmonic_regression,4.5,7.387295781936794,True,True,True,2024-12-31
2025-02-10,완도,harmonic_regression,4.3,7.42563841489288,True,True,True,2024-12-31
2025-02-11,완도,harmonic_regression,4.5,7.4662992435812505,True,True,True,2024-12-31
2025-02-12,완도,harmonic_regression,5.3,7.509497156723505,True,True,True,2024-12-31
2025-02-13,완도,harmonic_regression,5.5,7.5554517556092335,True,True,True,2024-12-31
2025-02-14,완도,harmonic_regression,5.7,7.6043806961979,True,True,True,2024-12-31
2025-02-15,완도,harmonic_regression,6.3,7.656497058505961,True,True,True,2024-12-31
2025-02-16,완도,harmonic_regression,6.6,7.7120067690809115,True,True,True,2024-12-31
2025-02-17,완도,harmonic_regression,6.8,7.7711061017029195,True,True,True,2024-12-31
2025-02-18,완도,harmonic_regression,6.4,7.833979280550244,True,True,True,2024-12-31
2025-02-19,완도,harmonic_regression,6.1,7.9007962089273835,True,True,True,2024-12-31
2025-02-20,완도,harmonic_regression,5.9,7.971710345296726,True,True,True,2024-12-31
2025-02-21,완도,harmonic_regression,5.6,8.046856746790567,True,True,True,2024-12-31
2025-02-22,완도,harmonic_regression,5.4,8.126350298626907,True,True,True,2024-12-31
2025-02-23,완도,harmonic_regression,5.2,8.210284145928018,True,True,True,2024-12-31
2025-02-24,완도,harmonic_regression,5.1,8.298728342365276,True,True,True,2024-12-31
2025-02-25,완도,harmonic_regression,5.2,8.391728727848832,True,True,True,2024-12-31
2025-02-26,완도,harmonic_regression,5.6,8.489306045168467,True,True,True,2024-12-31
2025-02-27,완도,harmonic_regression,5.9,8.591455303096648,True,True,True,2024-12-31
2025-02-28,완도,harmonic_regression,6.7,8.698145391009898,True,True,True,2024-12-31
2025-03-01,완도,harmonic_regression,7.1,8.809318947595433,True,True,True,2024-12-31
2025-03-02,완도,harmonic_regression,7.5,8.9248924837111,True,True,True,2024-12-31
2025-03-03,완도,harmonic_regression,7.5,9.044756756983023,True,True,True,2024-12-31
2025-03-04,완도,harmonic_regression,7.0,9.168777393281584,True,True,True,2024-12-31
2025-03-05,완도,harmonic_regression,7.2,9.29679574783636,True,True,True,2024-12-31
2025-03-06,완도,harmonic_regression,7.5,9.42862999645777,True,True,True,2024-12-31
2025-03-07,완도,harmonic_regression,7.7,9.564076445149603,True,True,True,2024-12-31
2025-03-08,완도,harmonic_regression,8.0,9.702911044343214,True,True,True,2024-12-31
2025-03-09,완도,harmonic_regression,8.2,9.844891092080836,True,True,True,2024-12-31
2025-03-10,완도,harmonic_regression,8.6,9.98975710873962,True,True,True,2024-12-31
2025-03-11,완도,harmonic_regression,9.0,10.137234864336287,True,True,True,2024-12-31
2025-03-12,완도,harmonic_regression,9.3,10.287037538098419,True,True,True,2024-12-31
2025-03-13,완도,harmonic_regression,9.4,10.438867988844821,True,True,True,2024-12-31
2025-03-14,완도,harmonic_regression,9.8,10.592421113793733,True,True,True,2024-12-31
2025-03-15,완도,harmonic_regression,9.8,10.747386272721586,True,True,True,2024-12-31
2025-03-16,완도,harmonic_regression,9.3,10.903449753931953,True,True,True,2024-12-31
2025-03-17,완도,harmonic_regression,8.5,11.060297258266814,True,True,True,2024-12-31
2025-03-18,완도,harmonic_regression,8.2,11.217616377401114,True,True,True,2024-12-31
2025-03-19,완도,harmonic_regression,8.0,11.37509904290473,True,True,True,2024-12-31
2025-03-20,완도,harmonic_regression,8.5,11.532443923028945,True,True,True,2024-12-31
2025-03-21,완도,harmonic_regression,9.4,11.689358744871424,True,True,True,2024-12-31
2025-03-22,완도,harmonic_regression,10.4,11.845562520484663,True,True,True,2024-12-31
2025-03-23,완도,harmonic_regression,11.3,12.000787656608328,True,True,True,2024-12-31
2025-03-24,완도,harmonic_regression,12.2,12.154781929011879,True,True,True,2024-12-31
2025-03-25,완도,harmonic_regression,12.5,12.307310303916326,True,True,True,2024-12-31
2025-03-26,완도,harmonic_regression,12.6,12.458156590606288,True,True,True,2024-12-31
2025-03-27,완도,harmonic_regression,12.7,12.607124911128032,True,True,True,2024-12-31
2025-03-28,완도,harmonic_regression,11.5,12.754040974876308,True,True,True,2024-12-31
2025-03-29,완도,harmonic_regression,10.5,12.898753147883006,True,True,True,2024-12-31
2025-03-30,완도,harmonic_regression,9.8,13.041133308712057,True,True,True,2024-12-31
2025-03-31,완도,harmonic_regression,10.1,13.181077485016434,True,True,True,2024-12-31
2025-04-01,완도,harmonic_regression,10.6,13.31850626700193,True,True,True,2024-12-31
2025-04-02,완도,harmonic_regression,10.9,13.453364996246588,True,True,True,2024-12-31
2025-04-03,완도,harmonic_regression,11.2,13.58562373052154,True,True,True,2024-12-31
2025-04-04,완도,harmonic_regression,11.7,13.715276987426712,True,True,True,2024-12-31
2025-04-05,완도,harmonic_regression,12.3,13.842343271771757,True,True,True,2024-12-31
2025-04-06,완도,harmonic_regression,12.6,13.96686439367779,True,True,True,2024-12-31
2025-04-07,완도,harmonic_regression,,14.088904586328985,False,False,False,2024-12-31
2025-04-08,완도,harmonic_regression,,14.208549434146201,False,False,False,2024-12-31
2025-04-09,완도,harmonic_regression,,14.325904623869935,False,False,False,2024-12-31
2025-04-10,완도,harmonic_regression,,14.441094532610988,False,False,False,2024-12-31
2025-04-11,완도,harmonic_regression,,14.554260668339872,False,False,False,2024-12-31
2025-04-12,완도,harmonic_regression,,14.665559979527732,False,False,False,2024-12-31
2025-04-13,완도,harmonic_regression,,14.775163051711278,False,False,False,2024-12-31
2025-04-14,완도,harmonic_regression,,14.883252209623663,False,False,False,2024-12-31
2025-04-15,완도,harmonic_regression,,14.990019544205188,False,False,False,2024-12-31
2025-04-16,완도,harmonic_regression,,15.095664884277902,False,False,False,2024-12-31
2025-04-17,완도,harmonic_regression,,15.200393732934057,False,False,False,2024-12-31
2025-04-18,완도,harmonic_regression,,15.304415188749447,False,False,False,2024-12-31
2025-04-19,완도,harmonic_regression,,15.407939871791106,False,False,False,2024-12-31
2025-04-20,완도,harmonic_regression,,15.511177874048006,False,False,False,2024-12-31
2025-04-21,완도,harmonic_regression,,15.614336753379874,False,False,False,2024-12-31
2025-04-22,완도,harmonic_regression,,15.717619589360165,False,False,False,2024-12-31
2025-04-23,완도,harmonic_regression,,15.82122311849496,False,False,False,2024-12-31
2025-04-24,완도,harmonic_regression,16.4,15.925335965241047,True,True,True,2024-12-31
2025-04-25,완도,harmonic_regression,15.6,16.030136984036993,True,True,True,2024-12-31
2025-04-26,완도,harmonic_regression,15.3,16.13579372621503,True,True,True,2024-12-31
2025-04-27,완도,harmonic_regression,15.4,16.242461044194652,True,True,True,2024-12-31
2025-04-28,완도,harmonic_regression,15.8,16.35027984378796,True,True,True,2024-12-31
2025-04-29,완도,harmonic_regression,15.4,16.459375993789624,True,True,True,2024-12-31
2025-04-30,완도,harmonic_regression,15.6,16.56985940029926,True,True,True,2024-12-31
2025-05-01,완도,harmonic_regression,15.9,16.681823251449927,True,True,True,2024-12-31
2025-05-02,완도,harmonic_regression,15.5,16.7953434364128,True,True,True,2024-12-31
2025-05-03,완도,harmonic_regression,15.5,16.910478140733716,True,True,True,2024-12-31
2025-05-04,완도,harmonic_regression,15.5,17.027267618251923,True,True,True,2024-12-31
2025-05-05,완도,harmonic_regression,15.4,17.1457341380733,True,True,True,2024-12-31
2025-05-06,완도,harmonic_regression,15.2,17.265882103338406,True,True,True,2024-12-31
2025-05-07,완도,harmonic_regression,15.3,17.387698336857106,True,True,True,2024-12-31
2025-05-08,완도,harmonic_regression,15.9,17.511152527093216,True,True,True,2024-12-31
2025-05-09,완도,harmonic_regression,16.1,17.63619782649017,True,True,True,2024-12-31
2025-05-10,완도,harmonic_regression,15.9,17.762771592746315,True,True,True,2024-12-31
2025-05-11,완도,harmonic_regression,15.7,17.890796262389586,True,True,True,2024-12-31
2025-05-12,완도,harmonic_regression,16.1,18.020180344877062,True,True,True,2024-12-31
2025-05-13,완도,harmonic_regression,16.7,18.150819524465447,True,True,True,2024-12-31
2025-05-14,완도,harmonic_regression,17.3,18.282597856272027,True,True,True,2024-12-31
2025-05-15,완도,harmonic_regression,17.6,18.415389042278385,True,True,True,2024-12-31
2025-05-16,완도,harmonic_regression,17.5,18.549057772526382,True,True,True,2024-12-31
2025-05-17,완도,harmonic_regression,17.7,18.683461116419192,True,True,True,2024-12-31
2025-05-18,완도,harmonic_regression,17.7,18.818449948871972,True,True,True,2024-12-31
2025-05-19,완도,harmonic_regression,18.2,18.953870396054683,True,True,True,2024-12-31
2025-05-20,완도,harmonic_regression,18.8,19.089565285631807,True,True,True,2024-12-31
2025-05-21,완도,harmonic_regression,19.1,19.225375586725367,True,True,True,2024-12-31
2025-05-22,완도,harmonic_regression,19.1,19.36114182530241,True,True,True,2024-12-31
2025-05-23,완도,harmonic_regression,19.0,19.496705461308196,True,True,True,2024-12-31
2025-05-24,완도,harmonic_regression,18.2,19.631910214622522,True,True,True,2024-12-31
2025-05-25,완도,harmonic_regression,18.1,19.76660332779779,True,True,True,2024-12-31
2025-05-26,완도,harmonic_regression,18.5,19.90063675453186,True,True,True,2024-12-31
2025-05-27,완도,harmonic_regression,18.8,20.03386826392311,True,True,True,2024-12-31
2025-05-28,완도,harmonic_regression,18.9,20.16616245173555,True,True,True,2024-12-31
2025-05-29,완도,harmonic_regression,19.3,20.297391651153166,True,True,True,2024-12-31
2025-05-30,완도,harmonic_regression,19.6,20.427436736809877,True,True,True,2024-12-31
2025-05-31,완도,harmonic_regression,19.7,20.55618781722804,True,True,True,2024-12-31
2025-06-01,완도,harmonic_regression,19.6,20.683544812168996,True,True,True,2024-12-31
2025-06-02,완도,harmonic_regression,19.9,20.809417912776873,True,True,True,2024-12-31
2025-06-03,완도,harmonic_regression,19.9,20.93372792376607,True,True,True,2024-12-31
2025-06-04,완도,harmonic_regression,19.8,21.056406488247788,True,True,True,2024-12-31
2025-06-05,완도,harmonic_regression,19.8,21.177396197096243,True,True,True,2024-12-31
2025-06-06,완도,harmonic_regression,20.2,21.29665058600647,True,True,True,2024-12-31
2025-06-07,완도,harmonic_regression,20.5,21.414134024579035,True,True,True,2024-12-31
2025-06-08,완도,harmonic_regression,21.0,21.529821502869673,True,True,True,2024-12-31
2025-06-09,완도,harmonic_regression,21.2,21.643698321852572,True,True,True,2024-12-31
2025-06-10,완도,harmonic_regression,21.2,21.75575969515368,True,True,True,2024-12-31
2025-06-11,완도,harmonic_regression,21.2,21.86601027020689,True,True,True,2024-12-31
2025-06-12,완도,harmonic_regression,21.2,21.97446357766249,True,True,True,2024-12-31
2025-06-13,완도,harmonic_regression,21.1,22.081141418429088,True,True,True,2024-12-31
2025-06-14,완도,harmonic_regression,21.3,22.18607319815139,True,True,True,2024-12-31
2025-06-15,완도,harmonic_regression,21.2,22.289295219215266,True,True,True,2024-12-31
2025-06-16,완도,harmonic_regression,21.5,22.390849940525776,True,True,True,2024-12-31
2025-06-17,완도,harmonic_regression,21.5,22.490785215325126,True,True,True,2024-12-31
2025-06-18,완도,harmonic_regression,21.9,22.589153517206412,True,True,True,2024-12-31
2025-06-19,완도,harmonic_regression,22.5,22.686011164240085,True,True,True,2024-12-31
2025-06-20,완도,harmonic_regression,22.9,22.781417550768342,True,True,True,2024-12-31
2025-06-21,완도,harmonic_regression,22.7,22.875434395943778,True,True,True,2024-12-31
2025-06-22,완도,harmonic_regression,22.1,22.968125017502093,True,True,True,2024-12-31
2025-06-23,완도,harmonic_regression,22.3,23.05955363857203,True,True,True,2024-12-31
2025-06-24,완도,harmonic_regression,22.2,23.14978473455059,True,True,True,2024-12-31
2025-06-25,완도,harmonic_regression,21.9,23.23888242621864,True,True,True,2024-12-31
2025-06-26,완도,harmonic_regression,22.0,23.326909924353743,True,True,True,2024-12-31
2025-06-27,완도,harmonic_regression,22.3,23.413929030126134,True,True,True,2024-12-31
2025-06-28,완도,harmonic_regression,22.7,23.499999694554308,True,True,True,2024-12-31
2025-06-29,완도,harmonic_regression,23.1,23.585179639261668,True,True,True,2024-12-31
2025-06-30,완도,harmonic_regression,23.9,23.669524039730025,True,True,True,2024-12-31
2025-07-01,완도,harmonic_regression,24.4,23.75308527120325,True,True,True,2024-12-31
2025-07-02,완도,harmonic_regression,25.1,23.835912716368966,True,True,True,2024-12-31
2025-07-03,완도,harmonic_regression,25.1,23.918052632951813,True,True,True,2024-12-31
2025-07-04,완도,harmonic_regression,25.3,23.999548078401777,True,True,True,2024-12-31
2025-07-05,완도,harmonic_regression,25.5,24.08043888796754,True,True,True,2024-12-31
2025-07-06,완도,harmonic_regression,25.8,24.160761701620412,True,True,True,2024-12-31
2025-07-07,완도,harmonic_regression,25.4,24.240550034549383,True,True,True,2024-12-31
2025-07-08,완도,harmonic_regression,26.0,24.31983438529224,True,True,True,2024-12-31
2025-07-09,완도,harmonic_regression,26.5,24.398642375010684,True,True,True,2024-12-31
2025-07-10,완도,harmonic_regression,26.4,24.476998910965563,True,True,True,2024-12-31
2025-07-11,완도,harmonic_regression,26.2,24.55492636690841,True,True,True,2024-12-31
2025-07-12,완도,harmonic_regression,26.1,24.63244477288186,True,True,True,2024-12-31
2025-07-13,완도,harmonic_regression,25.4,24.709572006816945,True,True,True,2024-12-31
2025-07-14,완도,harmonic_regression,24.8,24.78632398033201,True,True,True,2024-12-31
2025-07-15,완도,harmonic_regression,24.7,24.862714811275048,True,True,True,2024-12-31
2025-07-16,완도,harmonic_regression,24.7,24.938756975808094,True,True,True,2024-12-31
2025-07-17,완도,harmonic_regression,25.0,25.014461433204776,True,True,True,2024-12-31
2025-07-18,완도,harmonic_regression,25.2,25.089837717016568,True,True,True,2024-12-31
2025-07-19,완도,harmonic_regression,25.8,25.16489398685235,True,True,True,2024-12-31
2025-07-20,완도,harmonic_regression,26.8,25.239637035703538,True,True,True,2024-12-31
2025-07-21,완도,harmonic_regression,27.3,25.314072248522983,True,True,True,2024-12-31
2025-07-22,완도,harmonic_regression,27.6,25.38820350862114,True,True,True,2024-12-31
2025-07-23,완도,harmonic_regression,27.6,25.462033049366102,True,True,True,2024-12-31
2025-07-24,완도,harmonic_regression,27.6,25.535561249652744,True,True,True,2024-12-31
2025-07-25,완도,harmonic_regression,27.8,25.608786372628117,True,True,True,2024-12-31
2025-07-26,완도,harmonic_regression,28.1,25.681704248211226,True,True,True,2024-12-31
2025-07-27,완도,harmonic_regression,28.2,25.754307901011934,True,True,True,2024-12-31
2025-07-28,완도,harmonic_regression,28.3,25.826587126321158,True,True,True,2024-12-31
2025-07-29,완도,harmonic_regression,28.4,25.898528017898617,True,True,True,2024-12-31
2025-07-30,완도,harmonic_regression,28.5,25.970112452310598,True,True,True,2024-12-31
2025-07-31,완도,harmonic_regression,28.8,26.04131753555397,True,True,True,2024-12-31
2025-08-01,완도,harmonic_regression,29.1,26.112115018630565,True,True,True,2024-12-31
2025-08-02,완도,harmonic_regression,29.5,26.182470689594407,True,True,True,2024-12-31
2025-08-03,완도,harmonic_regression,29.5,26.252343750370407,True,True,True,2024-12-31
2025-08-04,완도,harmonic_regression,29.2,26.321686187325653,True,True,True,2024-12-31
2025-08-05,완도,harmonic_regression,29.1,26.390442145152022,True,True,True,2024-12-31
2025-08-06,완도,harmonic_regression,28.8,26.458547314082544,True,True,True,2024-12-31
2025-08-07,완도,harmonic_regression,28.4,26.525928340804846,True,True,True,2024-12-31
2025-08-08,완도,harmonic_regression,27.9,26.592502273646787,True,True,True,2024-12-31
2025-08-09,완도,harmonic_regression,27.4,26.658176052686066,True,True,True,2024-12-31
2025-08-10,완도,harmonic_regression,26.8,26.722846055373928,True,True,True,2024-12-31
2025-08-11,완도,harmonic_regression,26.2,26.786397708060186,True,True,True,2024-12-31
2025-08-12,완도,harmonic_regression,25.2,26.848705173462907,True,True,True,2024-12-31
2025-08-13,완도,harmonic_regression,25.2,26.909631123641823,True,True,True,2024-12-31
2025-08-14,완도,harmonic_regression,25.7,26.969026607412854,True,True,True,2024-12-31
2025-08-15,완도,harmonic_regression,26.1,27.026731020387047,True,True,True,2024-12-31
2025-08-16,완도,harmonic_regression,26.4,27.082572184936467,True,True,True,2024-12-31
2025-08-17,완도,harmonic_regression,26.6,27.136366546390168,True,True,True,2024-12-31
2025-08-18,완도,harmonic_regression,27.2,27.18791949065503,True,True,True,2024-12-31
2025-08-19,완도,harmonic_regression,27.3,27.237025787249056,True,False,True,2024-12-31
2025-08-20,완도,harmonic_regression,27.0,27.283470160441848,True,False,True,2024-12-31
2025-08-21,완도,harmonic_regression,27.0,27.327027989830793,True,False,True,2024-12-31
2025-08-22,완도,harmonic_regression,26.5,27.367466140257086,True,True,True,2024-12-31
2025-08-23,완도,harmonic_regression,26.3,27.40454391949833,True,True,True,2024-12-31
2025-08-24,완도,harmonic_regression,26.3,27.438014160680037,True,True,True,2024-12-31
2025-08-25,완도,harmonic_regression,26.2,27.46762442484365,True,True,True,2024-12-31
2025-08-26,완도,harmonic_regression,25.9,27.49311831761097,True,True,True,2024-12-31
2025-08-27,완도,harmonic_regression,25.7,27.51423691241133,True,True,True,2024-12-31
2025-08-28,완도,harmonic_regression,26.0,27.530720271305412,True,True,True,2024-12-31
2025-08-29,완도,harmonic_regression,26.2,27.542309053066287,True,True,True,2024-12-31
2025-08-30,완도,harmonic_regression,26.3,27.54874619687977,True,True,True,2024-12-31
2025-08-31,완도,harmonic_regression,26.9,27.549778668819478,True,True,True,2024-12-31
2025-09-01,완도,harmonic_regression,27.1,27.545159257152125,True,True,True,2024-12-31
2025-09-02,완도,harmonic_regression,27.6,27.534648401550083,True,True,True,2024-12-31
2025-09-03,완도,harmonic_regression,26.8,27.518016040444582,True,True,True,2024-12-31
2025-09-04,완도,harmonic_regression,27.2,27.49504346005611,True,True,True,2024-12-31
2025-09-05,완도,harmonic_regression,27.0,27.465525128099138,True,True,True,2024-12-31
2025-09-06,완도,harmonic_regression,26.8,27.429270494785694,True,True,True,2024-12-31
2025-09-07,완도,harmonic_regression,26.3,27.386105743553564,True,True,True,2024-12-31
2025-09-08,완도,harmonic_regression,25.7,27.33587547392589,True,True,True,2024-12-31
2025-09-09,완도,harmonic_regression,24.8,27.278444299073314,True,True,True,2024-12-31
2025-09-10,완도,harmonic_regression,24.1,27.213698340999507,True,True,True,2024-12-31
2025-09-11,완도,harmonic_regression,24.0,27.141546606805576,True,True,True,2024-12-31
2025-09-12,완도,harmonic_regression,23.8,27.061922230206704,True,True,True,2024-12-31
2025-09-13,완도,harmonic_regression,24.1,26.974783563370686,True,True,True,2024-12-31
2025-09-14,완도,harmonic_regression,24.2,26.88011510521736,True,True,True,2024-12-31
2025-09-15,완도,harmonic_regression,24.6,26.777928253551526,True,True,True,2024-12-31
2025-09-16,완도,harmonic_regression,25.0,26.668261869790534,True,True,True,2024-12-31
2025-09-17,완도,harmonic_regression,25.3,26.551182646578788,True,True,True,2024-12-31
2025-09-18,완도,harmonic_regression,24.6,26.42678527024239,True,True,True,2024-12-31
2025-09-19,완도,harmonic_regression,24.6,26.295192371812227,True,True,True,2024-12-31
2025-09-20,완도,harmonic_regression,24.4,26.156554262217227,True,True,True,2024-12-31
2025-09-21,완도,harmonic_regression,23.9,26.011048449203106,True,True,True,2024-12-31
2025-09-22,완도,harmonic_regression,23.6,25.858878935547214,True,True,True,2024-12-31
2025-09-23,완도,harmonic_regression,23.4,25.700275300197355,True,True,True,2024-12-31
2025-09-24,완도,harmonic_regression,23.5,25.535491566041316,True,True,True,2024-12-31
2025-09-25,완도,harmonic_regression,23.5,25.364804860092978,True,True,True,2024-12-31
2025-09-26,완도,harmonic_regression,23.4,25.188513873940277,True,True,True,2024-12-31
2025-09-27,완도,harmonic_regression,23.5,25.006937134317084,True,True,True,2024-12-31
2025-09-28,완도,harmonic_regression,23.7,24.820411095615928,True,True,True,2024-12-31
2025-09-29,완도,harmonic_regression,23.8,24.62928806802897,True,True,True,2024-12-31
2025-09-30,완도,harmonic_regression,23.5,24.433933996772446,True,True,True,2024-12-31
2025-10-01,완도,harmonic_regression,23.5,24.234726109494076,True,True,True,2024-12-31
2025-10-02,완도,harmonic_regression,23.3,24.032050450466308,True,True,True,2024-12-31
2025-10-03,완도,harmonic_regression,22.5,23.826299321513595,True,True,True,2024-12-31
2025-10-04,완도,harmonic_regression,22.5,23.617868650793618,True,True,True,2024-12-31
2025-10-05,완도,harmonic_regression,23.0,23.407155311535675,True,True,True,2024-12-31
2025-10-06,완도,harmonic_regression,23.4,23.19455441362387,True,True,True,2024-12-31
2025-10-07,완도,harmonic_regression,23.6,22.980456591485435,True,True,True,2024-12-31
2025-10-08,완도,harmonic_regression,23.5,22.76524531209968,True,True,True,2024-12-31
2025-10-09,완도,harmonic_regression,23.6,22.5492942270727,True,True,True,2024-12-31
2025-10-10,완도,harmonic_regression,23.4,22.332964592623384,True,True,True,2024-12-31
2025-10-11,완도,harmonic_regression,23.5,22.11660278099708,True,True,True,2024-12-31
2025-10-12,완도,harmonic_regression,23.7,21.900537906262564,True,True,True,2024-12-31
2025-10-13,완도,harmonic_regression,23.9,21.685079586661367,True,True,True,2024-12-31
2025-10-14,완도,harmonic_regression,24.1,21.470515864669395,True,True,True,2024-12-31
2025-10-15,완도,harmonic_regression,23.5,21.257111304706935,True,True,True,2024-12-31
2025-10-16,완도,harmonic_regression,23.3,21.045105287005455,True,True,True,2024-12-31
2025-10-17,완도,harmonic_regression,23.1,20.83471051451852,True,True,True,2024-12-31
2025-10-18,완도,harmonic_regression,22.9,20.626111747964146,True,True,True,2024-12-31
2025-10-19,완도,harmonic_regression,22.3,20.41946478212368,True,True,True,2024-12-31
2025-10-20,완도,harmonic_regression,21.6,20.214895674413594,True,True,True,2024-12-31
2025-10-21,완도,harmonic_regression,20.7,20.01250023451307,True,True,True,2024-12-31
2025-10-22,완도,harmonic_regression,20.2,19.812343781489876,True,True,True,2024-12-31
2025-10-23,완도,harmonic_regression,20.4,19.614461172444702,True,True,True,2024-12-31
2025-10-24,완도,harmonic_regression,20.4,19.41885710420942,True,True,True,2024-12-31
2025-10-25,완도,harmonic_regression,20.5,19.225506687115047,True,True,True,2024-12-31
2025-10-26,완도,harmonic_regression,20.2,19.034356287310878,True,True,True,2024-12-31
2025-10-27,완도,harmonic_regression,19.6,18.845324631595624,True,True,True,2024-12-31
2025-10-28,완도,harmonic_regression,18.6,18.65830416623596,True,True,True,2024-12-31
2025-10-29,완도,harmonic_regression,17.8,18.47316265882467,True,True,True,2024-12-31
2025-10-30,완도,harmonic_regression,17.5,18.28974502989135,True,True,True,2024-12-31
2025-10-31,완도,harmonic_regression,17.4,18.107875398749123,True,True,True,2024-12-31
2025-11-01,완도,harmonic_regression,17.5,17.92735932596102,True,True,True,2024-12-31
2025-11-02,완도,harmonic_regression,17.3,17.74798623286338,True,True,True,2024-12-31
2025-11-03,완도,harmonic_regression,16.8,17.569531976808594,True,True,True,2024-12-31
2025-11-04,완도,harmonic_regression,17.0,17.391761559206063,True,True,True,2024-12-31
2025-11-05,완도,harmonic_regression,17.6,17.21443194206332,True,True,True,2024-12-31
2025-11-06,완도,harmonic_regression,17.9,17.037294947575152,True,True,True,2024-12-31
2025-11-07,완도,harmonic_regression,18.0,16.86010021438821,True,True,True,2024-12-31
2025-11-08,완도,harmonic_regression,18.0,16.682598183494363,True,True,True,2024-12-31
2025-11-09,완도,harmonic_regression,17.7,16.504543086283405,True,True,True,2024-12-31
2025-11-10,완도,harmonic_regression,17.4,16.325695907123226,True,True,True,2024-12-31
2025-11-11,완도,harmonic_regression,16.7,16.1458272929332,True,True,True,2024-12-31
2025-11-12,완도,harmonic_regression,16.0,15.964720382577493,True,True,True,2024-12-31
2025-11-13,완도,harmonic_regression,15.5,15.782173529525044,True,True,True,2024-12-31
2025-11-14,완도,harmonic_regression,15.5,15.598002892099126,True,True,True,2024-12-31
2025-11-15,완도,harmonic_regression,15.3,15.4120448667631,True,True,True,2024-12-31
2025-11-16,완도,harmonic_regression,15.2,15.224158341251945,True,True,True,2024-12-31
2025-11-17,완도,harmonic_regression,15.1,15.03422674594757,True,True,True,2024-12-31
2025-11-18,완도,harmonic_regression,14.4,14.842159883697805,True,True,True,2024-12-31
2025-11-19,완도,harmonic_regression,14.0,14.647895520275195,True,True,True,2024-12-31
2025-11-20,완도,harmonic_regression,14.0,14.451400719846376,True,True,True,2024-12-31
2025-11-21,완도,harmonic_regression,14.1,14.252672912153379,True,True,True,2024-12-31
2025-11-22,완도,harmonic_regression,14.2,14.051740680574802,True,True,True,2024-12-31
2025-11-23,완도,harmonic_regression,14.3,13.848664262812212,True,True,True,2024-12-31
2025-11-24,완도,harmonic_regression,14.6,13.643535758612485,True,True,True,2024-12-31
2025-11-25,완도,harmonic_regression,14.5,13.436479041663828,True,True,True,2024-12-31
2025-11-26,완도,harmonic_regression,13.9,13.227649375565456,True,True,True,2024-12-31
2025-11-27,완도,harmonic_regression,13.4,13.017232736543228,True,True,True,2024-12-31
2025-11-28,완도,harmonic_regression,12.8,12.805444848337087,True,True,True,2024-12-31
2025-11-29,완도,harmonic_regression,12.3,12.592529937396623,True,True,True,2024-12-31
2025-11-30,완도,harmonic_regression,12.6,12.378759219159996,True,True,True,2024-12-31
2025-12-01,완도,harmonic_regression,13.0,12.164429128734596,True,True,True,2024-12-31
2025-12-02,완도,harmonic_regression,12.5,11.94985931172033,True,True,True,2024-12-31
2025-12-03,완도,harmonic_regression,11.8,11.73539039319295,True,True,True,2024-12-31
2025-12-04,완도,harmonic_regression,11.3,11.521381544975956,True,True,True,2024-12-31
2025-12-05,완도,harmonic_regression,11.2,11.308207873251312,True,True,True,2024-12-31
2025-12-06,완도,harmonic_regression,11.0,11.09625765027561,True,True,True,2024-12-31
2025-12-07,완도,harmonic_regression,11.4,10.88592941545963,True,True,True,2024-12-31
2025-12-08,완도,harmonic_regression,11.7,10.677628972323348,True,True,True,2024-12-31
2025-12-09,완도,harmonic_regression,11.2,10.471766308840234,True,True,True,2024-12-31
2025-12-10,완도,harmonic_regression,11.0,10.268752469426552,True,True,True,2024-12-31
2025-12-11,완도,harmonic_regression,11.1,10.06899640730356,True,True,True,2024-12-31
2025-12-12,완도,harmonic_regression,10.7,9.872901846159918,True,True,True,2024-12-31
2025-12-13,완도,harmonic_regression,10.2,9.680864179965013,True,True,True,2024-12-31
2025-12-14,완도,harmonic_regression,9.7,9.49326743943151,True,True,True,2024-12-31
2025-12-15,완도,harmonic_regression,9.6,9.310481353001903,True,True,True,2024-12-31
2025-12-16,완도,harmonic_regression,9.6,9.132858529342752,True,True,True,2024-12-31
2025-12-17,완도,harmonic_regression,9.8,8.960731787182484,True,True,True,2024-12-31
2025-12-18,완도,harmonic_regression,9.8,8.794411656932606,True,True,True,2024-12-31
2025-12-19,완도,harmonic_regression,9.9,8.634184076904441,True,True,True,2024-12-31
2025-12-20,완도,harmonic_regression,10.4,8.480308305085336,True,True,True,2024-12-31
2025-12-21,완도,harmonic_regression,10.4,8.333015065393358,True,True,True,2024-12-31
2025-12-22,완도,harmonic_regression,9.6,8.192504945101067,True,True,True,2024-12-31
2025-12-23,완도,harmonic_regression,9.5,8.05894705773474,True,True,True,2024-12-31
2025-12-24,완도,harmonic_regression,9.8,7.932477983233948,True,True,True,2024-12-31
2025-12-25,완도,harmonic_regression,9.5,7.813200994524561,True,True,True,2024-12-31
2025-12-26,완도,harmonic_regression,8.5,7.701185576941292,True,True,True,2024-12-31
2025-12-27,완도,harmonic_regression,7.6,7.596467244159184,True,True,True,2024-12-31
2025-12-28,완도,harmonic_regression,7.4,7.499047651485432,True,True,True,2024-12-31
2025-12-29,완도,harmonic_regression,7.6,7.408895004549565,True,True,True,2024-12-31
2025-12-30,완도,harmonic_regression,7.9,7.3259447586395225,True,True,True,2024-12-31
2025-12-31,완도,harmonic_regression,7.6,7.250100601190164,True,True,True,2024-12-31
2025-01-01,여수,climatology,7.2,6.814285714285716,True,True,True,2024-12-31
2025-01-02,여수,climatology,7.2,6.689285714285715,True,True,True,2024-12-31
2025-01-03,여수,climatology,7.1,6.571428571428572,True,True,True,2024-12-31
2025-01-04,여수,climatology,7.1,6.453571428571429,True,True,True,2024-12-31
2025-01-05,여수,climatology,7.0,6.371428571428573,True,True,True,2024-12-31
2025-01-06,여수,climatology,7.1,6.253571428571429,True,True,True,2024-12-31
2025-01-07,여수,climatology,7.3,6.139285714285714,True,True,True,2024-12-31
2025-01-08,여수,climatology,7.1,6.060714285714288,True,True,True,2024-12-31
2025-01-09,여수,climatology,6.7,5.989285714285715,True,True,True,2024-12-31
2025-01-10,여수,climatology,5.3,5.9750000000000005,True,True,True,2024-12-31
2025-01-11,여수,climatology,5.0,6.021428571428571,True,True,True,2024-12-31
2025-01-12,여수,climatology,5.3,6.1571428571428575,True,True,True,2024-12-31
2025-01-13,여수,climatology,5.7,6.2821428571428575,True,True,True,2024-12-31
2025-01-14,여수,climatology,5.9,6.332142857142857,True,True,True,2024-12-31
2025-01-15,여수,climatology,6.0,6.335714285714287,True,True,True,2024-12-31
2025-01-16,여수,climatology,6.0,6.346428571428571,True,True,True,2024-12-31
2025-01-17,여수,climatology,6.1,6.267857142857143,True,True,True,2024-12-31
2025-01-18,여수,climatology,6.2,6.142857142857144,True,True,True,2024-12-31
2025-01-19,여수,climatology,6.4,5.9785714285714295,True,True,True,2024-12-31
2025-01-20,여수,climatology,6.7,5.867857142857145,True,True,True,2024-12-31
2025-01-21,여수,climatology,6.8,5.825000000000001,True,True,True,2024-12-31
2025-01-22,여수,climatology,7.0,5.764285714285714,True,True,True,2024-12-31
2025-01-23,여수,climatology,7.0,5.725,True,True,True,2024-12-31
2025-01-24,여수,climatology,7.1,5.7178571428571425,True,True,True,2024-12-31
2025-01-25,여수,climatology,7.1,5.7321428571428585,True,True,True,2024-12-31
2025-01-26,여수,climatology,7.1,5.714285714285714,True,True,True,2024-12-31
2025-01-27,여수,climatology,7.0,5.667857142857144,True,True,True,2024-12-31
2025-01-28,여수,climatology,6.5,5.632142857142858,True,True,True,2024-12-31
2025-01-29,여수,climatology,6.3,5.700000000000001,True,True,True,2024-12-31
2025-01-30,여수,climatology,6.1,5.778571428571428,True,True,True,2024-12-31
2025-01-31,여수,climatology,6.0,5.82142857142857,True,True,True,2024-12-31
2025-02-01,여수,climatology,6.1,5.8392857142857135,True,True,True,2024-12-31
2025-02-02,여수,climatology,6.2,5.871428571428572,True,True,True,2024-12-31
2025-02-03,여수,climatology,6.8,5.914285714285713,True,True,True,2024-12-31
2025-02-04,여수,climatology,6.2,5.9678571428571425,True,True,True,2024-12-31
2025-02-05,여수,climatology,5.8,6.003571428571427,True,True,True,2024-12-31
2025-02-06,여수,climatology,5.6,5.992857142857142,True,True,True,2024-12-31
2025-02-07,여수,climatology,5.4,6.014285714285713,True,True,True,2024-12-31
2025-02-08,여수,climatology,4.3,6.071428571428571,True,True,True,2024-12-31
2025-02-09,여수,climatology,4.2,6.167857142857143,True,True,True,2024-12-31
2025-02-10,여수,climatology,4.9,6.325,True,True,True,2024-12-31
2025-02-11,여수,climatology,5.0,6.510714285714285,True,True,True,2024-12-31
2025-02-12,여수,climatology,5.0,6.69642857142857,True,True,True,2024-12-31
2025-02-13,여수,climatology,5.0,6.867857142857143,True,True,True,2024-12-31
2025-02-14,여수,climatology,5.3,6.964285714285714,True,True,True,2024-12-31
2025-02-15,여수,climatology,5.5,7.014285714285713,True,True,True,2024-12-31
2025-02-16,여수,climatology,5.6,7.085714285714286,True,True,True,2024-12-31
2025-02-17,여수,climatology,5.9,7.132142857142855,True,True,True,2024-12-31
2025-02-18,여수,climatology,5.3,7.1428571428571415,True,True,True,2024-12-31
2025-02-19,여수,climatology,5.3,7.121428571428572,True,True,True,2024-12-31
2025-02-20,여수,climatology,5.0,7.15,True,True,True,2024-12-31
2025-02-21,여수,climatology,4.2,7.200000000000001,True,True,True,2024-12-31
2025-02-22,여수,climatology,4.3,7.264285714285714,True,True,True,2024-12-31
2025-02-23,여수,climatology,4.8,7.2892857142857155,True,True,True,2024-12-31
2025-02-24,여수,climatology,4.1,7.332142857142857,True,True,True,2024-12-31
2025-02-25,여수,climatology,4.3,7.367857142857143,True,True,True,2024-12-31
2025-02-26,여수,climatology,4.9,7.486206896551724,True,True,True,2024-12-31
2025-02-27,여수,climatology,5.3,7.517241379310345,True,True,True,2024-12-31
2025-02-28,여수,climatology,5.7,7.593103448275861,True,True,True,2024-12-31
2025-03-01,여수,climatology,6.1,7.706896551724138,True,True,True,2024-12-31
2025-03-02,여수,climatology,6.4,7.837931034482759,True,True,True,2024-12-31
2025-03-03,여수,climatology,6.5,7.948275862068965,True,True,True,2024-12-31
2025-03-04,여수,climatology,5.9,8.079310344827586,True,True,True,2024-12-31
2025-03-05,여수,climatology,5.9,8.175,True,True,True,2024-12-31
2025-03-06,여수,climatology,6.2,8.35357142857143,True,True,True,2024-12-31
2025-03-07,여수,climatology,6.5,8.57857142857143,True,True,True,2024-12-31
2025-03-08,여수,climatology,7.0,8.817857142857143,True,True,True,2024-12-31
2025-03-09,여수,climatology,7.3,9.071428571428571,True,True,True,2024-12-31
2025-03-10,여수,climatology,7.7,9.321428571428573,True,True,True,2024-12-31
2025-03-11,여수,climatology,8.0,9.564285714285715,True,True,True,2024-12-31
2025-03-12,여수,climatology,8.3,9.814285714285715,True,True,True,2024-12-31
2025-03-13,여수,climatology,8.6,10.089285714285714,True,True,True,2024-12-31
2025-03-14,여수,climatology,8.9,10.364285714285716,True,True,True,2024-12-31
2025-03-15,여수,climatology,9.1,10.60714285714286,True,True,True,2024-12-31
2025-03-16,여수,climatology,8.9,10.796428571428574,True,True,True,2024-12-31
2025-03-17,여수,climatology,8.3,10.935714285714287,True,True,True,2024-12-31
2025-03-18,여수,climatology,8.1,11.042857142857143,True,True,True,2024-12-31
2025-03-19,여수,climatology,7.8,11.121428571428572,True,True,True,2024-12-31
2025-03-20,여수,climatology,7.9,11.164285714285715,True,True,True,2024-12-31
2025-03-21,여수,climatology,8.4,11.192857142857145,True,True,True,2024-12-31
2025-03-22,여수,climatology,9.0,11.235714285714286,True,True,True,2024-12-31
2025-03-23,여수,climatology,9.5,11.325000000000001,True,True,True,2024-12-31
2025-03-24,여수,climatology,10.2,11.471428571428573,True,True,True,2024-12-31
2025-03-25,여수,climatology,10.7,11.65,True,True,True,2024-12-31
2025-03-26,여수,climatology,11.0,11.85357142857143,True,True,True,2024-12-31
2025-03-27,여수,climatology,11.2,12.053571428571429,True,True,True,2024-12-31
2025-03-28,여수,climatology,11.2,12.25,True,True,True,2024-12-31
2025-03-29,여수,climatology,10.6,12.439285714285715,True,True,True,2024-12-31
2025-03-30,여수,climatology,10.1,12.617857142857142,True,True,True,2024-12-31
2025-03-31,여수,climatology,9.9,12.771428571428572,True,True,True,2024-12-31
2025-04-01,여수,climatology,10.2,12.914285714285715,True,True,True,2024-12-31
2025-04-02,여수,climatology,10.5,13.046428571428573,True,True,True,2024-12-31
2025-04-03,여수,climatology,10.7,13.171428571428573,True,True,True,2024-12-31
2025-04-04,여수,climatology,11.0,13.285714285714288,True,True,True,2024-12-31
2025-04-05,여수,climatology,11.4,13.414285714285715,True,True,True,2024-12-31
2025-04-06,여수,climatology,11.6,13.542857142857144,True,True,True,2024-12-31
2025-04-07,여수,climatology,11.9,13.678571428571429,True,True,True,2024-12-31
2025-04-08,여수,climatology,12.5,13.832142857142857,True,True,True,2024-12-31
2025-04-09,여수,climatology,12.9,13.982142857142858,True,True,True,2024-12-31
2025-04-10,여수,climatology,13.3,14.164285714285715,True,True,True,2024-12-31
2025-04-11,여수,climatology,13.6,14.325000000000001,True,True,True,2024-12-31
2025-04-12,여수,climatology,13.8,14.464285714285714,True,True,True,2024-12-31
2025-04-13,여수,climatology,13.3,14.589285714285714,True,True,True,2024-12-31
2025-04-14,여수,climatology,12.8,14.732142857142856,True,True,True,2024-12-31
2025-04-15,여수,climatology,12.4,14.870370370370368,True,True,True,2024-12-31
2025-04-16,여수,climatology,12.6,15.038461538461538,True,True,True,2024-12-31
2025-04-17,여수,climatology,13.0,15.175999999999998,True,True,True,2024-12-31
2025-04-18,여수,climatology,13.4,15.303999999999998,True,True,True,2024-12-31
2025-04-19,여수,climatology,14.1,15.432,True,True,True,2024-12-31
2025-04-20,여수,climatology,14.3,15.548,True,True,True,2024-12-31
2025-04-21,여수,climatology,14.3,15.643999999999998,True,True,True,2024-12-31
2025-04-22,여수,climatology,14.6,15.723076923076924,True,True,True,2024-12-31
2025-04-23,여수,climatology,14.8,15.78888888888889,True,True,True,2024-12-31
2025-04-24,여수,climatology,15.3,15.846428571428573,True,True,True,2024-12-31
2025-04-25,여수,climatology,15.3,15.982142857142858,True,True,True,2024-12-31
2025-04-26,여수,climatology,15.1,16.125,True,True,True,2024-12-31
2025-04-27,여수,climatology,15.3,16.24642857142857,True,True,True,2024-12-31
2025-04-28,여수,climatology,15.4,16.360714285714284,True,True,True,2024-12-31
2025-04-29,여수,climatology,15.3,16.439285714285713,True,True,True,2024-12-31
2025-04-30,여수,climatology,15.4,16.53571428571429,True,True,True,2024-12-31
2025-05-01,여수,climatology,15.7,16.650000000000002,True,True,True,2024-12-31
2025-05-02,여수,climatology,15.8,16.75357142857143,True,True,True,2024-12-31
2025-05-03,여수,climatology,15.8,16.867857142857144,True,True,True,2024-12-31
2025-05-04,여수,climatology,15.6,17.01071428571429,True,True,True,2024-12-31
2025-05-05,여수,climatology,15.8,17.146428571428572,True,True,True,2024-12-31
2025-05-06,여수,climatology,15.6,17.292857142857144,True,True,True,2024-12-31
2025-05-07,여수,climatology,15.6,17.41071428571429,True,True,True,2024-12-31
2025-05-08,여수,climatology,15.9,17.525000000000002,True,True,True,2024-12-31
2025-05-09,여수,climatology,,17.63214285714286,False,False,False,2024-12-31
2025-05-10,여수,climatology,,17.746428571428574,False,False,False,2024-12-31
2025-05-11,여수,climatology,,17.88571428571429,False,False,False,2024-12-31
2025-05-12,여수,climatology,,18.05,False,False,False,2024-12-31
2025-05-13,여수,climatology,,18.203571428571426,False,False,False,2024-12-31
2025-05-14,여수,climatology,,18.36428571428571,False,False,False,2024-12-31
2025-05-15,여수,climatology,,18.525,False,False,False,2024-12-31
2025-05-16,여수,climatology,,18.685714285714283,False,False,False,2024-12-31
2025-05-17,여수,climatology,,18.83214285714286,False,False,False,2024-12-31
2025-05-18,여수,climatology,,18.964285714285715,False,False,False,2024-12-31
2025-05-19,여수,climatology,,19.107142857142858,False,False,False,2024-12-31
2025-05-20,여수,climatology,,19.285714285714285,False,False,False,2024-12-31
2025-05-21,여수,climatology,,19.478571428571424,False,False,False,2024-12-31
2025-05-22,여수,climatology,,19.67142857142857,False,False,False,2024-12-31
2025-05-23,여수,climatology,,19.842857142857145,False,False,False,2024-12-31
2025-05-24,여수,climatology,,19.98214285714286,False,False,False,2024-12-31
2025-05-25,여수,climatology,,20.125,False,False,False,2024-12-31
2025-05-26,여수,climatology,,20.24285714285714,False,False,False,2024-12-31
2025-05-27,여수,climatology,,20.332142857142856,False,False,False,2024-12-31
2025-05-28,여수,climatology,,20.400000000000002,False,False,False,2024-12-31
2025-05-29,여수,climatology,,20.45714285714286,False,False,False,2024-12-31
2025-05-30,여수,climatology,,20.514285714285712,False,False,False,2024-12-31
2025-05-31,여수,climatology,,20.62857142857143,False,False,False,2024-12-31
2025-06-01,여수,climatology,,20.753571428571426,False,False,False,2024-12-31
2025-06-02,여수,climatology,,20.875,False,False,False,2024-12-31
2025-06-03,여수,climatology,,20.97142857142857,False,False,False,2024-12-31
2025-06-04,여수,climatology,20.2,21.057142857142857,True,True,True,2024-12-31
2025-06-05,여수,climatology,20.4,21.135714285714283,True,True,True,2024-12-31
2025-06-06,여수,climatology,20.6,21.235714285714284,True,True,True,2024-12-31
2025-06-07,여수,climatology,20.5,21.328571428571426,True,True,True,2024-12-31
2025-06-08,여수,climatology,20.6,21.417857142857144,True,True,True,2024-12-31
2025-06-09,여수,climatology,20.6,21.525000000000002,True,True,True,2024-12-31
2025-06-10,여수,climatology,20.8,21.678571428571427,True,True,True,2024-12-31
2025-06-11,여수,climatology,21.1,21.846428571428568,True,True,True,2024-12-31
2025-06-12,여수,climatology,21.2,22.03571428571428,True,True,True,2024-12-31
2025-06-13,여수,climatology,21.0,22.232142857142854,True,True,True,2024-12-31
2025-06-14,여수,climatology,20.9,22.371428571428567,True,True,True,2024-12-31
2025-06-15,여수,climatology,20.6,22.482142857142858,True,True,True,2024-12-31
2025-06-16,여수,climatology,21.2,22.592857142857145,True,True,True,2024-12-31
2025-06-17,여수,climatology,21.5,22.70357142857143,True,True,True,2024-12-31
2025-06-18,여수,climatology,21.6,22.8,True,True,True,2024-12-31
2025-06-19,여수,climatology,21.7,22.900000000000006,True,True,True,2024-12-31
2025-06-20,여수,climatology,21.7,23.010714285714283,True,True,True,2024-12-31
2025-06-21,여수,climatology,22.4,23.16785714285714,True,True,True,2024-12-31
2025-06-22,여수,climatology,22.0,23.29285714285714,True,True,True,2024-12-31
2025-06-23,여수,climatology,21.7,23.38214285714285,True,True,True,2024-12-31
2025-06-24,여수,climatology,21.3,23.453571428571426,True,True,True,2024-12-31
2025-06-25,여수,climatology,21.5,23.52142857142857,True,True,True,2024-12-31
2025-06-26,여수,climatology,21.9,23.585714285714285,True,True,True,2024-12-31
2025-06-27,여수,climatology,22.2,23.639285714285712,True,True,True,2024-12-31
2025-06-28,여수,climatology,22.4,23.671428571428574,True,True,True,2024-12-31
2025-06-29,여수,climatology,22.6,23.75714285714286,True,True,True,2024-12-31
2025-06-30,여수,climatology,22.7,23.85,True,True,True,2024-12-31
2025-07-01,여수,climatology,22.6,23.93214285714286,True,True,True,2024-12-31
2025-07-02,여수,climatology,22.5,24.03571428571429,True,True,True,2024-12-31
2025-07-03,여수,climatology,22.8,24.128571428571433,True,True,True,2024-12-31
2025-07-04,여수,climatology,23.7,24.225,True,True,True,2024-12-31
2025-07-05,여수,climatology,24.6,24.317857142857143,True,True,True,2024-12-31
2025-07-06,여수,climatology,25.4,24.360714285714288,True,True,True,2024-12-31
2025-07-07,여수,climatology,24.1,24.399999999999995,True,True,True,2024-12-31
2025-07-08,여수,climatology,22.9,24.45357142857143,True,True,True,2024-12-31
2025-07-09,여수,climatology,23.2,24.485714285714284,True,True,True,2024-12-31
2025-07-10,여수,climatology,23.3,24.499999999999996,True,True,True,2024-12-31
2025-07-11,여수,climatology,24.0,24.489285714285717,True,True,True,2024-12-31
2025-07-12,여수,climatology,24.0,24.482142857142858,True,True,True,2024-12-31
2025-07-13,여수,climatology,24.1,24.492857142857144,True,True,True,2024-12-31
2025-07-14,여수,climatology,24.1,24.517857142857142,True,True,True,2024-12-31
2025-07-15,여수,climatology,25.0,24.528571428571432,True,True,True,2024-12-31
2025-07-16,여수,climatology,25.0,24.542857142857144,True,True,True,2024-12-31
2025-07-17,여수,climatology,24.9,24.525,True,True,True,2024-12-31
2025-07-18,여수,climatology,24.7,24.52857142857143,True,True,True,2024-12-31
2025-07-19,여수,climatology,25.2,24.539285714285715,True,True,True,2024-12-31
2025-07-20,여수,climatology,25.3,24.575,True,True,True,2024-12-31
2025-07-21,여수,climatology,25.5,24.642857142857146,True,True,True,2024-12-31
2025-07-22,여수,climatology,26.2,24.692857142857147,True,True,True,2024-12-31
2025-07-23,여수,climatology,26.4,24.73214285714286,True,True,True,2024-12-31
2025-07-24,여수,climatology,26.4,24.825000000000006,True,True,True,2024-12-31
2025-07-25,여수,climatology,26.6,24.925000000000008,True,True,True,2024-12-31
2025-07-26,여수,climatology,26.8,25.042857142857148,True,True,True,2024-12-31
2025-07-27,여수,climatology,27.1,25.178571428571438,True,True,True,2024-12-31
2025-07-28,여수,climatology,27.2,25.275000000000002,True,True,True,2024-12-31
2025-07-29,여수,climatology,27.5,25.403571428571432,True,True,True,2024-12-31
2025-07-30,여수,climatology,27.8,25.571428571428573,True,True,True,2024-12-31
2025-07-31,여수,climatology,27.9,25.73214285714286,True,True,True,2024-12-31
2025-08-01,여수,climatology,28.1,25.882142857142856,True,True,True,2024-12-31
2025-08-02,여수,climatology,28.3,26.042857142857144,True,True,True,2024-12-31
2025-08-03,여수,climatology,28.6,26.210714285714285,True,True,True,2024-12-31
2025-08-04,여수,climatology,29.1,26.407142857142855,True,True,True,2024-12-31
2025-08-05,여수,climatology,29.4,26.659259259259258,True,True,True,2024-12-31
2025-08-06,여수,climatology,29.4,26.865384615384617,True,True,True,2024-12-31
2025-08-07,여수,climatology,29.3,27.068,True,True,True,2024-12-31
2025-08-08,여수,climatology,28.5,27.208333333333332,True,True,True,2024-12-31
2025-08-09,여수,climatology,27.9,27.26086956521739,True,True,True,2024-12-31
2025-08-10,여수,climatology,26.6,27.222727272727276,True,True,True,2024-12-31
2025-08-11,여수,climatology,25.7,27.114285714285717,True,True,True,2024-12-31
2025-08-12,여수,climatology,25.0,26.928571428571423,True,True,True,2024-12-31
2025-08-13,여수,climatology,24.7,26.82857142857143,True,True,True,2024-12-31
2025-08-14,여수,climatology,25.1,26.761904761904766,True,True,True,2024-12-31
2025-08-15,여수,climatology,25.2,26.75238095238095,True,True,True,2024-12-31
2025-08-16,여수,climatology,25.3,26.79523809523809,True,True,True,2024-12-31
2025-08-17,여수,climatology,25.4,26.90952380952381,True,True,True,2024-12-31
2025-08-18,여수,climatology,25.0,27.0,True,True,True,2024-12-31
2025-08-19,여수,climatology,25.1,27.057142857142853,True,True,True,2024-12-31
2025-08-20,여수,climatology,25.1,27.104761904761908,True,True,True,2024-12-31
2025-08-21,여수,climatology,24.8,27.090476190476195,True,True,True,2024-12-31
2025-08-22,여수,climatology,25.2,27.066666666666666,True,True,True,2024-12-31
2025-08-23,여수,climatology,25.8,27.047619047619044,True,True,True,2024-12-31
2025-08-24,여수,climatology,25.8,27.009523809523806,True,True,True,2024-12-31
2025-08-25,여수,climatology,25.7,27.014285714285712,True,True,True,2024-12-31
2025-08-26,여수,climatology,25.7,26.980952380952377,True,True,True,2024-12-31
2025-08-27,여수,climatology,25.3,26.904761904761898,True,True,True,2024-12-31
2025-08-28,여수,climatology,24.9,26.876190476190477,True,True,True,2024-12-31
2025-08-29,여수,climatology,24.5,26.861904761904764,True,True,True,2024-12-31
2025-08-30,여수,climatology,24.7,26.804761904761904,True,True,True,2024-12-31
2025-08-31,여수,climatology,24.4,26.69047619047619,True,True,True,2024-12-31
2025-09-01,여수,climatology,23.9,26.744999999999997,True,True,True,2024-12-31
2025-09-02,여수,climatology,24.3,26.8,True,True,True,2024-12-31
2025-09-03,여수,climatology,24.2,26.84444444444445,True,True,True,2024-12-31
2025-09-04,여수,climatology,24.4,26.916666666666668,True,True,True,2024-12-31
2025-09-05,여수,climatology,24.1,26.955555555555556,True,True,True,2024-12-31
2025-09-06,여수,climatology,24.9,27.06111111111111,True,True,True,2024-12-31
2025-09-07,여수,climatology,25.8,27.227777777777774,True,True,True,2024-12-31
2025-09-08,여수,climatology,25.6,27.205263157894734,True,True,True,2024-12-31
2025-09-09,여수,climatology,,27.23999999999999,False,False,False,2024-12-31
2025-09-10,여수,climatology,,27.28571428571428,False,False,False,2024-12-31
2025-09-11,여수,climatology,24.0,27.29047619047619,True,True,True,2024-12-31
2025-09-12,여수,climatology,23.9,27.295238095238098,True,True,True,2024-12-31
2025-09-13,여수,climatology,24.0,27.257142857142856,True,True,True,2024-12-31
2025-09-14,여수,climatology,24.2,27.19523809523809,True,True,True,2024-12-31
2025-09-15,여수,climatology,24.1,27.133333333333333,True,True,True,2024-12-31
2025-09-16,여수,climatology,24.2,27.071428571428573,True,True,True,2024-12-31
2025-09-17,여수,climatology,24.9,27.0,True,True,True,2024-12-31
2025-09-18,여수,climatology,25.1,26.80454545454546,True,True,True,2024-12-31
2025-09-19,여수,climatology,24.8,26.582608695652173,True,True,True,2024-12-31
2025-09-20,여수,climatology,24.6,26.354166666666668,True,True,True,2024-12-31
2025-09-21,여수,climatology,24.4,26.087999999999997,True,True,True,2024-12-31
2025-09-22,여수,climatology,24.1,25.792307692307688,True,True,True,2024-12-31
2025-09-23,여수,climatology,23.9,25.499999999999996,True,True,True,2024-12-31
2025-09-24,여수,climatology,23.8,25.25,True,True,True,2024-12-31
2025-09-25,여수,climatology,23.8,25.071428571428573,True,True,True,2024-12-31
2025-09-26,여수,climatology,23.8,24.939285714285713,True,True,True,2024-12-31
2025-09-27,여수,climatology,23.9,24.842857142857138,True,True,True,2024-12-31
2025-09-28,여수,climatology,24.0,24.803571428571423,True,True,True,2024-12-31
2025-09-29,여수,climatology,23.9,24.767857142857142,True,True,True,2024-12-31
2025-09-30,여수,climatology,24.0,24.707142857142856,True,True,True,2024-12-31
2025-10-01,여수,climatology,24.0,24.610714285714284,True,True,True,2024-12-31
2025-10-02,여수,climatology,24.0,24.482142857142858,True,True,True,2024-12-31
2025-10-03,여수,climatology,23.8,24.314285714285713,True,True,True,2024-12-31
2025-10-04,여수,climatology,23.6,24.096428571428568,True,True,True,2024-12-31
2025-10-05,여수,climatology,23.8,23.842857142857138,True,True,True,2024-12-31
2025-10-06,여수,climatology,24.0,23.578571428571426,True,True,True,2024-12-31
2025-10-07,여수,climatology,23.9,23.303571428571423,True,True,True,2024-12-31
2025-10-08,여수,climatology,23.9,23.02857142857143,True,True,True,2024-12-31
2025-10-09,여수,climatology,23.6,22.746428571428574,True,True,True,2024-12-31
2025-10-10,여수,climatology,23.3,22.500000000000004,True,True,True,2024-12-31
2025-10-11,여수,climatology,23.2,22.303571428571427,True,True,True,2024-12-31
2025-10-12,여수,climatology,23.3,22.15,True,True,True,2024-12-31
2025-10-13,여수,climatology,23.5,22.032142857142855,True,True,True,2024-12-31
2025-10-14,여수,climatology,23.6,21.875,True,True,True,2024-12-31
2025-10-15,여수,climatology,23.4,21.674999999999994,True,True,True,2024-12-31
2025-10-16,여수,climatology,23.2,21.478571428571428,True,True,True,2024-12-31
2025-10-17,여수,climatology,23.2,21.217857142857145,True,True,True,2024-12-31
2025-10-18,여수,climatology,23.2,20.889285714285712,True,True,True,2024-12-31
2025-10-19,여수,climatology,22.8,20.532142857142862,True,True,True,2024-12-31
2025-10-20,여수,climatology,22.4,20.157142857142862,True,True,True,2024-12-31
2025-10-21,여수,climatology,21.8,19.828571428571426,True,True,True,2024-12-31
2025-10-22,여수,climatology,21.3,19.557142857142857,True,True,True,2024-12-31
2025-10-23,여수,climatology,21.1,19.314285714285717,True,True,True,2024-12-31
2025-10-24,여수,climatology,21.0,19.16071428571428,True,True,True,2024-12-31
2025-10-25,여수,climatology,20.9,19.075,True,True,True,2024-12-31
2025-10-26,여수,climatology,20.7,19.01071428571429,True,True,True,2024-12-31
2025-10-27,여수,climatology,20.0,18.953571428571426,True,True,True,2024-12-31
2025-10-28,여수,climatology,19.2,18.917857142857144,True,True,True,2024-12-31
2025-10-29,여수,climatology,18.8,18.88214285714286,True,True,True,2024-12-31
2025-10-30,여수,climatology,18.4,18.839285714285715,True,True,True,2024-12-31
2025-10-31,여수,climatology,18.4,18.77857142857143,True,True,True,2024-12-31
2025-11-01,여수,climatology,18.2,18.70357142857143,True,True,True,2024-12-31
2025-11-02,여수,climatology,17.9,18.59642857142857,True,True,True,2024-12-31
2025-11-03,여수,climatology,17.3,18.442857142857147,True,True,True,2024-12-31
2025-11-04,여수,climatology,17.2,18.235714285714288,True,True,True,2024-12-31
2025-11-05,여수,climatology,17.5,18.014285714285712,True,True,True,2024-12-31
2025-11-06,여수,climatology,17.7,17.789285714285715,True,True,True,2024-12-31
2025-11-07,여수,climatology,17.9,17.54285714285714,True,True,True,2024-12-31
2025-11-08,여수,climatology,17.9,17.267857142857142,True,True,True,2024-12-31
2025-11-09,여수,climatology,17.7,16.992857142857144,True,True,True,2024-12-31
2025-11-10,여수,climatology,17.5,16.735714285714284,True,True,True,2024-12-31
2025-11-11,여수,climatology,17.0,16.510714285714286,True,True,True,2024-12-31
2025-11-12,여수,climatology,16.5,16.29285714285714,True,True,True,2024-12-31
2025-11-13,여수,climatology,16.2,16.075,True,True,True,2024-12-31
2025-11-14,여수,climatology,16.0,15.864285714285716,True,True,True,2024-12-31
2025-11-15,여수,climatology,15.8,15.62857142857143,True,True,True,2024-12-31
2025-11-16,여수,climatology,15.8,15.37857142857143,True,True,True,2024-12-31
2025-11-17,여수,climatology,15.6,15.182142857142859,True,True,True,2024-12-31
2025-11-18,여수,climatology,14.5,15.007142857142856,True,True,True,2024-12-31
2025-11-19,여수,climatology,13.9,14.85,True,True,True,2024-12-31
2025-11-20,여수,climatology,13.6,14.667857142857144,True,True,True,2024-12-31
2025-11-21,여수,climatology,13.7,14.464285714285717,True,True,True,2024-12-31
2025-11-22,여수,climatology,13.6,14.285714285714286,True,True,True,2024-12-31
2025-11-23,여수,climatology,13.7,14.146428571428572,True,True,True,2024-12-31
2025-11-24,여수,climatology,13.9,13.953571428571431,True,True,True,2024-12-31
2025-11-25,여수,climatology,14.0,13.732142857142858,True,True,True,2024-12-31
2025-11-26,여수,climatology,13.7,13.507142857142858,True,True,True,2024-12-31
2025-11-27,여수,climatology,13.4,13.260714285714286,True,True,True,2024-12-31
2025-11-28,여수,climatology,12.8,12.95,True,True,True,2024-12-31
2025-11-29,여수,climatology,12.5,12.607142857142858,True,True,True,2024-12-31
2025-11-30,여수,climatology,12.6,12.278571428571427,True,True,True,2024-12-31
2025-12-01,여수,climatology,12.8,11.978571428571428,True,True,True,2024-12-31
2025-12-02,여수,climatology,12.4,11.689285714285713,True,True,True,2024-12-31
2025-12-03,여수,climatology,11.9,11.389285714285716,True,True,True,2024-12-31
2025-12-04,여수,climatology,11.0,11.14285714285714,True,True,True,2024-12-31
2025-12-05,여수,climatology,10.9,10.974999999999998,True,True,True,2024-12-31
2025-12-06,여수,climatology,10.9,10.87142857142857,True,True,True,2024-12-31
2025-12-07,여수,climatology,11.2,10.785714285714286,True,True,True,2024-12-31
2025-12-08,여수,climatology,11.5,10.717857142857143,True,True,True,2024-12-31
2025-12-09,여수,climatology,11.2,10.675,True,True,True,2024-12-31
2025-12-10,여수,climatology,11.0,10.599999999999998,True,True,True,2024-12-31
2025-12-11,여수,climatology,10.8,10.467857142857142,True,True,True,2024-12-31
2025-12-12,여수,climatology,10.7,10.321428571428571,True,True,True,2024-12-31
2025-12-13,여수,climatology,10.1,10.192857142857145,True,True,True,2024-12-31
2025-12-14,여수,climatology,9.8,9.989285714285714,True,True,True,2024-12-31
2025-12-15,여수,climatology,9.4,9.682142857142859,True,True,True,2024-12-31
2025-12-16,여수,climatology,9.3,9.317857142857145,True,True,True,2024-12-31
2025-12-17,여수,climatology,9.5,8.999999999999998,True,True,True,2024-12-31
2025-12-18,여수,climatology,9.4,8.735714285714286,True,True,True,2024-12-31
2025-12-19,여수,climatology,9.4,8.482142857142856,True,True,True,2024-12-31
2025-12-20,여수,climatology,9.9,8.17142857142857,True,True,True,2024-12-31
2025-12-21,여수,climatology,9.8,7.910714285714286,True,True,True,2024-12-31
2025-12-22,여수,climatology,9.4,7.7178571428571425,True,True,True,2024-12-31
2025-12-23,여수,climatology,9.2,7.55,True,True,True,2024-12-31
2025-12-24,여수,climatology,9.5,7.385714285714286,True,True,True,2024-12-31
2025-12-25,여수,climatology,9.3,7.260714285714286,True,True,True,2024-12-31
2025-12-26,여수,climatology,8.2,7.171428571428573,True,True,True,2024-12-31
2025-12-27,여수,climatology,7.4,7.142857142857143,True,True,True,2024-12-31
2025-12-28,여수,climatology,7.4,7.096428571428571,True,True,True,2024-12-31
2025-12-29,여수,climatology,7.6,7.007142857142857,True,True,True,2024-12-31
2025-12-30,여수,climatology,7.9,6.9607142857142845,True,True,True,2024-12-31
2025-12-31,여수,climatology,7.9,6.9142857142857155,True,True,True,2024-12-31
2025-01-01,여수,naive_seasonal,7.2,8.3,True,True,True,2024-12-31
2025-01-02,여수,naive_seasonal,7.2,8.3,True,True,True,2024-12-31
2025-01-03,여수,naive_seasonal,7.1,8.4,True,True,True,2024-12-31
2025-01-04,여수,naive_seasonal,7.1,8.4,True,True,True,2024-12-31
2025-01-05,여수,naive_seasonal,7.0,8.0,True,True,True,2024-12-31
2025-01-06,여수,naive_seasonal,7.1,8.0,True,True,True,2024-12-31
2025-01-07,여수,naive_seasonal,7.3,7.8,True,True,True,2024-12-31
2025-01-08,여수,naive_seasonal,7.1,6.8,True,True,True,2024-12-31
2025-01-09,여수,naive_seasonal,6.7,6.5,True,True,True,2024-12-31
2025-01-10,여수,naive_seasonal,5.3,6.6,True,True,True,2024-12-31
2025-01-11,여수,naive_seasonal,5.0,6.9,True,True,True,2024-12-31
2025-01-12,여수,naive_seasonal,5.3,7.3,True,True,True,2024-12-31
2025-01-13,여수,naive_seasonal,5.7,7.6,True,True,True,2024-12-31
2025-01-14,여수,naive_seasonal,5.9,7.7,True,True,True,2024-12-31
2025-01-15,여수,naive_seasonal,6.0,8.0,True,True,True,2024-12-31
2025-01-16,여수,naive_seasonal,6.0,7.3,True,True,True,2024-12-31
2025-01-17,여수,naive_seasonal,6.1,7.4,True,True,True,2024-12-31
2025-01-18,여수,naive_seasonal,6.2,7.6,True,True,True,2024-12-31
2025-01-19,여수,naive_seasonal,6.4,7.5,True,True,True,2024-12-31
2025-01-20,여수,naive_seasonal,6.7,7.3,True,True,True,2024-12-31
2025-01-21,여수,naive_seasonal,6.8,7.0,True,True,True,2024-12-31
2025-01-22,여수,naive_seasonal,7.0,6.8,True,True,True,2024-12-31
2025-01-23,여수,naive_seasonal,7.0,6.3,True,True,True,2024-12-31
2025-01-24,여수,naive_seasonal,7.1,6.2,True,True,True,2024-12-31
2025-01-25,여수,naive_seasonal,7.1,5.5,True,True,True,2024-12-31
2025-01-26,여수,naive_seasonal,7.1,6.1,True,True,True,2024-12-31
2025-01-27,여수,naive_seasonal,7.0,5.8,True,True,True,2024-12-31
2025-01-28,여수,naive_seasonal,6.5,5.9,True,True,True,2024-12-31
2025-01-29,여수,naive_seasonal,6.3,5.8,True,True,True,2024-12-31
2025-01-30,여수,naive_seasonal,6.1,6.0,True,True,True,2024-12-31
2025-01-31,여수,naive_seasonal,6.0,6.3,True,True,True,2024-12-31
2025-02-01,여수,naive_seasonal,6.1,6.6,True,True,True,2024-12-31
2025-02-02,여수,naive_seasonal,6.2,6.7,True,True,True,2024-12-31
2025-02-03,여수,naive_seasonal,6.8,6.5,True,True,True,2024-12-31
2025-02-04,여수,naive_seasonal,6.2,6.6,True,True,True,2024-12-31
2025-02-05,여수,naive_seasonal,5.8,6.5,True,True,True,2024-12-31
2025-02-06,여수,naive_seasonal,5.6,6.6,True,True,True,2024-12-31
2025-02-07,여수,naive_seasonal,5.4,6.6,True,True,True,2024-12-31
2025-02-08,여수,naive_seasonal,4.3,6.5,True,True,True,2024-12-31
2025-02-09,여수,naive_seasonal,4.2,6.6,True,True,True,2024-12-31
2025-02-10,여수,naive_seasonal,4.9,6.7,True,True,True,2024-12-31
2025-02-11,여수,naive_seasonal,5.0,6.9,True,True,True,2024-12-31
2025-02-12,여수,naive_seasonal,5.0,7.1,True,True,True,2024-12-31
2025-02-13,여수,naive_seasonal,5.0,7.6,True,True,True,2024-12-31
2025-02-14,여수,naive_seasonal,5.3,8.0,True,True,True,2024-12-31
2025-02-15,여수,naive_seasonal,5.5,8.4,True,True,True,2024-12-31
2025-02-16,여수,naive_seasonal,5.6,8.4,True,True,True,2024-12-31
2025-02-17,여수,naive_seasonal,5.9,8.5,True,True,True,2024-12-31
2025-02-18,여수,naive_seasonal,5.3,8.7,True,True,True,2024-12-31
2025-02-19,여수,naive_seasonal,5.3,9.4,True,True,True,2024-12-31
2025-02-20,여수,naive_seasonal,5.0,9.7,True,True,True,2024-12-31
2025-02-21,여수,naive_seasonal,4.2,9.6,True,True,True,2024-12-31
2025-02-22,여수,naive_seasonal,4.3,8.8,True,True,True,2024-12-31
2025-02-23,여수,naive_seasonal,4.8,8.5,True,True,True,2024-12-31
2025-02-24,여수,naive_seasonal,4.1,8.3,True,True,True,2024-12-31
2025-02-25,여수,naive_seasonal,4.3,8.2,True,True,True,2024-12-31
2025-02-26,여수,naive_seasonal,4.9,8.3,True,True,True,2024-12-31
2025-02-27,여수,naive_seasonal,5.3,8.5,True,True,True,2024-12-31
2025-02-28,여수,naive_seasonal,5.7,8.5,True,True,True,2024-12-31
2025-03-01,여수,naive_seasonal,6.1,8.4,True,True,True,2024-12-31
2025-03-02,여수,naive_seasonal,6.4,7.6,True,True,True,2024-12-31
2025-03-03,여수,naive_seasonal,6.5,7.6,True,True,True,2024-12-31
2025-03-04,여수,naive_seasonal,5.9,7.8,True,True,True,2024-12-31
2025-03-05,여수,naive_seasonal,5.9,7.9,True,True,True,2024-12-31
2025-03-06,여수,naive_seasonal,6.2,8.1,True,True,True,2024-12-31
2025-03-07,여수,naive_seasonal,6.5,8.5,True,True,True,2024-12-31
2025-03-08,여수,naive_seasonal,7.0,8.3,True,True,True,2024-12-31
2025-03-09,여수,naive_seasonal,7.3,8.2,True,True,True,2024-12-31
2025-03-10,여수,naive_seasonal,7.7,8.4,True,True,True,2024-12-31
2025-03-11,여수,naive_seasonal,8.0,8.9,True,True,True,2024-12-31
2025-03-12,여수,naive_seasonal,8.3,9.4,True,True,True,2024-12-31
2025-03-13,여수,naive_seasonal,8.6,9.7,True,True,True,2024-12-31
2025-03-14,여수,naive_seasonal,8.9,9.9,True,True,True,2024-12-31
2025-03-15,여수,naive_seasonal,9.1,10.1,True,True,True,2024-12-31
2025-03-16,여수,naive_seasonal,8.9,10.6,True,True,True,2024-12-31
2025-03-17,여수,naive_seasonal,8.3,11.3,True,True,True,2024-12-31
2025-03-18,여수,naive_seasonal,8.1,11.3,True,True,True,2024-12-31
2025-03-19,여수,naive_seasonal,7.8,11.1,True,True,True,2024-12-31
2025-03-20,여수,naive_seasonal,7.9,10.5,True,True,True,2024-12-31
2025-03-21,여수,naive_seasonal,8.4,10.4,True,True,True,2024-12-31
2025-03-22,여수,naive_seasonal,9.0,10.6,True,True,True,2024-12-31
2025-03-23,여수,naive_seasonal,9.5,11.0,True,True,True,2024-12-31
2025-03-24,여수,naive_seasonal,10.2,11.6,True,True,True,2024-12-31
2025-03-25,여수,naive_seasonal,10.7,11.5,True,True,True,2024-12-31
2025-03-26,여수,naive_seasonal,11.0,11.4,True,True,True,2024-12-31
2025-03-27,여수,naive_seasonal,11.2,11.6,True,True,True,2024-12-31
2025-03-28,여수,naive_seasonal,11.2,11.8,True,True,True,2024-12-31
2025-03-29,여수,naive_seasonal,10.6,12.0,True,True,True,2024-12-31
2025-03-30,여수,naive_seasonal,10.1,12.2,True,True,True,2024-12-31
2025-03-31,여수,naive_seasonal,9.9,12.4,True,True,True,2024-12-31
2025-04-01,여수,naive_seasonal,10.2,12.6,True,True,True,2024-12-31
2025-04-02,여수,naive_seasonal,10.5,12.9,True,True,True,2024-12-31
2025-04-03,여수,naive_seasonal,10.7,13.0,True,True,True,2024-12-31
2025-04-04,여수,naive_seasonal,11.0,13.1,True,True,True,2024-12-31
2025-04-05,여수,naive_seasonal,11.4,13.2,True,True,True,2024-12-31
2025-04-06,여수,naive_seasonal,11.6,13.5,True,True,True,2024-12-31
2025-04-07,여수,naive_seasonal,11.9,13.6,True,True,True,2024-12-31
2025-04-08,여수,naive_seasonal,12.5,14.0,True,True,True,2024-12-31
2025-04-09,여수,naive_seasonal,12.9,14.0,True,True,True,2024-12-31
2025-04-10,여수,naive_seasonal,13.3,14.0,True,True,True,2024-12-31
2025-04-11,여수,naive_seasonal,13.6,14.2,True,True,True,2024-12-31
2025-04-12,여수,naive_seasonal,13.8,14.2,True,True,True,2024-12-31
2025-04-13,여수,naive_seasonal,13.3,14.6,True,True,True,2024-12-31
2025-04-14,여수,naive_seasonal,12.8,15.1,True,True,True,2024-12-31
2025-04-15,여수,naive_seasonal,12.4,15.2,True,True,True,2024-12-31
2025-04-16,여수,naive_seasonal,12.6,15.4,True,True,True,2024-12-31
2025-04-17,여수,naive_seasonal,13.0,15.9,True,True,True,2024-12-31
2025-04-18,여수,naive_seasonal,13.4,16.2,True,True,True,2024-12-31
2025-04-19,여수,naive_seasonal,14.1,16.8,True,True,True,2024-12-31
2025-04-20,여수,naive_seasonal,14.3,16.7,True,True,True,2024-12-31
2025-04-21,여수,naive_seasonal,14.3,16.2,True,True,True,2024-12-31
2025-04-22,여수,naive_seasonal,14.6,16.0,True,True,True,2024-12-31
2025-04-23,여수,naive_seasonal,14.8,15.9,True,True,True,2024-12-31
2025-04-24,여수,naive_seasonal,15.3,16.2,True,True,True,2024-12-31
2025-04-25,여수,naive_seasonal,15.3,16.5,True,True,True,2024-12-31
2025-04-26,여수,naive_seasonal,15.1,16.8,True,True,True,2024-12-31
2025-04-27,여수,naive_seasonal,15.3,17.0,True,True,True,2024-12-31
2025-04-28,여수,naive_seasonal,15.4,17.4,True,True,True,2024-12-31
2025-04-29,여수,naive_seasonal,15.3,17.4,True,True,True,2024-12-31
2025-04-30,여수,naive_seasonal,15.4,17.2,True,True,True,2024-12-31
2025-05-01,여수,naive_seasonal,15.7,17.3,True,True,True,2024-12-31
2025-05-02,여수,naive_seasonal,15.8,17.2,True,True,True,2024-12-31
2025-05-03,여수,naive_seasonal,15.8,17.6,True,True,True,2024-12-31
2025-05-04,여수,naive_seasonal,15.6,18.0,True,True,True,2024-12-31
2025-05-05,여수,naive_seasonal,15.8,18.1,True,True,True,2024-12-31
2025-05-06,여수,naive_seasonal,15.6,18.3,True,True,True,2024-12-31
2025-05-07,여수,naive_seasonal,15.6,18.3,True,True,True,2024-12-31
2025-05-08,여수,naive_seasonal,15.9,18.0,True,True,True,2024-12-31
2025-05-09,여수,naive_seasonal,,18.0,False,False,False,2024-12-31
2025-05-10,여수,naive_seasonal,,18.1,False,False,False,2024-12-31
2025-05-11,여수,naive_seasonal,,18.5,False,False,False,2024-12-31
2025-05-12,여수,naive_seasonal,,18.6,False,False,False,2024-12-31
2025-05-13,여수,naive_seasonal,,18.5,False,False,False,2024-12-31
2025-05-14,여수,naive_seasonal,,18.9,False,False,False,2024-12-31
2025-05-15,여수,naive_seasonal,,19.4,False,False,False,2024-12-31
2025-05-16,여수,naive_seasonal,,18.9,False,False,False,2024-12-31
2025-05-17,여수,naive_seasonal,,19.0,False,False,False,2024-12-31
2025-05-18,여수,naive_seasonal,,19.2,False,False,False,2024-12-31
2025-05-19,여수,naive_seasonal,,19.8,False,False,False,2024-12-31
2025-05-20,여수,naive_seasonal,,20.2,False,False,False,2024-12-31
2025-05-21,여수,naive_seasonal,,20.4,False,False,False,2024-12-31
2025-05-22,여수,naive_seasonal,,20.4,False,False,False,2024-12-31
2025-05-23,여수,naive_seasonal,,20.5,False,False,False,2024-12-31
2025-05-24,여수,naive_seasonal,,20.8,False,False,False,2024-12-31
2025-05-25,여수,naive_seasonal,,20.9,False,False,False,2024-12-31
2025-05-26,여수,naive_seasonal,,20.7,False,False,False,2024-12-31
2025-05-27,여수,naive_seasonal,,20.5,False,False,False,2024-12-31
2025-05-28,여수,naive_seasonal,,20.5,False,False,False,2024-12-31
2025-05-29,여수,naive_seasonal,,20.8,False,False,False,2024-12-31
2025-05-30,여수,naive_seasonal,,21.0,False,False,False,2024-12-31
2025-05-31,여수,naive_seasonal,,21.2,False,False,False,2024-12-31
2025-06-01,여수,naive_seasonal,,21.4,False,False,False,2024-12-31
2025-06-02,여수,naive_seasonal,,21.3,False,False,False,2024-12-31
2025-06-03,여수,naive_seasonal,,21.6,False,False,False,2024-12-31
2025-06-04,여수,naive_seasonal,20.2,21.9,True,True,True,2024-12-31
2025-06-05,여수,naive_seasonal,20.4,21.9,True,True,True,2024-12-31
2025-06-06,여수,naive_seasonal,20.6,21.7,True,True,True,2024-12-31
2025-06-07,여수,naive_seasonal,20.5,21.4,True,True,True,2024-12-31
2025-06-08,여수,naive_seasonal,20.6,21.4,True,True,True,2024-12-31
2025-06-09,여수,naive_seasonal,20.6,21.4,True,True,True,2024-12-31
2025-06-10,여수,naive_seasonal,20.8,21.7,True,True,True,2024-12-31
2025-06-11,여수,naive_seasonal,21.1,22.2,True,True,True,2024-12-31
2025-06-12,여수,naive_seasonal,21.2,22.5,True,True,True,2024-12-31
2025-06-13,여수,naive_seasonal,21.0,22.8,True,True,True,2024-12-31
2025-06-14,여수,naive_seasonal,20.9,23.3,True,True,True,2024-12-31
2025-06-15,여수,naive_seasonal,20.6,23.9,True,True,True,2024-12-31
2025-06-16,여수,naive_seasonal,21.2,24.6,True,True,True,2024-12-31
2025-06-17,여수,naive_seasonal,21.5,24.0,True,True,True,2024-12-31
2025-06-18,여수,naive_seasonal,21.6,23.8,True,True,True,2024-12-31
2025-06-19,여수,naive_seasonal,21.7,23.7,True,True,True,2024-12-31
2025-06-20,여수,naive_seasonal,21.7,23.7,True,True,True,2024-12-31
2025-06-21,여수,naive_seasonal,22.4,23.4,True,True,True,2024-12-31
2025-06-22,여수,naive_seasonal,22.0,23.5,True,True,True,2024-12-31
2025-06-23,여수,naive_seasonal,21.7,23.3,True,True,True,2024-12-31
2025-06-24,여수,naive_seasonal,21.3,23.7,True,True,True,2024-12-31
2025-06-25,여수,naive_seasonal,21.5,23.3,True,True,True,2024-12-31
2025-06-26,여수,naive_seasonal,21.9,22.8,True,True,True,2024-12-31
2025-06-27,여수,naive_seasonal,22.2,22.5,True,True,True,2024-12-31
2025-06-28,여수,naive_seasonal,22.4,22.2,True,True,True,2024-12-31
2025-06-29,여수,naive_seasonal,22.6,22.5,True,True,True,2024-12-31
2025-06-30,여수,naive_seasonal,22.7,22.9,True,True,True,2024-12-31
2025-07-01,여수,naive_seasonal,22.6,23.2,True,True,True,2024-12-31
2025-07-02,여수,naive_seasonal,22.5,23.6,True,True,True,2024-12-31
2025-07-03,여수,naive_seasonal,22.8,23.9,True,True,True,2024-12-31
2025-07-04,여수,naive_seasonal,23.7,24.2,True,True,True,2024-12-31
2025-07-05,여수,naive_seasonal,24.6,24.5,True,True,True,2024-12-31
2025-07-06,여수,naive_seasonal,25.4,24.6,True,True,True,2024-12-31
2025-07-07,여수,naive_seasonal,24.1,24.8,True,True,True,2024-12-31
2025-07-08,여수,naive_seasonal,22.9,24.4,True,True,True,2024-12-31
2025-07-09,여수,naive_seasonal,23.2,23.9,True,True,True,2024-12-31
2025-07-10,여수,naive_seasonal,23.3,23.9,True,True,True,2024-12-31
2025-07-11,여수,naive_seasonal,24.0,23.7,True,True,True,2024-12-31
2025-07-12,여수,naive_seasonal,24.0,23.3,True,True,True,2024-12-31
2025-07-13,여수,naive_seasonal,24.1,23.3,True,True,True,2024-12-31
2025-07-14,여수,naive_seasonal,24.1,22.7,True,True,True,2024-12-31
2025-07-15,여수,naive_seasonal,25.0,22.5,True,True,True,2024-12-31
2025-07-16,여수,naive_seasonal,25.0,23.0,True,True,True,2024-12-31
2025-07-17,여수,naive_seasonal,24.9,23.5,True,True,True,2024-12-31
2025-07-18,여수,naive_seasonal,24.7,24.1,True,True,True,2024-12-31
2025-07-19,여수,naive_seasonal,25.2,23.9,True,True,True,2024-12-31
2025-07-20,여수,naive_seasonal,25.3,23.4,True,True,True,2024-12-31
2025-07-21,여수,naive_seasonal,25.5,23.4,True,True,True,2024-12-31
2025-07-22,여수,naive_seasonal,26.2,23.5,True,True,True,2024-12-31
2025-07-23,여수,naive_seasonal,26.4,23.7,True,True,True,2024-12-31
2025-07-24,여수,naive_seasonal,26.4,23.6,True,True,True,2024-12-31
2025-07-25,여수,naive_seasonal,26.6,23.4,True,True,True,2024-12-31
2025-07-26,여수,naive_seasonal,26.8,23.7,True,True,True,2024-12-31
2025-07-27,여수,naive_seasonal,27.1,24.2,True,True,True,2024-12-31
2025-07-28,여수,naive_seasonal,27.2,24.2,True,True,True,2024-12-31
2025-07-29,여수,naive_seasonal,27.5,24.6,True,True,True,2024-12-31
2025-07-30,여수,naive_seasonal,27.8,24.9,True,True,True,2024-12-31
2025-07-31,여수,naive_seasonal,27.9,24.7,True,True,True,2024-12-31
2025-08-01,여수,naive_seasonal,28.1,24.4,True,True,True,2024-12-31
2025-08-02,여수,naive_seasonal,28.3,24.3,True,True,True,2024-12-31
2025-08-03,여수,naive_seasonal,28.6,24.2,True,True,True,2024-12-31
2025-08-04,여수,naive_seasonal,29.1,24.0,True,True,True,2024-12-31
2025-08-05,여수,naive_seasonal,29.4,24.1,True,True,True,2024-12-31
2025-08-06,여수,naive_seasonal,29.4,24.4,True,True,True,2024-12-31
2025-08-07,여수,naive_seasonal,29.3,24.9,True,True,True,2024-12-31
2025-08-08,여수,naive_seasonal,28.5,25.2,True,True,True,2024-12-31
2025-08-09,여수,naive_seasonal,27.9,25.0,True,True,True,2024-12-31
2025-08-10,여수,naive_seasonal,26.6,25.1,True,True,True,2024-12-31
2025-08-11,여수,naive_seasonal,25.7,24.9,True,True,True,2024-12-31
2025-08-12,여수,naive_seasonal,25.0,24.7,True,True,True,2024-12-31
2025-08-13,여수,naive_seasonal,24.7,24.7,True,True,True,2024-12-31
2025-08-14,여수,naive_seasonal,25.1,24.8,True,True,True,2024-12-31
2025-08-15,여수,naive_seasonal,25.2,26.1,True,True,True,2024-12-31
2025-08-16,여수,naive_seasonal,25.3,27.1,True,True,True,2024-12-31
2025-08-17,여수,naive_seasonal,25.4,28.2,True,True,True,2024-12-31
2025-08-18,여수,naive_seasonal,25.0,28.3,True,True,True,2024-12-31
2025-08-19,여수,naive_seasonal,25.1,28.4,True,True,True,2024-12-31
2025-08-20,여수,naive_seasonal,25.1,28.4,True,True,True,2024-12-31
2025-08-21,여수,naive_seasonal,24.8,28.6,True,True,True,2024-12-31
2025-08-22,여수,naive_seasonal,25.2,29.0,True,True,True,2024-12-31
2025-08-23,여수,naive_seasonal,25.8,29.0,True,True,True,2024-12-31
2025-08-24,여수,naive_seasonal,25.8,29.2,True,True,True,2024-12-31
2025-08-25,여수,naive_seasonal,25.7,29.3,True,True,True,2024-12-31
2025-08-26,여수,naive_seasonal,25.7,29.3,True,True,True,2024-12-31
2025-08-27,여수,naive_seasonal,25.3,29.2,True,True,True,2024-12-31
2025-08-28,여수,naive_seasonal,24.9,29.0,True,True,True,2024-12-31
2025-08-29,여수,naive_seasonal,24.5,28.8,True,True,True,2024-12-31
2025-08-30,여수,naive_seasonal,24.7,28.4,True,True,True,2024-12-31
2025-08-31,여수,naive_seasonal,24.4,28.5,True,True,True,2024-12-31
2025-09-01,여수,naive_seasonal,23.9,28.9,True,True,True,2024-12-31
2025-09-02,여수,naive_seasonal,24.3,28.9,True,True,True,2024-12-31
2025-09-03,여수,naive_seasonal,24.2,28.7,True,True,True,2024-12-31
2025-09-04,여수,naive_seasonal,24.4,28.4,True,True,True,2024-12-31
2025-09-05,여수,naive_seasonal,24.1,28.5,True,True,True,2024-12-31
2025-09-06,여수,naive_seasonal,24.9,28.6,True,True,True,2024-12-31
2025-09-07,여수,naive_seasonal,25.8,28.7,True,True,True,2024-12-31
2025-09-08,여수,naive_seasonal,25.6,28.7,True,True,True,2024-12-31
2025-09-09,여수,naive_seasonal,,28.9,False,False,False,2024-12-31
2025-09-10,여수,naive_seasonal,,28.9,False,False,False,2024-12-31
2025-09-11,여수,naive_seasonal,24.0,29.1,True,True,True,2024-12-31
2025-09-12,여수,naive_seasonal,23.9,29.3,True,True,True,2024-12-31
2025-09-13,여수,naive_seasonal,24.0,29.5,True,True,True,2024-12-31
2025-09-14,여수,naive_seasonal,24.2,29.7,True,True,True,2024-12-31
2025-09-15,여수,naive_seasonal,24.1,30.0,True,True,True,2024-12-31
2025-09-16,여수,naive_seasonal,24.2,29.8,True,True,True,2024-12-31
2025-09-17,여수,naive_seasonal,24.9,29.8,True,True,True,2024-12-31
2025-09-18,여수,naive_seasonal,25.1,30.0,True,True,True,2024-12-31
2025-09-19,여수,naive_seasonal,24.8,30.0,True,True,True,2024-12-31
2025-09-20,여수,naive_seasonal,24.6,29.8,True,True,True,2024-12-31
2025-09-21,여수,naive_seasonal,24.4,29.2,True,True,True,2024-12-31
2025-09-22,여수,naive_seasonal,24.1,28.3,True,True,True,2024-12-31
2025-09-23,여수,naive_seasonal,23.9,27.5,True,True,True,2024-12-31
2025-09-24,여수,naive_seasonal,23.8,26.8,True,True,True,2024-12-31
2025-09-25,여수,naive_seasonal,23.8,26.7,True,True,True,2024-12-31
2025-09-26,여수,naive_seasonal,23.8,26.9,True,True,True,2024-12-31
2025-09-27,여수,naive_seasonal,23.9,26.9,True,True,True,2024-12-31
2025-09-28,여수,naive_seasonal,24.0,26.9,True,True,True,2024-12-31
2025-09-29,여수,naive_seasonal,23.9,26.6,True,True,True,2024-12-31
2025-09-30,여수,naive_seasonal,24.0,26.4,True,True,True,2024-12-31
2025-10-01,여수,naive_seasonal,24.0,26.3,True,True,True,2024-12-31
2025-10-02,여수,naive_seasonal,24.0,25.5,True,True,True,2024-12-31
2025-10-03,여수,naive_seasonal,23.8,24.6,True,True,True,2024-12-31
2025-10-04,여수,naive_seasonal,23.6,23.9,True,True,True,2024-12-31
2025-10-05,여수,naive_seasonal,23.8,23.8,True,True,True,2024-12-31
2025-10-06,여수,naive_seasonal,24.0,23.6,True,True,True,2024-12-31
2025-10-07,여수,naive_seasonal,23.9,23.1,True,True,True,2024-12-31
2025-10-08,여수,naive_seasonal,23.9,22.8,True,True,True,2024-12-31
2025-10-09,여수,naive_seasonal,23.6,22.8,True,True,True,2024-12-31
2025-10-10,여수,naive_seasonal,23.3,22.6,True,True,True,2024-12-31
2025-10-11,여수,naive_seasonal,23.2,22.6,True,True,True,2024-12-31
2025-10-12,여수,naive_seasonal,23.3,22.7,True,True,True,2024-12-31
2025-10-13,여수,naive_seasonal,23.5,22.9,True,True,True,2024-12-31
2025-10-14,여수,naive_seasonal,23.6,22.8,True,True,True,2024-12-31
2025-10-15,여수,naive_seasonal,23.4,22.8,True,True,True,2024-12-31
2025-10-16,여수,naive_seasonal,23.2,23.0,True,True,True,2024-12-31
2025-10-17,여수,naive_seasonal,23.2,23.0,True,True,True,2024-12-31
2025-10-18,여수,naive_seasonal,23.2,22.8,True,True,True,2024-12-31
2025-10-19,여수,naive_seasonal,22.8,23.0,True,True,True,2024-12-31
2025-10-20,여수,naive_seasonal,22.4,22.2,True,True,True,2024-12-31
2025-10-21,여수,naive_seasonal,21.8,21.4,True,True,True,2024-12-31
2025-10-22,여수,naive_seasonal,21.3,21.2,True,True,True,2024-12-31
2025-10-23,여수,naive_seasonal,21.1,21.0,True,True,True,2024-12-31
2025-10-24,여수,naive_seasonal,21.0,20.4,True,True,True,2024-12-31
2025-10-25,여수,naive_seasonal,20.9,20.2,True,True,True,2024-12-31
2025-10-26,여수,naive_seasonal,20.7,20.1,True,True,True,2024-12-31
2025-10-27,여수,naive_seasonal,20.0,20.4,True,True,True,2024-12-31
2025-10-28,여수,naive_seasonal,19.2,20.4,True,True,True,2024-12-31
2025-10-29,여수,naive_seasonal,18.8,20.2,True,True,True,2024-12-31
2025-10-30,여수,naive_seasonal,18.4,20.1,True,True,True,2024-12-31
2025-10-31,여수,naive_seasonal,18.4,20.0,True,True,True,2024-12-31
2025-11-01,여수,naive_seasonal,18.2,19.8,True,True,True,2024-12-31
2025-11-02,여수,naive_seasonal,17.9,19.5,True,True,True,2024-12-31
2025-11-03,여수,naive_seasonal,17.3,19.6,True,True,True,2024-12-31
2025-11-04,여수,naive_seasonal,17.2,19.6,True,True,True,2024-12-31
2025-11-05,여수,naive_seasonal,17.5,19.1,True,True,True,2024-12-31
2025-11-06,여수,naive_seasonal,17.7,18.0,True,True,True,2024-12-31
2025-11-07,여수,naive_seasonal,17.9,17.4,True,True,True,2024-12-31
2025-11-08,여수,naive_seasonal,17.9,17.5,True,True,True,2024-12-31
2025-11-09,여수,naive_seasonal,17.7,17.8,True,True,True,2024-12-31
2025-11-10,여수,naive_seasonal,17.5,17.9,True,True,True,2024-12-31
2025-11-11,여수,naive_seasonal,17.0,17.8,True,True,True,2024-12-31
2025-11-12,여수,naive_seasonal,16.5,18.0,True,True,True,2024-12-31
2025-11-13,여수,naive_seasonal,16.2,18.0,True,True,True,2024-12-31
2025-11-14,여수,naive_seasonal,16.0,18.0,True,True,True,2024-12-31
2025-11-15,여수,naive_seasonal,15.8,18.1,True,True,True,2024-12-31
2025-11-16,여수,naive_seasonal,15.8,18.1,True,True,True,2024-12-31
2025-11-17,여수,naive_seasonal,15.6,18.1,True,True,True,2024-12-31
2025-11-18,여수,naive_seasonal,14.5,16.9,True,True,True,2024-12-31
2025-11-19,여수,naive_seasonal,13.9,16.0,True,True,True,2024-12-31
2025-11-20,여수,naive_seasonal,13.6,15.8,True,True,True,2024-12-31
2025-11-21,여수,naive_seasonal,13.7,15.6,True,True,True,2024-12-31
2025-11-22,여수,naive_seasonal,13.6,15.5,True,True,True,2024-12-31
2025-11-23,여수,naive_seasonal,13.7,15.0,True,True,True,2024-12-31
2025-11-24,여수,naive_seasonal,13.9,14.8,True,True,True,2024-12-31
2025-11-25,여수,naive_seasonal,14.0,14.8,True,True,True,2024-12-31
2025-11-26,여수,naive_seasonal,13.7,14.6,True,True,True,2024-12-31
2025-11-27,여수,naive_seasonal,13.4,13.8,True,True,True,2024-12-31
2025-11-28,여수,naive_seasonal,12.8,12.9,True,True,True,2024-12-31
2025-11-29,여수,naive_seasonal,12.5,12.5,True,True,True,2024-12-31
2025-11-30,여수,naive_seasonal,12.6,12.3,True,True,True,2024-12-31
2025-12-01,여수,naive_seasonal,12.8,12.2,True,True,True,2024-12-31
2025-12-02,여수,naive_seasonal,12.4,12.4,True,True,True,2024-12-31
2025-12-03,여수,naive_seasonal,11.9,12.5,True,True,True,2024-12-31
2025-12-04,여수,naive_seasonal,11.0,12.1,True,True,True,2024-12-31
2025-12-05,여수,naive_seasonal,10.9,11.9,True,True,True,2024-12-31
2025-12-06,여수,naive_seasonal,10.9,11.7,True,True,True,2024-12-31
2025-12-07,여수,naive_seasonal,11.2,11.4,True,True,True,2024-12-31
2025-12-08,여수,naive_seasonal,11.5,10.8,True,True,True,2024-12-31
2025-12-09,여수,naive_seasonal,11.2,10.1,True,True,True,2024-12-31
2025-12-10,여수,naive_seasonal,11.0,9.9,True,True,True,2024-12-31
2025-12-11,여수,naive_seasonal,10.8,9.8,True,True,True,2024-12-31
2025-12-12,여수,naive_seasonal,10.7,9.7,True,True,True,2024-12-31
2025-12-13,여수,naive_seasonal,10.1,9.4,True,True,True,2024-12-31
2025-12-14,여수,naive_seasonal,9.8,9.1,True,True,True,2024-12-31
2025-12-15,여수,naive_seasonal,9.4,8.8,True,True,True,2024-12-31
2025-12-16,여수,naive_seasonal,9.3,8.9,True,True,True,2024-12-31
2025-12-17,여수,naive_seasonal,9.5,9.0,True,True,True,2024-12-31
2025-12-18,여수,naive_seasonal,9.4,9.0,True,True,True,2024-12-31
2025-12-19,여수,naive_seasonal,9.4,8.4,True,True,True,2024-12-31
2025-12-20,여수,naive_seasonal,9.9,8.2,True,True,True,2024-12-31
2025-12-21,여수,naive_seasonal,9.8,8.2,True,True,True,2024-12-31
2025-12-22,여수,naive_seasonal,9.4,7.8,True,True,True,2024-12-31
2025-12-23,여수,naive_seasonal,9.2,7.2,True,True,True,2024-12-31
2025-12-24,여수,naive_seasonal,9.5,7.0,True,True,True,2024-12-31
2025-12-25,여수,naive_seasonal,9.3,6.8,True,True,True,2024-12-31
2025-12-26,여수,naive_seasonal,8.2,6.9,True,True,True,2024-12-31
2025-12-27,여수,naive_seasonal,7.4,7.0,True,True,True,2024-12-31
2025-12-28,여수,naive_seasonal,7.4,6.7,True,True,True,2024-12-31
2025-12-29,여수,naive_seasonal,7.6,6.8,True,True,True,2024-12-31
2025-12-30,여수,naive_seasonal,7.9,7.0,True,True,True,2024-12-31
2025-12-31,여수,naive_seasonal,7.9,7.0,True,True,True,2024-12-31
2025-01-01,여수,moving_average,7.2,6.885714285714285,True,True,True,2024-12-31
2025-01-02,여수,moving_average,7.2,6.885714285714285,True,True,True,2024-12-31
2025-01-03,여수,moving_average,7.1,6.885714285714285,True,True,True,2024-12-31
2025-01-04,여수,moving_average,7.1,6.885714285714285,True,True,True,2024-12-31
2025-01-05,여수,moving_average,7.0,6.885714285714285,True,True,True,2024-12-31
2025-01-06,여수,moving_average,7.1,6.885714285714285,True,True,True,2024-12-31
2025-01-07,여수,moving_average,7.3,6.885714285714285,True,True,True,2024-12-31
2025-01-08,여수,moving_average,7.1,6.885714285714285,True,True,True,2024-12-31
2025-01-09,여수,moving_average,6.7,6.885714285714285,True,True,True,2024-12-31
2025-01-10,여수,moving_average,5.3,6.885714285714285,True,True,True,2024-12-31
2025-01-11,여수,moving_average,5.0,6.885714285714285,True,True,True,2024-12-31
2025-01-12,여수,moving_average,5.3,6.885714285714285,True,True,True,2024-12-31
2025-01-13,여수,moving_average,5.7,6.885714285714285,True,True,True,2024-12-31
2025-01-14,여수,moving_average,5.9,6.885714285714285,True,True,True,2024-12-31
2025-01-15,여수,moving_average,6.0,6.885714285714285,True,True,True,2024-12-31
2025-01-16,여수,moving_average,6.0,6.885714285714285,True,True,True,2024-12-31
2025-01-17,여수,moving_average,6.1,6.885714285714285,True,True,True,2024-12-31
2025-01-18,여수,moving_average,6.2,6.885714285714285,True,True,True,2024-12-31
2025-01-19,여수,moving_average,6.4,6.885714285714285,True,True,True,2024-12-31
2025-01-20,여수,moving_average,6.7,6.885714285714285,True,True,True,2024-12-31
2025-01-21,여수,moving_average,6.8,6.885714285714285,True,True,True,2024-12-31
2025-01-22,여수,moving_average,7.0,6.885714285714285,True,True,True,2024-12-31
2025-01-23,여수,moving_average,7.0,6.885714285714285,True,True,True,2024-12-31
2025-01-24,여수,moving_average,7.1,6.885714285714285,True,True,True,2024-12-31
2025-01-25,여수,moving_average,7.1,6.885714285714285,True,True,True,2024-12-31
2025-01-26,여수,moving_average,7.1,6.885714285714285,True,True,True,2024-12-31
2025-01-27,여수,moving_average,7.0,6.885714285714285,True,True,True,2024-12-31
2025-01-28,여수,moving_average,6.5,6.885714285714285,True,True,True,2024-12-31
2025-01-29,여수,moving_average,6.3,6.885714285714285,True,True,True,2024-12-31
2025-01-30,여수,moving_average,6.1,6.885714285714285,True,True,True,2024-12-31
2025-01-31,여수,moving_average,6.0,6.885714285714285,True,True,True,2024-12-31
2025-02-01,여수,moving_average,6.1,6.885714285714285,True,True,True,2024-12-31
2025-02-02,여수,moving_average,6.2,6.885714285714285,True,True,True,2024-12-31
2025-02-03,여수,moving_average,6.8,6.885714285714285,True,True,True,2024-12-31
2025-02-04,여수,moving_average,6.2,6.885714285714285,True,True,True,2024-12-31
2025-02-05,여수,moving_average,5.8,6.885714285714285,True,True,True,2024-12-31
2025-02-06,여수,moving_average,5.6,6.885714285714285,True,True,True,2024-12-31
2025-02-07,여수,moving_average,5.4,6.885714285714285,True,True,True,2024-12-31
2025-02-08,여수,moving_average,4.3,6.885714285714285,True,True,True,2024-12-31
2025-02-09,여수,moving_average,4.2,6.885714285714285,True,True,True,2024-12-31
2025-02-10,여수,moving_average,4.9,6.885714285714285,True,True,True,2024-12-31
2025-02-11,여수,moving_average,5.0,6.885714285714285,True,True,True,2024-12-31
2025-02-12,여수,moving_average,5.0,6.885714285714285,True,True,True,2024-12-31
2025-02-13,여수,moving_average,5.0,6.885714285714285,True,True,True,2024-12-31
2025-02-14,여수,moving_average,5.3,6.885714285714285,True,True,True,2024-12-31
2025-02-15,여수,moving_average,5.5,6.885714285714285,True,True,True,2024-12-31
2025-02-16,여수,moving_average,5.6,6.885714285714285,True,True,True,2024-12-31
2025-02-17,여수,moving_average,5.9,6.885714285714285,True,True,True,2024-12-31
2025-02-18,여수,moving_average,5.3,6.885714285714285,True,True,True,2024-12-31
2025-02-19,여수,moving_average,5.3,6.885714285714285,True,True,True,2024-12-31
2025-02-20,여수,moving_average,5.0,6.885714285714285,True,True,True,2024-12-31
2025-02-21,여수,moving_average,4.2,6.885714285714285,True,True,True,2024-12-31
2025-02-22,여수,moving_average,4.3,6.885714285714285,True,True,True,2024-12-31
2025-02-23,여수,moving_average,4.8,6.885714285714285,True,True,True,2024-12-31
2025-02-24,여수,moving_average,4.1,6.885714285714285,True,True,True,2024-12-31
2025-02-25,여수,moving_average,4.3,6.885714285714285,True,True,True,2024-12-31
2025-02-26,여수,moving_average,4.9,6.885714285714285,True,True,True,2024-12-31
2025-02-27,여수,moving_average,5.3,6.885714285714285,True,True,True,2024-12-31
2025-02-28,여수,moving_average,5.7,6.885714285714285,True,True,True,2024-12-31
2025-03-01,여수,moving_average,6.1,6.885714285714285,True,True,True,2024-12-31
2025-03-02,여수,moving_average,6.4,6.885714285714285,True,True,True,2024-12-31
2025-03-03,여수,moving_average,6.5,6.885714285714285,True,True,True,2024-12-31
2025-03-04,여수,moving_average,5.9,6.885714285714285,True,True,True,2024-12-31
2025-03-05,여수,moving_average,5.9,6.885714285714285,True,True,True,2024-12-31
2025-03-06,여수,moving_average,6.2,6.885714285714285,True,True,True,2024-12-31
2025-03-07,여수,moving_average,6.5,6.885714285714285,True,True,True,2024-12-31
2025-03-08,여수,moving_average,7.0,6.885714285714285,True,True,True,2024-12-31
2025-03-09,여수,moving_average,7.3,6.885714285714285,True,True,True,2024-12-31
2025-03-10,여수,moving_average,7.7,6.885714285714285,True,True,True,2024-12-31
2025-03-11,여수,moving_average,8.0,6.885714285714285,True,True,True,2024-12-31
2025-03-12,여수,moving_average,8.3,6.885714285714285,True,True,True,2024-12-31
2025-03-13,여수,moving_average,8.6,6.885714285714285,True,True,True,2024-12-31
2025-03-14,여수,moving_average,8.9,6.885714285714285,True,True,True,2024-12-31
2025-03-15,여수,moving_average,9.1,6.885714285714285,True,True,True,2024-12-31
2025-03-16,여수,moving_average,8.9,6.885714285714285,True,True,True,2024-12-31
2025-03-17,여수,moving_average,8.3,6.885714285714285,True,True,True,2024-12-31
2025-03-18,여수,moving_average,8.1,6.885714285714285,True,True,True,2024-12-31
2025-03-19,여수,moving_average,7.8,6.885714285714285,True,True,True,2024-12-31
2025-03-20,여수,moving_average,7.9,6.885714285714285,True,True,True,2024-12-31
2025-03-21,여수,moving_average,8.4,6.885714285714285,True,True,True,2024-12-31
2025-03-22,여수,moving_average,9.0,6.885714285714285,True,True,True,2024-12-31
2025-03-23,여수,moving_average,9.5,6.885714285714285,True,True,True,2024-12-31
2025-03-24,여수,moving_average,10.2,6.885714285714285,True,True,True,2024-12-31
2025-03-25,여수,moving_average,10.7,6.885714285714285,True,True,True,2024-12-31
2025-03-26,여수,moving_average,11.0,6.885714285714285,True,True,True,2024-12-31
2025-03-27,여수,moving_average,11.2,6.885714285714285,True,True,True,2024-12-31
2025-03-28,여수,moving_average,11.2,6.885714285714285,True,True,True,2024-12-31
2025-03-29,여수,moving_average,10.6,6.885714285714285,True,True,True,2024-12-31
2025-03-30,여수,moving_average,10.1,6.885714285714285,True,True,True,2024-12-31
2025-03-31,여수,moving_average,9.9,6.885714285714285,True,True,True,2024-12-31
2025-04-01,여수,moving_average,10.2,6.885714285714285,True,True,True,2024-12-31
2025-04-02,여수,moving_average,10.5,6.885714285714285,True,True,True,2024-12-31
2025-04-03,여수,moving_average,10.7,6.885714285714285,True,True,True,2024-12-31
2025-04-04,여수,moving_average,11.0,6.885714285714285,True,True,True,2024-12-31
2025-04-05,여수,moving_average,11.4,6.885714285714285,True,True,True,2024-12-31
2025-04-06,여수,moving_average,11.6,6.885714285714285,True,True,True,2024-12-31
2025-04-07,여수,moving_average,11.9,6.885714285714285,True,True,True,2024-12-31
2025-04-08,여수,moving_average,12.5,6.885714285714285,True,True,True,2024-12-31
2025-04-09,여수,moving_average,12.9,6.885714285714285,True,True,True,2024-12-31
2025-04-10,여수,moving_average,13.3,6.885714285714285,True,True,True,2024-12-31
2025-04-11,여수,moving_average,13.6,6.885714285714285,True,True,True,2024-12-31
2025-04-12,여수,moving_average,13.8,6.885714285714285,True,True,True,2024-12-31
2025-04-13,여수,moving_average,13.3,6.885714285714285,True,True,True,2024-12-31
2025-04-14,여수,moving_average,12.8,6.885714285714285,True,True,True,2024-12-31
2025-04-15,여수,moving_average,12.4,6.885714285714285,True,True,True,2024-12-31
2025-04-16,여수,moving_average,12.6,6.885714285714285,True,True,True,2024-12-31
2025-04-17,여수,moving_average,13.0,6.885714285714285,True,True,True,2024-12-31
2025-04-18,여수,moving_average,13.4,6.885714285714285,True,True,True,2024-12-31
2025-04-19,여수,moving_average,14.1,6.885714285714285,True,True,True,2024-12-31
2025-04-20,여수,moving_average,14.3,6.885714285714285,True,True,True,2024-12-31
2025-04-21,여수,moving_average,14.3,6.885714285714285,True,True,True,2024-12-31
2025-04-22,여수,moving_average,14.6,6.885714285714285,True,True,True,2024-12-31
2025-04-23,여수,moving_average,14.8,6.885714285714285,True,True,True,2024-12-31
2025-04-24,여수,moving_average,15.3,6.885714285714285,True,True,True,2024-12-31
2025-04-25,여수,moving_average,15.3,6.885714285714285,True,True,True,2024-12-31
2025-04-26,여수,moving_average,15.1,6.885714285714285,True,True,True,2024-12-31
2025-04-27,여수,moving_average,15.3,6.885714285714285,True,True,True,2024-12-31
2025-04-28,여수,moving_average,15.4,6.885714285714285,True,True,True,2024-12-31
2025-04-29,여수,moving_average,15.3,6.885714285714285,True,True,True,2024-12-31
2025-04-30,여수,moving_average,15.4,6.885714285714285,True,True,True,2024-12-31
2025-05-01,여수,moving_average,15.7,6.885714285714285,True,True,True,2024-12-31
2025-05-02,여수,moving_average,15.8,6.885714285714285,True,True,True,2024-12-31
2025-05-03,여수,moving_average,15.8,6.885714285714285,True,True,True,2024-12-31
2025-05-04,여수,moving_average,15.6,6.885714285714285,True,True,True,2024-12-31
2025-05-05,여수,moving_average,15.8,6.885714285714285,True,True,True,2024-12-31
2025-05-06,여수,moving_average,15.6,6.885714285714285,True,True,True,2024-12-31
2025-05-07,여수,moving_average,15.6,6.885714285714285,True,True,True,2024-12-31
2025-05-08,여수,moving_average,15.9,6.885714285714285,True,True,True,2024-12-31
2025-05-09,여수,moving_average,,6.885714285714285,False,False,False,2024-12-31
2025-05-10,여수,moving_average,,6.885714285714285,False,False,False,2024-12-31
2025-05-11,여수,moving_average,,6.885714285714285,False,False,False,2024-12-31
2025-05-12,여수,moving_average,,6.885714285714285,False,False,False,2024-12-31
2025-05-13,여수,moving_average,,6.885714285714285,False,False,False,2024-12-31
2025-05-14,여수,moving_average,,6.885714285714285,False,False,False,2024-12-31
2025-05-15,여수,moving_average,,6.885714285714285,False,False,False,2024-12-31
2025-05-16,여수,moving_average,,6.885714285714285,False,False,False,2024-12-31
2025-05-17,여수,moving_average,,6.885714285714285,False,False,False,2024-12-31
2025-05-18,여수,moving_average,,6.885714285714285,False,False,False,2024-12-31
2025-05-19,여수,moving_average,,6.885714285714285,False,False,False,2024-12-31
2025-05-20,여수,moving_average,,6.885714285714285,False,False,False,2024-12-31
2025-05-21,여수,moving_average,,6.885714285714285,False,False,False,2024-12-31
2025-05-22,여수,moving_average,,6.885714285714285,False,False,False,2024-12-31
2025-05-23,여수,moving_average,,6.885714285714285,False,False,False,2024-12-31
2025-05-24,여수,moving_average,,6.885714285714285,False,False,False,2024-12-31
2025-05-25,여수,moving_average,,6.885714285714285,False,False,False,2024-12-31
2025-05-26,여수,moving_average,,6.885714285714285,False,False,False,2024-12-31
2025-05-27,여수,moving_average,,6.885714285714285,False,False,False,2024-12-31
2025-05-28,여수,moving_average,,6.885714285714285,False,False,False,2024-12-31
2025-05-29,여수,moving_average,,6.885714285714285,False,False,False,2024-12-31
2025-05-30,여수,moving_average,,6.885714285714285,False,False,False,2024-12-31
2025-05-31,여수,moving_average,,6.885714285714285,False,False,False,2024-12-31
2025-06-01,여수,moving_average,,6.885714285714285,False,False,False,2024-12-31
2025-06-02,여수,moving_average,,6.885714285714285,False,False,False,2024-12-31
2025-06-03,여수,moving_average,,6.885714285714285,False,False,False,2024-12-31
2025-06-04,여수,moving_average,20.2,6.885714285714285,True,True,True,2024-12-31
2025-06-05,여수,moving_average,20.4,6.885714285714285,True,True,True,2024-12-31
2025-06-06,여수,moving_average,20.6,6.885714285714285,True,True,True,2024-12-31
2025-06-07,여수,moving_average,20.5,6.885714285714285,True,True,True,2024-12-31
2025-06-08,여수,moving_average,20.6,6.885714285714285,True,True,True,2024-12-31
2025-06-09,여수,moving_average,20.6,6.885714285714285,True,True,True,2024-12-31
2025-06-10,여수,moving_average,20.8,6.885714285714285,True,True,True,2024-12-31
2025-06-11,여수,moving_average,21.1,6.885714285714285,True,True,True,2024-12-31
2025-06-12,여수,moving_average,21.2,6.885714285714285,True,True,True,2024-12-31
2025-06-13,여수,moving_average,21.0,6.885714285714285,True,True,True,2024-12-31
2025-06-14,여수,moving_average,20.9,6.885714285714285,True,True,True,2024-12-31
2025-06-15,여수,moving_average,20.6,6.885714285714285,True,True,True,2024-12-31
2025-06-16,여수,moving_average,21.2,6.885714285714285,True,True,True,2024-12-31
2025-06-17,여수,moving_average,21.5,6.885714285714285,True,True,True,2024-12-31
2025-06-18,여수,moving_average,21.6,6.885714285714285,True,True,True,2024-12-31
2025-06-19,여수,moving_average,21.7,6.885714285714285,True,True,True,2024-12-31
2025-06-20,여수,moving_average,21.7,6.885714285714285,True,True,True,2024-12-31
2025-06-21,여수,moving_average,22.4,6.885714285714285,True,True,True,2024-12-31
2025-06-22,여수,moving_average,22.0,6.885714285714285,True,True,True,2024-12-31
2025-06-23,여수,moving_average,21.7,6.885714285714285,True,True,True,2024-12-31
2025-06-24,여수,moving_average,21.3,6.885714285714285,True,True,True,2024-12-31
2025-06-25,여수,moving_average,21.5,6.885714285714285,True,True,True,2024-12-31
2025-06-26,여수,moving_average,21.9,6.885714285714285,True,True,True,2024-12-31
2025-06-27,여수,moving_average,22.2,6.885714285714285,True,True,True,2024-12-31
2025-06-28,여수,moving_average,22.4,6.885714285714285,True,True,True,2024-12-31
2025-06-29,여수,moving_average,22.6,6.885714285714285,True,True,True,2024-12-31
2025-06-30,여수,moving_average,22.7,6.885714285714285,True,True,True,2024-12-31
2025-07-01,여수,moving_average,22.6,6.885714285714285,True,True,True,2024-12-31
2025-07-02,여수,moving_average,22.5,6.885714285714285,True,True,True,2024-12-31
2025-07-03,여수,moving_average,22.8,6.885714285714285,True,True,True,2024-12-31
2025-07-04,여수,moving_average,23.7,6.885714285714285,True,True,True,2024-12-31
2025-07-05,여수,moving_average,24.6,6.885714285714285,True,True,True,2024-12-31
2025-07-06,여수,moving_average,25.4,6.885714285714285,True,True,True,2024-12-31
2025-07-07,여수,moving_average,24.1,6.885714285714285,True,True,True,2024-12-31
2025-07-08,여수,moving_average,22.9,6.885714285714285,True,True,True,2024-12-31
2025-07-09,여수,moving_average,23.2,6.885714285714285,True,True,True,2024-12-31
2025-07-10,여수,moving_average,23.3,6.885714285714285,True,True,True,2024-12-31
2025-07-11,여수,moving_average,24.0,6.885714285714285,True,True,True,2024-12-31
2025-07-12,여수,moving_average,24.0,6.885714285714285,True,True,True,2024-12-31
2025-07-13,여수,moving_average,24.1,6.885714285714285,True,True,True,2024-12-31
2025-07-14,여수,moving_average,24.1,6.885714285714285,True,True,True,2024-12-31
2025-07-15,여수,moving_average,25.0,6.885714285714285,True,True,True,2024-12-31
2025-07-16,여수,moving_average,25.0,6.885714285714285,True,True,True,2024-12-31
2025-07-17,여수,moving_average,24.9,6.885714285714285,True,True,True,2024-12-31
2025-07-18,여수,moving_average,24.7,6.885714285714285,True,True,True,2024-12-31
2025-07-19,여수,moving_average,25.2,6.885714285714285,True,True,True,2024-12-31
2025-07-20,여수,moving_average,25.3,6.885714285714285,True,True,True,2024-12-31
2025-07-21,여수,moving_average,25.5,6.885714285714285,True,True,True,2024-12-31
2025-07-22,여수,moving_average,26.2,6.885714285714285,True,True,True,2024-12-31
2025-07-23,여수,moving_average,26.4,6.885714285714285,True,True,True,2024-12-31
2025-07-24,여수,moving_average,26.4,6.885714285714285,True,True,True,2024-12-31
2025-07-25,여수,moving_average,26.6,6.885714285714285,True,True,True,2024-12-31
2025-07-26,여수,moving_average,26.8,6.885714285714285,True,True,True,2024-12-31
2025-07-27,여수,moving_average,27.1,6.885714285714285,True,True,True,2024-12-31
2025-07-28,여수,moving_average,27.2,6.885714285714285,True,True,True,2024-12-31
2025-07-29,여수,moving_average,27.5,6.885714285714285,True,True,True,2024-12-31
2025-07-30,여수,moving_average,27.8,6.885714285714285,True,True,True,2024-12-31
2025-07-31,여수,moving_average,27.9,6.885714285714285,True,True,True,2024-12-31
2025-08-01,여수,moving_average,28.1,6.885714285714285,True,True,True,2024-12-31
2025-08-02,여수,moving_average,28.3,6.885714285714285,True,True,True,2024-12-31
2025-08-03,여수,moving_average,28.6,6.885714285714285,True,True,True,2024-12-31
2025-08-04,여수,moving_average,29.1,6.885714285714285,True,True,True,2024-12-31
2025-08-05,여수,moving_average,29.4,6.885714285714285,True,True,True,2024-12-31
2025-08-06,여수,moving_average,29.4,6.885714285714285,True,True,True,2024-12-31
2025-08-07,여수,moving_average,29.3,6.885714285714285,True,True,True,2024-12-31
2025-08-08,여수,moving_average,28.5,6.885714285714285,True,True,True,2024-12-31
2025-08-09,여수,moving_average,27.9,6.885714285714285,True,True,True,2024-12-31
2025-08-10,여수,moving_average,26.6,6.885714285714285,True,True,True,2024-12-31
2025-08-11,여수,moving_average,25.7,6.885714285714285,True,True,True,2024-12-31
2025-08-12,여수,moving_average,25.0,6.885714285714285,True,True,True,2024-12-31
2025-08-13,여수,moving_average,24.7,6.885714285714285,True,True,True,2024-12-31
2025-08-14,여수,moving_average,25.1,6.885714285714285,True,True,True,2024-12-31
2025-08-15,여수,moving_average,25.2,6.885714285714285,True,True,True,2024-12-31
2025-08-16,여수,moving_average,25.3,6.885714285714285,True,True,True,2024-12-31
2025-08-17,여수,moving_average,25.4,6.885714285714285,True,True,True,2024-12-31
2025-08-18,여수,moving_average,25.0,6.885714285714285,True,True,True,2024-12-31
2025-08-19,여수,moving_average,25.1,6.885714285714285,True,True,True,2024-12-31
2025-08-20,여수,moving_average,25.1,6.885714285714285,True,True,True,2024-12-31
2025-08-21,여수,moving_average,24.8,6.885714285714285,True,True,True,2024-12-31
2025-08-22,여수,moving_average,25.2,6.885714285714285,True,True,True,2024-12-31
2025-08-23,여수,moving_average,25.8,6.885714285714285,True,True,True,2024-12-31
2025-08-24,여수,moving_average,25.8,6.885714285714285,True,True,True,2024-12-31
2025-08-25,여수,moving_average,25.7,6.885714285714285,True,True,True,2024-12-31
2025-08-26,여수,moving_average,25.7,6.885714285714285,True,True,True,2024-12-31
2025-08-27,여수,moving_average,25.3,6.885714285714285,True,True,True,2024-12-31
2025-08-28,여수,moving_average,24.9,6.885714285714285,True,True,True,2024-12-31
2025-08-29,여수,moving_average,24.5,6.885714285714285,True,True,True,2024-12-31
2025-08-30,여수,moving_average,24.7,6.885714285714285,True,True,True,2024-12-31
2025-08-31,여수,moving_average,24.4,6.885714285714285,True,True,True,2024-12-31
2025-09-01,여수,moving_average,23.9,6.885714285714285,True,True,True,2024-12-31
2025-09-02,여수,moving_average,24.3,6.885714285714285,True,True,True,2024-12-31
2025-09-03,여수,moving_average,24.2,6.885714285714285,True,True,True,2024-12-31
2025-09-04,여수,moving_average,24.4,6.885714285714285,True,True,True,2024-12-31
2025-09-05,여수,moving_average,24.1,6.885714285714285,True,True,True,2024-12-31
2025-09-06,여수,moving_average,24.9,6.885714285714285,True,True,True,2024-12-31
2025-09-07,여수,moving_average,25.8,6.885714285714285,True,True,True,2024-12-31
2025-09-08,여수,moving_average,25.6,6.885714285714285,True,True,True,2024-12-31
2025-09-09,여수,moving_average,,6.885714285714285,False,False,False,2024-12-31
2025-09-10,여수,moving_average,,6.885714285714285,False,False,False,2024-12-31
2025-09-11,여수,moving_average,24.0,6.885714285714285,True,True,True,2024-12-31
2025-09-12,여수,moving_average,23.9,6.885714285714285,True,True,True,2024-12-31
2025-09-13,여수,moving_average,24.0,6.885714285714285,True,True,True,2024-12-31
2025-09-14,여수,moving_average,24.2,6.885714285714285,True,True,True,2024-12-31
2025-09-15,여수,moving_average,24.1,6.885714285714285,True,True,True,2024-12-31
2025-09-16,여수,moving_average,24.2,6.885714285714285,True,True,True,2024-12-31
2025-09-17,여수,moving_average,24.9,6.885714285714285,True,True,True,2024-12-31
2025-09-18,여수,moving_average,25.1,6.885714285714285,True,True,True,2024-12-31
2025-09-19,여수,moving_average,24.8,6.885714285714285,True,True,True,2024-12-31
2025-09-20,여수,moving_average,24.6,6.885714285714285,True,True,True,2024-12-31
2025-09-21,여수,moving_average,24.4,6.885714285714285,True,True,True,2024-12-31
2025-09-22,여수,moving_average,24.1,6.885714285714285,True,True,True,2024-12-31
2025-09-23,여수,moving_average,23.9,6.885714285714285,True,True,True,2024-12-31
2025-09-24,여수,moving_average,23.8,6.885714285714285,True,True,True,2024-12-31
2025-09-25,여수,moving_average,23.8,6.885714285714285,True,True,True,2024-12-31
2025-09-26,여수,moving_average,23.8,6.885714285714285,True,True,True,2024-12-31
2025-09-27,여수,moving_average,23.9,6.885714285714285,True,True,True,2024-12-31
2025-09-28,여수,moving_average,24.0,6.885714285714285,True,True,True,2024-12-31
2025-09-29,여수,moving_average,23.9,6.885714285714285,True,True,True,2024-12-31
2025-09-30,여수,moving_average,24.0,6.885714285714285,True,True,True,2024-12-31
2025-10-01,여수,moving_average,24.0,6.885714285714285,True,True,True,2024-12-31
2025-10-02,여수,moving_average,24.0,6.885714285714285,True,True,True,2024-12-31
2025-10-03,여수,moving_average,23.8,6.885714285714285,True,True,True,2024-12-31
2025-10-04,여수,moving_average,23.6,6.885714285714285,True,True,True,2024-12-31
2025-10-05,여수,moving_average,23.8,6.885714285714285,True,True,True,2024-12-31
2025-10-06,여수,moving_average,24.0,6.885714285714285,True,True,True,2024-12-31
2025-10-07,여수,moving_average,23.9,6.885714285714285,True,True,True,2024-12-31
2025-10-08,여수,moving_average,23.9,6.885714285714285,True,True,True,2024-12-31
2025-10-09,여수,moving_average,23.6,6.885714285714285,True,True,True,2024-12-31
2025-10-10,여수,moving_average,23.3,6.885714285714285,True,True,True,2024-12-31
2025-10-11,여수,moving_average,23.2,6.885714285714285,True,True,True,2024-12-31
2025-10-12,여수,moving_average,23.3,6.885714285714285,True,True,True,2024-12-31
2025-10-13,여수,moving_average,23.5,6.885714285714285,True,True,True,2024-12-31
2025-10-14,여수,moving_average,23.6,6.885714285714285,True,True,True,2024-12-31
2025-10-15,여수,moving_average,23.4,6.885714285714285,True,True,True,2024-12-31
2025-10-16,여수,moving_average,23.2,6.885714285714285,True,True,True,2024-12-31
2025-10-17,여수,moving_average,23.2,6.885714285714285,True,True,True,2024-12-31
2025-10-18,여수,moving_average,23.2,6.885714285714285,True,True,True,2024-12-31
2025-10-19,여수,moving_average,22.8,6.885714285714285,True,True,True,2024-12-31
2025-10-20,여수,moving_average,22.4,6.885714285714285,True,True,True,2024-12-31
2025-10-21,여수,moving_average,21.8,6.885714285714285,True,True,True,2024-12-31
2025-10-22,여수,moving_average,21.3,6.885714285714285,True,True,True,2024-12-31
2025-10-23,여수,moving_average,21.1,6.885714285714285,True,True,True,2024-12-31
2025-10-24,여수,moving_average,21.0,6.885714285714285,True,True,True,2024-12-31
2025-10-25,여수,moving_average,20.9,6.885714285714285,True,True,True,2024-12-31
2025-10-26,여수,moving_average,20.7,6.885714285714285,True,True,True,2024-12-31
2025-10-27,여수,moving_average,20.0,6.885714285714285,True,True,True,2024-12-31
2025-10-28,여수,moving_average,19.2,6.885714285714285,True,True,True,2024-12-31
2025-10-29,여수,moving_average,18.8,6.885714285714285,True,True,True,2024-12-31
2025-10-30,여수,moving_average,18.4,6.885714285714285,True,True,True,2024-12-31
2025-10-31,여수,moving_average,18.4,6.885714285714285,True,True,True,2024-12-31
2025-11-01,여수,moving_average,18.2,6.885714285714285,True,True,True,2024-12-31
2025-11-02,여수,moving_average,17.9,6.885714285714285,True,True,True,2024-12-31
2025-11-03,여수,moving_average,17.3,6.885714285714285,True,True,True,2024-12-31
2025-11-04,여수,moving_average,17.2,6.885714285714285,True,True,True,2024-12-31
2025-11-05,여수,moving_average,17.5,6.885714285714285,True,True,True,2024-12-31
2025-11-06,여수,moving_average,17.7,6.885714285714285,True,True,True,2024-12-31
2025-11-07,여수,moving_average,17.9,6.885714285714285,True,True,True,2024-12-31
2025-11-08,여수,moving_average,17.9,6.885714285714285,True,True,True,2024-12-31
2025-11-09,여수,moving_average,17.7,6.885714285714285,True,True,True,2024-12-31
2025-11-10,여수,moving_average,17.5,6.885714285714285,True,True,True,2024-12-31
2025-11-11,여수,moving_average,17.0,6.885714285714285,True,True,True,2024-12-31
2025-11-12,여수,moving_average,16.5,6.885714285714285,True,True,True,2024-12-31
2025-11-13,여수,moving_average,16.2,6.885714285714285,True,True,True,2024-12-31
2025-11-14,여수,moving_average,16.0,6.885714285714285,True,True,True,2024-12-31
2025-11-15,여수,moving_average,15.8,6.885714285714285,True,True,True,2024-12-31
2025-11-16,여수,moving_average,15.8,6.885714285714285,True,True,True,2024-12-31
2025-11-17,여수,moving_average,15.6,6.885714285714285,True,True,True,2024-12-31
2025-11-18,여수,moving_average,14.5,6.885714285714285,True,True,True,2024-12-31
2025-11-19,여수,moving_average,13.9,6.885714285714285,True,True,True,2024-12-31
2025-11-20,여수,moving_average,13.6,6.885714285714285,True,True,True,2024-12-31
2025-11-21,여수,moving_average,13.7,6.885714285714285,True,True,True,2024-12-31
2025-11-22,여수,moving_average,13.6,6.885714285714285,True,True,True,2024-12-31
2025-11-23,여수,moving_average,13.7,6.885714285714285,True,True,True,2024-12-31
2025-11-24,여수,moving_average,13.9,6.885714285714285,True,True,True,2024-12-31
2025-11-25,여수,moving_average,14.0,6.885714285714285,True,True,True,2024-12-31
2025-11-26,여수,moving_average,13.7,6.885714285714285,True,True,True,2024-12-31
2025-11-27,여수,moving_average,13.4,6.885714285714285,True,True,True,2024-12-31
2025-11-28,여수,moving_average,12.8,6.885714285714285,True,True,True,2024-12-31
2025-11-29,여수,moving_average,12.5,6.885714285714285,True,True,True,2024-12-31
2025-11-30,여수,moving_average,12.6,6.885714285714285,True,True,True,2024-12-31
2025-12-01,여수,moving_average,12.8,6.885714285714285,True,True,True,2024-12-31
2025-12-02,여수,moving_average,12.4,6.885714285714285,True,True,True,2024-12-31
2025-12-03,여수,moving_average,11.9,6.885714285714285,True,True,True,2024-12-31
2025-12-04,여수,moving_average,11.0,6.885714285714285,True,True,True,2024-12-31
2025-12-05,여수,moving_average,10.9,6.885714285714285,True,True,True,2024-12-31
2025-12-06,여수,moving_average,10.9,6.885714285714285,True,True,True,2024-12-31
2025-12-07,여수,moving_average,11.2,6.885714285714285,True,True,True,2024-12-31
2025-12-08,여수,moving_average,11.5,6.885714285714285,True,True,True,2024-12-31
2025-12-09,여수,moving_average,11.2,6.885714285714285,True,True,True,2024-12-31
2025-12-10,여수,moving_average,11.0,6.885714285714285,True,True,True,2024-12-31
2025-12-11,여수,moving_average,10.8,6.885714285714285,True,True,True,2024-12-31
2025-12-12,여수,moving_average,10.7,6.885714285714285,True,True,True,2024-12-31
2025-12-13,여수,moving_average,10.1,6.885714285714285,True,True,True,2024-12-31
2025-12-14,여수,moving_average,9.8,6.885714285714285,True,True,True,2024-12-31
2025-12-15,여수,moving_average,9.4,6.885714285714285,True,True,True,2024-12-31
2025-12-16,여수,moving_average,9.3,6.885714285714285,True,True,True,2024-12-31
2025-12-17,여수,moving_average,9.5,6.885714285714285,True,True,True,2024-12-31
2025-12-18,여수,moving_average,9.4,6.885714285714285,True,True,True,2024-12-31
2025-12-19,여수,moving_average,9.4,6.885714285714285,True,True,True,2024-12-31
2025-12-20,여수,moving_average,9.9,6.885714285714285,True,True,True,2024-12-31
2025-12-21,여수,moving_average,9.8,6.885714285714285,True,True,True,2024-12-31
2025-12-22,여수,moving_average,9.4,6.885714285714285,True,True,True,2024-12-31
2025-12-23,여수,moving_average,9.2,6.885714285714285,True,True,True,2024-12-31
2025-12-24,여수,moving_average,9.5,6.885714285714285,True,True,True,2024-12-31
2025-12-25,여수,moving_average,9.3,6.885714285714285,True,True,True,2024-12-31
2025-12-26,여수,moving_average,8.2,6.885714285714285,True,True,True,2024-12-31
2025-12-27,여수,moving_average,7.4,6.885714285714285,True,True,True,2024-12-31
2025-12-28,여수,moving_average,7.4,6.885714285714285,True,True,True,2024-12-31
2025-12-29,여수,moving_average,7.6,6.885714285714285,True,True,True,2024-12-31
2025-12-30,여수,moving_average,7.9,6.885714285714285,True,True,True,2024-12-31
2025-12-31,여수,moving_average,7.9,6.885714285714285,True,True,True,2024-12-31
2025-01-01,여수,harmonic_regression,7.2,6.8890166681624905,True,True,True,2024-12-31
2025-01-02,여수,harmonic_regression,7.2,6.788120253736697,True,True,True,2024-12-31
2025-01-03,여수,harmonic_regression,7.1,6.6916608151999615,True,True,True,2024-12-31
2025-01-04,여수,harmonic_regression,7.1,6.5996686112282354,True,True,True,2024-12-31
2025-01-05,여수,harmonic_regression,7.0,6.512170892090552,True,True,True,2024-12-31
2025-01-06,여수,harmonic_regression,7.1,6.429191891584836,True,True,True,2024-12-31
2025-01-07,여수,harmonic_regression,7.3,6.350752821864271,True,True,True,2024-12-31
2025-01-08,여수,harmonic_regression,7.1,6.276871871153256,True,True,True,2024-12-31
2025-01-09,여수,harmonic_regression,6.7,6.207564204348982,True,True,True,2024-12-31
2025-01-10,여수,harmonic_regression,5.3,6.142841966501333,True,True,True,2024-12-31
2025-01-11,여수,harmonic_regression,5.0,6.082714289160572,True,True,True,2024-12-31
2025-01-12,여수,harmonic_regression,5.3,6.027187299579223,True,True,True,2024-12-31
2025-01-13,여수,harmonic_regression,5.7,5.9762641327512664,True,True,True,2024-12-31
2025-01-14,여수,harmonic_regression,5.9,5.929944946268629,True,True,True,2024-12-31
2025-01-15,여수,harmonic_regression,6.0,5.888226937971943,True,True,True,2024-12-31
2025-01-16,여수,harmonic_regression,6.0,5.851104366369283,True,True,True,2024-12-31
2025-01-17,여수,harmonic_regression,6.1,5.818568573793671,True,True,True,2024-12-31
2025-01-18,여수,harmonic_regression,6.2,5.7906080122670165,True,True,True,2024-12-31
2025-01-19,여수,harmonic_regression,6.4,5.76720827203526,True,True,True,2024-12-31
2025-01-20,여수,harmonic_regression,6.7,5.748352112736439,True,True,True,2024-12-31
2025-01-21,여수,harmonic_regression,6.8,5.7340194971606415,True,True,True,2024-12-31
2025-01-22,여수,harmonic_regression,7.0,5.7241876275577965,True,True,True,2024-12-31
2025-01-23,여수,harmonic_regression,7.0,5.718830984446621,True,True,True,2024-12-31
2025-01-24,여수,harmonic_regression,7.1,5.7179213678751974,True,True,True,2024-12-31
2025-01-25,여수,harmonic_regression,7.1,5.72142794108102,True,True,True,2024-12-31
2025-01-26,여수,harmonic_regression,7.1,5.729317276495733,True,True,True,2024-12-31
2025-01-27,여수,harmonic_regression,7.0,5.741553404037237,True,True,True,2024-12-31
2025-01-28,여수,harmonic_regression,6.5,5.7580978616293645,True,True,True,2024-12-31
2025-01-29,여수,harmonic_regression,6.3,5.77890974788688,True,True,True,2024-12-31
2025-01-30,여수,harmonic_regression,6.1,5.803945776901292,True,True,True,2024-12-31
2025-01-31,여수,harmonic_regression,6.0,5.833160335060679,True,True,True,2024-12-31
2025-02-01,여수,harmonic_regression,6.1,5.866505539834506,True,True,True,2024-12-31
2025-02-02,여수,harmonic_regression,6.2,5.903931300452415,True,True,True,2024-12-31
2025-02-03,여수,harmonic_regression,6.8,5.945385380403872,True,True,True,2024-12-31
2025-02-04,여수,harmonic_regression,6.2,5.990813461683683,True,True,True,2024-12-31
2025-02-05,여수,harmonic_regression,5.8,6.040159210706545,True,True,True,2024-12-31
2025-02-06,여수,harmonic_regression,5.6,6.0933643458120486,True,True,True,2024-12-31
2025-02-07,여수,harmonic_regression,5.4,6.150368706279899,True,True,True,2024-12-31
2025-02-08,여수,harmonic_regression,4.3,6.211110322773607,True,True,True,2024-12-31
2025-02-09,여수,harmonic_regression,4.2,6.275525489129366,True,True,True,2024-12-31
2025-02-10,여수,harmonic_regression,4.9,6.343548835405587,True,True,True,2024-12-31
2025-02-11,여수,harmonic_regression,5.0,6.415113402107149,True,True,True,2024-12-31
2025-02-12,여수,harmonic_regression,5.0,6.490150715497478,True,True,True,2024-12-31
2025-02-13,여수,harmonic_regression,5.0,6.56859086391027,True,True,True,2024-12-31
2025-02-14,여수,harmonic_regression,5.3,6.65036257497195,True,True,True,2024-12-31
2025-02-15,여수,harmonic_regression,5.5,6.735393293644943,True,True,True,2024-12-31
2025-02-16,여수,harmonic_regression,5.6,6.823609261001209,True,True,True,2024-12-31
2025-02-17,여수,harmonic_regression,5.9,6.9149355936348,True,True,True,2024-12-31
2025-02-18,여수,harmonic_regression,5.3,7.009296363621683,True,True,True,2024-12-31
2025-02-19,여수,harmonic_regression,5.3,7.106614678934697,True,True,True,2024-12-31
2025-02-20,여수,harmonic_regression,5.0,7.206812764221143,True,True,True,2024-12-31
2025-02-21,여수,harmonic_regression,4.2,7.309812041850339,True,True,True,2024-12-31
2025-02-22,여수,harmonic_regression,4.3,7.4155332131384135,True,True,True,2024-12-31
2025-02-23,여수,harmonic_regression,4.8,7.523896339657561,True,True,True,2024-12-31
2025-02-24,여수,harmonic_regression,4.1,7.634820924537159,True,True,True,2024-12-31
2025-02-25,여수,harmonic_regression,4.3,7.7482259936643985,True,True,True,2024-12-31
2025-02-26,여수,harmonic_regression,4.9,7.864030176692326,True,True,True,2024-12-31
2025-02-27,여수,harmonic_regression,5.3,7.982151787763826,True,True,True,2024-12-31
2025-02-28,여수,harmonic_regression,5.7,8.102508905860438,True,True,True,2024-12-31
2025-03-01,여수,harmonic_regression,6.1,8.22501945468568,True,True,True,2024-12-31
2025-03-02,여수,harmonic_regression,6.4,8.349601281993344,True,True,True,2024-12-31
2025-03-03,여수,harmonic_regression,6.5,8.47617223827199,True,True,True,2024-12-31
2025-03-04,여수,harmonic_regression,5.9,8.604650254697985,True,True,True,2024-12-31
2025-03-05,여수,harmonic_regression,5.9,8.7349534202704,True,True,True,2024-12-31
2025-03-06,여수,harmonic_regression,6.2,8.867000058042343,True,True,True,2024-12-31
2025-03-07,여수,harmonic_regression,6.5,9.00070880036454,True,True,True,2024-12-31
2025-03-08,여수,harmonic_regression,7.0,9.13599866305837,True,True,True,2024-12-31
2025-03-09,여수,harmonic_regression,7.3,9.272789118437064,True,True,True,2024-12-31
2025-03-10,여수,harmonic_regression,7.7,9.411000167095303,True,True,True,2024-12-31
2025-03-11,여수,harmonic_regression,8.0,9.550552408389146,True,True,True,2024-12-31
2025-03-12,여수,harmonic_regression,8.3,9.691367109529986,True,True,True,2024-12-31
2025-03-13,여수,harmonic_regression,8.6,9.833366273218008,True,True,True,2024-12-31
2025-03-14,여수,harmonic_regression,8.9,9.976472703742663,True,True,True,2024-12-31
2025-03-15,여수,harmonic_regression,9.1,10.120610071479568,True,True,True,2024-12-31
2025-03-16,여수,harmonic_regression,8.9,10.265702975715413,True,True,True,2024-12-31
2025-03-17,여수,harmonic_regression,8.3,10.411677005734603,True,True,True,2024-12-31
2025-03-18,여수,harmonic_regression,8.1,10.558458800103619,True,True,True,2024-12-31
2025-03-19,여수,harmonic_regression,7.8,10.705976104091395,True,True,True,2024-12-31
2025-03-20,여수,harmonic_regression,7.9,10.85415782516639,True,True,True,2024-12-31
2025-03-21,여수,harmonic_regression,8.4,11.00293408651356,True,True,True,2024-12-31
2025-03-22,여수,harmonic_regression,9.0,11.152236278516835,True,True,True,2024-12-31
2025-03-23,여수,harmonic_regression,9.5,11.301997108155454,True,True,True,2024-12-31
2025-03-24,여수,harmonic_regression,10.2,11.452150646265014,True,True,True,2024-12-31
2025-03-25,여수,harmonic_regression,10.7,11.60263237261685,True,True,True,2024-12-31
2025-03-26,여수,harmonic_regression,11.0,11.753379218772144,True,True,True,2024-12-31
2025-03-27,여수,harmonic_regression,11.2,11.904329608669938,True,True,True,2024-12-31
2025-03-28,여수,harmonic_regression,11.2,12.055423496911011,True,True,True,2024-12-31
2025-03-29,여수,harmonic_regression,10.6,12.206602404702583,True,True,True,2024-12-31
2025-03-30,여수,harmonic_regression,10.1,12.357809453431667,True,True,True,2024-12-31
2025-03-31,여수,harmonic_regression,9.9,12.508989395837872,True,True,True,2024-12-31
2025-04-01,여수,harmonic_regression,10.2,12.660088644759405,True,True,True,2024-12-31
2025-04-02,여수,harmonic_regression,10.5,12.811055299429167,True,True,True,2024-12-31
2025-04-03,여수,harmonic_regression,10.7,12.961839169300736,True,True,True,2024-12-31
2025-04-04,여수,harmonic_regression,11.0,13.112391795387197,True,True,True,2024-12-31
2025-04-05,여수,harmonic_regression,11.4,13.262666469098821,True,True,True,2024-12-31
2025-04-06,여수,harmonic_regression,11.6,13.412618248568718,True,True,True,2024-12-31
2025-04-07,여수,harmonic_regression,11.9,13.562203972458661,True,True,True,2024-12-31
2025-04-08,여수,harmonic_regression,12.5,13.711382271240435,True,True,True,2024-12-31
2025-04-09,여수,harmonic_regression,12.9,13.860113575951116,True,True,True,2024-12-31
2025-04-10,여수,harmonic_regression,13.3,14.008360124423906,True,True,True,2024-12-31
2025-04-11,여수,harmonic_regression,13.6,14.156085964999095,True,True,True,2024-12-31
2025-04-12,여수,harmonic_regression,13.8,14.303256957723024,True,True,True,2024-12-31
2025-04-13,여수,harmonic_regression,13.3,14.449840773045782,True,True,True,2024-12-31
2025-04-14,여수,harmonic_regression,12.8,14.595806888031667,True,True,True,2024-12-31
2025-04-15,여수,harmonic_regression,12.4,14.741126580099312,True,True,True,2024-12-31
2025-04-16,여수,harmonic_regression,12.6,14.885772918311453,True,True,True,2024-12-31
2025-04-17,여수,harmonic_regression,13.0,15.02972075223742,True,True,True,2024-12-31
2025-04-18,여수,harmonic_regression,13.4,15.172946698414215,True,True,True,2024-12-31
2025-04-19,여수,harmonic_regression,14.1,15.315429124435123,True,True,True,2024-12-31
2025-04-20,여수,harmonic_regression,14.3,15.457148130697613,True,True,True,2024-12-31
2025-04-21,여수,harmonic_regression,14.3,15.598085529845193,True,True,True,2024-12-31
2025-04-22,여수,harmonic_regression,14.6,15.738224823940621,True,True,True,2024-12-31
2025-04-23,여수,harmonic_regression,14.8,15.87755117941077,True,True,True,2024-12-31
2025-04-24,여수,harmonic_regression,15.3,16.01605139980592,True,True,True,2024-12-31
2025-04-25,여수,harmonic_regression,15.3,16.15371389641919,True,True,True,2024-12-31
2025-04-26,여수,harmonic_regression,15.1,16.29052865681416,True,True,True,2024-12-31
2025-04-27,여수,harmonic_regression,15.3,16.426487211311432,True,True,True,2024-12-31
2025-04-28,여수,harmonic_regression,15.4,16.561582597487337,True,True,True,2024-12-31
2025-04-29,여수,harmonic_regression,15.3,16.69580932274024,True,True,True,2024-12-31
2025-04-30,여수,harmonic_regression,15.4,16.829163324982467,True,True,True,2024-12-31
2025-05-01,여수,harmonic_regression,15.7,16.96164193151795,True,True,True,2024-12-31
2025-05-02,여수,harmonic_regression,15.8,17.093243816167984,True,True,True,2024-12-31
2025-05-03,여수,harmonic_regression,15.8,17.2239689547095,True,True,True,2024-12-31
2025-05-04,여수,harmonic_regression,15.6,17.35381857869237,True,True,True,2024-12-31
2025-05-05,여수,harmonic_regression,15.8,17.48279512770423,True,True,True,2024-12-31
2025-05-06,여수,harmonic_regression,15.6,17.61090220015296,True,True,True,2024-12-31
2025-05-07,여수,harmonic_regression,15.6,17.73814450263904,True,True,True,2024-12-31
2025-05-08,여수,harmonic_regression,15.9,17.864527797991443,True,True,True,2024-12-31
2025-05-09,여수,harmonic_regression,,17.990058852042377,False,False,False,2024-12-31
2025-05-10,여수,harmonic_regression,,18.114745379217805,False,False,False,2024-12-31
2025-05-11,여수,harmonic_regression,,18.238595987021842,False,False,False,2024-12-31
2025-05-12,여수,harmonic_regression,,18.361620119494688,False,False,False,2024-12-31
2025-05-13,여수,harmonic_regression,,18.483827999724756,False,False,False,2024-12-31
2025-05-14,여수,harmonic_regression,,18.60523057149692,False,False,False,2024-12-31
2025-05-15,여수,harmonic_regression,,18.72583944015966,False,False,False,2024-12-31
2025-05-16,여수,harmonic_regression,,18.845666812794953,False,False,False,2024-12-31
2025-05-17,여수,harmonic_regression,,18.96472543777538,False,False,False,2024-12-31
2025-05-18,여수,harmonic_regression,,19.083028543793844,False,False,False,2024-12-31
2025-05-19,여수,harmonic_regression,,19.200589778451576,False,False,False,2024-12-31
2025-05-20,여수,harmonic_regression,,19.317423146490928,False,False,False,2024-12-31
2025-05-21,여수,harmonic_regression,,19.433542947759545,False,False,False,2024-12-31
2025-05-22,여수,harmonic_regression,,19.548963714993015,False,False,False,2024-12-31
2025-05-23,여수,harmonic_regression,,19.66370015150304,False,False,False,2024-12-31
2025-05-24,여수,harmonic_regression,,19.77776706885845,False,False,False,2024-12-31
2025-05-25,여수,harmonic_regression,,19.891179324646107,False,False,False,2024-12-31
2025-05-26,여수,harmonic_regression,,20.003951760398834,False,False,False,2024-12-31
2025-05-27,여수,harmonic_regression,,20.116099139777,False,False,False,2024-12-31
2025-05-28,여수,harmonic_regression,,20.22763608709018,False,False,False,2024-12-31
2025-05-29,여수,harmonic_regression,,20.338577026244813,False,False,False,2024-12-31
2025-05-30,여수,harmonic_regression,,20.44893612020313,False,False,False,2024-12-31
2025-05-31,여수,harmonic_regression,,20.558727211037983,False,False,False,2024-12-31
2025-06-01,여수,harmonic_regression,,20.66796376066745,False,False,False,2024-12-31
2025-06-02,여수,harmonic_regression,,20.776658792352094,False,False,False,2024-12-31
2025-06-03,여수,harmonic_regression,,20.88482483303689,False,False,False,2024-12-31
2025-06-04,여수,harmonic_regression,20.2,20.992473856618602,True,True,True,2024-12-31
2025-06-05,여수,harmonic_regression,20.4,21.099617228218335,True,True,True,2024-12-31
2025-06-06,여수,harmonic_regression,20.6,21.20626564953754,True,True,True,2024-12-31
2025-06-07,여수,harmonic_regression,20.5,21.31242910537448,True,True,True,2024-12-31
2025-06-08,여수,harmonic_regression,20.6,21.418116811376656,True,True,True,2024-12-31
2025-06-09,여수,harmonic_regression,20.6,21.52333716310302,True,True,True,2024-12-31
2025-06-10,여수,harmonic_regression,20.8,21.628097686468294,True,True,True,2024-12-31
2025-06-11,여수,harmonic_regression,21.1,21.73240498963979,True,True,True,2024-12-31
2025-06-12,여수,harmonic_regression,21.2,21.8362647164554,True,True,True,2024-12-31
2025-06-13,여수,harmonic_regression,21.0,21.939681501429405,True,True,True,2024-12-31
2025-06-14,여수,harmonic_regression,20.9,22.042658926410837,True,True,True,2024-12-31
2025-06-15,여수,harmonic_regression,20.6,22.145199478956933,True,True,True,2024-12-31
2025-06-16,여수,harmonic_regression,21.2,22.24730451248211,True,True,True,2024-12-31
2025-06-17,여수,harmonic_regression,21.5,22.3489742082406,True,True,True,2024-12-31
2025-06-18,여수,harmonic_regression,21.6,22.450207539198672,True,True,True,2024-12-31
2025-06-19,여수,harmonic_regression,21.7,22.551002235849804,True,True,True,2024-12-31
2025-06-20,여수,harmonic_regression,21.7,22.65135475402385,True,True,True,2024-12-31
2025-06-21,여수,harmonic_regression,22.4,22.751260244738738,True,True,True,2024-12-31
2025-06-22,여수,harmonic_regression,22.0,22.85071252614053,True,True,True,2024-12-31
2025-06-23,여수,harmonic_regression,21.7,22.949704057575154,True,True,True,2024-12-31
2025-06-24,여수,harmonic_regression,21.3,23.04822591583242,True,True,True,2024-12-31
2025-06-25,여수,harmonic_regression,21.5,23.1462677736001,True,True,True,2024-12-31
2025-06-26,여수,harmonic_regression,21.9,23.243817880163217,True,True,True,2024-12-31
2025-06-27,여수,harmonic_regression,22.2,23.340863044380633,True,True,True,2024-12-31
2025-06-28,여수,harmonic_regression,22.4,23.437388619968416,True,True,True,2024-12-31
2025-06-29,여수,harmonic_regression,22.6,23.53337849311637,True,True,True,2024-12-31
2025-06-30,여수,harmonic_regression,22.7,23.628815072461173,True,True,True,2024-12-31
2025-07-01,여수,harmonic_regression,22.6,23.72367928143672,True,True,True,2024-12-31
2025-07-02,여수,harmonic_regression,22.5,23.817950553019102,True,True,True,2024-12-31
2025-07-03,여수,harmonic_regression,22.8,23.911606826880792,True,True,True,2024-12-31
2025-07-04,여수,harmonic_regression,23.7,24.004624548965367,True,True,True,2024-12-31
2025-07-05,여수,harmonic_regression,24.6,24.09697867349128,True,True,True,2024-12-31
2025-07-06,여수,harmonic_regression,25.4,24.188642667389836,True,True,True,2024-12-31
2025-07-07,여수,harmonic_regression,24.1,24.279588517179743,True,True,True,2024-12-31
2025-07-08,여수,harmonic_regression,22.9,24.369786738277234,True,True,True,2024-12-31
2025-07-09,여수,harmonic_regression,23.2,24.45920638673792,True,True,True,2024-12-31
2025-07-10,여수,harmonic_regression,23.3,24.547815073423244,True,True,True,2024-12-31
2025-07-11,여수,harmonic_regression,24.0,24.635578980581474,True,True,True,2024-12-31
2025-07-12,여수,harmonic_regression,24.0,24.722462880830015,True,True,True,2024-12-31
2025-07-13,여수,harmonic_regression,24.1,24.808430158522818,True,True,True,2024-12-31
2025-07-14,여수,harmonic_regression,24.1,24.893442833483576,True,True,True,2024-12-31
2025-07-15,여수,harmonic_regression,25.0,24.977461587082413,True,True,True,2024-12-31
2025-07-16,여수,harmonic_regression,25.0,25.060445790630794,True,True,True,2024-12-31
2025-07-17,여수,harmonic_regression,24.9,25.14235353606635,True,True,True,2024-12-31
2025-07-18,여수,harmonic_regression,24.7,25.223141668896485,True,True,True,2024-12-31
2025-07-19,여수,harmonic_regression,25.2,25.30276582336662,True,True,True,2024-12-31
2025-07-20,여수,harmonic_regression,25.3,25.381180459816182,True,True,True,2024-12-31
2025-07-21,여수,harmonic_regression,25.5,25.45833890418251,True,True,True,2024-12-31
2025-07-22,여수,harmonic_regression,26.2,25.53419338961023,True,True,True,2024-12-31
2025-07-23,여수,harmonic_regression,26.4,25.60869510012074,True,True,True,2024-12-31
2025-07-24,여수,harmonic_regression,26.4,25.681794216294023,True,True,True,2024-12-31
2025-07-25,여수,harmonic_regression,26.6,25.753439962912076,True,True,True,2024-12-31
2025-07-26,여수,harmonic_regression,26.8,25.82358065851104,True,True,True,2024-12-31
2025-07-27,여수,harmonic_regression,27.1,25.892163766786364,True,True,True,2024-12-31
2025-07-28,여수,harmonic_regression,27.2,25.95913594979295,True,True,True,2024-12-31
2025-07-29,여수,harmonic_regression,27.5,26.024443122880037,True,True,True,2024-12-31
2025-07-30,여수,harmonic_regression,27.8,26.08803051129808,True,True,True,2024-12-31
2025-07-31,여수,harmonic_regression,27.9,26.149842708412745,True,True,True,2024-12-31
2025-08-01,여수,harmonic_regression,28.1,26.209823735459096,True,True,True,2024-12-31
2025-08-02,여수,harmonic_regression,28.3,26.267917102766802,True,True,True,2024-12-31
2025-08-03,여수,harmonic_regression,28.6,26.32406587238539,True,True,True,2024-12-31
2025-08-04,여수,harmonic_regression,29.1,26.378212722036587,True,True,True,2024-12-31
2025-08-05,여수,harmonic_regression,29.4,26.430300010318987,True,True,True,2024-12-31
2025-08-06,여수,harmonic_regression,29.4,26.48026984308857,True,True,True,2024-12-31
2025-08-07,여수,harmonic_regression,29.3,26.52806414093699,True,True,True,2024-12-31
2025-08-08,여수,harmonic_regression,28.5,26.573624707687994,True,True,True,2024-12-31
2025-08-09,여수,harmonic_regression,27.9,26.61689329983085,True,True,True,2024-12-31
2025-08-10,여수,harmonic_regression,26.6,26.657811696808455,True,True,True,2024-12-31
2025-08-11,여수,harmonic_regression,25.7,26.696321772076296,True,True,True,2024-12-31
2025-08-12,여수,harmonic_regression,25.0,26.732365564847576,True,True,True,2024-12-31
2025-08-13,여수,harmonic_regression,24.7,26.765885352438552,True,True,True,2024-12-31
2025-08-14,여수,harmonic_regression,25.1,26.79682372312726,True,True,True,2024-12-31
2025-08-15,여수,harmonic_regression,25.2,26.825123649438005,True,True,True,2024-12-31
2025-08-16,여수,harmonic_regression,25.3,26.850728561763155,True,True,True,2024-12-31
2025-08-17,여수,harmonic_regression,25.4,26.873582422233213,True,True,True,2024-12-31
2025-08-18,여수,harmonic_regression,25.0,26.893629798745618,True,True,True,2024-12-31
2025-08-19,여수,harmonic_regression,25.1,26.910815939062232,True,True,True,2024-12-31
2025-08-20,여수,harmonic_regression,25.1,26.925086844885257,True,True,True,2024-12-31
2025-08-21,여수,harmonic_regression,24.8,26.936389345821016,True,True,True,2024-12-31
2025-08-22,여수,harmonic_regression,25.2,26.94467117314103,True,True,True,2024-12-31
2025-08-23,여수,harmonic_regression,25.8,26.94988103324975,True,True,True,2024-12-31
2025-08-24,여수,harmonic_regression,25.8,26.951968680768466,True,True,True,2024-12-31
2025-08-25,여수,harmonic_regression,25.7,26.950884991145152,True,True,True,2024-12-31
2025-08-26,여수,harmonic_regression,25.7,26.946582032700288,True,True,True,2024-12-31
2025-08-27,여수,harmonic_regression,25.3,26.939013138019213,True,True,True,2024-12-31
2025-08-28,여수,harmonic_regression,24.9,26.928132974602015,True,True,True,2024-12-31
2025-08-29,여수,harmonic_regression,24.5,26.913897614682757,True,True,True,2024-12-31
2025-08-30,여수,harmonic_regression,24.7,26.896264604130433,True,True,True,2024-12-31
2025-08-31,여수,harmonic_regression,24.4,26.87519303034511,True,True,True,2024-12-31
2025-09-01,여수,harmonic_regression,23.9,26.850643589063438,True,True,True,2024-12-31
2025-09-02,여수,harmonic_regression,24.3,26.82257864998907,True,True,True,2024-12-31
2025-09-03,여수,harmonic_regression,24.2,26.790962321164447,True,True,True,2024-12-31
2025-09-04,여수,harmonic_regression,24.4,26.755760512001878,True,True,True,2024-12-31
2025-09-05,여수,harmonic_regression,24.1,26.716940994893054,True,True,True,2024-12-31
2025-09-06,여수,harmonic_regression,24.9,26.674473465317796,True,True,True,2024-12-31
2025-09-07,여수,harmonic_regression,25.8,26.628329600374208,True,True,True,2024-12-31
2025-09-08,여수,harmonic_regression,25.6,26.578483115654215,True,True,True,2024-12-31
2025-09-09,여수,harmonic_regression,,26.524909820390178,False,False,False,2024-12-31
2025-09-10,여수,harmonic_regression,,26.467587670800064,False,False,False,2024-12-31
2025-09-11,여수,harmonic_regression,24.0,26.406496821560705,True,True,True,2024-12-31
2025-09-12,여수,harmonic_regression,23.9,26.34161967534056,True,True,True,2024-12-31
2025-09-13,여수,harmonic_regression,24.0,26.272940930325632,True,True,True,2024-12-31
2025-09-14,여수,harmonic_regression,24.2,26.200447625674244,True,True,True,2024-12-31
2025-09-15,여수,harmonic_regression,24.1,26.124129184838772,True,True,True,2024-12-31
2025-09-16,여수,harmonic_regression,24.2,26.043977456694645,True,True,True,2024-12-31
2025-09-17,여수,harmonic_regression,24.9,25.95998675441942,True,True,True,2024-12-31
2025-09-18,여수,harmonic_regression,25.1,25.872153892067224,True,True,True,2024-12-31
2025-09-19,여수,harmonic_regression,24.8,25.7804782187863,True,True,True,2024-12-31
2025-09-20,여수,harmonic_regression,24.6,25.68496165063017,True,True,True,2024-12-31
2025-09-21,여수,harmonic_regression,24.4,25.585608699915444,True,True,True,2024-12-31
2025-09-22,여수,harmonic_regression,24.1,25.482426502082127,True,True,True,2024-12-31
2025-09-23,여수,harmonic_regression,23.9,25.375424840015082,True,True,True,2024-12-31
2025-09-24,여수,harmonic_regression,23.8,25.264616165788077,True,True,True,2024-12-31
2025-09-25,여수,harmonic_regression,23.8,25.150015619794726,True,True,True,2024-12-31
2025-09-26,여수,harmonic_regression,23.8,25.03164104723373,True,True,True,2024-12-31
2025-09-27,여수,harmonic_regression,23.9,24.909513011918516,True,True,True,2024-12-31
2025-09-28,여수,harmonic_regression,24.0,24.783654807384707,True,True,True,2024-12-31
2025-09-29,여수,harmonic_regression,23.9,24.654092465271624,True,True,True,2024-12-31
2025-09-30,여수,harmonic_regression,24.0,24.52085476095724,True,True,True,2024-12-31
2025-10-01,여수,harmonic_regression,24.0,24.383973216429226,True,True,True,2024-12-31
2025-10-02,여수,harmonic_regression,24.0,24.243482100377527,True,True,True,2024-12-31
2025-10-03,여수,harmonic_regression,23.8,24.099418425497372,True,True,True,2024-12-31
2025-10-04,여수,harmonic_regression,23.6,23.95182194299474,True,True,True,2024-12-31
2025-10-05,여수,harmonic_regression,23.8,23.80073513428924,True,True,True,2024-12-31
2025-10-06,여수,harmonic_regression,24.0,23.646203199912957,True,True,True,2024-12-31
2025-10-07,여수,harmonic_regression,23.9,23.4882740456066,True,True,True,2024-12-31
2025-10-08,여수,harmonic_regression,23.9,23.326998265617767,True,True,True,2024-12-31
2025-10-09,여수,harmonic_regression,23.6,23.162429123209296,True,True,True,2024-12-31
2025-10-10,여수,harmonic_regression,23.3,22.994622528388668,True,True,True,2024-12-31
2025-10-11,여수,harmonic_regression,23.2,22.823637012872908,True,True,True,2024-12-31
2025-10-12,여수,harmonic_regression,23.3,22.649533702306307,True,True,True,2024-12-31
2025-10-13,여수,harmonic_regression,23.5,22.472376285751636,True,True,True,2024-12-31
2025-10-14,여수,harmonic_regression,23.6,22.29223098247862,True,True,True,2024-12-31
2025-10-15,여수,harmonic_regression,23.4,22.109166506076413,True,True,True,2024-12-31
2025-10-16,여수,harmonic_regression,23.2,21.923254025920002,True,True,True,2024-12-31
2025-10-17,여수,harmonic_regression,23.2,21.734567126023663,True,True,True,2024-12-31
2025-10-18,여수,harmonic_regression,23.2,21.54318176131711,True,True,True,2024-12-31
2025-10-19,여수,harmonic_regression,22.8,21.34917621138365,True,True,True,2024-12-31
2025-10-20,여수,harmonic_regression,22.4,21.152631031701848,True,True,True,2024-12-31
2025-10-21,여수,harmonic_regression,21.8,20.95362900243577,True,True,True,2024-12-31
2025-10-22,여수,harmonic_regression,21.3,20.75225507482106,True,True,True,2024-12-31
2025-10-23,여수,harmonic_regression,21.1,20.54859631519762,True,True,True,2024-12-31
2025-10-24,여수,harmonic_regression,21.0,20.342741846741387,True,True,True,2024-12-31
2025-10-25,여수,harmonic_regression,20.9,20.134782788951668,True,True,True,2024-12-31
2025-10-26,여수,harmonic_regression,20.7,19.924812194951706,True,True,True,2024-12-31
2025-10-27,여수,harmonic_regression,20.0,19.712924986663914,True,True,True,2024-12-31
2025-10-28,여수,harmonic_regression,19.2,19.4992178879227,True,True,True,2024-12-31
2025-10-29,여수,harmonic_regression,18.8,19.283789355591004,True,True,True,2024-12-31
2025-10-30,여수,harmonic_regression,18.4,19.06673950874832,True,True,True,2024-12-31
2025-10-31,여수,harmonic_regression,18.4,18.848170056020823,True,True,True,2024-12-31
2025-11-01,여수,harmonic_regression,18.2,18.628184221125785,True,True,True,2024-12-31
2025-11-02,여수,harmonic_regression,17.9,18.406886666705223,True,True,True,2024-12-31
2025-11-03,여수,harmonic_regression,17.3,18.18438341652504,True,True,True,2024-12-31
2025-11-04,여수,harmonic_regression,17.2,17.960781776118406,True,True,True,2024-12-31
2025-11-05,여수,harmonic_regression,17.5,17.736190251953484,True,True,True,2024-12-31
2025-11-06,여수,harmonic_regression,17.7,17.510718469207923,True,True,True,2024-12-31
2025-11-07,여수,harmonic_regression,17.9,17.28447708823334,True,True,True,2024-12-31
2025-11-08,여수,harmonic_regression,17.9,17.057577719795578,True,True,True,2024-12-31
2025-11-09,여수,harmonic_regression,17.7,16.830132839176933,True,True,True,2024-12-31
2025-11-10,여수,harmonic_regression,17.5,16.602255699228934,True,True,True,2024-12-31
2025-11-11,여수,harmonic_regression,17.0,16.374060242464452,True,True,True,2024-12-31
2025-11-12,여수,harmonic_regression,16.5,16.145661012280126,True,True,True,2024-12-31
2025-11-13,여수,harmonic_regression,16.2,15.917173063400153,True,True,True,2024-12-31
2025-11-14,여수,harmonic_regression,16.0,15.688711871634244,True,True,True,2024-12-31
2025-11-15,여수,harmonic_regression,15.8,15.460393243042773,True,True,True,2024-12-31
2025-11-16,여수,harmonic_regression,15.8,15.23233322260341,True,True,True,2024-12-31
2025-11-17,여수,harmonic_regression,15.6,15.004648002473523,True,True,True,2024-12-31
2025-11-18,여수,harmonic_regression,14.5,14.77745382994393,True,True,True,2024-12-31
2025-11-19,여수,harmonic_regression,13.9,14.550866915179123,True,True,True,2024-12-31
2025-11-20,여수,harmonic_regression,13.6,14.32500333884024,True,True,True,2024-12-31
2025-11-21,여수,harmonic_regression,13.7,14.099978959686439,True,True,True,2024-12-31
2025-11-22,여수,harmonic_regression,13.6,13.875909322251172,True,True,True,2024-12-31
2025-11-23,여수,harmonic_regression,13.7,13.652909564689129,True,True,True,2024-12-31
2025-11-24,여수,harmonic_regression,13.9,13.43109432688995,True,True,True,2024-12-31
2025-11-25,여수,harmonic_regression,14.0,13.210577658954508,True,True,True,2024-12-31
2025-11-26,여수,harmonic_regression,13.7,12.991472930128776,True,True,True,2024-12-31
2025-11-27,여수,harmonic_regression,13.4,12.773892738290542,True,True,True,2024-12-31
2025-11-28,여수,harmonic_regression,12.8,12.557948820082846,True,True,True,2024-12-31
2025-11-29,여수,harmonic_regression,12.5,12.34375196178813,True,True,True,2024-12-31
2025-11-30,여수,harmonic_regression,12.6,12.131411911035594,True,True,True,2024-12-31
2025-12-01,여수,harmonic_regression,12.8,11.921037289433723,True,True,True,2024-12-31
2025-12-02,여수,harmonic_regression,12.4,11.7127355062191,True,True,True,2024-12-31
2025-12-03,여수,harmonic_regression,11.9,11.506612673010913,True,True,True,2024-12-31
2025-12-04,여수,harmonic_regression,11.0,11.302773519760114,True,True,True,2024-12-31
2025-12-05,여수,harmonic_regression,10.9,11.10132131198012,True,True,True,2024-12-31
2025-12-06,여수,harmonic_regression,10.9,10.902357769345258,True,True,True,2024-12-31
2025-12-07,여수,harmonic_regression,11.2,10.705982985740928,True,True,True,2024-12-31
2025-12-08,여수,harmonic_regression,11.5,10.512295350848566,True,True,True,2024-12-31
2025-12-09,여수,harmonic_regression,11.2,10.321391473346074,True,True,True,2024-12-31
2025-12-10,여수,harmonic_regression,11.0,10.133366105803264,True,True,True,2024-12-31
2025-12-11,여수,harmonic_regression,10.8,9.948312071349422,True,True,True,2024-12-31
2025-12-12,여수,harmonic_regression,10.7,9.766320192188434,True,True,True,2024-12-31
2025-12-13,여수,harmonic_regression,10.1,9.58747922003489,True,True,True,2024-12-31
2025-12-14,여수,harmonic_regression,9.8,9.411875768542085,True,True,True,2024-12-31
2025-12-15,여수,harmonic_regression,9.4,9.239594247791173,True,True,True,2024-12-31
2025-12-16,여수,harmonic_regression,9.3,9.070716800907745,True,True,True,2024-12-31
2025-12-17,여수,harmonic_regression,9.5,8.90532324287052,True,True,True,2024-12-31
2025-12-18,여수,harmonic_regression,9.4,8.743491001573421,True,True,True,2024-12-31
2025-12-19,여수,harmonic_regression,9.4,8.585295061200997,True,True,True,2024-12-31
2025-12-20,여수,harmonic_regression,9.9,8.43080790797311,True,True,True,2024-12-31
2025-12-21,여수,harmonic_regression,9.8,8.280099478313716,True,True,True,2024-12-31
2025-12-22,여수,harmonic_regression,9.4,8.133237109494413,True,True,True,2024-12-31
2025-12-23,여수,harmonic_regression,9.2,7.9902854928017195,True,True,True,2024-12-31
2025-12-24,여수,harmonic_regression,9.5,7.851306629273729,True,True,True,2024-12-31
2025-12-25,여수,harmonic_regression,9.3,7.716359788048864,True,True,True,2024-12-31
2025-12-26,여수,harmonic_regression,8.2,7.585501467366864,True,True,True,2024-12-31
2025-12-27,여수,harmonic_regression,7.4,7.458785358258785,True,True,True,2024-12-31
2025-12-28,여수,harmonic_regression,7.4,7.336262310960121,True,True,True,2024-12-31
2025-12-29,여수,harmonic_regression,7.6,7.217980304077816,True,True,True,2024-12-31
2025-12-30,여수,harmonic_regression,7.9,7.103984416539097,True,True,True,2024-12-31
2025-12-31,여수,harmonic_regression,7.9,6.994316802346759,True,True,True,2024-12-31
2025-01-01,통영,climatology,12.8,11.950000000000003,True,True,True,2024-12-31
2025-01-02,통영,climatology,12.8,11.86071428571429,True,True,True,2024-12-31
2025-01-03,통영,climatology,12.7,11.785714285714288,True,True,True,2024-12-31
2025-01-04,통영,climatology,12.6,11.710714285714287,True,True,True,2024-12-31
2025-01-05,통영,climatology,12.6,11.660714285714286,True,True,True,2024-12-31
2025-01-06,통영,climatology,12.4,11.614285714285714,True,True,True,2024-12-31
2025-01-07,통영,climatology,12.2,11.575000000000001,True,True,True,2024-12-31
2025-01-08,통영,climatology,12.1,11.542857142857144,True,True,True,2024-12-31
2025-01-09,통영,climatology,11.9,11.503571428571428,True,True,True,2024-12-31
2025-01-10,통영,climatology,11.7,11.464285714285714,True,True,True,2024-12-31
2025-01-11,통영,climatology,11.5,11.442857142857141,True,True,True,2024-12-31
2025-01-12,통영,climatology,11.4,11.450000000000001,True,True,True,2024-12-31
2025-01-13,통영,climatology,11.3,11.460714285714284,True,True,True,2024-12-31
2025-01-14,통영,climatology,11.2,11.460714285714284,True,True,True,2024-12-31
2025-01-15,통영,climatology,11.1,11.44642857142857,True,True,True,2024-12-31
2025-01-16,통영,climatology,10.9,11.424999999999997,True,True,True,2024-12-31
2025-01-17,통영,climatology,10.8,11.392857142857142,True,True,True,2024-12-31
2025-01-18,통영,climatology,10.8,11.342857142857143,True,True,True,2024-12-31
2025-01-19,통영,climatology,10.7,11.267857142857144,True,True,True,2024-12-31
2025-01-20,통영,climatology,10.7,11.192857142857145,True,True,True,2024-12-31
2025-01-21,통영,climatology,10.6,11.117857142857146,True,True,True,2024-12-31
2025-01-22,통영,climatology,10.6,11.057142857142859,True,True,True,2024-12-31
2025-01-23,통영,climatology,10.6,11.007142857142856,True,True,True,2024-12-31
2025-01-24,통영,climatology,10.5,10.960714285714287,True,True,True,2024-12-31
2025-01-25,통영,climatology,10.5,10.917857142857143,True,True,True,2024-12-31
2025-01-26,통영,climatology,10.5,10.875000000000002,True,True,True,2024-12-31
2025-01-27,통영,climatology,10.5,10.825000000000001,True,True,True,2024-12-31
2025-01-28,통영,climatology,10.3,10.789285714285715,True,True,True,2024-12-31
2025-01-29,통영,climatology,10.1,10.75357142857143,True,True,True,2024-12-31
2025-01-30,통영,climatology,10.1,10.714285714285712,True,True,True,2024-12-31
2025-01-31,통영,climatology,10.2,10.678571428571427,True,True,True,2024-12-31
2025-02-01,통영,climatology,10.2,10.649999999999997,True,True,True,2024-12-31
2025-02-02,통영,climatology,10.2,10.628571428571425,True,True,True,2024-12-31
2025-02-03,통영,climatology,10.3,10.624999999999998,True,True,True,2024-12-31
2025-02-04,통영,climatology,10.1,10.617857142857138,True,True,True,2024-12-31
2025-02-05,통영,climatology,10.0,10.614285714285712,True,True,True,2024-12-31
2025-02-06,통영,climatology,9.9,10.621428571428568,True,True,True,2024-12-31
2025-02-07,통영,climatology,9.8,10.64642857142857,True,True,True,2024-12-31
2025-02-08,통영,climatology,9.7,10.671428571428573,True,True,True,2024-12-31
2025-02-09,통영,climatology,9.7,10.707142857142857,True,True,True,2024-12-31
2025-02-10,통영,climatology,9.7,10.75357142857143,True,True,True,2024-12-31
2025-02-11,통영,climatology,9.7,10.814285714285715,True,True,True,2024-12-31
2025-02-12,통영,climatology,9.6,10.875,True,True,True,2024-12-31
2025-02-13,통영,climatology,9.6,10.925,True,True,True,2024-12-31
2025-02-14,통영,climatology,9.7,10.957142857142859,True,True,True,2024-12-31
2025-02-15,통영,climatology,9.7,10.985714285714291,True,True,True,2024-12-31
2025-02-16,통영,climatology,9.8,11.014285714285718,True,True,True,2024-12-31
2025-02-17,통영,climatology,9.8,11.02857142857143,True,True,True,2024-12-31
2025-02-18,통영,climatology,9.8,11.017857142857148,True,True,True,2024-12-31
2025-02-19,통영,climatology,9.7,10.99642857142857,True,True,True,2024-12-31
2025-02-20,통영,climatology,9.7,10.97857142857143,True,True,True,2024-12-31
2025-02-21,통영,climatology,9.6,10.960714285714287,True,True,True,2024-12-31
2025-02-22,통영,climatology,9.5,10.939285714285713,True,True,True,2024-12-31
2025-02-23,통영,climatology,9.5,10.907142857142858,True,True,True,2024-12-31
2025-02-24,통영,climatology,9.3,10.87857142857143,True,True,True,2024-12-31
2025-02-25,통영,climatology,9.3,10.864285714285716,True,True,True,2024-12-31
2025-02-26,통영,climatology,9.2,10.872413793103451,True,True,True,2024-12-31
2025-02-27,통영,climatology,9.2,10.87241379310345,True,True,True,2024-12-31
2025-02-28,통영,climatology,9.3,10.879310344827589,True,True,True,2024-12-31
2025-03-01,통영,climatology,9.4,10.903448275862068,True,True,True,2024-12-31
2025-03-02,통영,climatology,9.5,10.931034482758623,True,True,True,2024-12-31
2025-03-03,통영,climatology,9.5,10.958620689655175,True,True,True,2024-12-31
2025-03-04,통영,climatology,9.3,10.989655172413794,True,True,True,2024-12-31
2025-03-05,통영,climatology,9.3,11.021428571428574,True,True,True,2024-12-31
2025-03-06,통영,climatology,9.2,11.067857142857145,True,True,True,2024-12-31
2025-03-07,통영,climatology,9.2,11.125000000000002,True,True,True,2024-12-31
2025-03-08,통영,climatology,9.3,11.18214285714286,True,True,True,2024-12-31
2025-03-09,통영,climatology,9.4,11.253571428571428,True,True,True,2024-12-31
2025-03-10,통영,climatology,9.5,11.328571428571427,True,True,True,2024-12-31
2025-03-11,통영,climatology,9.6,11.410714285714286,True,True,True,2024-12-31
2025-03-12,통영,climatology,9.7,11.49642857142857,True,True,True,2024-12-31
2025-03-13,통영,climatology,9.8,11.592857142857143,True,True,True,2024-12-31
2025-03-14,통영,climatology,9.8,11.685714285714287,True,True,True,2024-12-31
2025-03-15,통영,climatology,9.8,11.775000000000002,True,True,True,2024-12-31
2025-03-16,통영,climatology,9.8,11.85714285714286,True,True,True,2024-12-31
2025-03-17,통영,climatology,9.7,11.925000000000002,True,True,True,2024-12-31
2025-03-18,통영,climatology,9.7,11.982142857142858,True,True,True,2024-12-31
2025-03-19,통영,climatology,9.7,12.035714285714286,True,True,True,2024-12-31
2025-03-20,통영,climatology,9.7,12.085714285714285,True,True,True,2024-12-31
2025-03-21,통영,climatology,9.9,12.132142857142856,True,True,True,2024-12-31
2025-03-22,통영,climatology,10.1,12.18214285714286,True,True,True,2024-12-31
2025-03-23,통영,climatology,10.2,12.235714285714286,True,True,True,2024-12-31
2025-03-24,통영,climatology,10.4,12.314285714285717,True,True,True,2024-12-31
2025-03-25,통영,climatology,10.5,12.389285714285716,True,True,True,2024-12-31
2025-03-26,통영,climatology,10.6,12.471428571428573,True,True,True,2024-12-31
2025-03-27,통영,climatology,10.7,12.557142857142859,True,True,True,2024-12-31
2025-03-28,통영,climatology,10.8,12.657142857142858,True,True,True,2024-12-31
2025-03-29,통영,climatology,10.8,12.75357142857143,True,True,True,2024-12-31
2025-03-30,통영,climatology,10.6,12.850000000000003,True,True,True,2024-12-31
2025-03-31,통영,climatology,10.6,12.939285714285715,True,True,True,2024-12-31
2025-04-01,통영,climatology,10.7,13.035714285714288,True,True,True,2024-12-31
2025-04-02,통영,climatology,10.8,13.117857142857146,True,True,True,2024-12-31
2025-04-03,통영,climatology,10.8,13.192857142857147,True,True,True,2024-12-31
2025-04-04,통영,climatology,11.0,13.264285714285716,True,True,True,2024-12-31
2025-04-05,통영,climatology,10.9,13.332142857142859,True,True,True,2024-12-31
2025-04-06,통영,climatology,11.1,13.403571428571428,True,True,True,2024-12-31
2025-04-07,통영,climatology,11.3,13.464285714285714,True,True,True,2024-12-31
2025-04-08,통영,climatology,11.3,13.542857142857143,True,True,True,2024-12-31
2025-04-09,통영,climatology,11.4,13.635714285714286,True,True,True,2024-12-31
2025-04-10,통영,climatology,11.6,13.728571428571428,True,True,True,2024-12-31
2025-04-11,통영,climatology,11.7,13.807142857142859,True,True,True,2024-12-31
2025-04-12,통영,climatology,11.7,13.885714285714284,True,True,True,2024-12-31
2025-04-13,통영,climatology,11.6,13.960714285714287,True,True,True,2024-12-31
2025-04-14,통영,climatology,11.5,14.049999999999999,True,True,True,2024-12-31
2025-04-15,통영,climatology,11.5,14.12142857142857,True,True,True,2024-12-31
2025-04-16,통영,climatology,11.5,14.182142857142859,True,True,True,2024-12-31
2025-04-17,통영,climatology,11.6,14.24642857142857,True,True,True,2024-12-31
2025-04-18,통영,climatology,11.8,14.325000000000001,True,True,True,2024-12-31
2025-04-19,통영,climatology,11.9,14.410714285714286,True,True,True,2024-12-31
2025-04-20,통영,climatology,12.1,14.475,True,True,True,2024-12-31
2025-04-21,통영,climatology,12.6,14.52857142857143,True,True,True,2024-12-31
2025-04-22,통영,climatology,12.8,14.582142857142857,True,True,True,2024-12-31
2025-04-23,통영,climatology,12.8,14.639285714285714,True,True,True,2024-12-31
2025-04-24,통영,climatology,12.8,14.7,True,True,True,2024-12-31
2025-04-25,통영,climatology,12.9,14.76785714285714,True,True,True,2024-12-31
2025-04-26,통영,climatology,12.8,14.82142857142857,True,True,True,2024-12-31
2025-04-27,통영,climatology,12.8,14.89285714285714,True,True,True,2024-12-31
2025-04-28,통영,climatology,12.9,14.957142857142856,True,True,True,2024-12-31
2025-04-29,통영,climatology,13.0,15.02142857142857,True,True,True,2024-12-31
2025-04-30,통영,climatology,13.1,15.096428571428572,True,True,True,2024-12-31
2025-05-01,통영,climatology,13.2,15.157142857142857,True,True,True,2024-12-31
2025-05-02,통영,climatology,13.4,15.200000000000001,True,True,True,2024-12-31
2025-05-03,통영,climatology,13.5,15.267857142857142,True,True,True,2024-12-31
2025-05-04,통영,climatology,13.5,15.342857142857143,True,True,True,2024-12-31
2025-05-05,통영,climatology,13.6,15.425,True,True,True,2024-12-31
2025-05-06,통영,climatology,13.8,15.503571428571432,True,True,True,2024-12-31
2025-05-07,통영,climatology,13.9,15.582142857142859,True,True,True,2024-12-31
2025-05-08,통영,climatology,13.8,15.671428571428574,True,True,True,2024-12-31
2025-05-09,통영,climatology,13.9,15.771428571428574,True,True,True,2024-12-31
2025-05-10,통영,climatology,13.8,15.86071428571429,True,True,True,2024-12-31
2025-05-11,통영,climatology,13.9,15.953571428571431,True,True,True,2024-12-31
2025-05-12,통영,climatology,14.0,16.064285714285717,True,True,True,2024-12-31
2025-05-13,통영,climatology,14.1,16.164285714285715,True,True,True,2024-12-31
2025-05-14,통영,climatology,14.3,16.242857142857144,True,True,True,2024-12-31
2025-05-15,통영,climatology,14.4,16.321428571428573,True,True,True,2024-12-31
2025-05-16,통영,climatology,14.6,16.414285714285715,True,True,True,2024-12-31
2025-05-17,통영,climatology,14.7,16.496428571428574,True,True,True,2024-12-31
2025-05-18,통영,climatology,15.0,16.571428571428573,True,True,True,2024-12-31
2025-05-19,통영,climatology,15.1,16.646428571428572,True,True,True,2024-12-31
2025-05-20,통영,climatology,15.1,16.728571428571428,True,True,True,2024-12-31
2025-05-21,통영,climatology,15.6,16.824999999999996,True,True,True,2024-12-31
2025-05-22,통영,climatology,15.9,16.91785714285714,True,True,True,2024-12-31
2025-05-23,통영,climatology,15.5,16.992857142857144,True,True,True,2024-12-31
2025-05-24,통영,climatology,15.3,17.092857142857145,True,True,True,2024-12-31
2025-05-25,통영,climatology,15.2,17.189285714285713,True,True,True,2024-12-31
2025-05-26,통영,climatology,15.3,17.289285714285715,True,True,True,2024-12-31
2025-05-27,통영,climatology,15.4,17.389285714285712,True,True,True,2024-12-31
2025-05-28,통영,climatology,15.7,17.5,True,True,True,2024-12-31
2025-05-29,통영,climatology,15.8,17.617857142857144,True,True,True,2024-12-31
2025-05-30,통영,climatology,16.0,17.728571428571428,True,True,True,2024-12-31
2025-05-31,통영,climatology,16.3,17.821428571428573,True,True,True,2024-12-31
2025-06-01,통영,climatology,16.5,17.91785714285714,True,True,True,2024-12-31
2025-06-02,통영,climatology,16.7,17.98928571428571,True,True,True,2024-12-31
2025-06-03,통영,climatology,17.1,18.064285714285713,True,True,True,2024-12-31
2025-06-04,통영,climatology,17.1,18.125,True,True,True,2024-12-31
2025-06-05,통영,climatology,17.2,18.182142857142857,True,True,True,2024-12-31
2025-06-06,통영,climatology,17.2,18.267857142857146,True,True,True,2024-12-31
2025-06-07,통영,climatology,17.4,18.35714285714286,True,True,True,2024-12-31
2025-06-08,통영,climatology,17.5,18.442857142857143,True,True,True,2024-12-31
2025-06-09,통영,climatology,17.6,18.550000000000004,True,True,True,2024-12-31
2025-06-10,통영,climatology,17.5,18.657142857142855,True,True,True,2024-12-31
2025-06-11,통영,climatology,17.6,18.778571428571432,True,True,True,2024-12-31
2025-06-12,통영,climatology,17.4,18.925000000000004,True,True,True,2024-12-31
2025-06-13,통영,climatology,17.4,19.057142857142857,True,True,True,2024-12-31
2025-06-14,통영,climatology,17.4,19.160714285714285,True,True,True,2024-12-31
2025-06-15,통영,climatology,17.5,19.25714285714286,True,True,True,2024-12-31
2025-06-16,통영,climatology,17.6,19.353571428571428,True,True,True,2024-12-31
2025-06-17,통영,climatology,17.7,19.45357142857143,True,True,True,2024-12-31
2025-06-18,통영,climatology,17.8,19.535714285714285,True,True,True,2024-12-31
2025-06-19,통영,climatology,18.2,19.58928571428571,True,True,True,2024-12-31
2025-06-20,통영,climatology,18.3,19.66071428571428,True,True,True,2024-12-31
2025-06-21,통영,climatology,19.1,19.757142857142856,True,True,True,2024-12-31
2025-06-22,통영,climatology,18.8,19.86428571428571,True,True,True,2024-12-31
2025-06-23,통영,climatology,18.4,19.928571428571427,True,True,True,2024-12-31
2025-06-24,통영,climatology,18.2,19.985714285714284,True,True,True,2024-12-31
2025-06-25,통영,climatology,17.8,20.04285714285714,True,True,True,2024-12-31
2025-06-26,통영,climatology,18.3,20.099999999999998,True,True,True,2024-12-31
2025-06-27,통영,climatology,18.5,20.178571428571427,True,True,True,2024-12-31
2025-06-28,통영,climatology,18.5,20.249999999999996,True,True,True,2024-12-31
2025-06-29,통영,climatology,18.6,20.33928571428571,True,True,True,2024-12-31
2025-06-30,통영,climatology,19.1,20.43928571428571,True,True,True,2024-12-31
2025-07-01,통영,climatology,19.5,20.542857142857137,True,True,True,2024-12-31
2025-07-02,통영,climatology,20.1,20.65714285714285,True,True,True,2024-12-31
2025-07-03,통영,climatology,21.3,20.739285714285707,True,True,True,2024-12-31
2025-07-04,통영,climatology,22.2,20.774999999999995,True,True,True,2024-12-31
2025-07-05,통영,climatology,21.9,20.817857142857143,True,True,True,2024-12-31
2025-07-06,통영,climatology,22.3,20.810714285714287,True,True,True,2024-12-31
2025-07-07,통영,climatology,21.9,20.825,True,True,True,2024-12-31
2025-07-08,통영,climatology,21.8,20.84642857142857,True,True,True,2024-12-31
2025-07-09,통영,climatology,22.5,20.810714285714287,True,True,True,2024-12-31
2025-07-10,통영,climatology,22.2,20.821428571428573,True,True,True,2024-12-31
2025-07-11,통영,climatology,22.0,20.867857142857144,True,True,True,2024-12-31
2025-07-12,통영,climatology,22.9,20.885714285714283,True,True,True,2024-12-31
2025-07-13,통영,climatology,23.2,20.935714285714283,True,True,True,2024-12-31
2025-07-14,통영,climatology,23.2,20.971428571428568,True,True,True,2024-12-31
2025-07-15,통영,climatology,23.3,21.11111111111111,True,True,True,2024-12-31
2025-07-16,통영,climatology,23.2,21.29629629629629,True,True,True,2024-12-31
2025-07-17,통영,climatology,23.6,21.418518518518514,True,True,True,2024-12-31
2025-07-18,통영,climatology,23.8,21.540740740740738,True,True,True,2024-12-31
2025-07-19,통영,climatology,24.1,21.7,True,True,True,2024-12-31
2025-07-20,통영,climatology,24.4,21.851851851851848,True,True,True,2024-12-31
2025-07-21,통영,climatology,24.6,22.05555555555555,True,True,True,2024-12-31
2025-07-22,통영,climatology,24.9,22.103571428571428,True,True,True,2024-12-31
2025-07-23,통영,climatology,24.9,22.199999999999992,True,True,True,2024-12-31
2025-07-24,통영,climatology,24.7,22.36785714285714,True,True,True,2024-12-31
2025-07-25,통영,climatology,24.6,22.535714285714285,True,True,True,2024-12-31
2025-07-26,통영,climatology,24.5,22.75,True,True,True,2024-12-31
2025-07-27,통영,climatology,25.0,22.99285714285715,True,True,True,2024-12-31
2025-07-28,통영,climatology,25.4,23.178571428571434,True,True,True,2024-12-31
2025-07-29,통영,climatology,25.8,23.317857142857143,True,True,True,2024-12-31
2025-07-30,통영,climatology,26.4,23.492857142857144,True,True,True,2024-12-31
2025-07-31,통영,climatology,27.1,23.60357142857143,True,True,True,2024-12-31
2025-08-01,통영,climatology,27.6,23.63571428571429,True,True,True,2024-12-31
2025-08-02,통영,climatology,28.1,23.625000000000004,True,True,True,2024-12-31
2025-08-03,통영,climatology,28.2,23.617857142857144,True,True,True,2024-12-31
2025-08-04,통영,climatology,28.0,23.703571428571433,True,True,True,2024-12-31
2025-08-05,통영,climatology,27.4,23.892857142857146,True,True,True,2024-12-31
2025-08-06,통영,climatology,27.1,24.042857142857144,True,True,True,2024-12-31
2025-08-07,통영,climatology,27.2,24.175000000000004,True,True,True,2024-12-31
2025-08-08,통영,climatology,26.4,24.342857142857145,True,True,True,2024-12-31
2025-08-09,통영,climatology,24.9,24.521428571428576,True,True,True,2024-12-31
2025-08-10,통영,climatology,23.3,24.667857142857144,True,True,True,2024-12-31
2025-08-11,통영,climatology,22.8,24.76071428571429,True,True,True,2024-12-31
2025-08-12,통영,climatology,22.0,24.84642857142857,True,True,True,2024-12-31
2025-08-13,통영,climatology,21.7,24.939285714285717,True,True,True,2024-12-31
2025-08-14,통영,climatology,22.7,25.067857142857143,True,True,True,2024-12-31
2025-08-15,통영,climatology,23.3,25.185714285714283,True,True,True,2024-12-31
2025-08-16,통영,climatology,24.0,25.303571428571427,True,True,True,2024-12-31
2025-08-17,통영,climatology,24.4,25.410714285714285,True,True,True,2024-12-31
2025-08-18,통영,climatology,24.4,25.47142857142857,True,True,True,2024-12-31
2025-08-19,통영,climatology,24.4,25.51071428571429,True,True,True,2024-12-31
2025-08-20,통영,climatology,24.2,25.557142857142857,True,True,True,2024-12-31
2025-08-21,통영,climatology,23.9,25.585714285714285,True,True,True,2024-12-31
2025-08-22,통영,climatology,22.7,25.62142857142857,True,True,True,2024-12-31
2025-08-23,통영,climatology,22.4,25.646428571428572,True,True,True,2024-12-31
2025-08-24,통영,climatology,21.4,25.699999999999996,True,True,True,2024-12-31
2025-08-25,통영,climatology,21.1,25.724999999999998,True,True,True,2024-12-31
2025-08-26,통영,climatology,21.1,25.68571428571428,True,True,True,2024-12-31
2025-08-27,통영,climatology,20.7,25.63928571428571,True,True,True,2024-12-31
2025-08-28,통영,climatology,21.0,25.617857142857137,True,True,True,2024-12-31
2025-08-29,통영,climatology,21.7,25.578571428571426,True,True,True,2024-12-31
2025-08-30,통영,climatology,22.6,25.482142857142858,True,True,True,2024-12-31
2025-08-31,통영,climatology,23.1,25.385714285714283,True,True,True,2024-12-31
2025-09-01,통영,climatology,23.4,25.33571428571429,True,True,True,2024-12-31
2025-09-02,통영,climatology,23.2,25.34642857142857,True,True,True,2024-12-31
2025-09-03,통영,climatology,23.4,25.34285714285715,True,True,True,2024-12-31
2025-09-04,통영,climatology,24.5,25.335714285714285,True,True,True,2024-12-31
2025-09-05,통영,climatology,23.8,25.33571428571429,True,True,True,2024-12-31
2025-09-06,통영,climatology,24.2,25.367857142857144,True,True,True,2024-12-31
2025-09-07,통영,climatology,23.7,25.367857142857144,True,True,True,2024-12-31
2025-09-08,통영,climatology,22.7,25.37142857142857,True,True,True,2024-12-31
2025-09-09,통영,climatology,21.5,25.353571428571428,True,True,True,2024-12-31
2025-09-10,통영,climatology,20.3,25.32857142857143,True,True,True,2024-12-31
2025-09-11,통영,climatology,20.1,25.314285714285717,True,True,True,2024-12-31
2025-09-12,통영,climatology,20.3,25.289285714285715,True,True,True,2024-12-31
2025-09-13,통영,climatology,22.8,25.271428571428576,True,True,True,2024-12-31
2025-09-14,통영,climatology,23.8,25.26071428571429,True,True,True,2024-12-31
2025-09-15,통영,climatology,24.2,25.24642857142857,True,True,True,2024-12-31
2025-09-16,통영,climatology,24.3,25.221428571428568,True,True,True,2024-12-31
2025-09-17,통영,climatology,24.4,25.160714285714285,True,True,True,2024-12-31
2025-09-18,통영,climatology,24.1,25.092857142857138,True,True,True,2024-12-31
2025-09-19,통영,climatology,23.3,24.98928571428571,True,True,True,2024-12-31
2025-09-20,통영,climatology,23.1,24.857142857142858,True,True,True,2024-12-31
2025-09-21,통영,climatology,23.0,24.692857142857147,True,True,True,2024-12-31
2025-09-22,통영,climatology,22.4,24.51851851851852,True,True,True,2024-12-31
2025-09-23,통영,climatology,22.2,24.346153846153847,True,True,True,2024-12-31
2025-09-24,통영,climatology,22.3,24.22692307692308,True,True,True,2024-12-31
2025-09-25,통영,climatology,22.5,24.107692307692307,True,True,True,2024-12-31
2025-09-26,통영,climatology,22.7,24.03846153846154,True,True,True,2024-12-31
2025-09-27,통영,climatology,23.0,23.98846153846154,True,True,True,2024-12-31
2025-09-28,통영,climatology,23.3,23.957692307692305,True,True,True,2024-12-31
2025-09-29,통영,climatology,23.5,23.925925925925927,True,True,True,2024-12-31
2025-09-30,통영,climatology,23.4,23.860714285714288,True,True,True,2024-12-31
2025-10-01,통영,climatology,23.6,23.757142857142856,True,True,True,2024-12-31
2025-10-02,통영,climatology,23.5,23.625,True,True,True,2024-12-31
2025-10-03,통영,climatology,23.1,23.464285714285715,True,True,True,2024-12-31
2025-10-04,통영,climatology,23.2,23.27857142857143,True,True,True,2024-12-31
2025-10-05,통영,climatology,23.1,23.064285714285717,True,True,True,2024-12-31
2025-10-06,통영,climatology,22.9,22.83571428571429,True,True,True,2024-12-31
2025-10-07,통영,climatology,22.4,22.63214285714286,True,True,True,2024-12-31
2025-10-08,통영,climatology,22.0,22.428571428571427,True,True,True,2024-12-31
2025-10-09,통영,climatology,21.5,22.228571428571428,True,True,True,2024-12-31
2025-10-10,통영,climatology,21.3,22.04642857142857,True,True,True,2024-12-31
2025-10-11,통영,climatology,22.0,21.903571428571432,True,True,True,2024-12-31
2025-10-12,통영,climatology,22.5,21.821428571428566,True,True,True,2024-12-31
2025-10-13,통영,climatology,22.6,21.757142857142856,True,True,True,2024-12-31
2025-10-14,통영,climatology,22.7,21.65357142857143,True,True,True,2024-12-31
2025-10-15,통영,climatology,22.6,21.50714285714286,True,True,True,2024-12-31
2025-10-16,통영,climatology,22.7,21.385714285714283,True,True,True,2024-12-31
2025-10-17,통영,climatology,22.6,21.22142857142857,True,True,True,2024-12-31
2025-10-18,통영,climatology,22.7,21.007142857142856,True,True,True,2024-12-31
2025-10-19,통영,climatology,22.6,20.764285714285712,True,True,True,2024-12-31
2025-10-20,통영,climatology,22.5,20.546428571428574,True,True,True,2024-12-31
2025-10-21,통영,climatology,22.3,20.342857142857145,True,True,True,2024-12-31
2025-10-22,통영,climatology,22.1,20.164285714285715,True,True,True,2024-12-31
2025-10-23,통영,climatology,22.0,19.978571428571428,True,True,True,2024-12-31
2025-10-24,통영,climatology,21.9,19.853571428571428,True,True,True,2024-12-31
2025-10-25,통영,climatology,21.9,19.75714285714286,True,True,True,2024-12-31
2025-10-26,통영,climatology,21.8,19.657142857142855,True,True,True,2024-12-31
2025-10-27,통영,climatology,21.7,19.55,True,True,True,2024-12-31
2025-10-28,통영,climatology,21.4,19.47142857142857,True,True,True,2024-12-31
2025-10-29,통영,climatology,21.2,19.414285714285715,True,True,True,2024-12-31
2025-10-30,통영,climatology,21.0,19.364285714285717,True,True,True,2024-12-31
2025-10-31,통영,climatology,20.9,19.310714285714287,True,True,True,2024-12-31
2025-11-01,통영,climatology,20.7,19.275000000000002,True,True,True,2024-12-31
2025-11-02,통영,climatology,20.4,19.24642857142857,True,True,True,2024-12-31
2025-11-03,통영,climatology,19.9,19.221428571428568,True,True,True,2024-12-31
2025-11-04,통영,climatology,19.5,19.16785714285714,True,True,True,2024-12-31
2025-11-05,통영,climatology,19.3,19.08571428571429,True,True,True,2024-12-31
2025-11-06,통영,climatology,19.1,18.98928571428571,True,True,True,2024-12-31
2025-11-07,통영,climatology,19.0,18.87857142857143,True,True,True,2024-12-31
2025-11-08,통영,climatology,18.9,18.739285714285717,True,True,True,2024-12-31
2025-11-09,통영,climatology,18.8,18.58571428571429,True,True,True,2024-12-31
2025-11-10,통영,climatology,18.7,18.414285714285715,True,True,True,2024-12-31
2025-11-11,통영,climatology,18.6,18.25357142857143,True,True,True,2024-12-31
2025-11-12,통영,climatology,18.5,18.107142857142858,True,True,True,2024-12-31
2025-11-13,통영,climatology,18.4,17.960714285714285,True,True,True,2024-12-31
2025-11-14,통영,climatology,18.4,17.814285714285713,True,True,True,2024-12-31
2025-11-15,통영,climatology,18.3,17.664285714285715,True,True,True,2024-12-31
2025-11-16,통영,climatology,18.3,17.521428571428572,True,True,True,2024-12-31
2025-11-17,통영,climatology,18.2,17.389285714285712,True,True,True,2024-12-31
2025-11-18,통영,climatology,17.9,17.27142857142857,True,True,True,2024-12-31
2025-11-19,통영,climatology,17.7,17.15357142857143,True,True,True,2024-12-31
2025-11-20,통영,climatology,17.6,17.039285714285715,True,True,True,2024-12-31
2025-11-21,통영,climatology,17.4,16.925,True,True,True,2024-12-31
2025-11-22,통영,climatology,17.2,16.825,True,True,True,2024-12-31
2025-11-23,통영,climatology,17.2,16.728571428571428,True,True,True,2024-12-31
2025-11-24,통영,climatology,17.1,16.62142857142857,True,True,True,2024-12-31
2025-11-25,통영,climatology,17.0,16.503571428571426,True,True,True,2024-12-31
2025-11-26,통영,climatology,16.9,16.385714285714283,True,True,True,2024-12-31
2025-11-27,통영,climatology,16.8,16.260714285714283,True,True,True,2024-12-31
2025-11-28,통영,climatology,16.6,16.12142857142857,True,True,True,2024-12-31
2025-11-29,통영,climatology,16.5,15.982142857142856,True,True,True,2024-12-31
2025-11-30,통영,climatology,16.6,15.839285714285714,True,True,True,2024-12-31
2025-12-01,통영,climatology,16.6,15.699999999999998,True,True,True,2024-12-31
2025-12-02,통영,climatology,16.5,15.560714285714285,True,True,True,2024-12-31
2025-12-03,통영,climatology,16.3,15.410714285714283,True,True,True,2024-12-31
2025-12-04,통영,climatology,16.1,15.264285714285714,True,True,True,2024-12-31
2025-12-05,통영,climatology,15.9,15.135714285714286,True,True,True,2024-12-31
2025-12-06,통영,climatology,15.7,15.014285714285716,True,True,True,2024-12-31
2025-12-07,통영,climatology,15.6,14.910714285714286,True,True,True,2024-12-31
2025-12-08,통영,climatology,15.5,14.821428571428571,True,True,True,2024-12-31
2025-12-09,통영,climatology,15.4,14.735714285714284,True,True,True,2024-12-31
2025-12-10,통영,climatology,15.2,14.657142857142857,True,True,True,2024-12-31
2025-12-11,통영,climatology,15.2,14.571428571428571,True,True,True,2024-12-31
2025-12-12,통영,climatology,15.1,14.492857142857144,True,True,True,2024-12-31
2025-12-13,통영,climatology,14.8,14.407142857142857,True,True,True,2024-12-31
2025-12-14,통영,climatology,14.8,14.296428571428569,True,True,True,2024-12-31
2025-12-15,통영,climatology,14.6,14.160714285714281,True,True,True,2024-12-31
2025-12-16,통영,climatology,14.6,14.007142857142856,True,True,True,2024-12-31
2025-12-17,통영,climatology,14.5,13.860714285714284,True,True,True,2024-12-31
2025-12-18,통영,climatology,14.4,13.714285714285717,True,True,True,2024-12-31
2025-12-19,통영,climatology,14.4,13.55714285714286,True,True,True,2024-12-31
2025-12-20,통영,climatology,14.4,13.396428571428574,True,True,True,2024-12-31
2025-12-21,통영,climatology,14.5,13.242857142857144,True,True,True,2024-12-31
2025-12-22,통영,climatology,14.5,13.107142857142858,True,True,True,2024-12-31
2025-12-23,통영,climatology,14.5,12.971428571428572,True,True,True,2024-12-31
2025-12-24,통영,climatology,14.5,12.835714285714285,True,True,True,2024-12-31
2025-12-25,통영,climatology,14.4,12.717857142857142,True,True,True,2024-12-31
2025-12-26,통영,climatology,14.2,12.603571428571428,True,True,True,2024-12-31
2025-12-27,통영,climatology,14.1,12.496428571428572,True,True,True,2024-12-31
2025-12-28,통영,climatology,14.0,12.396428571428572,True,True,True,2024-12-31
2025-12-29,통영,climatology,13.7,12.267857142857144,True,True,True,2024-12-31
2025-12-30,통영,climatology,13.5,12.157142857142858,True,True,True,2024-12-31
2025-12-31,통영,climatology,13.5,12.05357142857143,True,True,True,2024-12-31
2025-01-01,통영,naive_seasonal,12.8,12.3,True,True,True,2024-12-31
2025-01-02,통영,naive_seasonal,12.8,12.3,True,True,True,2024-12-31
2025-01-03,통영,naive_seasonal,12.7,12.2,True,True,True,2024-12-31
2025-01-04,통영,naive_seasonal,12.6,12.1,True,True,True,2024-12-31
2025-01-05,통영,naive_seasonal,12.6,12.0,True,True,True,2024-12-31
2025-01-06,통영,naive_seasonal,12.4,11.9,True,True,True,2024-12-31
2025-01-07,통영,naive_seasonal,12.2,11.7,True,True,True,2024-12-31
2025-01-08,통영,naive_seasonal,12.1,11.6,True,True,True,2024-12-31
2025-01-09,통영,naive_seasonal,11.9,11.5,True,True,True,2024-12-31
2025-01-10,통영,naive_seasonal,11.7,11.5,True,True,True,2024-12-31
2025-01-11,통영,naive_seasonal,11.5,11.4,True,True,True,2024-12-31
2025-01-12,통영,naive_seasonal,11.4,11.3,True,True,True,2024-12-31
2025-01-13,통영,naive_seasonal,11.3,11.3,True,True,True,2024-12-31
2025-01-14,통영,naive_seasonal,11.2,11.4,True,True,True,2024-12-31
2025-01-15,통영,naive_seasonal,11.1,11.5,True,True,True,2024-12-31
2025-01-16,통영,naive_seasonal,10.9,11.4,True,True,True,2024-12-31
2025-01-17,통영,naive_seasonal,10.8,11.4,True,True,True,2024-12-31
2025-01-18,통영,naive_seasonal,10.8,11.4,True,True,True,2024-12-31
2025-01-19,통영,naive_seasonal,10.7,11.3,True,True,True,2024-12-31
2025-01-20,통영,naive_seasonal,10.7,11.3,True,True,True,2024-12-31
2025-01-21,통영,naive_seasonal,10.6,11.2,True,True,True,2024-12-31
2025-01-22,통영,naive_seasonal,10.6,11.1,True,True,True,2024-12-31
2025-01-23,통영,naive_seasonal,10.6,10.8,True,True,True,2024-12-31
2025-01-24,통영,naive_seasonal,10.5,10.6,True,True,True,2024-12-31
2025-01-25,통영,naive_seasonal,10.5,10.7,True,True,True,2024-12-31
2025-01-26,통영,naive_seasonal,10.5,10.8,True,True,True,2024-12-31
2025-01-27,통영,naive_seasonal,10.5,10.8,True,True,True,2024-12-31
2025-01-28,통영,naive_seasonal,10.3,10.8,True,True,True,2024-12-31
2025-01-29,통영,naive_seasonal,10.1,10.8,True,True,True,2024-12-31
2025-01-30,통영,naive_seasonal,10.1,10.8,True,True,True,2024-12-31
2025-01-31,통영,naive_seasonal,10.2,10.9,True,True,True,2024-12-31
2025-02-01,통영,naive_seasonal,10.2,10.9,True,True,True,2024-12-31
2025-02-02,통영,naive_seasonal,10.2,10.9,True,True,True,2024-12-31
2025-02-03,통영,naive_seasonal,10.3,10.9,True,True,True,2024-12-31
2025-02-04,통영,naive_seasonal,10.1,10.9,True,True,True,2024-12-31
2025-02-05,통영,naive_seasonal,10.0,10.9,True,True,True,2024-12-31
2025-02-06,통영,naive_seasonal,9.9,10.9,True,True,True,2024-12-31
2025-02-07,통영,naive_seasonal,9.8,10.9,True,True,True,2024-12-31
2025-02-08,통영,naive_seasonal,9.7,10.9,True,True,True,2024-12-31
2025-02-09,통영,naive_seasonal,9.7,10.9,True,True,True,2024-12-31
2025-02-10,통영,naive_seasonal,9.7,11.0,True,True,True,2024-12-31
2025-02-11,통영,naive_seasonal,9.7,11.1,True,True,True,2024-12-31
2025-02-12,통영,naive_seasonal,9.6,11.2,True,True,True,2024-12-31
2025-02-13,통영,naive_seasonal,9.6,11.3,True,True,True,2024-12-31
2025-02-14,통영,naive_seasonal,9.7,11.4,True,True,True,2024-12-31
2025-02-15,통영,naive_seasonal,9.7,11.6,True,True,True,2024-12-31
2025-02-16,통영,naive_seasonal,9.8,11.6,True,True,True,2024-12-31
2025-02-17,통영,naive_seasonal,9.8,11.6,True,True,True,2024-12-31
2025-02-18,통영,naive_seasonal,9.8,11.6,True,True,True,2024-12-31
2025-02-19,통영,naive_seasonal,9.7,11.8,True,True,True,2024-12-31
2025-02-20,통영,naive_seasonal,9.7,11.8,True,True,True,2024-12-31
2025-02-21,통영,naive_seasonal,9.6,11.6,True,True,True,2024-12-31
2025-02-22,통영,naive_seasonal,9.5,11.4,True,True,True,2024-12-31
2025-02-23,통영,naive_seasonal,9.5,11.2,True,True,True,2024-12-31
2025-02-24,통영,naive_seasonal,9.3,11.0,True,True,True,2024-12-31
2025-02-25,통영,naive_seasonal,9.3,10.8,True,True,True,2024-12-31
2025-02-26,통영,naive_seasonal,9.2,10.8,True,True,True,2024-12-31
2025-02-27,통영,naive_seasonal,9.2,10.9,True,True,True,2024-12-31
2025-02-28,통영,naive_seasonal,9.3,11.1,True,True,True,2024-12-31
2025-03-01,통영,naive_seasonal,9.4,11.2,True,True,True,2024-12-31
2025-03-02,통영,naive_seasonal,9.5,11.1,True,True,True,2024-12-31
2025-03-03,통영,naive_seasonal,9.5,11.2,True,True,True,2024-12-31
2025-03-04,통영,naive_seasonal,9.3,11.2,True,True,True,2024-12-31
2025-03-05,통영,naive_seasonal,9.3,11.1,True,True,True,2024-12-31
2025-03-06,통영,naive_seasonal,9.2,11.1,True,True,True,2024-12-31
2025-03-07,통영,naive_seasonal,9.2,11.1,True,True,True,2024-12-31
2025-03-08,통영,naive_seasonal,9.3,11.1,True,True,True,2024-12-31
2025-03-09,통영,naive_seasonal,9.4,11.2,True,True,True,2024-12-31
2025-03-10,통영,naive_seasonal,9.5,11.3,True,True,True,2024-12-31
2025-03-11,통영,naive_seasonal,9.6,11.3,True,True,True,2024-12-31
2025-03-12,통영,naive_seasonal,9.7,11.4,True,True,True,2024-12-31
2025-03-13,통영,naive_seasonal,9.8,11.5,True,True,True,2024-12-31
2025-03-14,통영,naive_seasonal,9.8,11.6,True,True,True,2024-12-31
2025-03-15,통영,naive_seasonal,9.8,11.7,True,True,True,2024-12-31
2025-03-16,통영,naive_seasonal,9.8,11.8,True,True,True,2024-12-31
2025-03-17,통영,naive_seasonal,9.7,12.1,True,True,True,2024-12-31
2025-03-18,통영,naive_seasonal,9.7,12.1,True,True,True,2024-12-31
2025-03-19,통영,naive_seasonal,9.7,12.1,True,True,True,2024-12-31
2025-03-20,통영,naive_seasonal,9.7,12.0,True,True,True,2024-12-31
2025-03-21,통영,naive_seasonal,9.9,11.9,True,True,True,2024-12-31
2025-03-22,통영,naive_seasonal,10.1,12.0,True,True,True,2024-12-31
2025-03-23,통영,naive_seasonal,10.2,12.2,True,True,True,2024-12-31
2025-03-24,통영,naive_seasonal,10.4,12.1,True,True,True,2024-12-31
2025-03-25,통영,naive_seasonal,10.5,12.1,True,True,True,2024-12-31
2025-03-26,통영,naive_seasonal,10.6,12.0,True,True,True,2024-12-31
2025-03-27,통영,naive_seasonal,10.7,12.1,True,True,True,2024-12-31
2025-03-28,통영,naive_seasonal,10.8,12.0,True,True,True,2024-12-31
2025-03-29,통영,naive_seasonal,10.8,12.1,True,True,True,2024-12-31
2025-03-30,통영,naive_seasonal,10.6,12.2,True,True,True,2024-12-31
2025-03-31,통영,naive_seasonal,10.6,12.5,True,True,True,2024-12-31
2025-04-01,통영,naive_seasonal,10.7,12.6,True,True,True,2024-12-31
2025-04-02,통영,naive_seasonal,10.8,12.8,True,True,True,2024-12-31
2025-04-03,통영,naive_seasonal,10.8,13.0,True,True,True,2024-12-31
2025-04-04,통영,naive_seasonal,11.0,13.1,True,True,True,2024-12-31
2025-04-05,통영,naive_seasonal,10.9,13.1,True,True,True,2024-12-31
2025-04-06,통영,naive_seasonal,11.1,13.3,True,True,True,2024-12-31
2025-04-07,통영,naive_seasonal,11.3,13.5,True,True,True,2024-12-31
2025-04-08,통영,naive_seasonal,11.3,13.6,True,True,True,2024-12-31
2025-04-09,통영,naive_seasonal,11.4,13.7,True,True,True,2024-12-31
2025-04-10,통영,naive_seasonal,11.6,13.7,True,True,True,2024-12-31
2025-04-11,통영,naive_seasonal,11.7,13.8,True,True,True,2024-12-31
2025-04-12,통영,naive_seasonal,11.7,14.0,True,True,True,2024-12-31
2025-04-13,통영,naive_seasonal,11.6,14.2,True,True,True,2024-12-31
2025-04-14,통영,naive_seasonal,11.5,14.5,True,True,True,2024-12-31
2025-04-15,통영,naive_seasonal,11.5,14.5,True,True,True,2024-12-31
2025-04-16,통영,naive_seasonal,11.5,14.6,True,True,True,2024-12-31
2025-04-17,통영,naive_seasonal,11.6,14.9,True,True,True,2024-12-31
2025-04-18,통영,naive_seasonal,11.8,15.1,True,True,True,2024-12-31
2025-04-19,통영,naive_seasonal,11.9,15.1,True,True,True,2024-12-31
2025-04-20,통영,naive_seasonal,12.1,15.0,True,True,True,2024-12-31
2025-04-21,통영,naive_seasonal,12.6,15.1,True,True,True,2024-12-31
2025-04-22,통영,naive_seasonal,12.8,15.1,True,True,True,2024-12-31
2025-04-23,통영,naive_seasonal,12.8,15.0,True,True,True,2024-12-31
2025-04-24,통영,naive_seasonal,12.8,15.1,True,True,True,2024-12-31
2025-04-25,통영,naive_seasonal,12.9,15.2,True,True,True,2024-12-31
2025-04-26,통영,naive_seasonal,12.8,15.2,True,True,True,2024-12-31
2025-04-27,통영,naive_seasonal,12.8,15.4,True,True,True,2024-12-31
2025-04-28,통영,naive_seasonal,12.9,15.7,True,True,True,2024-12-31
2025-04-29,통영,naive_seasonal,13.0,15.7,True,True,True,2024-12-31
2025-04-30,통영,naive_seasonal,13.1,15.7,True,True,True,2024-12-31
2025-05-01,통영,naive_seasonal,13.2,15.7,True,True,True,2024-12-31
2025-05-02,통영,naive_seasonal,13.4,15.9,True,True,True,2024-12-31
2025-05-03,통영,naive_seasonal,13.5,16.0,True,True,True,2024-12-31
2025-05-04,통영,naive_seasonal,13.5,16.1,True,True,True,2024-12-31
2025-05-05,통영,naive_seasonal,13.6,16.0,True,True,True,2024-12-31
2025-05-06,통영,naive_seasonal,13.8,16.0,True,True,True,2024-12-31
2025-05-07,통영,naive_seasonal,13.9,16.1,True,True,True,2024-12-31
2025-05-08,통영,naive_seasonal,13.8,16.1,True,True,True,2024-12-31
2025-05-09,통영,naive_seasonal,13.9,16.1,True,True,True,2024-12-31
2025-05-10,통영,naive_seasonal,13.8,16.3,True,True,True,2024-12-31
2025-05-11,통영,naive_seasonal,13.9,16.3,True,True,True,2024-12-31
2025-05-12,통영,naive_seasonal,14.0,16.6,True,True,True,2024-12-31
2025-05-13,통영,naive_seasonal,14.1,16.8,True,True,True,2024-12-31
2025-05-14,통영,naive_seasonal,14.3,17.0,True,True,True,2024-12-31
2025-05-15,통영,naive_seasonal,14.4,17.5,True,True,True,2024-12-31
2025-05-16,통영,naive_seasonal,14.6,17.4,True,True,True,2024-12-31
2025-05-17,통영,naive_seasonal,14.7,17.3,True,True,True,2024-12-31
2025-05-18,통영,naive_seasonal,15.0,17.5,True,True,True,2024-12-31
2025-05-19,통영,naive_seasonal,15.1,18.1,True,True,True,2024-12-31
2025-05-20,통영,naive_seasonal,15.1,18.0,True,True,True,2024-12-31
2025-05-21,통영,naive_seasonal,15.6,17.9,True,True,True,2024-12-31
2025-05-22,통영,naive_seasonal,15.9,18.0,True,True,True,2024-12-31
2025-05-23,통영,naive_seasonal,15.5,17.9,True,True,True,2024-12-31
2025-05-24,통영,naive_seasonal,15.3,18.0,True,True,True,2024-12-31
2025-05-25,통영,naive_seasonal,15.2,17.8,True,True,True,2024-12-31
2025-05-26,통영,naive_seasonal,15.3,17.8,True,True,True,2024-12-31
2025-05-27,통영,naive_seasonal,15.4,18.4,True,True,True,2024-12-31
2025-05-28,통영,naive_seasonal,15.7,18.3,True,True,True,2024-12-31
2025-05-29,통영,naive_seasonal,15.8,18.4,True,True,True,2024-12-31
2025-05-30,통영,naive_seasonal,16.0,18.5,True,True,True,2024-12-31
2025-05-31,통영,naive_seasonal,16.3,18.8,True,True,True,2024-12-31
2025-06-01,통영,naive_seasonal,16.5,19.0,True,True,True,2024-12-31
2025-06-02,통영,naive_seasonal,16.7,18.9,True,True,True,2024-12-31
2025-06-03,통영,naive_seasonal,17.1,18.8,True,True,True,2024-12-31
2025-06-04,통영,naive_seasonal,17.1,18.9,True,True,True,2024-12-31
2025-06-05,통영,naive_seasonal,17.2,18.8,True,True,True,2024-12-31
2025-06-06,통영,naive_seasonal,17.2,18.7,True,True,True,2024-12-31
2025-06-07,통영,naive_seasonal,17.4,18.6,True,True,True,2024-12-31
2025-06-08,통영,naive_seasonal,17.5,18.6,True,True,True,2024-12-31
2025-06-09,통영,naive_seasonal,17.6,18.8,True,True,True,2024-12-31
2025-06-10,통영,naive_seasonal,17.5,18.9,True,True,True,2024-12-31
2025-06-11,통영,naive_seasonal,17.6,19.1,True,True,True,2024-12-31
2025-06-12,통영,naive_seasonal,17.4,19.5,True,True,True,2024-12-31
2025-06-13,통영,naive_seasonal,17.4,20.1,True,True,True,2024-12-31
2025-06-14,통영,naive_seasonal,17.4,20.6,True,True,True,2024-12-31
2025-06-15,통영,naive_seasonal,17.5,21.6,True,True,True,2024-12-31
2025-06-16,통영,naive_seasonal,17.6,21.9,True,True,True,2024-12-31
2025-06-17,통영,naive_seasonal,17.7,21.5,True,True,True,2024-12-31
2025-06-18,통영,naive_seasonal,17.8,21.0,True,True,True,2024-12-31
2025-06-19,통영,naive_seasonal,18.2,20.9,True,True,True,2024-12-31
2025-06-20,통영,naive_seasonal,18.3,20.5,True,True,True,2024-12-31
2025-06-21,통영,naive_seasonal,19.1,20.0,True,True,True,2024-12-31
2025-06-22,통영,naive_seasonal,18.8,19.4,True,True,True,2024-12-31
2025-06-23,통영,naive_seasonal,18.4,19.8,True,True,True,2024-12-31
2025-06-24,통영,naive_seasonal,18.2,19.4,True,True,True,2024-12-31
2025-06-25,통영,naive_seasonal,17.8,19.4,True,True,True,2024-12-31
2025-06-26,통영,naive_seasonal,18.3,19.0,True,True,True,2024-12-31
2025-06-27,통영,naive_seasonal,18.5,18.9,True,True,True,2024-12-31
2025-06-28,통영,naive_seasonal,18.5,18.9,True,True,True,2024-12-31
2025-06-29,통영,naive_seasonal,18.6,18.9,True,True,True,2024-12-31
2025-06-30,통영,naive_seasonal,19.1,19.6,True,True,True,2024-12-31
2025-07-01,통영,naive_seasonal,19.5,19.8,True,True,True,2024-12-31
2025-07-02,통영,naive_seasonal,20.1,19.8,True,True,True,2024-12-31
2025-07-03,통영,naive_seasonal,21.3,20.3,True,True,True,2024-12-31
2025-07-04,통영,naive_seasonal,22.2,20.3,True,True,True,2024-12-31
2025-07-05,통영,naive_seasonal,21.9,20.3,True,True,True,2024-12-31
2025-07-06,통영,naive_seasonal,22.3,19.8,True,True,True,2024-12-31
2025-07-07,통영,naive_seasonal,21.9,20.0,True,True,True,2024-12-31
2025-07-08,통영,naive_seasonal,21.8,19.7,True,True,True,2024-12-31
2025-07-09,통영,naive_seasonal,22.5,19.7,True,True,True,2024-12-31
2025-07-10,통영,naive_seasonal,22.2,19.8,True,True,True,2024-12-31
2025-07-11,통영,naive_seasonal,22.0,19.5,True,True,True,2024-12-31
2025-07-12,통영,naive_seasonal,22.9,19.5,True,True,True,2024-12-31
2025-07-13,통영,naive_seasonal,23.2,20.1,True,True,True,2024-12-31
2025-07-14,통영,naive_seasonal,23.2,21.0,True,True,True,2024-12-31
2025-07-15,통영,naive_seasonal,23.3,20.9,True,True,True,2024-12-31
2025-07-16,통영,naive_seasonal,23.2,21.4,True,True,True,2024-12-31
2025-07-17,통영,naive_seasonal,23.6,21.5,True,True,True,2024-12-31
2025-07-18,통영,naive_seasonal,23.8,22.3,True,True,True,2024-12-31
2025-07-19,통영,naive_seasonal,24.1,22.3,True,True,True,2024-12-31
2025-07-20,통영,naive_seasonal,24.4,21.3,True,True,True,2024-12-31
2025-07-21,통영,naive_seasonal,24.6,21.3,True,True,True,2024-12-31
2025-07-22,통영,naive_seasonal,24.9,20.6,True,True,True,2024-12-31
2025-07-23,통영,naive_seasonal,24.9,20.5,True,True,True,2024-12-31
2025-07-24,통영,naive_seasonal,24.7,19.8,True,True,True,2024-12-31
2025-07-25,통영,naive_seasonal,24.6,19.5,True,True,True,2024-12-31
2025-07-26,통영,naive_seasonal,24.5,19.4,True,True,True,2024-12-31
2025-07-27,통영,naive_seasonal,25.0,20.1,True,True,True,2024-12-31
2025-07-28,통영,naive_seasonal,25.4,21.0,True,True,True,2024-12-31
2025-07-29,통영,naive_seasonal,25.8,22.2,True,True,True,2024-12-31
2025-07-30,통영,naive_seasonal,26.4,22.7,True,True,True,2024-12-31
2025-07-31,통영,naive_seasonal,27.1,22.1,True,True,True,2024-12-31
2025-08-01,통영,naive_seasonal,27.6,21.8,True,True,True,2024-12-31
2025-08-02,통영,naive_seasonal,28.1,21.6,True,True,True,2024-12-31
2025-08-03,통영,naive_seasonal,28.2,21.2,True,True,True,2024-12-31
2025-08-04,통영,naive_seasonal,28.0,20.7,True,True,True,2024-12-31
2025-08-05,통영,naive_seasonal,27.4,20.7,True,True,True,2024-12-31
2025-08-06,통영,naive_seasonal,27.1,21.1,True,True,True,2024-12-31
2025-08-07,통영,naive_seasonal,27.2,21.2,True,True,True,2024-12-31
2025-08-08,통영,naive_seasonal,26.4,21.3,True,True,True,2024-12-31
2025-08-09,통영,naive_seasonal,24.9,21.6,True,True,True,2024-12-31
2025-08-10,통영,naive_seasonal,23.3,21.7,True,True,True,2024-12-31
2025-08-11,통영,naive_seasonal,22.8,23.0,True,True,True,2024-12-31
2025-08-12,통영,naive_seasonal,22.0,24.1,True,True,True,2024-12-31
2025-08-13,통영,naive_seasonal,21.7,25.5,True,True,True,2024-12-31
2025-08-14,통영,naive_seasonal,22.7,27.0,True,True,True,2024-12-31
2025-08-15,통영,naive_seasonal,23.3,28.4,True,True,True,2024-12-31
2025-08-16,통영,naive_seasonal,24.0,29.0,True,True,True,2024-12-31
2025-08-17,통영,naive_seasonal,24.4,29.1,True,True,True,2024-12-31
2025-08-18,통영,naive_seasonal,24.4,28.9,True,True,True,2024-12-31
2025-08-19,통영,naive_seasonal,24.4,28.8,True,True,True,2024-12-31
2025-08-20,통영,naive_seasonal,24.2,28.2,True,True,True,2024-12-31
2025-08-21,통영,naive_seasonal,23.9,28.1,True,True,True,2024-12-31
2025-08-22,통영,naive_seasonal,22.7,27.8,True,True,True,2024-12-31
2025-08-23,통영,naive_seasonal,22.4,27.6,True,True,True,2024-12-31
2025-08-24,통영,naive_seasonal,21.4,27.3,True,True,True,2024-12-31
2025-08-25,통영,naive_seasonal,21.1,27.6,True,True,True,2024-12-31
2025-08-26,통영,naive_seasonal,21.1,27.9,True,True,True,2024-12-31
2025-08-27,통영,naive_seasonal,20.7,28.3,True,True,True,2024-12-31
2025-08-28,통영,naive_seasonal,21.0,27.3,True,True,True,2024-12-31
2025-08-29,통영,naive_seasonal,21.7,27.3,True,True,True,2024-12-31
2025-08-30,통영,naive_seasonal,22.6,27.5,True,True,True,2024-12-31
2025-08-31,통영,naive_seasonal,23.1,27.4,True,True,True,2024-12-31
2025-09-01,통영,naive_seasonal,23.4,27.3,True,True,True,2024-12-31
2025-09-02,통영,naive_seasonal,23.2,27.2,True,True,True,2024-12-31
2025-09-03,통영,naive_seasonal,23.4,27.1,True,True,True,2024-12-31
2025-09-04,통영,naive_seasonal,24.5,26.9,True,True,True,2024-12-31
2025-09-05,통영,naive_seasonal,23.8,27.0,True,True,True,2024-12-31
2025-09-06,통영,naive_seasonal,24.2,27.2,True,True,True,2024-12-31
2025-09-07,통영,naive_seasonal,23.7,27.2,True,True,True,2024-12-31
2025-09-08,통영,naive_seasonal,22.7,27.5,True,True,True,2024-12-31
2025-09-09,통영,naive_seasonal,21.5,27.6,True,True,True,2024-12-31
2025-09-10,통영,naive_seasonal,20.3,27.8,True,True,True,2024-12-31
2025-09-11,통영,naive_seasonal,20.1,28.2,True,True,True,2024-12-31
2025-09-12,통영,naive_seasonal,20.3,28.3,True,True,True,2024-12-31
2025-09-13,통영,naive_seasonal,22.8,28.5,True,True,True,2024-12-31
2025-09-14,통영,naive_seasonal,23.8,28.7,True,True,True,2024-12-31
2025-09-15,통영,naive_seasonal,24.2,28.4,True,True,True,2024-12-31
2025-09-16,통영,naive_seasonal,24.3,28.1,True,True,True,2024-12-31
2025-09-17,통영,naive_seasonal,24.4,28.1,True,True,True,2024-12-31
2025-09-18,통영,naive_seasonal,24.1,28.0,True,True,True,2024-12-31
2025-09-19,통영,naive_seasonal,23.3,27.8,True,True,True,2024-12-31
2025-09-20,통영,naive_seasonal,23.1,27.4,True,True,True,2024-12-31
2025-09-21,통영,naive_seasonal,23.0,27.4,True,True,True,2024-12-31
2025-09-22,통영,naive_seasonal,22.4,26.6,True,True,True,2024-12-31
2025-09-23,통영,naive_seasonal,22.2,25.6,True,True,True,2024-12-31
2025-09-24,통영,naive_seasonal,22.3,25.1,True,True,True,2024-12-31
2025-09-25,통영,naive_seasonal,22.5,25.5,True,True,True,2024-12-31
2025-09-26,통영,naive_seasonal,22.7,25.7,True,True,True,2024-12-31
2025-09-27,통영,naive_seasonal,23.0,25.8,True,True,True,2024-12-31
2025-09-28,통영,naive_seasonal,23.3,25.8,True,True,True,2024-12-31
2025-09-29,통영,naive_seasonal,23.5,25.6,True,True,True,2024-12-31
2025-09-30,통영,naive_seasonal,23.4,25.6,True,True,True,2024-12-31
2025-10-01,통영,naive_seasonal,23.6,25.8,True,True,True,2024-12-31
2025-10-02,통영,naive_seasonal,23.5,25.4,True,True,True,2024-12-31
2025-10-03,통영,naive_seasonal,23.1,24.7,True,True,True,2024-12-31
2025-10-04,통영,naive_seasonal,23.2,24.3,True,True,True,2024-12-31
2025-10-05,통영,naive_seasonal,23.1,24.1,True,True,True,2024-12-31
2025-10-06,통영,naive_seasonal,22.9,23.9,True,True,True,2024-12-31
2025-10-07,통영,naive_seasonal,22.4,23.7,True,True,True,2024-12-31
2025-10-08,통영,naive_seasonal,22.0,23.6,True,True,True,2024-12-31
2025-10-09,통영,naive_seasonal,21.5,23.4,True,True,True,2024-12-31
2025-10-10,통영,naive_seasonal,21.3,23.4,True,True,True,2024-12-31
2025-10-11,통영,naive_seasonal,22.0,23.5,True,True,True,2024-12-31
2025-10-12,통영,naive_seasonal,22.5,23.6,True,True,True,2024-12-31
2025-10-13,통영,naive_seasonal,22.6,23.5,True,True,True,2024-12-31
2025-10-14,통영,naive_seasonal,22.7,23.3,True,True,True,2024-12-31
2025-10-15,통영,naive_seasonal,22.6,23.3,True,True,True,2024-12-31
2025-10-16,통영,naive_seasonal,22.7,23.0,True,True,True,2024-12-31
2025-10-17,통영,naive_seasonal,22.6,22.5,True,True,True,2024-12-31
2025-10-18,통영,naive_seasonal,22.7,22.1,True,True,True,2024-12-31
2025-10-19,통영,naive_seasonal,22.6,22.4,True,True,True,2024-12-31
2025-10-20,통영,naive_seasonal,22.5,21.5,True,True,True,2024-12-31
2025-10-21,통영,naive_seasonal,22.3,21.4,True,True,True,2024-12-31
2025-10-22,통영,naive_seasonal,22.1,21.5,True,True,True,2024-12-31
2025-10-23,통영,naive_seasonal,22.0,21.7,True,True,True,2024-12-31
2025-10-24,통영,naive_seasonal,21.9,21.3,True,True,True,2024-12-31
2025-10-25,통영,naive_seasonal,21.9,21.2,True,True,True,2024-12-31
2025-10-26,통영,naive_seasonal,21.8,21.3,True,True,True,2024-12-31
2025-10-27,통영,naive_seasonal,21.7,21.4,True,True,True,2024-12-31
2025-10-28,통영,naive_seasonal,21.4,21.2,True,True,True,2024-12-31
2025-10-29,통영,naive_seasonal,21.2,21.1,True,True,True,2024-12-31
2025-10-30,통영,naive_seasonal,21.0,21.1,True,True,True,2024-12-31
2025-10-31,통영,naive_seasonal,20.9,21.1,True,True,True,2024-12-31
2025-11-01,통영,naive_seasonal,20.7,20.9,True,True,True,2024-12-31
2025-11-02,통영,naive_seasonal,20.4,20.7,True,True,True,2024-12-31
2025-11-03,통영,naive_seasonal,19.9,20.7,True,True,True,2024-12-31
2025-11-04,통영,naive_seasonal,19.5,20.7,True,True,True,2024-12-31
2025-11-05,통영,naive_seasonal,19.3,20.6,True,True,True,2024-12-31
2025-11-06,통영,naive_seasonal,19.1,20.5,True,True,True,2024-12-31
2025-11-07,통영,naive_seasonal,19.0,20.4,True,True,True,2024-12-31
2025-11-08,통영,naive_seasonal,18.9,20.2,True,True,True,2024-12-31
2025-11-09,통영,naive_seasonal,18.8,20.1,True,True,True,2024-12-31
2025-11-10,통영,naive_seasonal,18.7,20.0,True,True,True,2024-12-31
2025-11-11,통영,naive_seasonal,18.6,20.1,True,True,True,2024-12-31
2025-11-12,통영,naive_seasonal,18.5,20.1,True,True,True,2024-12-31
2025-11-13,통영,naive_seasonal,18.4,20.1,True,True,True,2024-12-31
2025-11-14,통영,naive_seasonal,18.4,20.0,True,True,True,2024-12-31
2025-11-15,통영,naive_seasonal,18.3,19.9,True,True,True,2024-12-31
2025-11-16,통영,naive_seasonal,18.3,19.8,True,True,True,2024-12-31
2025-11-17,통영,naive_seasonal,18.2,19.8,True,True,True,2024-12-31
2025-11-18,통영,naive_seasonal,17.9,19.4,True,True,True,2024-12-31
2025-11-19,통영,naive_seasonal,17.7,19.1,True,True,True,2024-12-31
2025-11-20,통영,naive_seasonal,17.6,18.9,True,True,True,2024-12-31
2025-11-21,통영,naive_seasonal,17.4,18.8,True,True,True,2024-12-31
2025-11-22,통영,naive_seasonal,17.2,18.6,True,True,True,2024-12-31
2025-11-23,통영,naive_seasonal,17.2,18.4,True,True,True,2024-12-31
2025-11-24,통영,naive_seasonal,17.1,18.3,True,True,True,2024-12-31
2025-11-25,통영,naive_seasonal,17.0,18.2,True,True,True,2024-12-31
2025-11-26,통영,naive_seasonal,16.9,17.9,True,True,True,2024-12-31
2025-11-27,통영,naive_seasonal,16.8,17.5,True,True,True,2024-12-31
2025-11-28,통영,naive_seasonal,16.6,17.2,True,True,True,2024-12-31
2025-11-29,통영,naive_seasonal,16.5,16.9,True,True,True,2024-12-31
2025-11-30,통영,naive_seasonal,16.6,16.7,True,True,True,2024-12-31
2025-12-01,통영,naive_seasonal,16.6,16.7,True,True,True,2024-12-31
2025-12-02,통영,naive_seasonal,16.5,16.7,True,True,True,2024-12-31
2025-12-03,통영,naive_seasonal,16.3,16.5,True,True,True,2024-12-31
2025-12-04,통영,naive_seasonal,16.1,16.4,True,True,True,2024-12-31
2025-12-05,통영,naive_seasonal,15.9,16.2,True,True,True,2024-12-31
2025-12-06,통영,naive_seasonal,15.7,15.9,True,True,True,2024-12-31
2025-12-07,통영,naive_seasonal,15.6,15.8,True,True,True,2024-12-31
2025-12-08,통영,naive_seasonal,15.5,15.6,True,True,True,2024-12-31
2025-12-09,통영,naive_seasonal,15.4,15.5,True,True,True,2024-12-31
2025-12-10,통영,naive_seasonal,15.2,15.4,True,True,True,2024-12-31
2025-12-11,통영,naive_seasonal,15.2,15.3,True,True,True,2024-12-31
2025-12-12,통영,naive_seasonal,15.1,15.2,True,True,True,2024-12-31
2025-12-13,통영,naive_seasonal,14.8,15.1,True,True,True,2024-12-31
2025-12-14,통영,naive_seasonal,14.8,14.8,True,True,True,2024-12-31
2025-12-15,통영,naive_seasonal,14.6,14.7,True,True,True,2024-12-31
2025-12-16,통영,naive_seasonal,14.6,14.5,True,True,True,2024-12-31
2025-12-17,통영,naive_seasonal,14.5,14.4,True,True,True,2024-12-31
2025-12-18,통영,naive_seasonal,14.4,14.2,True,True,True,2024-12-31
2025-12-19,통영,naive_seasonal,14.4,14.1,True,True,True,2024-12-31
2025-12-20,통영,naive_seasonal,14.4,14.1,True,True,True,2024-12-31
2025-12-21,통영,naive_seasonal,14.5,13.8,True,True,True,2024-12-31
2025-12-22,통영,naive_seasonal,14.5,13.6,True,True,True,2024-12-31
2025-12-23,통영,naive_seasonal,14.5,13.5,True,True,True,2024-12-31
2025-12-24,통영,naive_seasonal,14.5,13.4,True,True,True,2024-12-31
2025-12-25,통영,naive_seasonal,14.4,13.4,True,True,True,2024-12-31
2025-12-26,통영,naive_seasonal,14.2,13.1,True,True,True,2024-12-31
2025-12-27,통영,naive_seasonal,14.1,12.9,True,True,True,2024-12-31
2025-12-28,통영,naive_seasonal,14.0,12.8,True,True,True,2024-12-31
2025-12-29,통영,naive_seasonal,13.7,12.8,True,True,True,2024-12-31
2025-12-30,통영,naive_seasonal,13.5,12.8,True,True,True,2024-12-31
2025-12-31,통영,naive_seasonal,13.5,12.8,True,True,True,2024-12-31
2025-01-01,통영,moving_average,12.8,12.942857142857141,True,True,True,2024-12-31
2025-01-02,통영,moving_average,12.8,12.942857142857141,True,True,True,2024-12-31
2025-01-03,통영,moving_average,12.7,12.942857142857141,True,True,True,2024-12-31
2025-01-04,통영,moving_average,12.6,12.942857142857141,True,True,True,2024-12-31
2025-01-05,통영,moving_average,12.6,12.942857142857141,True,True,True,2024-12-31
2025-01-06,통영,moving_average,12.4,12.942857142857141,True,True,True,2024-12-31
2025-01-07,통영,moving_average,12.2,12.942857142857141,True,True,True,2024-12-31
2025-01-08,통영,moving_average,12.1,12.942857142857141,True,True,True,2024-12-31
2025-01-09,통영,moving_average,11.9,12.942857142857141,True,True,True,2024-12-31
2025-01-10,통영,moving_average,11.7,12.942857142857141,True,True,True,2024-12-31
2025-01-11,통영,moving_average,11.5,12.942857142857141,True,True,True,2024-12-31
2025-01-12,통영,moving_average,11.4,12.942857142857141,True,True,True,2024-12-31
2025-01-13,통영,moving_average,11.3,12.942857142857141,True,True,True,2024-12-31
2025-01-14,통영,moving_average,11.2,12.942857142857141,True,True,True,2024-12-31
2025-01-15,통영,moving_average,11.1,12.942857142857141,True,True,True,2024-12-31
2025-01-16,통영,moving_average,10.9,12.942857142857141,True,True,True,2024-12-31
2025-01-17,통영,moving_average,10.8,12.942857142857141,True,True,True,2024-12-31
2025-01-18,통영,moving_average,10.8,12.942857142857141,True,True,True,2024-12-31
2025-01-19,통영,moving_average,10.7,12.942857142857141,True,True,True,2024-12-31
2025-01-20,통영,moving_average,10.7,12.942857142857141,True,True,True,2024-12-31
2025-01-21,통영,moving_average,10.6,12.942857142857141,True,True,True,2024-12-31
2025-01-22,통영,moving_average,10.6,12.942857142857141,True,True,True,2024-12-31
2025-01-23,통영,moving_average,10.6,12.942857142857141,True,True,True,2024-12-31
2025-01-24,통영,moving_average,10.5,12.942857142857141,True,True,True,2024-12-31
2025-01-25,통영,moving_average,10.5,12.942857142857141,True,True,True,2024-12-31
2025-01-26,통영,moving_average,10.5,12.942857142857141,True,True,True,2024-12-31
2025-01-27,통영,moving_average,10.5,12.942857142857141,True,True,True,2024-12-31
2025-01-28,통영,moving_average,10.3,12.942857142857141,True,True,True,2024-12-31
2025-01-29,통영,moving_average,10.1,12.942857142857141,True,True,True,2024-12-31
2025-01-30,통영,moving_average,10.1,12.942857142857141,True,True,True,2024-12-31
2025-01-31,통영,moving_average,10.2,12.942857142857141,True,True,True,2024-12-31
2025-02-01,통영,moving_average,10.2,12.942857142857141,True,True,True,2024-12-31
2025-02-02,통영,moving_average,10.2,12.942857142857141,True,True,True,2024-12-31
2025-02-03,통영,moving_average,10.3,12.942857142857141,True,True,True,2024-12-31
2025-02-04,통영,moving_average,10.1,12.942857142857141,True,True,True,2024-12-31
2025-02-05,통영,moving_average,10.0,12.942857142857141,True,True,True,2024-12-31
2025-02-06,통영,moving_average,9.9,12.942857142857141,True,True,True,2024-12-31
2025-02-07,통영,moving_average,9.8,12.942857142857141,True,True,True,2024-12-31
2025-02-08,통영,moving_average,9.7,12.942857142857141,True,True,True,2024-12-31
2025-02-09,통영,moving_average,9.7,12.942857142857141,True,True,True,2024-12-31
2025-02-10,통영,moving_average,9.7,12.942857142857141,True,True,True,2024-12-31
2025-02-11,통영,moving_average,9.7,12.942857142857141,True,True,True,2024-12-31
2025-02-12,통영,moving_average,9.6,12.942857142857141,True,True,True,2024-12-31
2025-02-13,통영,moving_average,9.6,12.942857142857141,True,True,True,2024-12-31
2025-02-14,통영,moving_average,9.7,12.942857142857141,True,True,True,2024-12-31
2025-02-15,통영,moving_average,9.7,12.942857142857141,True,True,True,2024-12-31
2025-02-16,통영,moving_average,9.8,12.942857142857141,True,True,True,2024-12-31
2025-02-17,통영,moving_average,9.8,12.942857142857141,True,True,True,2024-12-31
2025-02-18,통영,moving_average,9.8,12.942857142857141,True,True,True,2024-12-31
2025-02-19,통영,moving_average,9.7,12.942857142857141,True,True,True,2024-12-31
2025-02-20,통영,moving_average,9.7,12.942857142857141,True,True,True,2024-12-31
2025-02-21,통영,moving_average,9.6,12.942857142857141,True,True,True,2024-12-31
2025-02-22,통영,moving_average,9.5,12.942857142857141,True,True,True,2024-12-31
2025-02-23,통영,moving_average,9.5,12.942857142857141,True,True,True,2024-12-31
2025-02-24,통영,moving_average,9.3,12.942857142857141,True,True,True,2024-12-31
2025-02-25,통영,moving_average,9.3,12.942857142857141,True,True,True,2024-12-31
2025-02-26,통영,moving_average,9.2,12.942857142857141,True,True,True,2024-12-31
2025-02-27,통영,moving_average,9.2,12.942857142857141,True,True,True,2024-12-31
2025-02-28,통영,moving_average,9.3,12.942857142857141,True,True,True,2024-12-31
2025-03-01,통영,moving_average,9.4,12.942857142857141,True,True,True,2024-12-31
2025-03-02,통영,moving_average,9.5,12.942857142857141,True,True,True,2024-12-31
2025-03-03,통영,moving_average,9.5,12.942857142857141,True,True,True,2024-12-31
2025-03-04,통영,moving_average,9.3,12.942857142857141,True,True,True,2024-12-31
2025-03-05,통영,moving_average,9.3,12.942857142857141,True,True,True,2024-12-31
2025-03-06,통영,moving_average,9.2,12.942857142857141,True,True,True,2024-12-31
2025-03-07,통영,moving_average,9.2,12.942857142857141,True,True,True,2024-12-31
2025-03-08,통영,moving_average,9.3,12.942857142857141,True,True,True,2024-12-31
2025-03-09,통영,moving_average,9.4,12.942857142857141,True,True,True,2024-12-31
2025-03-10,통영,moving_average,9.5,12.942857142857141,True,True,True,2024-12-31
2025-03-11,통영,moving_average,9.6,12.942857142857141,True,True,True,2024-12-31
2025-03-12,통영,moving_average,9.7,12.942857142857141,True,True,True,2024-12-31
2025-03-13,통영,moving_average,9.8,12.942857142857141,True,True,True,2024-12-31
2025-03-14,통영,moving_average,9.8,12.942857142857141,True,True,True,2024-12-31
2025-03-15,통영,moving_average,9.8,12.942857142857141,True,True,True,2024-12-31
2025-03-16,통영,moving_average,9.8,12.942857142857141,True,True,True,2024-12-31
2025-03-17,통영,moving_average,9.7,12.942857142857141,True,True,True,2024-12-31
2025-03-18,통영,moving_average,9.7,12.942857142857141,True,True,True,2024-12-31
2025-03-19,통영,moving_average,9.7,12.942857142857141,True,True,True,2024-12-31
2025-03-20,통영,moving_average,9.7,12.942857142857141,True,True,True,2024-12-31
2025-03-21,통영,moving_average,9.9,12.942857142857141,True,True,True,2024-12-31
2025-03-22,통영,moving_average,10.1,12.942857142857141,True,True,True,2024-12-31
2025-03-23,통영,moving_average,10.2,12.942857142857141,True,True,True,2024-12-31
2025-03-24,통영,moving_average,10.4,12.942857142857141,True,True,True,2024-12-31
2025-03-25,통영,moving_average,10.5,12.942857142857141,True,True,True,2024-12-31
2025-03-26,통영,moving_average,10.6,12.942857142857141,True,True,True,2024-12-31
2025-03-27,통영,moving_average,10.7,12.942857142857141,True,True,True,2024-12-31
2025-03-28,통영,moving_average,10.8,12.942857142857141,True,True,True,2024-12-31
2025-03-29,통영,moving_average,10.8,12.942857142857141,True,True,True,2024-12-31
2025-03-30,통영,moving_average,10.6,12.942857142857141,True,True,True,2024-12-31
2025-03-31,통영,moving_average,10.6,12.942857142857141,True,True,True,2024-12-31
2025-04-01,통영,moving_average,10.7,12.942857142857141,True,True,True,2024-12-31
2025-04-02,통영,moving_average,10.8,12.942857142857141,True,True,True,2024-12-31
2025-04-03,통영,moving_average,10.8,12.942857142857141,True,True,True,2024-12-31
2025-04-04,통영,moving_average,11.0,12.942857142857141,True,True,True,2024-12-31
2025-04-05,통영,moving_average,10.9,12.942857142857141,True,True,True,2024-12-31
2025-04-06,통영,moving_average,11.1,12.942857142857141,True,True,True,2024-12-31
2025-04-07,통영,moving_average,11.3,12.942857142857141,True,True,True,2024-12-31
2025-04-08,통영,moving_average,11.3,12.942857142857141,True,True,True,2024-12-31
2025-04-09,통영,moving_average,11.4,12.942857142857141,True,True,True,2024-12-31
2025-04-10,통영,moving_average,11.6,12.942857142857141,True,True,True,2024-12-31
2025-04-11,통영,moving_average,11.7,12.942857142857141,True,True,True,2024-12-31
2025-04-12,통영,moving_average,11.7,12.942857142857141,True,True,True,2024-12-31
2025-04-13,통영,moving_average,11.6,12.942857142857141,True,True,True,2024-12-31
2025-04-14,통영,moving_average,11.5,12.942857142857141,True,True,True,2024-12-31
2025-04-15,통영,moving_average,11.5,12.942857142857141,True,True,True,2024-12-31
2025-04-16,통영,moving_average,11.5,12.942857142857141,True,True,True,2024-12-31
2025-04-17,통영,moving_average,11.6,12.942857142857141,True,True,True,2024-12-31
2025-04-18,통영,moving_average,11.8,12.942857142857141,True,True,True,2024-12-31
2025-04-19,통영,moving_average,11.9,12.942857142857141,True,True,True,2024-12-31
2025-04-20,통영,moving_average,12.1,12.942857142857141,True,True,True,2024-12-31
2025-04-21,통영,moving_average,12.6,12.942857142857141,True,True,True,2024-12-31
2025-04-22,통영,moving_average,12.8,12.942857142857141,True,True,True,2024-12-31
2025-04-23,통영,moving_average,12.8,12.942857142857141,True,True,True,2024-12-31
2025-04-24,통영,moving_average,12.8,12.942857142857141,True,True,True,2024-12-31
2025-04-25,통영,moving_average,12.9,12.942857142857141,True,True,True,2024-12-31
2025-04-26,통영,moving_average,12.8,12.942857142857141,True,True,True,2024-12-31
2025-04-27,통영,moving_average,12.8,12.942857142857141,True,True,True,2024-12-31
2025-04-28,통영,moving_average,12.9,12.942857142857141,True,True,True,2024-12-31
2025-04-29,통영,moving_average,13.0,12.942857142857141,True,True,True,2024-12-31
2025-04-30,통영,moving_average,13.1,12.942857142857141,True,True,True,2024-12-31
2025-05-01,통영,moving_average,13.2,12.942857142857141,True,True,True,2024-12-31
2025-05-02,통영,moving_average,13.4,12.942857142857141,True,True,True,2024-12-31
2025-05-03,통영,moving_average,13.5,12.942857142857141,True,True,True,2024-12-31
2025-05-04,통영,moving_average,13.5,12.942857142857141,True,True,True,2024-12-31
2025-05-05,통영,moving_average,13.6,12.942857142857141,True,True,True,2024-12-31
2025-05-06,통영,moving_average,13.8,12.942857142857141,True,True,True,2024-12-31
2025-05-07,통영,moving_average,13.9,12.942857142857141,True,True,True,2024-12-31
2025-05-08,통영,moving_average,13.8,12.942857142857141,True,True,True,2024-12-31
2025-05-09,통영,moving_average,13.9,12.942857142857141,True,True,True,2024-12-31
2025-05-10,통영,moving_average,13.8,12.942857142857141,True,True,True,2024-12-31
2025-05-11,통영,moving_average,13.9,12.942857142857141,True,True,True,2024-12-31
2025-05-12,통영,moving_average,14.0,12.942857142857141,True,True,True,2024-12-31
2025-05-13,통영,moving_average,14.1,12.942857142857141,True,True,True,2024-12-31
2025-05-14,통영,moving_average,14.3,12.942857142857141,True,True,True,2024-12-31
2025-05-15,통영,moving_average,14.4,12.942857142857141,True,True,True,2024-12-31
2025-05-16,통영,moving_average,14.6,12.942857142857141,True,True,True,2024-12-31
2025-05-17,통영,moving_average,14.7,12.942857142857141,True,True,True,2024-12-31
2025-05-18,통영,moving_average,15.0,12.942857142857141,True,True,True,2024-12-31
2025-05-19,통영,moving_average,15.1,12.942857142857141,True,True,True,2024-12-31
2025-05-20,통영,moving_average,15.1,12.942857142857141,True,True,True,2024-12-31
2025-05-21,통영,moving_average,15.6,12.942857142857141,True,True,True,2024-12-31
2025-05-22,통영,moving_average,15.9,12.942857142857141,True,True,True,2024-12-31
2025-05-23,통영,moving_average,15.5,12.942857142857141,True,True,True,2024-12-31
2025-05-24,통영,moving_average,15.3,12.942857142857141,True,True,True,2024-12-31
2025-05-25,통영,moving_average,15.2,12.942857142857141,True,True,True,2024-12-31
2025-05-26,통영,moving_average,15.3,12.942857142857141,True,True,True,2024-12-31
2025-05-27,통영,moving_average,15.4,12.942857142857141,True,True,True,2024-12-31
2025-05-28,통영,moving_average,15.7,12.942857142857141,True,True,True,2024-12-31
2025-05-29,통영,moving_average,15.8,12.942857142857141,True,True,True,2024-12-31
2025-05-30,통영,moving_average,16.0,12.942857142857141,True,True,True,2024-12-31
2025-05-31,통영,moving_average,16.3,12.942857142857141,True,True,True,2024-12-31
2025-06-01,통영,moving_average,16.5,12.942857142857141,True,True,True,2024-12-31
2025-06-02,통영,moving_average,16.7,12.942857142857141,True,True,True,2024-12-31
2025-06-03,통영,moving_average,17.1,12.942857142857141,True,True,True,2024-12-31
2025-06-04,통영,moving_average,17.1,12.942857142857141,True,True,True,2024-12-31
2025-06-05,통영,moving_average,17.2,12.942857142857141,True,True,True,2024-12-31
2025-06-06,통영,moving_average,17.2,12.942857142857141,True,True,True,2024-12-31
2025-06-07,통영,moving_average,17.4,12.942857142857141,True,True,True,2024-12-31
2025-06-08,통영,moving_average,17.5,12.942857142857141,True,True,True,2024-12-31
2025-06-09,통영,moving_average,17.6,12.942857142857141,True,True,True,2024-12-31
2025-06-10,통영,moving_average,17.5,12.942857142857141,True,True,True,2024-12-31
2025-06-11,통영,moving_average,17.6,12.942857142857141,True,True,True,2024-12-31
2025-06-12,통영,moving_average,17.4,12.942857142857141,True,True,True,2024-12-31
2025-06-13,통영,moving_average,17.4,12.942857142857141,True,True,True,2024-12-31
2025-06-14,통영,moving_average,17.4,12.942857142857141,True,True,True,2024-12-31
2025-06-15,통영,moving_average,17.5,12.942857142857141,True,True,True,2024-12-31
2025-06-16,통영,moving_average,17.6,12.942857142857141,True,True,True,2024-12-31
2025-06-17,통영,moving_average,17.7,12.942857142857141,True,True,True,2024-12-31
2025-06-18,통영,moving_average,17.8,12.942857142857141,True,True,True,2024-12-31
2025-06-19,통영,moving_average,18.2,12.942857142857141,True,True,True,2024-12-31
2025-06-20,통영,moving_average,18.3,12.942857142857141,True,True,True,2024-12-31
2025-06-21,통영,moving_average,19.1,12.942857142857141,True,True,True,2024-12-31
2025-06-22,통영,moving_average,18.8,12.942857142857141,True,True,True,2024-12-31
2025-06-23,통영,moving_average,18.4,12.942857142857141,True,True,True,2024-12-31
2025-06-24,통영,moving_average,18.2,12.942857142857141,True,True,True,2024-12-31
2025-06-25,통영,moving_average,17.8,12.942857142857141,True,True,True,2024-12-31
2025-06-26,통영,moving_average,18.3,12.942857142857141,True,True,True,2024-12-31
2025-06-27,통영,moving_average,18.5,12.942857142857141,True,True,True,2024-12-31
2025-06-28,통영,moving_average,18.5,12.942857142857141,True,True,True,2024-12-31
2025-06-29,통영,moving_average,18.6,12.942857142857141,True,True,True,2024-12-31
2025-06-30,통영,moving_average,19.1,12.942857142857141,True,True,True,2024-12-31
2025-07-01,통영,moving_average,19.5,12.942857142857141,True,True,True,2024-12-31
2025-07-02,통영,moving_average,20.1,12.942857142857141,True,True,True,2024-12-31
2025-07-03,통영,moving_average,21.3,12.942857142857141,True,True,True,2024-12-31
2025-07-04,통영,moving_average,22.2,12.942857142857141,True,True,True,2024-12-31
2025-07-05,통영,moving_average,21.9,12.942857142857141,True,True,True,2024-12-31
2025-07-06,통영,moving_average,22.3,12.942857142857141,True,True,True,2024-12-31
2025-07-07,통영,moving_average,21.9,12.942857142857141,True,True,True,2024-12-31
2025-07-08,통영,moving_average,21.8,12.942857142857141,True,True,True,2024-12-31
2025-07-09,통영,moving_average,22.5,12.942857142857141,True,True,True,2024-12-31
2025-07-10,통영,moving_average,22.2,12.942857142857141,True,True,True,2024-12-31
2025-07-11,통영,moving_average,22.0,12.942857142857141,True,True,True,2024-12-31
2025-07-12,통영,moving_average,22.9,12.942857142857141,True,True,True,2024-12-31
2025-07-13,통영,moving_average,23.2,12.942857142857141,True,True,True,2024-12-31
2025-07-14,통영,moving_average,23.2,12.942857142857141,True,True,True,2024-12-31
2025-07-15,통영,moving_average,23.3,12.942857142857141,True,True,True,2024-12-31
2025-07-16,통영,moving_average,23.2,12.942857142857141,True,True,True,2024-12-31
2025-07-17,통영,moving_average,23.6,12.942857142857141,True,True,True,2024-12-31
2025-07-18,통영,moving_average,23.8,12.942857142857141,True,True,True,2024-12-31
2025-07-19,통영,moving_average,24.1,12.942857142857141,True,True,True,2024-12-31
2025-07-20,통영,moving_average,24.4,12.942857142857141,True,True,True,2024-12-31
2025-07-21,통영,moving_average,24.6,12.942857142857141,True,True,True,2024-12-31
2025-07-22,통영,moving_average,24.9,12.942857142857141,True,True,True,2024-12-31
2025-07-23,통영,moving_average,24.9,12.942857142857141,True,True,True,2024-12-31
2025-07-24,통영,moving_average,24.7,12.942857142857141,True,True,True,2024-12-31
2025-07-25,통영,moving_average,24.6,12.942857142857141,True,True,True,2024-12-31
2025-07-26,통영,moving_average,24.5,12.942857142857141,True,True,True,2024-12-31
2025-07-27,통영,moving_average,25.0,12.942857142857141,True,True,True,2024-12-31
2025-07-28,통영,moving_average,25.4,12.942857142857141,True,True,True,2024-12-31
2025-07-29,통영,moving_average,25.8,12.942857142857141,True,True,True,2024-12-31
2025-07-30,통영,moving_average,26.4,12.942857142857141,True,True,True,2024-12-31
2025-07-31,통영,moving_average,27.1,12.942857142857141,True,True,True,2024-12-31
2025-08-01,통영,moving_average,27.6,12.942857142857141,True,True,True,2024-12-31
2025-08-02,통영,moving_average,28.1,12.942857142857141,True,True,True,2024-12-31
2025-08-03,통영,moving_average,28.2,12.942857142857141,True,True,True,2024-12-31
2025-08-04,통영,moving_average,28.0,12.942857142857141,True,True,True,2024-12-31
2025-08-05,통영,moving_average,27.4,12.942857142857141,True,True,True,2024-12-31
2025-08-06,통영,moving_average,27.1,12.942857142857141,True,True,True,2024-12-31
2025-08-07,통영,moving_average,27.2,12.942857142857141,True,True,True,2024-12-31
2025-08-08,통영,moving_average,26.4,12.942857142857141,True,True,True,2024-12-31
2025-08-09,통영,moving_average,24.9,12.942857142857141,True,True,True,2024-12-31
2025-08-10,통영,moving_average,23.3,12.942857142857141,True,True,True,2024-12-31
2025-08-11,통영,moving_average,22.8,12.942857142857141,True,True,True,2024-12-31
2025-08-12,통영,moving_average,22.0,12.942857142857141,True,True,True,2024-12-31
2025-08-13,통영,moving_average,21.7,12.942857142857141,True,True,True,2024-12-31
2025-08-14,통영,moving_average,22.7,12.942857142857141,True,True,True,2024-12-31
2025-08-15,통영,moving_average,23.3,12.942857142857141,True,True,True,2024-12-31
2025-08-16,통영,moving_average,24.0,12.942857142857141,True,True,True,2024-12-31
2025-08-17,통영,moving_average,24.4,12.942857142857141,True,True,True,2024-12-31
2025-08-18,통영,moving_average,24.4,12.942857142857141,True,True,True,2024-12-31
2025-08-19,통영,moving_average,24.4,12.942857142857141,True,True,True,2024-12-31
2025-08-20,통영,moving_average,24.2,12.942857142857141,True,True,True,2024-12-31
2025-08-21,통영,moving_average,23.9,12.942857142857141,True,True,True,2024-12-31
2025-08-22,통영,moving_average,22.7,12.942857142857141,True,True,True,2024-12-31
2025-08-23,통영,moving_average,22.4,12.942857142857141,True,True,True,2024-12-31
2025-08-24,통영,moving_average,21.4,12.942857142857141,True,True,True,2024-12-31
2025-08-25,통영,moving_average,21.1,12.942857142857141,True,True,True,2024-12-31
2025-08-26,통영,moving_average,21.1,12.942857142857141,True,True,True,2024-12-31
2025-08-27,통영,moving_average,20.7,12.942857142857141,True,True,True,2024-12-31
2025-08-28,통영,moving_average,21.0,12.942857142857141,True,True,True,2024-12-31
2025-08-29,통영,moving_average,21.7,12.942857142857141,True,True,True,2024-12-31
2025-08-30,통영,moving_average,22.6,12.942857142857141,True,True,True,2024-12-31
2025-08-31,통영,moving_average,23.1,12.942857142857141,True,True,True,2024-12-31
2025-09-01,통영,moving_average,23.4,12.942857142857141,True,True,True,2024-12-31
2025-09-02,통영,moving_average,23.2,12.942857142857141,True,True,True,2024-12-31
2025-09-03,통영,moving_average,23.4,12.942857142857141,True,True,True,2024-12-31
2025-09-04,통영,moving_average,24.5,12.942857142857141,True,True,True,2024-12-31
2025-09-05,통영,moving_average,23.8,12.942857142857141,True,True,True,2024-12-31
2025-09-06,통영,moving_average,24.2,12.942857142857141,True,True,True,2024-12-31
2025-09-07,통영,moving_average,23.7,12.942857142857141,True,True,True,2024-12-31
2025-09-08,통영,moving_average,22.7,12.942857142857141,True,True,True,2024-12-31
2025-09-09,통영,moving_average,21.5,12.942857142857141,True,True,True,2024-12-31
2025-09-10,통영,moving_average,20.3,12.942857142857141,True,True,True,2024-12-31
2025-09-11,통영,moving_average,20.1,12.942857142857141,True,True,True,2024-12-31
2025-09-12,통영,moving_average,20.3,12.942857142857141,True,True,True,2024-12-31
2025-09-13,통영,moving_average,22.8,12.942857142857141,True,True,True,2024-12-31
2025-09-14,통영,moving_average,23.8,12.942857142857141,True,True,True,2024-12-31
2025-09-15,통영,moving_average,24.2,12.942857142857141,True,True,True,2024-12-31
2025-09-16,통영,moving_average,24.3,12.942857142857141,True,True,True,2024-12-31
2025-09-17,통영,moving_average,24.4,12.942857142857141,True,True,True,2024-12-31
2025-09-18,통영,moving_average,24.1,12.942857142857141,True,True,True,2024-12-31
2025-09-19,통영,moving_average,23.3,12.942857142857141,True,True,True,2024-12-31
2025-09-20,통영,moving_average,23.1,12.942857142857141,True,True,True,2024-12-31
2025-09-21,통영,moving_average,23.0,12.942857142857141,True,True,True,2024-12-31
2025-09-22,통영,moving_average,22.4,12.942857142857141,True,True,True,2024-12-31
2025-09-23,통영,moving_average,22.2,12.942857142857141,True,True,True,2024-12-31
2025-09-24,통영,moving_average,22.3,12.942857142857141,True,True,True,2024-12-31
2025-09-25,통영,moving_average,22.5,12.942857142857141,True,True,True,2024-12-31
2025-09-26,통영,moving_average,22.7,12.942857142857141,True,True,True,2024-12-31
2025-09-27,통영,moving_average,23.0,12.942857142857141,True,True,True,2024-12-31
2025-09-28,통영,moving_average,23.3,12.942857142857141,True,True,True,2024-12-31
2025-09-29,통영,moving_average,23.5,12.942857142857141,True,True,True,2024-12-31
2025-09-30,통영,moving_average,23.4,12.942857142857141,True,True,True,2024-12-31
2025-10-01,통영,moving_average,23.6,12.942857142857141,True,True,True,2024-12-31
2025-10-02,통영,moving_average,23.5,12.942857142857141,True,True,True,2024-12-31
2025-10-03,통영,moving_average,23.1,12.942857142857141,True,True,True,2024-12-31
2025-10-04,통영,moving_average,23.2,12.942857142857141,True,True,True,2024-12-31
2025-10-05,통영,moving_average,23.1,12.942857142857141,True,True,True,2024-12-31
2025-10-06,통영,moving_average,22.9,12.942857142857141,True,True,True,2024-12-31
2025-10-07,통영,moving_average,22.4,12.942857142857141,True,True,True,2024-12-31
2025-10-08,통영,moving_average,22.0,12.942857142857141,True,True,True,2024-12-31
2025-10-09,통영,moving_average,21.5,12.942857142857141,True,True,True,2024-12-31
2025-10-10,통영,moving_average,21.3,12.942857142857141,True,True,True,2024-12-31
2025-10-11,통영,moving_average,22.0,12.942857142857141,True,True,True,2024-12-31
2025-10-12,통영,moving_average,22.5,12.942857142857141,True,True,True,2024-12-31
2025-10-13,통영,moving_average,22.6,12.942857142857141,True,True,True,2024-12-31
2025-10-14,통영,moving_average,22.7,12.942857142857141,True,True,True,2024-12-31
2025-10-15,통영,moving_average,22.6,12.942857142857141,True,True,True,2024-12-31
2025-10-16,통영,moving_average,22.7,12.942857142857141,True,True,True,2024-12-31
2025-10-17,통영,moving_average,22.6,12.942857142857141,True,True,True,2024-12-31
2025-10-18,통영,moving_average,22.7,12.942857142857141,True,True,True,2024-12-31
2025-10-19,통영,moving_average,22.6,12.942857142857141,True,True,True,2024-12-31
2025-10-20,통영,moving_average,22.5,12.942857142857141,True,True,True,2024-12-31
2025-10-21,통영,moving_average,22.3,12.942857142857141,True,True,True,2024-12-31
2025-10-22,통영,moving_average,22.1,12.942857142857141,True,True,True,2024-12-31
2025-10-23,통영,moving_average,22.0,12.942857142857141,True,True,True,2024-12-31
2025-10-24,통영,moving_average,21.9,12.942857142857141,True,True,True,2024-12-31
2025-10-25,통영,moving_average,21.9,12.942857142857141,True,True,True,2024-12-31
2025-10-26,통영,moving_average,21.8,12.942857142857141,True,True,True,2024-12-31
2025-10-27,통영,moving_average,21.7,12.942857142857141,True,True,True,2024-12-31
2025-10-28,통영,moving_average,21.4,12.942857142857141,True,True,True,2024-12-31
2025-10-29,통영,moving_average,21.2,12.942857142857141,True,True,True,2024-12-31
2025-10-30,통영,moving_average,21.0,12.942857142857141,True,True,True,2024-12-31
2025-10-31,통영,moving_average,20.9,12.942857142857141,True,True,True,2024-12-31
2025-11-01,통영,moving_average,20.7,12.942857142857141,True,True,True,2024-12-31
2025-11-02,통영,moving_average,20.4,12.942857142857141,True,True,True,2024-12-31
2025-11-03,통영,moving_average,19.9,12.942857142857141,True,True,True,2024-12-31
2025-11-04,통영,moving_average,19.5,12.942857142857141,True,True,True,2024-12-31
2025-11-05,통영,moving_average,19.3,12.942857142857141,True,True,True,2024-12-31
2025-11-06,통영,moving_average,19.1,12.942857142857141,True,True,True,2024-12-31
2025-11-07,통영,moving_average,19.0,12.942857142857141,True,True,True,2024-12-31
2025-11-08,통영,moving_average,18.9,12.942857142857141,True,True,True,2024-12-31
2025-11-09,통영,moving_average,18.8,12.942857142857141,True,True,True,2024-12-31
2025-11-10,통영,moving_average,18.7,12.942857142857141,True,True,True,2024-12-31
2025-11-11,통영,moving_average,18.6,12.942857142857141,True,True,True,2024-12-31
2025-11-12,통영,moving_average,18.5,12.942857142857141,True,True,True,2024-12-31
2025-11-13,통영,moving_average,18.4,12.942857142857141,True,True,True,2024-12-31
2025-11-14,통영,moving_average,18.4,12.942857142857141,True,True,True,2024-12-31
2025-11-15,통영,moving_average,18.3,12.942857142857141,True,True,True,2024-12-31
2025-11-16,통영,moving_average,18.3,12.942857142857141,True,True,True,2024-12-31
2025-11-17,통영,moving_average,18.2,12.942857142857141,True,True,True,2024-12-31
2025-11-18,통영,moving_average,17.9,12.942857142857141,True,True,True,2024-12-31
2025-11-19,통영,moving_average,17.7,12.942857142857141,True,True,True,2024-12-31
2025-11-20,통영,moving_average,17.6,12.942857142857141,True,True,True,2024-12-31
2025-11-21,통영,moving_average,17.4,12.942857142857141,True,True,True,2024-12-31
2025-11-22,통영,moving_average,17.2,12.942857142857141,True,True,True,2024-12-31
2025-11-23,통영,moving_average,17.2,12.942857142857141,True,True,True,2024-12-31
2025-11-24,통영,moving_average,17.1,12.942857142857141,True,True,True,2024-12-31
2025-11-25,통영,moving_average,17.0,12.942857142857141,True,True,True,2024-12-31
2025-11-26,통영,moving_average,16.9,12.942857142857141,True,True,True,2024-12-31
2025-11-27,통영,moving_average,16.8,12.942857142857141,True,True,True,2024-12-31
2025-11-28,통영,moving_average,16.6,12.942857142857141,True,True,True,2024-12-31
2025-11-29,통영,moving_average,16.5,12.942857142857141,True,True,True,2024-12-31
2025-11-30,통영,moving_average,16.6,12.942857142857141,True,True,True,2024-12-31
2025-12-01,통영,moving_average,16.6,12.942857142857141,True,True,True,2024-12-31
2025-12-02,통영,moving_average,16.5,12.942857142857141,True,True,True,2024-12-31
2025-12-03,통영,moving_average,16.3,12.942857142857141,True,True,True,2024-12-31
2025-12-04,통영,moving_average,16.1,12.942857142857141,True,True,True,2024-12-31
2025-12-05,통영,moving_average,15.9,12.942857142857141,True,True,True,2024-12-31
2025-12-06,통영,moving_average,15.7,12.942857142857141,True,True,True,2024-12-31
2025-12-07,통영,moving_average,15.6,12.942857142857141,True,True,True,2024-12-31
2025-12-08,통영,moving_average,15.5,12.942857142857141,True,True,True,2024-12-31
2025-12-09,통영,moving_average,15.4,12.942857142857141,True,True,True,2024-12-31
2025-12-10,통영,moving_average,15.2,12.942857142857141,True,True,True,2024-12-31
2025-12-11,통영,moving_average,15.2,12.942857142857141,True,True,True,2024-12-31
2025-12-12,통영,moving_average,15.1,12.942857142857141,True,True,True,2024-12-31
2025-12-13,통영,moving_average,14.8,12.942857142857141,True,True,True,2024-12-31
2025-12-14,통영,moving_average,14.8,12.942857142857141,True,True,True,2024-12-31
2025-12-15,통영,moving_average,14.6,12.942857142857141,True,True,True,2024-12-31
2025-12-16,통영,moving_average,14.6,12.942857142857141,True,True,True,2024-12-31
2025-12-17,통영,moving_average,14.5,12.942857142857141,True,True,True,2024-12-31
2025-12-18,통영,moving_average,14.4,12.942857142857141,True,True,True,2024-12-31
2025-12-19,통영,moving_average,14.4,12.942857142857141,True,True,True,2024-12-31
2025-12-20,통영,moving_average,14.4,12.942857142857141,True,True,True,2024-12-31
2025-12-21,통영,moving_average,14.5,12.942857142857141,True,True,True,2024-12-31
2025-12-22,통영,moving_average,14.5,12.942857142857141,True,True,True,2024-12-31
2025-12-23,통영,moving_average,14.5,12.942857142857141,True,True,True,2024-12-31
2025-12-24,통영,moving_average,14.5,12.942857142857141,True,True,True,2024-12-31
2025-12-25,통영,moving_average,14.4,12.942857142857141,True,True,True,2024-12-31
2025-12-26,통영,moving_average,14.2,12.942857142857141,True,True,True,2024-12-31
2025-12-27,통영,moving_average,14.1,12.942857142857141,True,True,True,2024-12-31
2025-12-28,통영,moving_average,14.0,12.942857142857141,True,True,True,2024-12-31
2025-12-29,통영,moving_average,13.7,12.942857142857141,True,True,True,2024-12-31
2025-12-30,통영,moving_average,13.5,12.942857142857141,True,True,True,2024-12-31
2025-12-31,통영,moving_average,13.5,12.942857142857141,True,True,True,2024-12-31
2025-01-01,통영,harmonic_regression,12.8,12.26654545297447,True,True,True,2024-12-31
2025-01-02,통영,harmonic_regression,12.8,12.173701678173721,True,True,True,2024-12-31
2025-01-03,통영,harmonic_regression,12.7,12.08289238193543,True,True,True,2024-12-31
2025-01-04,통영,harmonic_regression,12.6,11.994205969585378,True,True,True,2024-12-31
2025-01-05,통영,harmonic_regression,12.6,11.907728421721668,True,True,True,2024-12-31
2025-01-06,통영,harmonic_regression,12.4,11.823542952616004,True,True,True,2024-12-31
2025-01-07,통영,harmonic_regression,12.2,11.741729681322763,True,True,True,2024-12-31
2025-01-08,통영,harmonic_regression,12.1,11.662365317032558,True,True,True,2024-12-31
2025-01-09,통영,harmonic_regression,11.9,11.58552286012996,True,True,True,2024-12-31
2025-01-10,통영,harmonic_regression,11.7,11.511271320331181,True,True,True,2024-12-31
2025-01-11,통영,harmonic_regression,11.5,11.439675453187395,True,True,True,2024-12-31
2025-01-12,통영,harmonic_regression,11.4,11.370795516143263,True,True,True,2024-12-31
2025-01-13,통영,harmonic_regression,11.3,11.304687045238826,True,True,True,2024-12-31
2025-01-14,통영,harmonic_regression,11.2,11.241400653436616,True,True,True,2024-12-31
2025-01-15,통영,harmonic_regression,11.1,11.180981851445132,True,True,True,2024-12-31
2025-01-16,통영,harmonic_regression,10.9,11.123470891795442,True,True,True,2024-12-31
2025-01-17,통영,harmonic_regression,10.8,11.06890263680994,True,True,True,2024-12-31
2025-01-18,통영,harmonic_regression,10.8,11.017306450982026,True,True,True,2024-12-31
2025-01-19,통영,harmonic_regression,10.7,10.968706118163176,True,True,True,2024-12-31
2025-01-20,통영,harmonic_regression,10.7,10.923119783829955,True,True,True,2024-12-31
2025-01-21,통영,harmonic_regression,10.6,10.880559922579142,True,True,True,2024-12-31
2025-01-22,통영,harmonic_regression,10.6,10.841033330874144,True,True,True,2024-12-31
2025-01-23,통영,harmonic_regression,10.6,10.8045411449416,True,True,True,2024-12-31
2025-01-24,통영,harmonic_regression,10.5,10.771078883593606,True,True,True,2024-12-31
2025-01-25,통영,harmonic_regression,10.5,10.740636515629241,True,True,True,2024-12-31
2025-01-26,통영,harmonic_regression,10.5,10.713198551349512,True,True,True,2024-12-31
2025-01-27,통영,harmonic_regression,10.5,10.688744157602986,True,True,True,2024-12-31
2025-01-28,통영,harmonic_regression,10.3,10.667247295665994,True,True,True,2024-12-31
2025-01-29,통영,harmonic_regression,10.1,10.648676881151674,True,True,True,2024-12-31
2025-01-30,통영,harmonic_regression,10.1,10.632996965037048,True,True,True,2024-12-31
2025-01-31,통영,harmonic_regression,10.2,10.620166934797073,True,True,True,2024-12-31
2025-02-01,통영,harmonic_regression,10.2,10.610141734539878,True,True,True,2024-12-31
2025-02-02,통영,harmonic_regression,10.2,10.602872102948366,True,True,True,2024-12-31
2025-02-03,통영,harmonic_regression,10.3,10.598304827750793,True,True,True,2024-12-31
2025-02-04,통영,harmonic_regression,10.1,10.596383015366888,True,True,True,2024-12-31
2025-02-05,통영,harmonic_regression,10.0,10.597046374307133,True,True,True,2024-12-31
2025-02-06,통영,harmonic_regression,9.9,10.600231510841223,True,True,True,2024-12-31
2025-02-07,통영,harmonic_regression,9.8,10.605872235397674,True,True,True,2024-12-31
2025-02-08,통영,harmonic_regression,9.7,10.61389987811056,True,True,True,2024-12-31
2025-02-09,통영,harmonic_regression,9.7,10.624243611891195,True,True,True,2024-12-31
2025-02-10,통영,harmonic_regression,9.7,10.636830781372945,True,True,True,2024-12-31
2025-02-11,통영,harmonic_regression,9.7,10.65158723605585,True,True,True,2024-12-31
2025-02-12,통영,harmonic_regression,9.6,10.668437665964902,True,True,True,2024-12-31
2025-02-13,통영,harmonic_regression,9.6,10.687305938131347,True,True,True,2024-12-31
2025-02-14,통영,harmonic_regression,9.7,10.708115432210507,True,True,True,2024-12-31
2025-02-15,통영,harmonic_regression,9.7,10.730789373562141,True,True,True,2024-12-31
2025-02-16,통영,harmonic_regression,9.8,10.75525116214033,True,True,True,2024-12-31
2025-02-17,통영,harmonic_regression,9.8,10.781424695569083,True,True,True,2024-12-31
2025-02-18,통영,harmonic_regression,9.8,10.809234684817095,True,True,True,2024-12-31
2025-02-19,통영,harmonic_regression,9.7,10.83860696093037,True,True,True,2024-12-31
2025-02-20,통영,harmonic_regression,9.7,10.869468771334185,True,True,True,2024-12-31
2025-02-21,통영,harmonic_regression,9.6,10.901749064276109,True,True,True,2024-12-31
2025-02-22,통영,harmonic_regression,9.5,10.935378760049025,True,True,True,2024-12-31
2025-02-23,통영,harmonic_regression,9.5,10.970291007707132,True,True,True,2024-12-31
2025-02-24,통영,harmonic_regression,9.3,11.006421426068073,True,True,True,2024-12-31
2025-02-25,통영,harmonic_regression,9.3,11.043708327880617,True,True,True,2024-12-31
2025-02-26,통영,harmonic_regression,9.2,11.082092926128903,True,True,True,2024-12-31
2025-02-27,통영,harmonic_regression,9.2,11.121519521540925,True,True,True,2024-12-31
2025-02-28,통영,harmonic_regression,9.3,11.161935670470061,True,True,True,2024-12-31
2025-03-01,통영,harmonic_regression,9.4,11.20329233242353,True,True,True,2024-12-31
2025-03-02,통영,harmonic_regression,9.5,11.24554399662029,True,True,True,2024-12-31
2025-03-03,통영,harmonic_regression,9.5,11.288648787072283,True,True,True,2024-12-31
2025-03-04,통영,harmonic_regression,9.3,11.332568545796773,True,True,True,2024-12-31
2025-03-05,통영,harmonic_regression,9.3,11.377268893883045,True,True,True,2024-12-31
2025-03-06,통영,harmonic_regression,9.2,11.422719270253438,True,True,True,2024-12-31
2025-03-07,통영,harmonic_regression,9.2,11.468892948076041,True,True,True,2024-12-31
2025-03-08,통영,harmonic_regression,9.3,11.515767028903573,True,True,True,2024-12-31
2025-03-09,통영,harmonic_regression,9.4,11.56332241472977,True,True,True,2024-12-31
2025-03-10,통영,harmonic_regression,9.5,11.611543758269974,True,True,True,2024-12-31
2025-03-11,통영,harmonic_regression,9.6,11.660419391886455,True,True,True,2024-12-31
2025-03-12,통영,harmonic_regression,9.7,11.70994123569027,True,True,True,2024-12-31
2025-03-13,통영,harmonic_regression,9.8,11.760104685459991,True,True,True,2024-12-31
2025-03-14,통영,harmonic_regression,9.8,11.81090848112266,True,True,True,2024-12-31
2025-03-15,통영,harmonic_regression,9.8,11.862354556643256,True,True,True,2024-12-31
2025-03-16,통영,harmonic_regression,9.8,11.914447872265661,True,True,True,2024-12-31
2025-03-17,통영,harmonic_regression,9.7,11.967196230139496,True,True,True,2024-12-31
2025-03-18,통영,harmonic_regression,9.7,12.020610074453431,True,True,True,2024-12-31
2025-03-19,통영,harmonic_regression,9.7,12.074702277275803,True,True,True,2024-12-31
2025-03-20,통영,harmonic_regression,9.7,12.129487911377261,True,True,True,2024-12-31
2025-03-21,통영,harmonic_regression,9.9,12.18498401137758,True,True,True,2024-12-31
2025-03-22,통영,harmonic_regression,10.1,12.24120932461897,True,True,True,2024-12-31
2025-03-23,통영,harmonic_regression,10.2,12.29818405322134,True,True,True,2024-12-31
2025-03-24,통영,harmonic_regression,10.4,12.355929588820317,True,True,True,2024-12-31
2025-03-25,통영,harmonic_regression,10.5,12.414468241526482,True,True,True,2024-12-31
2025-03-26,통영,harmonic_regression,10.6,12.473822964673968,True,True,True,2024-12-31
2025-03-27,통영,harmonic_regression,10.7,12.534017076947967,True,True,True,2024-12-31
2025-03-28,통영,harmonic_regression,10.8,12.595073983493975,True,True,True,2024-12-31
2025-03-29,통영,harmonic_regression,10.8,12.65701689761648,True,True,True,2024-12-31
2025-03-30,통영,harmonic_regression,10.6,12.719868564671252,True,True,True,2024-12-31
2025-03-31,통영,harmonic_regression,10.6,12.783650989743698,True,True,True,2024-12-31
2025-04-01,통영,harmonic_regression,10.7,12.848385170685422,True,True,True,2024-12-31
2025-04-02,통영,harmonic_regression,10.8,12.91409083805294,True,True,True,2024-12-31
2025-04-03,통영,harmonic_regression,10.8,12.980786203455988,True,True,True,2024-12-31
2025-04-04,통영,harmonic_regression,11.0,13.048487717778585,True,True,True,2024-12-31
2025-04-05,통영,harmonic_regression,10.9,13.117209840683973,True,True,True,2024-12-31
2025-04-06,통영,harmonic_regression,11.1,13.186964822755213,True,True,True,2024-12-31
2025-04-07,통영,harmonic_regression,11.3,13.257762501556522,True,True,True,2024-12-31
2025-04-08,통영,harmonic_regression,11.3,13.329610112827197,True,True,True,2024-12-31
2025-04-09,통영,harmonic_regression,11.4,13.402512117940026,True,True,True,2024-12-31
2025-04-10,통영,harmonic_regression,11.6,13.476470048670334,True,True,True,2024-12-31
2025-04-11,통영,harmonic_regression,11.7,13.551482370230143,True,True,True,2024-12-31
2025-04-12,통영,harmonic_regression,11.7,13.627544363425413,True,True,True,2024-12-31
2025-04-13,통영,harmonic_regression,11.6,13.704648026692777,True,True,True,2024-12-31
2025-04-14,통영,harmonic_regression,11.5,13.782781998666731,True,True,True,2024-12-31
2025-04-15,통영,harmonic_regression,11.5,13.861931501818903,True,True,True,2024-12-31
2025-04-16,통영,harmonic_regression,11.5,13.94207830759867,True,True,True,2024-12-31
2025-04-17,통영,harmonic_regression,11.6,14.023200723389486,True,True,True,2024-12-31
2025-04-18,통영,harmonic_regression,11.8,14.105273601478277,True,True,True,2024-12-31
2025-04-19,통영,harmonic_regression,11.9,14.188268370117008,True,True,True,2024-12-31
2025-04-20,통영,harmonic_regression,12.1,14.272153086636285,True,True,True,2024-12-31
2025-04-21,통영,harmonic_regression,12.6,14.356892512451594,True,True,True,2024-12-31
2025-04-22,통영,harmonic_regression,12.8,14.442448209683711,True,True,True,2024-12-31
2025-04-23,통영,harmonic_regression,12.8,14.528778658996918,True,True,True,2024-12-31
2025-04-24,통영,harmonic_regression,12.8,14.615839398142233,True,True,True,2024-12-31
2025-04-25,통영,harmonic_regression,12.9,14.703583180578601,True,True,True,2024-12-31
2025-04-26,통영,harmonic_regression,12.8,14.79196015343364,True,True,True,2024-12-31
2025-04-27,통영,harmonic_regression,12.8,14.880918053957298,True,True,True,2024-12-31
2025-04-28,통영,harmonic_regression,12.9,14.970402423517612,True,True,True,2024-12-31
2025-04-29,통영,harmonic_regression,13.0,15.060356838087841,True,True,True,2024-12-31
2025-04-30,통영,harmonic_regression,13.1,15.150723154079468,True,True,True,2024-12-31
2025-05-01,통영,harmonic_regression,13.2,15.241441768285934,True,True,True,2024-12-31
2025-05-02,통영,harmonic_regression,13.4,15.332451890618538,True,True,True,2024-12-31
2025-05-03,통영,harmonic_regression,13.5,15.423691828238576,True,True,True,2024-12-31
2025-05-04,통영,harmonic_regression,13.5,15.515099279619339,True,True,True,2024-12-31
2025-05-05,통영,harmonic_regression,13.6,15.606611637008186,True,True,True,2024-12-31
2025-05-06,통영,harmonic_regression,13.8,15.698166295702947,True,True,True,2024-12-31
2025-05-07,통영,harmonic_regression,13.9,15.789700968508797,True,True,True,2024-12-31
2025-05-08,통영,harmonic_regression,13.8,15.881154003701587,True,True,True,2024-12-31
2025-05-09,통영,harmonic_regression,13.9,15.97246470479179,True,True,True,2024-12-31
2025-05-10,통영,harmonic_regression,13.8,16.063573650359807,True,True,True,2024-12-31
2025-05-11,통영,harmonic_regression,13.9,16.15442301221863,True,True,True,2024-12-31
2025-05-12,통영,harmonic_regression,14.0,16.244956870153807,True,True,True,2024-12-31
2025-05-13,통영,harmonic_regression,14.1,16.335121521493374,True,True,True,2024-12-31
2025-05-14,통영,harmonic_regression,14.3,16.42486578377207,True,True,True,2024-12-31
2025-05-15,통영,harmonic_regression,14.4,16.51414128877433,True,True,True,2024-12-31
2025-05-16,통영,harmonic_regression,14.6,16.6029027662699,True,True,True,2024-12-31
2025-05-17,통영,harmonic_regression,14.7,16.691108315793368,True,True,True,2024-12-31
2025-05-18,통영,harmonic_regression,15.0,16.7787196648654,True,True,True,2024-12-31
2025-05-19,통영,harmonic_regression,15.1,16.86570241210772,True,True,True,2024-12-31
2025-05-20,통영,harmonic_regression,15.1,16.952026253766647,True,True,True,2024-12-31
2025-05-21,통영,harmonic_regression,15.6,17.037665192230303,True,True,True,2024-12-31
2025-05-22,통영,harmonic_regression,15.9,17.122597725202503,True,True,True,2024-12-31
2025-05-23,통영,harmonic_regression,15.5,17.20680701428126,True,True,True,2024-12-31
2025-05-24,통영,harmonic_regression,15.3,17.29028103178184,True,True,True,2024-12-31
2025-05-25,통영,harmonic_regression,15.2,17.373012684742182,True,True,True,2024-12-31
2025-05-26,통영,harmonic_regression,15.3,17.45499991515272,True,True,True,2024-12-31
2025-05-27,통영,harmonic_regression,15.4,17.536245775562005,True,True,True,2024-12-31
2025-05-28,통영,harmonic_regression,15.7,17.61675847932401,True,True,True,2024-12-31
2025-05-29,통영,harmonic_regression,15.8,17.696551424871586,True,True,True,2024-12-31
2025-05-30,통영,harmonic_regression,16.0,17.775643193523443,True,True,True,2024-12-31
2025-05-31,통영,harmonic_regression,16.3,17.854057520457573,True,True,True,2024-12-31
2025-06-01,통영,harmonic_regression,16.5,17.931823238612843,True,True,True,2024-12-31
2025-06-02,통영,harmonic_regression,16.7,18.00897419541093,True,True,True,2024-12-31
2025-06-03,통영,harmonic_regression,17.1,18.085549142322886,True,True,True,2024-12-31
2025-06-04,통영,harmonic_regression,17.1,18.161591597437525,True,True,True,2024-12-31
2025-06-05,통영,harmonic_regression,17.2,18.237149681321753,True,True,True,2024-12-31
2025-06-06,통영,harmonic_regression,17.2,18.312275926595703,True,True,True,2024-12-31
2025-06-07,통영,harmonic_regression,17.4,18.387027061776937,True,True,True,2024-12-31
2025-06-08,통영,harmonic_regression,17.5,18.46146377007781,True,True,True,2024-12-31
2025-06-09,통영,harmonic_regression,17.6,18.535650423967468,True,True,True,2024-12-31
2025-06-10,통영,harmonic_regression,17.5,18.609654796434462,True,True,True,2024-12-31
2025-06-11,통영,harmonic_regression,17.6,18.683547750006742,True,True,True,2024-12-31
2025-06-12,통영,harmonic_regression,17.4,18.757402904702513,True,True,True,2024-12-31
2025-06-13,통영,harmonic_regression,17.4,18.831296286197404,True,True,True,2024-12-31
2025-06-14,통영,harmonic_regression,17.4,18.905305955599978,True,True,True,2024-12-31
2025-06-15,통영,harmonic_regression,17.5,18.979511622328396,True,True,True,2024-12-31
2025-06-16,통영,harmonic_regression,17.6,19.053994241675493,True,True,True,2024-12-31
2025-06-17,통영,harmonic_regression,17.7,19.128835598737208,True,True,True,2024-12-31
2025-06-18,통영,harmonic_regression,17.8,19.204117880459513,True,True,True,2024-12-31
2025-06-19,통영,harmonic_regression,18.2,19.279923237631778,True,True,True,2024-12-31
2025-06-20,통영,harmonic_regression,18.3,19.356333338719065,True,True,True,2024-12-31
2025-06-21,통영,harmonic_regression,19.1,19.43342891748194,True,True,True,2024-12-31
2025-06-22,통영,harmonic_regression,18.8,19.511289316380054,True,True,True,2024-12-31
2025-06-23,통영,harmonic_regression,18.4,19.589992027794008,True,True,True,2024-12-31
2025-06-24,통영,harmonic_regression,18.2,19.66961223512949,True,True,True,2024-12-31
2025-06-25,통영,harmonic_regression,17.8,19.750222355887498,True,True,True,2024-12-31
2025-06-26,통영,harmonic_regression,18.3,19.83189158879479,True,True,True,2024-12-31
2025-06-27,통영,harmonic_regression,18.5,19.914685467089644,True,True,True,2024-12-31
2025-06-28,통영,harmonic_regression,18.5,19.99866542004888,True,True,True,2024-12-31
2025-06-29,통영,harmonic_regression,18.6,20.083888344823738,True,True,True,2024-12-31
2025-06-30,통영,harmonic_regression,19.1,20.170406190623837,True,True,True,2024-12-31
2025-07-01,통영,harmonic_regression,19.5,20.25826555725088,True,True,True,2024-12-31
2025-07-02,통영,harmonic_regression,20.1,20.347507309936397,True,True,True,2024-12-31
2025-07-03,통영,harmonic_regression,21.3,20.43816621238165,True,True,True,2024-12-31
2025-07-04,통영,harmonic_regression,22.2,20.530270579832305,True,True,True,2024-12-31
2025-07-05,통영,harmonic_regression,21.9,20.62384195394628,True,True,True,2024-12-31
2025-07-06,통영,harmonic_regression,22.3,20.718894801130663,True,True,True,2024-12-31
2025-07-07,통영,harmonic_regression,21.9,20.815436235932843,True,True,True,2024-12-31
2025-07-08,통영,harmonic_regression,21.8,20.913465770972444,True,True,True,2024-12-31
2025-07-09,통영,harmonic_regression,22.5,21.012975094795095,True,True,True,2024-12-31
2025-07-10,통영,harmonic_regression,22.2,21.113947878916232,True,True,True,2024-12-31
2025-07-11,통영,harmonic_regression,22.0,21.21635961520427,True,True,True,2024-12-31
2025-07-12,통영,harmonic_regression,22.9,21.320177484627713,True,True,True,2024-12-31
2025-07-13,통영,harmonic_regression,23.2,21.425360258260447,True,True,True,2024-12-31
2025-07-14,통영,harmonic_regression,23.2,21.531858231304778,True,True,True,2024-12-31
2025-07-15,통영,harmonic_regression,23.3,21.63961319075268,True,True,True,2024-12-31
2025-07-16,통영,harmonic_regression,23.2,21.74855841716329,True,True,True,2024-12-31
2025-07-17,통영,harmonic_regression,23.6,21.858618720889194,True,True,True,2024-12-31
2025-07-18,통영,harmonic_regression,23.8,21.9697105129365,True,True,True,2024-12-31
2025-07-19,통영,harmonic_regression,24.1,22.08174191049455,True,True,True,2024-12-31
2025-07-20,통영,harmonic_regression,24.4,22.19461287702085,True,True,True,2024-12-31
2025-07-21,통영,harmonic_regression,24.6,22.308215396616816,True,True,True,2024-12-31
2025-07-22,통영,harmonic_regression,24.9,22.422433682279692,True,True,True,2024-12-31
2025-07-23,통영,harmonic_regression,24.9,22.537144417467672,True,True,True,2024-12-31
2025-07-24,통영,harmonic_regression,24.7,22.652217030268133,True,True,True,2024-12-31
2025-07-25,통영,harmonic_regression,24.6,22.767513999314577,True,True,True,2024-12-31
2025-07-26,통영,harmonic_regression,24.5,22.88289119045664,True,True,True,2024-12-31
2025-07-27,통영,harmonic_regression,25.0,22.998198223050032,True,True,True,2024-12-31
2025-07-28,통영,harmonic_regression,25.4,23.113278864600268,True,True,True,2024-12-31
2025-07-29,통영,harmonic_regression,25.8,23.227971452366084,True,True,True,2024-12-31
2025-07-30,통영,harmonic_regression,26.4,23.34210934040598,True,True,True,2024-12-31
2025-07-31,통영,harmonic_regression,27.1,23.455521370435285,True,True,True,2024-12-31
2025-08-01,통영,harmonic_regression,27.6,23.568032364751616,True,True,True,2024-12-31
2025-08-02,통영,harmonic_regression,28.1,23.67946363938443,True,True,True,2024-12-31
2025-08-03,통영,harmonic_regression,28.2,23.78963353552998,True,True,True,2024-12-31
2025-08-04,통영,harmonic_regression,28.0,23.898357967246543,True,True,True,2024-12-31
2025-08-05,통영,harmonic_regression,27.4,24.005450983307263,True,True,True,2024-12-31
2025-08-06,통영,harmonic_regression,27.1,24.11072534103894,True,True,True,2024-12-31
2025-08-07,통영,harmonic_regression,27.2,24.213993089915835,True,True,True,2024-12-31
2025-08-08,통영,harmonic_regression,26.4,24.315066162627424,True,True,True,2024-12-31
2025-08-09,통영,harmonic_regression,24.9,24.413756971298966,True,True,True,2024-12-31
2025-08-10,통영,harmonic_regression,23.3,24.50987900651373,True,True,True,2024-12-31
2025-08-11,통영,harmonic_regression,22.8,24.603247436765514,True,True,True,2024-12-31
2025-08-12,통영,harmonic_regression,22.0,24.693679705960626,True,True,True,2024-12-31
2025-08-13,통영,harmonic_regression,21.7,24.78099612658902,True,True,True,2024-12-31
2025-08-14,통영,harmonic_regression,22.7,24.86502046619535,True,True,True,2024-12-31
2025-08-15,통영,harmonic_regression,23.3,24.94558052480186,True,True,True,2024-12-31
2025-08-16,통영,harmonic_regression,24.0,25.022508700966824,True,True,True,2024-12-31
2025-08-17,통영,harmonic_regression,24.4,25.095642544203784,True,True,True,2024-12-31
2025-08-18,통영,harmonic_regression,24.4,25.1648252915384,True,True,True,2024-12-31
2025-08-19,통영,harmonic_regression,24.4,25.22990638604137,True,True,True,2024-12-31
2025-08-20,통영,harmonic_regression,24.2,25.290741975246394,True,True,True,2024-12-31
2025-08-21,통영,harmonic_regression,23.9,25.347195387442458,True,True,True,2024-12-31
2025-08-22,통영,harmonic_regression,22.7,25.399137583918396,True,True,True,2024-12-31
2025-08-23,통영,harmonic_regression,22.4,25.446447585335093,True,True,True,2024-12-31
2025-08-24,통영,harmonic_regression,21.4,25.489012870506013,True,True,True,2024-12-31
2025-08-25,통영,harmonic_regression,21.1,25.526729745979534,True,True,True,2024-12-31
2025-08-26,통영,harmonic_regression,21.1,25.55950368493673,True,True,True,2024-12-31
2025-08-27,통영,harmonic_regression,20.7,25.58724963404454,True,True,True,2024-12-31
2025-08-28,통영,harmonic_regression,21.0,25.609892287036967,True,True,True,2024-12-31
2025-08-29,통영,harmonic_regression,21.7,25.62736632393465,True,True,True,2024-12-31
2025-08-30,통영,harmonic_regression,22.6,25.63961661495607,True,True,True,2024-12-31
2025-08-31,통영,harmonic_regression,23.1,25.64659838832036,True,True,True,2024-12-31
2025-09-01,통영,harmonic_regression,23.4,25.648277361292116,True,True,True,2024-12-31
2025-09-02,통영,harmonic_regression,23.2,25.644629833971884,True,True,True,2024-12-31
2025-09-03,통영,harmonic_regression,23.4,25.63564274549138,True,True,True,2024-12-31
2025-09-04,통영,harmonic_regression,24.5,25.621313692429343,True,True,True,2024-12-31
2025-09-05,통영,harmonic_regression,23.8,25.60165090942166,True,True,True,2024-12-31
2025-09-06,통영,harmonic_regression,24.2,25.5766732120972,True,True,True,2024-12-31
2025-09-07,통영,harmonic_regression,23.7,25.546409902627797,True,True,True,2024-12-31
2025-09-08,통영,harmonic_regression,22.7,25.510900638336825,True,True,True,2024-12-31
2025-09-09,통영,harmonic_regression,21.5,25.470195263964598,True,True,True,2024-12-31
2025-09-10,통영,harmonic_regression,20.3,25.42435360833997,True,True,True,2024-12-31
2025-09-11,통영,harmonic_regression,20.1,25.373445246355264,True,True,True,2024-12-31
2025-09-12,통영,harmonic_regression,20.3,25.317549227285674,True,True,True,2024-12-31
2025-09-13,통영,harmonic_regression,22.8,25.25675377063316,True,True,True,2024-12-31
2025-09-14,통영,harmonic_regression,23.8,25.19115593080896,True,True,True,2024-12-31
2025-09-15,통영,harmonic_regression,24.2,25.120861232096793,True,True,True,2024-12-31
2025-09-16,통영,harmonic_regression,24.3,25.045983275460557,True,True,True,2024-12-31
2025-09-17,통영,harmonic_regression,24.4,24.96664331887483,True,True,True,2024-12-31
2025-09-18,통영,harmonic_regression,24.1,24.882969832963937,True,True,True,2024-12-31
2025-09-19,통영,harmonic_regression,23.3,24.79509803383446,True,True,True,2024-12-31
2025-09-20,통영,harmonic_regression,23.1,24.703169395077154,True,True,True,2024-12-31
2025-09-21,통영,harmonic_regression,23.0,24.607331140996276,True,True,True,2024-12-31
2025-09-22,통영,harmonic_regression,22.4,24.507735723197584,True,True,True,2024-12-31
2025-09-23,통영,harmonic_regression,22.2,24.404540282729762,True,True,True,2024-12-31
2025-09-24,통영,harmonic_regression,22.3,24.29790610002814,True,True,True,2024-12-31
2025-09-25,통영,harmonic_regression,22.5,24.18799803495338,True,True,True,2024-12-31
2025-09-26,통영,harmonic_regression,22.7,24.074983959252105,True,True,True,2024-12-31
2025-09-27,통영,harmonic_regression,23.0,23.95903418378965,True,True,True,2024-12-31
2025-09-28,통영,harmonic_regression,23.3,23.84032088291896,True,True,True,2024-12-31
2025-09-29,통영,harmonic_regression,23.5,23.71901751835223,True,True,True,2024-12-31
2025-09-30,통영,harmonic_regression,23.4,23.595298264894748,True,True,True,2024-12-31
2025-10-01,통영,harmonic_regression,23.6,23.4693374403826,True,True,True,2024-12-31
2025-10-02,통영,harmonic_regression,23.5,23.34130894213792,True,True,True,2024-12-31
2025-10-03,통영,harmonic_regression,23.1,23.211385692217405,True,True,True,2024-12-31
2025-10-04,통영,harmonic_regression,23.2,23.079739093681894,True,True,True,2024-12-31
2025-10-05,통영,harmonic_regression,23.1,22.946538500057233,True,True,True,2024-12-31
2025-10-06,통영,harmonic_regression,22.9,22.81195070008973,True,True,True,2024-12-31
2025-10-07,통영,harmonic_regression,22.4,22.676139419823464,True,True,True,2024-12-31
2025-10-08,통영,harmonic_regression,22.0,22.53926484394196,True,True,True,2024-12-31
2025-10-09,통영,harmonic_regression,21.5,22.401483158224057,True,True,True,2024-12-31
2025-10-10,통영,harmonic_regression,21.3,22.262946114862327,True,True,True,2024-12-31
2025-10-11,통영,harmonic_regression,22.0,22.123800622284847,True,True,True,2024-12-31
2025-10-12,통영,harmonic_regression,22.5,21.98418836100543,True,True,True,2024-12-31
2025-10-13,통영,harmonic_regression,22.6,21.84424542690621,True,True,True,2024-12-31
2025-10-14,통영,harmonic_regression,22.7,21.704102003229195,True,True,True,2024-12-31
2025-10-15,통영,harmonic_regression,22.6,21.56388206242073,True,True,True,2024-12-31
2025-10-16,통영,harmonic_regression,22.7,21.423703098835915,True,True,True,2024-12-31
2025-10-17,통영,harmonic_regression,22.6,21.283675893168954,True,True,True,2024-12-31
2025-10-18,통영,harmonic_regression,22.7,21.14390430933095,True,True,True,2024-12-31
2025-10-19,통영,harmonic_regression,22.6,21.004485124349834,True,True,True,2024-12-31
2025-10-20,통영,harmonic_regression,22.5,20.865507891717954,True,True,True,2024-12-31
2025-10-21,통영,harmonic_regression,22.3,20.727054838462756,True,True,True,2024-12-31
2025-10-22,통영,harmonic_regression,22.1,20.589200796064862,True,True,True,2024-12-31
2025-10-23,통영,harmonic_regression,22.0,20.45201316519734,True,True,True,2024-12-31
2025-10-24,통영,harmonic_regression,21.9,20.315551914109435,True,True,True,2024-12-31
2025-10-25,통영,harmonic_regression,21.9,20.179869610329977,True,True,True,2024-12-31
2025-10-26,통영,harmonic_regression,21.8,20.04501148521848,True,True,True,2024-12-31
2025-10-27,통영,harmonic_regression,21.7,19.911015530748838,True,True,True,2024-12-31
2025-10-28,통영,harmonic_regression,21.4,19.777912627769453,True,True,True,2024-12-31
2025-10-29,통영,harmonic_regression,21.2,19.645726704848077,True,True,True,2024-12-31
2025-10-30,통영,harmonic_regression,21.0,19.514474926677128,True,True,True,2024-12-31
2025-10-31,통영,harmonic_regression,20.9,19.384167910889573,True,True,True,2024-12-31
2025-11-01,통영,harmonic_regression,20.7,19.254809972014115,True,True,True,2024-12-31
2025-11-02,통영,harmonic_regression,20.4,19.12639939118459,True,True,True,2024-12-31
2025-11-03,통영,harmonic_regression,19.9,18.998928710110636,True,True,True,2024-12-31
2025-11-04,통영,harmonic_regression,19.5,18.872385047716577,True,True,True,2024-12-31
2025-11-05,통영,harmonic_regression,19.3,18.746750437762945,True,True,True,2024-12-31
2025-11-06,통영,harmonic_regression,19.1,18.62200218568072,True,True,True,2024-12-31
2025-11-07,통영,harmonic_regression,19.0,18.498113242772277,True,True,True,2024-12-31
2025-11-08,통영,harmonic_regression,18.9,18.375052595866226,True,True,True,2024-12-31
2025-11-09,통영,harmonic_regression,18.8,18.252785670454923,True,True,True,2024-12-31
2025-11-10,통영,harmonic_regression,18.7,18.13127474529514,True,True,True,2024-12-31
2025-11-11,통영,harmonic_regression,18.6,18.010479376412714,True,True,True,2024-12-31
2025-11-12,통영,harmonic_regression,18.5,17.89035682842284,True,True,True,2024-12-31
2025-11-13,통영,harmonic_regression,18.4,17.770862511057487,True,True,True,2024-12-31
2025-11-14,통영,harmonic_regression,18.4,17.65195041878174,True,True,True,2024-12-31
2025-11-15,통영,harmonic_regression,18.3,17.533573571380344,True,True,True,2024-12-31
2025-11-16,통영,harmonic_regression,18.3,17.415684453405618,True,True,True,2024-12-31
2025-11-17,통영,harmonic_regression,18.2,17.298235450396863,True,True,True,2024-12-31
2025-11-18,통영,harmonic_regression,17.9,17.181179279810586,True,True,True,2024-12-31
2025-11-19,통영,harmonic_regression,17.7,17.064469414638715,True,True,True,2024-12-31
2025-11-20,통영,harmonic_regression,17.6,16.948060497739863,True,True,True,2024-12-31
2025-11-21,통영,harmonic_regression,17.4,16.83190874496459,True,True,True,2024-12-31
2025-11-22,통영,harmonic_regression,17.2,16.71597233522112,True,True,True,2024-12-31
2025-11-23,통영,harmonic_regression,17.2,16.600211785700843,True,True,True,2024-12-31
2025-11-24,통영,harmonic_regression,17.1,16.48459031056441,True,True,True,2024-12-31
2025-11-25,통영,harmonic_regression,17.0,16.369074161478046,True,True,True,2024-12-31
2025-11-26,통영,harmonic_regression,16.9,16.253632948485233,True,True,True,2024-12-31
2025-11-27,통영,harmonic_regression,16.8,16.138239939801743,True,True,True,2024-12-31
2025-11-28,통영,harmonic_regression,16.6,16.02287233923016,True,True,True,2024-12-31
2025-11-29,통영,harmonic_regression,16.5,15.90751154000443,True,True,True,2024-12-31
2025-11-30,통영,harmonic_regression,16.6,15.79214335399388,True,True,True,2024-12-31
2025-12-01,통영,harmonic_regression,16.6,15.67675821531966,True,True,True,2024-12-31
2025-12-02,통영,harmonic_regression,16.5,15.56135135756421,True,True,True,2024-12-31
2025-12-03,통영,harmonic_regression,16.3,15.445922963884477,True,True,True,2024-12-31
2025-12-04,통영,harmonic_regression,16.1,15.330478289473273,True,True,True,2024-12-31
2025-12-05,통영,harmonic_regression,15.9,15.215027755947826,True,True,True,2024-12-31
2025-12-06,통영,harmonic_regression,15.7,15.099587017381504,True,True,True,2024-12-31
2025-12-07,통영,harmonic_regression,15.6,14.984176997831318,True,True,True,2024-12-31
2025-12-08,통영,harmonic_regression,15.5,14.868823900351385,True,True,True,2024-12-31
2025-12-09,통영,harmonic_regression,15.4,14.753559187618643,True,True,True,2024-12-31
2025-12-10,통영,harmonic_regression,15.2,14.638419534432657,True,True,True,2024-12-31
2025-12-11,통영,harmonic_regression,15.2,14.523446752484405,True,True,True,2024-12-31
2025-12-12,통영,harmonic_regression,15.1,14.408687687919883,True,True,True,2024-12-31
2025-12-13,통영,harmonic_regression,14.8,14.294194092351997,True,True,True,2024-12-31
2025-12-14,통영,harmonic_regression,14.8,14.180022468097963,True,True,True,2024-12-31
2025-12-15,통영,harmonic_regression,14.6,14.066233888539305,True,True,True,2024-12-31
2025-12-16,통영,harmonic_regression,14.6,13.952893794615983,True,True,True,2024-12-31
2025-12-17,통영,harmonic_regression,14.5,13.840071768575879,True,True,True,2024-12-31
2025-12-18,통영,harmonic_regression,14.4,13.727841286203883,True,True,True,2024-12-31
2025-12-19,통영,harmonic_regression,14.4,13.616279448852652,True,True,True,2024-12-31
2025-12-20,통영,harmonic_regression,14.4,13.5054666966865,True,True,True,2024-12-31
2025-12-21,통영,harmonic_regression,14.5,13.395486504634109,True,True,True,2024-12-31
2025-12-22,통영,harmonic_regression,14.5,13.286425062620285,True,True,True,2024-12-31
2025-12-23,통영,harmonic_regression,14.5,13.178370941715436,True,True,True,2024-12-31
2025-12-24,통영,harmonic_regression,14.5,13.071414747900636,True,True,True,2024-12-31
2025-12-25,통영,harmonic_regression,14.4,12.965648765197065,True,True,True,2024-12-31
2025-12-26,통영,harmonic_regression,14.2,12.86116658995141,True,True,True,2024-12-31
2025-12-27,통영,harmonic_regression,14.1,12.758062758101921,True,True,True,2024-12-31
2025-12-28,통영,harmonic_regression,14.0,12.656432367274933,True,True,True,2024-12-31
2025-12-29,통영,harmonic_regression,13.7,12.556370695576781,True,True,True,2024-12-31
2025-12-30,통영,harmonic_regression,13.5,12.45797281895304,True,True,True,2024-12-31
2025-12-31,통영,harmonic_regression,13.5,12.361333228984062,True,True,True,2024-12-31
2025-01-01,남해군,climatology,11.5,10.967857142857142,True,True,True,2024-12-31
2025-01-02,남해군,climatology,11.3,10.842857142857143,True,True,True,2024-12-31
2025-01-03,남해군,climatology,11.1,10.73214285714286,True,True,True,2024-12-31
2025-01-04,남해군,climatology,10.9,10.610714285714286,True,True,True,2024-12-31
2025-01-05,남해군,climatology,10.9,10.514285714285716,True,True,True,2024-12-31
2025-01-06,남해군,climatology,10.8,10.417857142857143,True,True,True,2024-12-31
2025-01-07,남해군,climatology,10.7,10.321428571428571,True,True,True,2024-12-31
2025-01-08,남해군,climatology,10.8,10.214285714285714,True,True,True,2024-12-31
2025-01-09,남해군,climatology,10.6,10.096428571428572,True,True,True,2024-12-31
2025-01-10,남해군,climatology,10.4,9.992857142857146,True,True,True,2024-12-31
2025-01-11,남해군,climatology,10.6,9.907142857142857,True,True,True,2024-12-31
2025-01-12,남해군,climatology,10.5,9.839285714285714,True,True,True,2024-12-31
2025-01-13,남해군,climatology,10.4,9.796428571428573,True,True,True,2024-12-31
2025-01-14,남해군,climatology,10.3,9.764285714285714,True,True,True,2024-12-31
2025-01-15,남해군,climatology,10.2,9.782142857142858,True,True,True,2024-12-31
2025-01-16,남해군,climatology,10.0,9.821428571428573,True,True,True,2024-12-31
2025-01-17,남해군,climatology,9.9,9.85357142857143,True,True,True,2024-12-31
2025-01-18,남해군,climatology,9.9,9.889285714285716,True,True,True,2024-12-31
2025-01-19,남해군,climatology,9.9,9.914285714285715,True,True,True,2024-12-31
2025-01-20,남해군,climatology,9.9,9.917857142857141,True,True,True,2024-12-31
2025-01-21,남해군,climatology,9.8,9.889285714285714,True,True,True,2024-12-31
2025-01-22,남해군,climatology,9.8,9.803571428571429,True,True,True,2024-12-31
2025-01-23,남해군,climatology,9.8,9.728571428571428,True,True,True,2024-12-31
2025-01-24,남해군,climatology,9.8,9.653571428571428,True,True,True,2024-12-31
2025-01-25,남해군,climatology,9.8,9.564285714285713,True,True,True,2024-12-31
2025-01-26,남해군,climatology,9.6,9.482142857142858,True,True,True,2024-12-31
2025-01-27,남해군,climatology,9.5,9.4,True,True,True,2024-12-31
2025-01-28,남해군,climatology,9.3,9.357142857142858,True,True,True,2024-12-31
2025-01-29,남해군,climatology,9.0,9.35,True,True,True,2024-12-31
2025-01-30,남해군,climatology,8.9,9.314285714285715,True,True,True,2024-12-31
2025-01-31,남해군,climatology,8.9,9.264285714285714,True,True,True,2024-12-31
2025-02-01,남해군,climatology,8.8,9.214285714285714,True,True,True,2024-12-31
2025-02-02,남해군,climatology,8.7,9.15,True,True,True,2024-12-31
2025-02-03,남해군,climatology,8.7,9.071428571428571,True,True,True,2024-12-31
2025-02-04,남해군,climatology,8.5,8.97857142857143,True,True,True,2024-12-31
2025-02-05,남해군,climatology,8.4,8.860714285714286,True,True,True,2024-12-31
2025-02-06,남해군,climatology,8.3,8.74642857142857,True,True,True,2024-12-31
2025-02-07,남해군,climatology,8.1,8.696428571428573,True,True,True,2024-12-31
2025-02-08,남해군,climatology,7.8,8.675,True,True,True,2024-12-31
2025-02-09,남해군,climatology,7.5,8.692857142857143,True,True,True,2024-12-31
2025-02-10,남해군,climatology,7.7,8.739285714285716,True,True,True,2024-12-31
2025-02-11,남해군,climatology,7.9,8.8,True,True,True,2024-12-31
2025-02-12,남해군,climatology,8.4,8.87857142857143,True,True,True,2024-12-31
2025-02-13,남해군,climatology,8.4,8.989285714285716,True,True,True,2024-12-31
2025-02-14,남해군,climatology,8.5,9.035714285714286,True,True,True,2024-12-31
2025-02-15,남해군,climatology,8.4,9.071428571428573,True,True,True,2024-12-31
2025-02-16,남해군,climatology,8.4,9.089285714285714,True,True,True,2024-12-31
2025-02-17,남해군,climatology,8.5,9.092857142857142,True,True,True,2024-12-31
2025-02-18,남해군,climatology,8.5,9.085714285714285,True,True,True,2024-12-31
2025-02-19,남해군,climatology,8.0,9.075,True,True,True,2024-12-31
2025-02-20,남해군,climatology,8.0,9.02142857142857,True,True,True,2024-12-31
2025-02-21,남해군,climatology,8.1,8.996428571428572,True,True,True,2024-12-31
2025-02-22,남해군,climatology,8.5,8.960714285714287,True,True,True,2024-12-31
2025-02-23,남해군,climatology,8.8,8.914285714285716,True,True,True,2024-12-31
2025-02-24,남해군,climatology,8.8,8.864285714285716,True,True,True,2024-12-31
2025-02-25,남해군,climatology,8.7,8.846428571428572,True,True,True,2024-12-31
2025-02-26,남해군,climatology,8.7,8.879310344827585,True,True,True,2024-12-31
2025-02-27,남해군,climatology,8.7,8.917241379310344,True,True,True,2024-12-31
2025-02-28,남해군,climatology,8.9,8.944827586206896,True,True,True,2024-12-31
2025-03-01,남해군,climatology,9.0,8.989655172413793,True,True,True,2024-12-31
2025-03-02,남해군,climatology,9.2,9.00689655172414,True,True,True,2024-12-31
2025-03-03,남해군,climatology,9.3,9.044827586206896,True,True,True,2024-12-31
2025-03-04,남해군,climatology,8.9,9.093103448275862,True,True,True,2024-12-31
2025-03-05,남해군,climatology,8.8,9.124999999999998,True,True,True,2024-12-31
2025-03-06,남해군,climatology,8.8,9.185714285714285,True,True,True,2024-12-31
2025-03-07,남해군,climatology,8.5,9.25,True,True,True,2024-12-31
2025-03-08,남해군,climatology,8.3,9.317857142857141,True,True,True,2024-12-31
2025-03-09,남해군,climatology,8.4,9.439285714285713,True,True,True,2024-12-31
2025-03-10,남해군,climatology,8.4,9.539285714285713,True,True,True,2024-12-31
2025-03-11,남해군,climatology,8.6,9.610714285714284,True,True,True,2024-12-31
2025-03-12,남해군,climatology,8.7,9.717857142857143,True,True,True,2024-12-31
2025-03-13,남해군,climatology,8.8,9.828571428571427,True,True,True,2024-12-31
2025-03-14,남해군,climatology,8.9,9.975,True,True,True,2024-12-31
2025-03-15,남해군,climatology,9.0,10.128571428571428,True,True,True,2024-12-31
2025-03-16,남해군,climatology,9.0,10.274999999999997,True,True,True,2024-12-31
2025-03-17,남해군,climatology,8.9,10.439285714285715,True,True,True,2024-12-31
2025-03-18,남해군,climatology,8.9,10.6,True,True,True,2024-12-31
2025-03-19,남해군,climatology,8.9,10.714285714285714,True,True,True,2024-12-31
2025-03-20,남해군,climatology,9.0,10.832142857142857,True,True,True,2024-12-31
2025-03-21,남해군,climatology,9.0,10.925,True,True,True,2024-12-31
2025-03-22,남해군,climatology,9.1,11.021428571428572,True,True,True,2024-12-31
2025-03-23,남해군,climatology,9.2,11.114285714285716,True,True,True,2024-12-31
2025-03-24,남해군,climatology,9.3,11.225000000000003,True,True,True,2024-12-31
2025-03-25,남해군,climatology,9.4,11.335714285714285,True,True,True,2024-12-31
2025-03-26,남해군,climatology,9.6,11.453571428571427,True,True,True,2024-12-31
2025-03-27,남해군,climatology,9.9,11.560714285714285,True,True,True,2024-12-31
2025-03-28,남해군,climatology,10.2,11.7,True,True,True,2024-12-31
2025-03-29,남해군,climatology,10.4,11.853571428571428,True,True,True,2024-12-31
2025-03-30,남해군,climatology,10.1,12.01785714285714,True,True,True,2024-12-31
2025-03-31,남해군,climatology,9.9,12.175,True,True,True,2024-12-31
2025-04-01,남해군,climatology,10.0,12.335714285714285,True,True,True,2024-12-31
2025-04-02,남해군,climatology,10.1,12.5,True,True,True,2024-12-31
2025-04-03,남해군,climatology,10.2,12.639285714285716,True,True,True,2024-12-31
2025-04-04,남해군,climatology,10.5,12.750000000000002,True,True,True,2024-12-31
2025-04-05,남해군,climatology,10.5,12.839285714285712,True,True,True,2024-12-31
2025-04-06,남해군,climatology,10.5,12.917857142857143,True,True,True,2024-12-31
2025-04-07,남해군,climatology,10.8,12.978571428571428,True,True,True,2024-12-31
2025-04-08,남해군,climatology,10.5,13.071428571428571,True,True,True,2024-12-31
2025-04-09,남해군,climatology,10.9,13.167857142857143,True,True,True,2024-12-31
2025-04-10,남해군,climatology,11.1,13.282142857142857,True,True,True,2024-12-31
2025-04-11,남해군,climatology,11.3,13.410714285714286,True,True,True,2024-12-31
2025-04-12,남해군,climatology,11.8,13.542857142857143,True,True,True,2024-12-31
2025-04-13,남해군,climatology,11.5,13.667857142857143,True,True,True,2024-12-31
2025-04-14,남해군,climatology,11.0,13.782142857142858,True,True,True,2024-12-31
2025-04-15,남해군,climatology,10.9,13.864285714285717,True,True,True,2024-12-31
2025-04-16,남해군,climatology,11.2,13.92857142857143,True,True,True,2024-12-31
2025-04-17,남해군,climatology,11.2,14.014285714285716,True,True,True,2024-12-31
2025-04-18,남해군,climatology,11.4,14.110714285714284,True,True,True,2024-12-31
2025-04-19,남해군,climatology,11.4,14.235714285714286,True,True,True,2024-12-31
2025-04-20,남해군,climatology,11.5,14.360714285714284,True,True,True,2024-12-31
2025-04-21,남해군,climatology,12.4,14.510714285714284,True,True,True,2024-12-31
2025-04-22,남해군,climatology,12.5,14.664285714285713,True,True,True,2024-12-31
2025-04-23,남해군,climatology,12.8,14.832142857142857,True,True,True,2024-12-31
2025-04-24,남해군,climatology,12.7,15.010714285714286,True,True,True,2024-12-31
2025-04-25,남해군,climatology,13.0,15.171428571428573,True,True,True,2024-12-31
2025-04-26,남해군,climatology,13.0,15.30357142857143,True,True,True,2024-12-31
2025-04-27,남해군,climatology,13.1,15.392857142857142,True,True,True,2024-12-31
2025-04-28,남해군,climatology,13.1,15.457142857142857,True,True,True,2024-12-31
2025-04-29,남해군,climatology,13.3,15.507142857142856,True,True,True,2024-12-31
2025-04-30,남해군,climatology,13.4,15.542857142857144,True,True,True,2024-12-31
2025-05-01,남해군,climatology,13.5,15.549999999999999,True,True,True,2024-12-31
2025-05-02,남해군,climatology,13.5,15.539285714285713,True,True,True,2024-12-31
2025-05-03,남해군,climatology,14.1,15.549999999999997,True,True,True,2024-12-31
2025-05-04,남해군,climatology,14.4,15.62142857142857,True,True,True,2024-12-31
2025-05-05,남해군,climatology,14.5,15.728571428571428,True,True,True,2024-12-31
2025-05-06,남해군,climatology,14.6,15.860714285714286,True,True,True,2024-12-31
2025-05-07,남해군,climatology,14.6,16.014285714285712,True,True,True,2024-12-31
2025-05-08,남해군,climatology,14.6,16.189285714285713,True,True,True,2024-12-31
2025-05-09,남해군,climatology,15.0,16.382142857142856,True,True,True,2024-12-31
2025-05-10,남해군,climatology,13.6,16.564285714285713,True,True,True,2024-12-31
2025-05-11,남해군,climatology,13.9,16.735714285714284,True,True,True,2024-12-31
2025-05-12,남해군,climatology,14.4,16.875,True,True,True,2024-12-31
2025-05-13,남해군,climatology,14.5,16.90357142857143,True,True,True,2024-12-31
2025-05-14,남해군,climatology,14.6,16.907142857142855,True,True,True,2024-12-31
2025-05-15,남해군,climatology,14.8,16.946428571428573,True,True,True,2024-12-31
2025-05-16,남해군,climatology,15.1,17.007142857142856,True,True,True,2024-12-31
2025-05-17,남해군,climatology,15.3,17.057142857142857,True,True,True,2024-12-31
2025-05-18,남해군,climatology,15.5,17.12142857142857,True,True,True,2024-12-31
2025-05-19,남해군,climatology,15.5,17.23928571428571,True,True,True,2024-12-31
2025-05-20,남해군,climatology,15.1,17.45357142857143,True,True,True,2024-12-31
2025-05-21,남해군,climatology,16.1,17.674999999999997,True,True,True,2024-12-31
2025-05-22,남해군,climatology,16.7,17.82857142857143,True,True,True,2024-12-31
2025-05-23,남해군,climatology,16.9,17.946428571428573,True,True,True,2024-12-31
2025-05-24,남해군,climatology,17.0,18.014285714285716,True,True,True,2024-12-31
2025-05-25,남해군,climatology,16.9,18.03214285714286,True,True,True,2024-12-31
2025-05-26,남해군,climatology,16.8,17.985714285714288,True,True,True,2024-12-31
2025-05-27,남해군,climatology,17.0,18.014285714285716,True,True,True,2024-12-31
2025-05-28,남해군,climatology,17.2,18.092857142857145,True,True,True,2024-12-31
2025-05-29,남해군,climatology,17.3,18.196428571428573,True,True,True,2024-12-31
2025-05-30,남해군,climatology,17.3,18.317857142857147,True,True,True,2024-12-31
2025-05-31,남해군,climatology,17.3,18.51071428571429,True,True,True,2024-12-31
2025-06-01,남해군,climatology,17.5,18.764285714285716,True,True,True,2024-12-31
2025-06-02,남해군,climatology,17.5,19.01071428571429,True,True,True,2024-12-31
2025-06-03,남해군,climatology,18.2,19.125000000000004,True,True,True,2024-12-31
2025-06-04,남해군,climatology,17.9,19.210714285714285,True,True,True,2024-12-31
2025-06-05,남해군,climatology,17.9,19.3,True,True,True,2024-12-31
2025-06-06,남해군,climatology,17.8,19.428571428571427,True,True,True,2024-12-31
2025-06-07,남해군,climatology,17.9,19.539285714285715,True,True,True,2024-12-31
2025-06-08,남해군,climatology,17.8,19.63214285714286,True,True,True,2024-12-31
2025-06-09,남해군,climatology,17.9,19.77857142857143,True,True,True,2024-12-31
2025-06-10,남해군,climatology,17.9,19.967857142857145,True,True,True,2024-12-31
2025-06-11,남해군,climatology,18.2,20.125,True,True,True,2024-12-31
2025-06-12,남해군,climatology,18.5,20.28928571428571,True,True,True,2024-12-31
2025-06-13,남해군,climatology,18.8,20.38214285714286,True,True,True,2024-12-31
2025-06-14,남해군,climatology,19.2,20.46428571428571,True,True,True,2024-12-31
2025-06-15,남해군,climatology,19.0,20.528571428571432,True,True,True,2024-12-31
2025-06-16,남해군,climatology,18.1,20.571428571428573,True,True,True,2024-12-31
2025-06-17,남해군,climatology,18.2,20.65357142857143,True,True,True,2024-12-31
2025-06-18,남해군,climatology,19.0,20.78214285714285,True,True,True,2024-12-31
2025-06-19,남해군,climatology,19.2,20.842857142857138,True,True,True,2024-12-31
2025-06-20,남해군,climatology,19.4,20.875,True,True,True,2024-12-31
2025-06-21,남해군,climatology,17.2,20.896428571428572,True,True,True,2024-12-31
2025-06-22,남해군,climatology,18.2,20.942857142857143,True,True,True,2024-12-31
2025-06-23,남해군,climatology,19.6,20.985714285714288,True,True,True,2024-12-31
2025-06-24,남해군,climatology,20.4,20.971428571428568,True,True,True,2024-12-31
2025-06-25,남해군,climatology,19.8,20.957142857142856,True,True,True,2024-12-31
2025-06-26,남해군,climatology,18.8,20.974999999999998,True,True,True,2024-12-31
2025-06-27,남해군,climatology,19.7,20.957142857142856,True,True,True,2024-12-31
2025-06-28,남해군,climatology,19.7,21.099999999999998,True,True,True,2024-12-31
2025-06-29,남해군,climatology,19.6,21.28928571428571,True,True,True,2024-12-31
2025-06-30,남해군,climatology,19.8,21.485714285714284,True,True,True,2024-12-31
2025-07-01,남해군,climatology,19.9,21.66428571428571,True,True,True,2024-12-31
2025-07-02,남해군,climatology,20.2,21.78928571428571,True,True,True,2024-12-31
2025-07-03,남해군,climatology,20.3,21.925,True,True,True,2024-12-31
2025-07-04,남해군,climatology,20.2,22.103571428571428,True,True,True,2024-12-31
2025-07-05,남해군,climatology,19.9,22.146428571428576,True,True,True,2024-12-31
2025-07-06,남해군,climatology,19.7,22.081481481481482,True,True,True,2024-12-31
2025-07-07,남해군,climatology,20.5,21.946153846153848,True,True,True,2024-12-31
2025-07-08,남해군,climatology,21.8,21.896,True,True,True,2024-12-31
2025-07-09,남해군,climatology,22.7,21.944000000000003,True,True,True,2024-12-31
2025-07-10,남해군,climatology,23.0,21.992000000000004,True,True,True,2024-12-31
2025-07-11,남해군,climatology,25.0,22.007999999999996,True,True,True,2024-12-31
2025-07-12,남해군,climatology,24.7,21.991999999999997,True,True,True,2024-12-31
2025-07-13,남해군,climatology,24.2,22.134615384615383,True,True,True,2024-12-31
2025-07-14,남해군,climatology,24.0,22.340740740740742,True,True,True,2024-12-31
2025-07-15,남해군,climatology,23.6,22.442857142857147,True,True,True,2024-12-31
2025-07-16,남해군,climatology,23.6,22.48214285714286,True,True,True,2024-12-31
2025-07-17,남해군,climatology,23.5,22.575000000000006,True,True,True,2024-12-31
2025-07-18,남해군,climatology,23.8,22.66071428571429,True,True,True,2024-12-31
2025-07-19,남해군,climatology,24.0,22.789285714285715,True,True,True,2024-12-31
2025-07-20,남해군,climatology,24.5,22.803571428571423,True,True,True,2024-12-31
2025-07-21,남해군,climatology,24.7,22.760714285714283,True,True,True,2024-12-31
2025-07-22,남해군,climatology,24.8,22.803571428571427,True,True,True,2024-12-31
2025-07-23,남해군,climatology,24.8,22.910714285714285,True,True,True,2024-12-31
2025-07-24,남해군,climatology,24.9,22.97857142857143,True,True,True,2024-12-31
2025-07-25,남해군,climatology,25.0,23.128571428571433,True,True,True,2024-12-31
2025-07-26,남해군,climatology,25.3,23.25,True,True,True,2024-12-31
2025-07-27,남해군,climatology,25.4,23.375,True,True,True,2024-12-31
2025-07-28,남해군,climatology,25.5,23.514285714285712,True,True,True,2024-12-31
2025-07-29,남해군,climatology,26.1,23.585714285714282,True,True,True,2024-12-31
2025-07-30,남해군,climatology,26.6,23.607142857142854,True,True,True,2024-12-31
2025-07-31,남해군,climatology,26.6,23.625,True,True,True,2024-12-31
2025-08-01,남해군,climatology,26.9,23.664285714285715,True,True,True,2024-12-31
2025-08-02,남해군,climatology,26.3,23.76071428571429,True,True,True,2024-12-31
2025-08-03,남해군,climatology,25.9,23.878571428571433,True,True,True,2024-12-31
2025-08-04,남해군,climatology,24.3,24.04285714285714,True,True,True,2024-12-31
2025-08-05,남해군,climatology,25.7,24.303571428571423,True,True,True,2024-12-31
2025-08-06,남해군,climatology,25.3,24.589285714285715,True,True,True,2024-12-31
2025-08-07,남해군,climatology,25.5,24.810714285714287,True,True,True,2024-12-31
2025-08-08,남해군,climatology,26.4,24.992857142857144,True,True,True,2024-12-31
2025-08-09,남해군,climatology,25.7,25.103571428571428,True,True,True,2024-12-31
2025-08-10,남해군,climatology,25.6,25.221428571428568,True,True,True,2024-12-31
2025-08-11,남해군,climatology,25.2,25.30714285714286,True,True,True,2024-12-31
2025-08-12,남해군,climatology,25.2,25.360714285714288,True,True,True,2024-12-31
2025-08-13,남해군,climatology,24.3,25.414285714285715,True,True,True,2024-12-31
2025-08-14,남해군,climatology,23.8,25.575000000000006,True,True,True,2024-12-31
2025-08-15,남해군,climatology,23.7,25.753571428571433,True,True,True,2024-12-31
2025-08-16,남해군,climatology,23.7,25.946428571428573,True,True,True,2024-12-31
2025-08-17,남해군,climatology,23.4,26.085714285714285,True,True,True,2024-12-31
2025-08-18,남해군,climatology,23.4,26.23928571428571,True,True,True,2024-12-31
2025-08-19,남해군,climatology,23.1,26.353571428571424,True,True,True,2024-12-31
2025-08-20,남해군,climatology,22.9,26.414285714285715,True,True,True,2024-12-31
2025-08-21,남해군,climatology,23.5,26.432142857142853,True,True,True,2024-12-31
2025-08-22,남해군,climatology,23.4,26.439285714285713,True,True,True,2024-12-31
2025-08-23,남해군,climatology,22.9,26.41071428571428,True,True,True,2024-12-31
2025-08-24,남해군,climatology,22.8,26.432142857142857,True,True,True,2024-12-31
2025-08-25,남해군,climatology,22.6,26.450000000000006,True,True,True,2024-12-31
2025-08-26,남해군,climatology,22.2,26.451851851851856,True,True,True,2024-12-31
2025-08-27,남해군,climatology,22.6,26.453846153846158,True,True,True,2024-12-31
2025-08-28,남해군,climatology,22.8,26.435999999999993,True,True,True,2024-12-31
2025-08-29,남해군,climatology,22.3,26.40416666666667,True,True,True,2024-12-31
2025-08-30,남해군,climatology,22.1,26.37391304347826,True,True,True,2024-12-31
2025-08-31,남해군,climatology,22.1,26.309090909090912,True,True,True,2024-12-31
2025-09-01,남해군,climatology,22.0,26.26666666666667,True,True,True,2024-12-31
2025-09-02,남해군,climatology,21.8,26.29047619047619,True,True,True,2024-12-31
2025-09-03,남해군,climatology,22.7,26.35238095238096,True,True,True,2024-12-31
2025-09-04,남해군,climatology,24.3,26.4,True,True,True,2024-12-31
2025-09-05,남해군,climatology,24.4,26.447619047619053,True,True,True,2024-12-31
2025-09-06,남해군,climatology,23.2,26.533333333333335,True,True,True,2024-12-31
2025-09-07,남해군,climatology,22.5,26.623809523809523,True,True,True,2024-12-31
2025-09-08,남해군,climatology,24.0,26.68095238095238,True,True,True,2024-12-31
2025-09-09,남해군,climatology,24.7,26.699999999999996,True,True,True,2024-12-31
2025-09-10,남해군,climatology,24.3,26.70952380952381,True,True,True,2024-12-31
2025-09-11,남해군,climatology,24.0,26.719047619047622,True,True,True,2024-12-31
2025-09-12,남해군,climatology,23.8,26.74285714285714,True,True,True,2024-12-31
2025-09-13,남해군,climatology,23.1,26.766666666666662,True,True,True,2024-12-31
2025-09-14,남해군,climatology,22.7,26.804761904761904,True,True,True,2024-12-31
2025-09-15,남해군,climatology,23.0,26.847619047619045,True,True,True,2024-12-31
2025-09-16,남해군,climatology,23.0,26.885714285714283,True,True,True,2024-12-31
2025-09-17,남해군,climatology,22.9,26.885714285714286,True,True,True,2024-12-31
2025-09-18,남해군,climatology,23.8,26.776190476190475,True,True,True,2024-12-31
2025-09-19,남해군,climatology,24.5,26.657142857142855,True,True,True,2024-12-31
2025-09-20,남해군,climatology,24.4,26.514285714285716,True,True,True,2024-12-31
2025-09-21,남해군,climatology,24.3,26.300000000000004,True,True,True,2024-12-31
2025-09-22,남해군,climatology,24.2,26.03809523809524,True,True,True,2024-12-31
2025-09-23,남해군,climatology,24.0,25.77619047619048,True,True,True,2024-12-31
2025-09-24,남해군,climatology,24.0,25.55714285714286,True,True,True,2024-12-31
2025-09-25,남해군,climatology,24.0,25.461904761904766,True,True,True,2024-12-31
2025-09-26,남해군,climatology,24.1,25.357142857142858,True,True,True,2024-12-31
2025-09-27,남해군,climatology,24.2,25.24761904761905,True,True,True,2024-12-31
2025-09-28,남해군,climatology,24.3,25.185714285714283,True,True,True,2024-12-31
2025-09-29,남해군,climatology,24.2,25.138095238095243,True,True,True,2024-12-31
2025-09-30,남해군,climatology,24.2,25.05714285714286,True,True,True,2024-12-31
2025-10-01,남해군,climatology,24.2,24.919047619047618,True,True,True,2024-12-31
2025-10-02,남해군,climatology,24.1,24.757142857142856,True,True,True,2024-12-31
2025-10-03,남해군,climatology,23.8,24.55909090909091,True,True,True,2024-12-31
2025-10-04,남해군,climatology,23.6,24.347826086956523,True,True,True,2024-12-31
2025-10-05,남해군,climatology,23.7,24.1375,True,True,True,2024-12-31
2025-10-06,남해군,climatology,23.8,23.936,True,True,True,2024-12-31
2025-10-07,남해군,climatology,23.8,23.765384615384615,True,True,True,2024-12-31
2025-10-08,남해군,climatology,23.7,23.62222222222222,True,True,True,2024-12-31
2025-10-09,남해군,climatology,23.6,23.474999999999994,True,True,True,2024-12-31
2025-10-10,남해군,climatology,23.4,23.303571428571423,True,True,True,2024-12-31
2025-10-11,남해군,climatology,23.4,23.157142857142855,True,True,True,2024-12-31
2025-10-12,남해군,climatology,23.4,23.025000000000002,True,True,True,2024-12-31
2025-10-13,남해군,climatology,23.4,22.903571428571432,True,True,True,2024-12-31
2025-10-14,남해군,climatology,23.4,22.76071428571429,True,True,True,2024-12-31
2025-10-15,남해군,climatology,23.2,22.60357142857143,True,True,True,2024-12-31
2025-10-16,남해군,climatology,23.2,22.45,True,True,True,2024-12-31
2025-10-17,남해군,climatology,23.1,22.28571428571429,True,True,True,2024-12-31
2025-10-18,남해군,climatology,23.3,22.08571428571429,True,True,True,2024-12-31
2025-10-19,남해군,climatology,23.0,21.86428571428571,True,True,True,2024-12-31
2025-10-20,남해군,climatology,22.8,21.650000000000002,True,True,True,2024-12-31
2025-10-21,남해군,climatology,22.6,21.439285714285713,True,True,True,2024-12-31
2025-10-22,남해군,climatology,22.4,21.224999999999998,True,True,True,2024-12-31
2025-10-23,남해군,climatology,22.4,21.02142857142857,True,True,True,2024-12-31
2025-10-24,남해군,climatology,22.2,20.828571428571426,True,True,True,2024-12-31
2025-10-25,남해군,climatology,22.1,20.682142857142857,True,True,True,2024-12-31
2025-10-26,남해군,climatology,22.0,20.542857142857144,True,True,True,2024-12-31
2025-10-27,남해군,climatology,21.9,20.396428571428572,True,True,True,2024-12-31
2025-10-28,남해군,climatology,21.8,20.27142857142857,True,True,True,2024-12-31
2025-10-29,남해군,climatology,21.6,20.16428571428571,True,True,True,2024-12-31
2025-10-30,남해군,climatology,21.5,20.04285714285714,True,True,True,2024-12-31
2025-10-31,남해군,climatology,21.7,19.939285714285713,True,True,True,2024-12-31
2025-11-01,남해군,climatology,21.5,19.82857142857143,True,True,True,2024-12-31
2025-11-02,남해군,climatology,21.1,19.728571428571424,True,True,True,2024-12-31
2025-11-03,남해군,climatology,20.9,19.603571428571428,True,True,True,2024-12-31
2025-11-04,남해군,climatology,20.9,19.467857142857145,True,True,True,2024-12-31
2025-11-05,남해군,climatology,20.8,19.335714285714285,True,True,True,2024-12-31
2025-11-06,남해군,climatology,20.8,19.228571428571428,True,True,True,2024-12-31
2025-11-07,남해군,climatology,20.6,19.103571428571428,True,True,True,2024-12-31
2025-11-08,남해군,climatology,20.4,18.967857142857145,True,True,True,2024-12-31
2025-11-09,남해군,climatology,20.0,18.81785714285714,True,True,True,2024-12-31
2025-11-10,남해군,climatology,19.8,18.692857142857143,True,True,True,2024-12-31
2025-11-11,남해군,climatology,19.6,18.564285714285713,True,True,True,2024-12-31
2025-11-12,남해군,climatology,19.3,18.425,True,True,True,2024-12-31
2025-11-13,남해군,climatology,19.1,18.275000000000002,True,True,True,2024-12-31
2025-11-14,남해군,climatology,19.0,18.132142857142856,True,True,True,2024-12-31
2025-11-15,남해군,climatology,18.9,17.97857142857143,True,True,True,2024-12-31
2025-11-16,남해군,climatology,18.8,17.817857142857143,True,True,True,2024-12-31
2025-11-17,남해군,climatology,18.6,17.65357142857143,True,True,True,2024-12-31
2025-11-18,남해군,climatology,18.1,17.50357142857143,True,True,True,2024-12-31
2025-11-19,남해군,climatology,17.9,17.360714285714288,True,True,True,2024-12-31
2025-11-20,남해군,climatology,17.8,17.210714285714285,True,True,True,2024-12-31
2025-11-21,남해군,climatology,17.6,17.085185185185185,True,True,True,2024-12-31
2025-11-22,남해군,climatology,17.5,16.969230769230766,True,True,True,2024-12-31
2025-11-23,남해군,climatology,17.4,16.815384615384616,True,True,True,2024-12-31
2025-11-24,남해군,climatology,17.3,16.665384615384617,True,True,True,2024-12-31
2025-11-25,남해군,climatology,17.2,16.50384615384615,True,True,True,2024-12-31
2025-11-26,남해군,climatology,17.1,16.334615384615383,True,True,True,2024-12-31
2025-11-27,남해군,climatology,16.9,16.157692307692308,True,True,True,2024-12-31
2025-11-28,남해군,climatology,16.6,15.96666666666667,True,True,True,2024-12-31
2025-11-29,남해군,climatology,16.7,15.782142857142858,True,True,True,2024-12-31
2025-11-30,남해군,climatology,16.6,15.617857142857146,True,True,True,2024-12-31
2025-12-01,남해군,climatology,16.6,15.442857142857141,True,True,True,2024-12-31
2025-12-02,남해군,climatology,16.3,15.26785714285714,True,True,True,2024-12-31
2025-12-03,남해군,climatology,15.9,15.082142857142856,True,True,True,2024-12-31
2025-12-04,남해군,climatology,15.6,14.910714285714286,True,True,True,2024-12-31
2025-12-05,남해군,climatology,15.3,14.767857142857142,True,True,True,2024-12-31
2025-12-06,남해군,climatology,15.2,14.63928571428571,True,True,True,2024-12-31
2025-12-07,남해군,climatology,15.2,14.51785714285714,True,True,True,2024-12-31
2025-12-08,남해군,climatology,15.0,14.403571428571427,True,True,True,2024-12-31
2025-12-09,남해군,climatology,14.6,14.282142857142857,True,True,True,2024-12-31
2025-12-10,남해군,climatology,14.4,14.160714285714286,True,True,True,2024-12-31
2025-12-11,남해군,climatology,14.4,14.028571428571428,True,True,True,2024-12-31
2025-12-12,남해군,climatology,14.0,13.885714285714284,True,True,True,2024-12-31
2025-12-13,남해군,climatology,13.9,13.742857142857144,True,True,True,2024-12-31
2025-12-14,남해군,climatology,13.6,13.567857142857141,True,True,True,2024-12-31
2025-12-15,남해군,climatology,13.7,13.360714285714284,True,True,True,2024-12-31
2025-12-16,남해군,climatology,13.8,13.15,True,True,True,2024-12-31
2025-12-17,남해군,climatology,13.7,12.957142857142857,True,True,True,2024-12-31
2025-12-18,남해군,climatology,13.7,12.771428571428572,True,True,True,2024-12-31
2025-12-19,남해군,climatology,13.6,12.592857142857143,True,True,True,2024-12-31
2025-12-20,남해군,climatology,13.6,12.407142857142858,True,True,True,2024-12-31
2025-12-21,남해군,climatology,13.4,12.260714285714286,True,True,True,2024-12-31
2025-12-22,남해군,climatology,13.0,12.146428571428572,True,True,True,2024-12-31
2025-12-23,남해군,climatology,13.0,12.046428571428573,True,True,True,2024-12-31
2025-12-24,남해군,climatology,13.0,11.94642857142857,True,True,True,2024-12-31
2025-12-25,남해군,climatology,12.9,11.857142857142856,True,True,True,2024-12-31
2025-12-26,남해군,climatology,12.5,11.764285714285714,True,True,True,2024-12-31
2025-12-27,남해군,climatology,12.2,11.657142857142857,True,True,True,2024-12-31
2025-12-28,남해군,climatology,12.7,11.528571428571428,True,True,True,2024-12-31
2025-12-29,남해군,climatology,13.0,11.378571428571428,True,True,True,2024-12-31
2025-12-30,남해군,climatology,12.8,11.239285714285714,True,True,True,2024-12-31
2025-12-31,남해군,climatology,12.5,11.107142857142856,True,True,True,2024-12-31
2025-01-01,남해군,naive_seasonal,11.5,11.0,True,True,True,2024-12-31
2025-01-02,남해군,naive_seasonal,11.3,10.9,True,True,True,2024-12-31
2025-01-03,남해군,naive_seasonal,11.1,10.8,True,True,True,2024-12-31
2025-01-04,남해군,naive_seasonal,10.9,10.7,True,True,True,2024-12-31
2025-01-05,남해군,naive_seasonal,10.9,10.6,True,True,True,2024-12-31
2025-01-06,남해군,naive_seasonal,10.8,10.6,True,True,True,2024-12-31
2025-01-07,남해군,naive_seasonal,10.7,10.4,True,True,True,2024-12-31
2025-01-08,남해군,naive_seasonal,10.8,10.3,True,True,True,2024-12-31
2025-01-09,남해군,naive_seasonal,10.6,10.2,True,True,True,2024-12-31
2025-01-10,남해군,naive_seasonal,10.4,10.3,True,True,True,2024-12-31
2025-01-11,남해군,naive_seasonal,10.6,10.2,True,True,True,2024-12-31
2025-01-12,남해군,naive_seasonal,10.5,10.1,True,True,True,2024-12-31
2025-01-13,남해군,naive_seasonal,10.4,10.0,True,True,True,2024-12-31
2025-01-14,남해군,naive_seasonal,10.3,10.0,True,True,True,2024-12-31
2025-01-15,남해군,naive_seasonal,10.2,9.9,True,True,True,2024-12-31
2025-01-16,남해군,naive_seasonal,10.0,9.8,True,True,True,2024-12-31
2025-01-17,남해군,naive_seasonal,9.9,9.8,True,True,True,2024-12-31
2025-01-18,남해군,naive_seasonal,9.9,9.8,True,True,True,2024-12-31
2025-01-19,남해군,naive_seasonal,9.9,9.8,True,True,True,2024-12-31
2025-01-20,남해군,naive_seasonal,9.9,9.6,True,True,True,2024-12-31
2025-01-21,남해군,naive_seasonal,9.8,9.5,True,True,True,2024-12-31
2025-01-22,남해군,naive_seasonal,9.8,9.4,True,True,True,2024-12-31
2025-01-23,남해군,naive_seasonal,9.8,9.5,True,True,True,2024-12-31
2025-01-24,남해군,naive_seasonal,9.8,9.3,True,True,True,2024-12-31
2025-01-25,남해군,naive_seasonal,9.8,8.9,True,True,True,2024-12-31
2025-01-26,남해군,naive_seasonal,9.6,8.7,True,True,True,2024-12-31
2025-01-27,남해군,naive_seasonal,9.5,8.8,True,True,True,2024-12-31
2025-01-28,남해군,naive_seasonal,9.3,8.9,True,True,True,2024-12-31
2025-01-29,남해군,naive_seasonal,9.0,9.2,True,True,True,2024-12-31
2025-01-30,남해군,naive_seasonal,8.9,9.3,True,True,True,2024-12-31
2025-01-31,남해군,naive_seasonal,8.9,9.8,True,True,True,2024-12-31
2025-02-01,남해군,naive_seasonal,8.8,9.9,True,True,True,2024-12-31
2025-02-02,남해군,naive_seasonal,8.7,9.7,True,True,True,2024-12-31
2025-02-03,남해군,naive_seasonal,8.7,9.6,True,True,True,2024-12-31
2025-02-04,남해군,naive_seasonal,8.5,9.3,True,True,True,2024-12-31
2025-02-05,남해군,naive_seasonal,8.4,9.1,True,True,True,2024-12-31
2025-02-06,남해군,naive_seasonal,8.3,8.9,True,True,True,2024-12-31
2025-02-07,남해군,naive_seasonal,8.1,9.2,True,True,True,2024-12-31
2025-02-08,남해군,naive_seasonal,7.8,8.8,True,True,True,2024-12-31
2025-02-09,남해군,naive_seasonal,7.5,8.6,True,True,True,2024-12-31
2025-02-10,남해군,naive_seasonal,7.7,8.8,True,True,True,2024-12-31
2025-02-11,남해군,naive_seasonal,7.9,9.1,True,True,True,2024-12-31
2025-02-12,남해군,naive_seasonal,8.4,9.4,True,True,True,2024-12-31
2025-02-13,남해군,naive_seasonal,8.4,9.3,True,True,True,2024-12-31
2025-02-14,남해군,naive_seasonal,8.5,9.5,True,True,True,2024-12-31
2025-02-15,남해군,naive_seasonal,8.4,9.3,True,True,True,2024-12-31
2025-02-16,남해군,naive_seasonal,8.4,8.9,True,True,True,2024-12-31
2025-02-17,남해군,naive_seasonal,8.5,8.9,True,True,True,2024-12-31
2025-02-18,남해군,naive_seasonal,8.5,9.0,True,True,True,2024-12-31
2025-02-19,남해군,naive_seasonal,8.0,9.2,True,True,True,2024-12-31
2025-02-20,남해군,naive_seasonal,8.0,9.2,True,True,True,2024-12-31
2025-02-21,남해군,naive_seasonal,8.1,9.2,True,True,True,2024-12-31
2025-02-22,남해군,naive_seasonal,8.5,9.0,True,True,True,2024-12-31
2025-02-23,남해군,naive_seasonal,8.8,8.9,True,True,True,2024-12-31
2025-02-24,남해군,naive_seasonal,8.8,8.9,True,True,True,2024-12-31
2025-02-25,남해군,naive_seasonal,8.7,8.8,True,True,True,2024-12-31
2025-02-26,남해군,naive_seasonal,8.7,8.9,True,True,True,2024-12-31
2025-02-27,남해군,naive_seasonal,8.7,9.1,True,True,True,2024-12-31
2025-02-28,남해군,naive_seasonal,8.9,9.0,True,True,True,2024-12-31
2025-03-01,남해군,naive_seasonal,9.0,9.1,True,True,True,2024-12-31
2025-03-02,남해군,naive_seasonal,9.2,9.3,True,True,True,2024-12-31
2025-03-03,남해군,naive_seasonal,9.3,9.5,True,True,True,2024-12-31
2025-03-04,남해군,naive_seasonal,8.9,9.5,True,True,True,2024-12-31
2025-03-05,남해군,naive_seasonal,8.8,9.0,True,True,True,2024-12-31
2025-03-06,남해군,naive_seasonal,8.8,9.1,True,True,True,2024-12-31
2025-03-07,남해군,naive_seasonal,8.5,9.5,True,True,True,2024-12-31
2025-03-08,남해군,naive_seasonal,8.3,9.5,True,True,True,2024-12-31
2025-03-09,남해군,naive_seasonal,8.4,9.6,True,True,True,2024-12-31
2025-03-10,남해군,naive_seasonal,8.4,9.7,True,True,True,2024-12-31
2025-03-11,남해군,naive_seasonal,8.6,9.7,True,True,True,2024-12-31
2025-03-12,남해군,naive_seasonal,8.7,9.8,True,True,True,2024-12-31
2025-03-13,남해군,naive_seasonal,8.8,9.8,True,True,True,2024-12-31
2025-03-14,남해군,naive_seasonal,8.9,9.9,True,True,True,2024-12-31
2025-03-15,남해군,naive_seasonal,9.0,10.1,True,True,True,2024-12-31
2025-03-16,남해군,naive_seasonal,9.0,10.2,True,True,True,2024-12-31
2025-03-17,남해군,naive_seasonal,8.9,10.4,True,True,True,2024-12-31
2025-03-18,남해군,naive_seasonal,8.9,10.7,True,True,True,2024-12-31
2025-03-19,남해군,naive_seasonal,8.9,10.7,True,True,True,2024-12-31
2025-03-20,남해군,naive_seasonal,9.0,10.8,True,True,True,2024-12-31
2025-03-21,남해군,naive_seasonal,9.0,10.8,True,True,True,2024-12-31
2025-03-22,남해군,naive_seasonal,9.1,10.9,True,True,True,2024-12-31
2025-03-23,남해군,naive_seasonal,9.2,11.1,True,True,True,2024-12-31
2025-03-24,남해군,naive_seasonal,9.3,11.3,True,True,True,2024-12-31
2025-03-25,남해군,naive_seasonal,9.4,11.3,True,True,True,2024-12-31
2025-03-26,남해군,naive_seasonal,9.6,11.2,True,True,True,2024-12-31
2025-03-27,남해군,naive_seasonal,9.9,11.3,True,True,True,2024-12-31
2025-03-28,남해군,naive_seasonal,10.2,11.4,True,True,True,2024-12-31
2025-03-29,남해군,naive_seasonal,10.4,11.4,True,True,True,2024-12-31
2025-03-30,남해군,naive_seasonal,10.1,11.4,True,True,True,2024-12-31
2025-03-31,남해군,naive_seasonal,9.9,11.6,True,True,True,2024-12-31
2025-04-01,남해군,naive_seasonal,10.0,11.7,True,True,True,2024-12-31
2025-04-02,남해군,naive_seasonal,10.1,11.9,True,True,True,2024-12-31
2025-04-03,남해군,naive_seasonal,10.2,12.5,True,True,True,2024-12-31
2025-04-04,남해군,naive_seasonal,10.5,12.6,True,True,True,2024-12-31
2025-04-05,남해군,naive_seasonal,10.5,13.0,True,True,True,2024-12-31
2025-04-06,남해군,naive_seasonal,10.5,12.8,True,True,True,2024-12-31
2025-04-07,남해군,naive_seasonal,10.8,12.9,True,True,True,2024-12-31
2025-04-08,남해군,naive_seasonal,10.5,13.2,True,True,True,2024-12-31
2025-04-09,남해군,naive_seasonal,10.9,13.1,True,True,True,2024-12-31
2025-04-10,남해군,naive_seasonal,11.1,13.3,True,True,True,2024-12-31
2025-04-11,남해군,naive_seasonal,11.3,13.3,True,True,True,2024-12-31
2025-04-12,남해군,naive_seasonal,11.8,13.4,True,True,True,2024-12-31
2025-04-13,남해군,naive_seasonal,11.5,13.7,True,True,True,2024-12-31
2025-04-14,남해군,naive_seasonal,11.0,14.0,True,True,True,2024-12-31
2025-04-15,남해군,naive_seasonal,10.9,14.1,True,True,True,2024-12-31
2025-04-16,남해군,naive_seasonal,11.2,14.0,True,True,True,2024-12-31
2025-04-17,남해군,naive_seasonal,11.2,14.1,True,True,True,2024-12-31
2025-04-18,남해군,naive_seasonal,11.4,14.3,True,True,True,2024-12-31
2025-04-19,남해군,naive_seasonal,11.4,14.1,True,True,True,2024-12-31
2025-04-20,남해군,naive_seasonal,11.5,14.5,True,True,True,2024-12-31
2025-04-21,남해군,naive_seasonal,12.4,14.9,True,True,True,2024-12-31
2025-04-22,남해군,naive_seasonal,12.5,15.0,True,True,True,2024-12-31
2025-04-23,남해군,naive_seasonal,12.8,15.0,True,True,True,2024-12-31
2025-04-24,남해군,naive_seasonal,12.7,14.9,True,True,True,2024-12-31
2025-04-25,남해군,naive_seasonal,13.0,15.0,True,True,True,2024-12-31
2025-04-26,남해군,naive_seasonal,13.0,15.1,True,True,True,2024-12-31
2025-04-27,남해군,naive_seasonal,13.1,15.3,True,True,True,2024-12-31
2025-04-28,남해군,naive_seasonal,13.1,15.4,True,True,True,2024-12-31
2025-04-29,남해군,naive_seasonal,13.3,15.9,True,True,True,2024-12-31
2025-04-30,남해군,naive_seasonal,13.4,15.8,True,True,True,2024-12-31
2025-05-01,남해군,naive_seasonal,13.5,16.0,True,True,True,2024-12-31
2025-05-02,남해군,naive_seasonal,13.5,16.0,True,True,True,2024-12-31
2025-05-03,남해군,naive_seasonal,14.1,16.0,True,True,True,2024-12-31
2025-05-04,남해군,naive_seasonal,14.4,16.4,True,True,True,2024-12-31
2025-05-05,남해군,naive_seasonal,14.5,16.4,True,True,True,2024-12-31
2025-05-06,남해군,naive_seasonal,14.6,16.2,True,True,True,2024-12-31
2025-05-07,남해군,naive_seasonal,14.6,16.3,True,True,True,2024-12-31
2025-05-08,남해군,naive_seasonal,14.6,16.8,True,True,True,2024-12-31
2025-05-09,남해군,naive_seasonal,15.0,16.7,True,True,True,2024-12-31
2025-05-10,남해군,naive_seasonal,13.6,16.7,True,True,True,2024-12-31
2025-05-11,남해군,naive_seasonal,13.9,16.8,True,True,True,2024-12-31
2025-05-12,남해군,naive_seasonal,14.4,16.7,True,True,True,2024-12-31
2025-05-13,남해군,naive_seasonal,14.5,17.4,True,True,True,2024-12-31
2025-05-14,남해군,naive_seasonal,14.6,17.4,True,True,True,2024-12-31
2025-05-15,남해군,naive_seasonal,14.8,17.1,True,True,True,2024-12-31
2025-05-16,남해군,naive_seasonal,15.1,16.2,True,True,True,2024-12-31
2025-05-17,남해군,naive_seasonal,15.3,16.8,True,True,True,2024-12-31
2025-05-18,남해군,naive_seasonal,15.5,16.9,True,True,True,2024-12-31
2025-05-19,남해군,naive_seasonal,15.5,17.3,True,True,True,2024-12-31
2025-05-20,남해군,naive_seasonal,15.1,17.7,True,True,True,2024-12-31
2025-05-21,남해군,naive_seasonal,16.1,18.2,True,True,True,2024-12-31
2025-05-22,남해군,naive_seasonal,16.7,18.4,True,True,True,2024-12-31
2025-05-23,남해군,naive_seasonal,16.9,18.6,True,True,True,2024-12-31
2025-05-24,남해군,naive_seasonal,17.0,18.9,True,True,True,2024-12-31
2025-05-25,남해군,naive_seasonal,16.9,19.1,True,True,True,2024-12-31
2025-05-26,남해군,naive_seasonal,16.8,19.3,True,True,True,2024-12-31
2025-05-27,남해군,naive_seasonal,17.0,18.8,True,True,True,2024-12-31
2025-05-28,남해군,naive_seasonal,17.2,19.3,True,True,True,2024-12-31
2025-05-29,남해군,naive_seasonal,17.3,19.0,True,True,True,2024-12-31
2025-05-30,남해군,naive_seasonal,17.3,19.1,True,True,True,2024-12-31
2025-05-31,남해군,naive_seasonal,17.3,19.1,True,True,True,2024-12-31
2025-06-01,남해군,naive_seasonal,17.5,19.3,True,True,True,2024-12-31
2025-06-02,남해군,naive_seasonal,17.5,19.8,True,True,True,2024-12-31
2025-06-03,남해군,naive_seasonal,18.2,20.0,True,True,True,2024-12-31
2025-06-04,남해군,naive_seasonal,17.9,20.1,True,True,True,2024-12-31
2025-06-05,남해군,naive_seasonal,17.9,20.2,True,True,True,2024-12-31
2025-06-06,남해군,naive_seasonal,17.8,20.2,True,True,True,2024-12-31
2025-06-07,남해군,naive_seasonal,17.9,20.3,True,True,True,2024-12-31
2025-06-08,남해군,naive_seasonal,17.8,20.2,True,True,True,2024-12-31
2025-06-09,남해군,naive_seasonal,17.9,20.5,True,True,True,2024-12-31
2025-06-10,남해군,naive_seasonal,17.9,20.1,True,True,True,2024-12-31
2025-06-11,남해군,naive_seasonal,18.2,20.2,True,True,True,2024-12-31
2025-06-12,남해군,naive_seasonal,18.5,20.3,True,True,True,2024-12-31
2025-06-13,남해군,naive_seasonal,18.8,20.7,True,True,True,2024-12-31
2025-06-14,남해군,naive_seasonal,19.2,20.9,True,True,True,2024-12-31
2025-06-15,남해군,naive_seasonal,19.0,20.8,True,True,True,2024-12-31
2025-06-16,남해군,naive_seasonal,18.1,21.0,True,True,True,2024-12-31
2025-06-17,남해군,naive_seasonal,18.2,21.8,True,True,True,2024-12-31
2025-06-18,남해군,naive_seasonal,19.0,21.6,True,True,True,2024-12-31
2025-06-19,남해군,naive_seasonal,19.2,21.3,True,True,True,2024-12-31
2025-06-20,남해군,naive_seasonal,19.4,20.9,True,True,True,2024-12-31
2025-06-21,남해군,naive_seasonal,17.2,21.5,True,True,True,2024-12-31
2025-06-22,남해군,naive_seasonal,18.2,20.9,True,True,True,2024-12-31
2025-06-23,남해군,naive_seasonal,19.6,19.7,True,True,True,2024-12-31
2025-06-24,남해군,naive_seasonal,20.4,20.3,True,True,True,2024-12-31
2025-06-25,남해군,naive_seasonal,19.8,20.5,True,True,True,2024-12-31
2025-06-26,남해군,naive_seasonal,18.8,21.1,True,True,True,2024-12-31
2025-06-27,남해군,naive_seasonal,19.7,21.3,True,True,True,2024-12-31
2025-06-28,남해군,naive_seasonal,19.7,21.4,True,True,True,2024-12-31
2025-06-29,남해군,naive_seasonal,19.6,21.0,True,True,True,2024-12-31
2025-06-30,남해군,naive_seasonal,19.8,18.4,True,True,True,2024-12-31
2025-07-01,남해군,naive_seasonal,19.9,19.9,True,True,True,2024-12-31
2025-07-02,남해군,naive_seasonal,20.2,20.5,True,True,True,2024-12-31
2025-07-03,남해군,naive_seasonal,20.3,20.3,True,True,True,2024-12-31
2025-07-04,남해군,naive_seasonal,20.2,20.9,True,True,True,2024-12-31
2025-07-05,남해군,naive_seasonal,19.9,20.6,True,True,True,2024-12-31
2025-07-06,남해군,naive_seasonal,19.7,21.2,True,True,True,2024-12-31
2025-07-07,남해군,naive_seasonal,20.5,20.4,True,True,True,2024-12-31
2025-07-08,남해군,naive_seasonal,21.8,21.1,True,True,True,2024-12-31
2025-07-09,남해군,naive_seasonal,22.7,20.7,True,True,True,2024-12-31
2025-07-10,남해군,naive_seasonal,23.0,19.5,True,True,True,2024-12-31
2025-07-11,남해군,naive_seasonal,25.0,21.1,True,True,True,2024-12-31
2025-07-12,남해군,naive_seasonal,24.7,21.7,True,True,True,2024-12-31
2025-07-13,남해군,naive_seasonal,24.2,21.7,True,True,True,2024-12-31
2025-07-14,남해군,naive_seasonal,24.0,22.4,True,True,True,2024-12-31
2025-07-15,남해군,naive_seasonal,23.6,22.4,True,True,True,2024-12-31
2025-07-16,남해군,naive_seasonal,23.6,22.2,True,True,True,2024-12-31
2025-07-17,남해군,naive_seasonal,23.5,22.1,True,True,True,2024-12-31
2025-07-18,남해군,naive_seasonal,23.8,20.7,True,True,True,2024-12-31
2025-07-19,남해군,naive_seasonal,24.0,20.7,True,True,True,2024-12-31
2025-07-20,남해군,naive_seasonal,24.5,22.2,True,True,True,2024-12-31
2025-07-21,남해군,naive_seasonal,24.7,21.3,True,True,True,2024-12-31
2025-07-22,남해군,naive_seasonal,24.8,21.6,True,True,True,2024-12-31
2025-07-23,남해군,naive_seasonal,24.8,21.3,True,True,True,2024-12-31
2025-07-24,남해군,naive_seasonal,24.9,21.5,True,True,True,2024-12-31
2025-07-25,남해군,naive_seasonal,25.0,21.7,True,True,True,2024-12-31
2025-07-26,남해군,naive_seasonal,25.3,21.8,True,True,True,2024-12-31
2025-07-27,남해군,naive_seasonal,25.4,21.7,True,True,True,2024-12-31
2025-07-28,남해군,naive_seasonal,25.5,21.5,True,True,True,2024-12-31
2025-07-29,남해군,naive_seasonal,26.1,21.4,True,True,True,2024-12-31
2025-07-30,남해군,naive_seasonal,26.6,21.3,True,True,True,2024-12-31
2025-07-31,남해군,naive_seasonal,26.6,21.3,True,True,True,2024-12-31
2025-08-01,남해군,naive_seasonal,26.9,21.0,True,True,True,2024-12-31
2025-08-02,남해군,naive_seasonal,26.3,21.6,True,True,True,2024-12-31
2025-08-03,남해군,naive_seasonal,25.9,21.7,True,True,True,2024-12-31
2025-08-04,남해군,naive_seasonal,24.3,22.0,True,True,True,2024-12-31
2025-08-05,남해군,naive_seasonal,25.7,22.3,True,True,True,2024-12-31
2025-08-06,남해군,naive_seasonal,25.3,22.5,True,True,True,2024-12-31
2025-08-07,남해군,naive_seasonal,25.5,22.4,True,True,True,2024-12-31
2025-08-08,남해군,naive_seasonal,26.4,22.0,True,True,True,2024-12-31
2025-08-09,남해군,naive_seasonal,25.7,22.6,True,True,True,2024-12-31
2025-08-10,남해군,naive_seasonal,25.6,22.5,True,True,True,2024-12-31
2025-08-11,남해군,naive_seasonal,25.2,22.6,True,True,True,2024-12-31
2025-08-12,남해군,naive_seasonal,25.2,22.9,True,True,True,2024-12-31
2025-08-13,남해군,naive_seasonal,24.3,23.9,True,True,True,2024-12-31
2025-08-14,남해군,naive_seasonal,23.8,24.6,True,True,True,2024-12-31
2025-08-15,남해군,naive_seasonal,23.7,26.1,True,True,True,2024-12-31
2025-08-16,남해군,naive_seasonal,23.7,28.7,True,True,True,2024-12-31
2025-08-17,남해군,naive_seasonal,23.4,29.2,True,True,True,2024-12-31
2025-08-18,남해군,naive_seasonal,23.4,29.5,True,True,True,2024-12-31
2025-08-19,남해군,naive_seasonal,23.1,29.8,True,True,True,2024-12-31
2025-08-20,남해군,naive_seasonal,22.9,29.8,True,True,True,2024-12-31
2025-08-21,남해군,naive_seasonal,23.5,29.2,True,True,True,2024-12-31
2025-08-22,남해군,naive_seasonal,23.4,29.0,True,True,True,2024-12-31
2025-08-23,남해군,naive_seasonal,22.9,28.9,True,True,True,2024-12-31
2025-08-24,남해군,naive_seasonal,22.8,28.9,True,True,True,2024-12-31
2025-08-25,남해군,naive_seasonal,22.6,28.5,True,True,True,2024-12-31
2025-08-26,남해군,naive_seasonal,22.2,27.9,True,True,True,2024-12-31
2025-08-27,남해군,naive_seasonal,22.6,28.2,True,True,True,2024-12-31
2025-08-28,남해군,naive_seasonal,22.8,28.6,True,True,True,2024-12-31
2025-08-29,남해군,naive_seasonal,22.3,28.2,True,True,True,2024-12-31
2025-08-30,남해군,naive_seasonal,22.1,28.0,True,True,True,2024-12-31
2025-08-31,남해군,naive_seasonal,22.1,28.3,True,True,True,2024-12-31
2025-09-01,남해군,naive_seasonal,22.0,28.2,True,True,True,2024-12-31
2025-09-02,남해군,naive_seasonal,21.8,28.0,True,True,True,2024-12-31
2025-09-03,남해군,naive_seasonal,22.7,28.1,True,True,True,2024-12-31
2025-09-04,남해군,naive_seasonal,24.3,28.0,True,True,True,2024-12-31
2025-09-05,남해군,naive_seasonal,24.4,28.0,True,True,True,2024-12-31
2025-09-06,남해군,naive_seasonal,23.2,28.0,True,True,True,2024-12-31
2025-09-07,남해군,naive_seasonal,22.5,28.1,True,True,True,2024-12-31
2025-09-08,남해군,naive_seasonal,24.0,28.2,True,True,True,2024-12-31
2025-09-09,남해군,naive_seasonal,24.7,28.4,True,True,True,2024-12-31
2025-09-10,남해군,naive_seasonal,24.3,28.6,True,True,True,2024-12-31
2025-09-11,남해군,naive_seasonal,24.0,28.8,True,True,True,2024-12-31
2025-09-12,남해군,naive_seasonal,23.8,28.8,True,True,True,2024-12-31
2025-09-13,남해군,naive_seasonal,23.1,28.9,True,True,True,2024-12-31
2025-09-14,남해군,naive_seasonal,22.7,28.9,True,True,True,2024-12-31
2025-09-15,남해군,naive_seasonal,23.0,29.3,True,True,True,2024-12-31
2025-09-16,남해군,naive_seasonal,23.0,29.4,True,True,True,2024-12-31
2025-09-17,남해군,naive_seasonal,22.9,29.4,True,True,True,2024-12-31
2025-09-18,남해군,naive_seasonal,23.8,29.3,True,True,True,2024-12-31
2025-09-19,남해군,naive_seasonal,24.5,29.4,True,True,True,2024-12-31
2025-09-20,남해군,naive_seasonal,24.4,29.1,True,True,True,2024-12-31
2025-09-21,남해군,naive_seasonal,24.3,27.6,True,True,True,2024-12-31
2025-09-22,남해군,naive_seasonal,24.2,27.9,True,True,True,2024-12-31
2025-09-23,남해군,naive_seasonal,24.0,27.6,True,True,True,2024-12-31
2025-09-24,남해군,naive_seasonal,24.0,27.0,True,True,True,2024-12-31
2025-09-25,남해군,naive_seasonal,24.0,26.7,True,True,True,2024-12-31
2025-09-26,남해군,naive_seasonal,24.1,26.6,True,True,True,2024-12-31
2025-09-27,남해군,naive_seasonal,24.2,26.7,True,True,True,2024-12-31
2025-09-28,남해군,naive_seasonal,24.3,26.7,True,True,True,2024-12-31
2025-09-29,남해군,naive_seasonal,24.2,26.5,True,True,True,2024-12-31
2025-09-30,남해군,naive_seasonal,24.2,26.2,True,True,True,2024-12-31
2025-10-01,남해군,naive_seasonal,24.2,26.3,True,True,True,2024-12-31
2025-10-02,남해군,naive_seasonal,24.1,26.0,True,True,True,2024-12-31
2025-10-03,남해군,naive_seasonal,23.8,25.4,True,True,True,2024-12-31
2025-10-04,남해군,naive_seasonal,23.6,24.9,True,True,True,2024-12-31
2025-10-05,남해군,naive_seasonal,23.7,24.8,True,True,True,2024-12-31
2025-10-06,남해군,naive_seasonal,23.8,24.5,True,True,True,2024-12-31
2025-10-07,남해군,naive_seasonal,23.8,24.1,True,True,True,2024-12-31
2025-10-08,남해군,naive_seasonal,23.7,24.0,True,True,True,2024-12-31
2025-10-09,남해군,naive_seasonal,23.6,23.8,True,True,True,2024-12-31
2025-10-10,남해군,naive_seasonal,23.4,23.8,True,True,True,2024-12-31
2025-10-11,남해군,naive_seasonal,23.4,23.8,True,True,True,2024-12-31
2025-10-12,남해군,naive_seasonal,23.4,23.9,True,True,True,2024-12-31
2025-10-13,남해군,naive_seasonal,23.4,23.8,True,True,True,2024-12-31
2025-10-14,남해군,naive_seasonal,23.4,23.7,True,True,True,2024-12-31
2025-10-15,남해군,naive_seasonal,23.2,23.6,True,True,True,2024-12-31
2025-10-16,남해군,naive_seasonal,23.2,23.7,True,True,True,2024-12-31
2025-10-17,남해군,naive_seasonal,23.1,23.5,True,True,True,2024-12-31
2025-10-18,남해군,naive_seasonal,23.3,23.5,True,True,True,2024-12-31
2025-10-19,남해군,naive_seasonal,23.0,23.6,True,True,True,2024-12-31
2025-10-20,남해군,naive_seasonal,22.8,23.2,True,True,True,2024-12-31
2025-10-21,남해군,naive_seasonal,22.6,22.6,True,True,True,2024-12-31
2025-10-22,남해군,naive_seasonal,22.4,22.4,True,True,True,2024-12-31
2025-10-23,남해군,naive_seasonal,22.4,22.4,True,True,True,2024-12-31
2025-10-24,남해군,naive_seasonal,22.2,21.9,True,True,True,2024-12-31
2025-10-25,남해군,naive_seasonal,22.1,21.5,True,True,True,2024-12-31
2025-10-26,남해군,naive_seasonal,22.0,21.3,True,True,True,2024-12-31
2025-10-27,남해군,naive_seasonal,21.9,21.1,True,True,True,2024-12-31
2025-10-28,남해군,naive_seasonal,21.8,21.2,True,True,True,2024-12-31
2025-10-29,남해군,naive_seasonal,21.6,21.0,True,True,True,2024-12-31
2025-10-30,남해군,naive_seasonal,21.5,20.9,True,True,True,2024-12-31
2025-10-31,남해군,naive_seasonal,21.7,20.9,True,True,True,2024-12-31
2025-11-01,남해군,naive_seasonal,21.5,20.8,True,True,True,2024-12-31
2025-11-02,남해군,naive_seasonal,21.1,20.5,True,True,True,2024-12-31
2025-11-03,남해군,naive_seasonal,20.9,20.5,True,True,True,2024-12-31
2025-11-04,남해군,naive_seasonal,20.9,20.5,True,True,True,2024-12-31
2025-11-05,남해군,naive_seasonal,20.8,20.3,True,True,True,2024-12-31
2025-11-06,남해군,naive_seasonal,20.8,20.2,True,True,True,2024-12-31
2025-11-07,남해군,naive_seasonal,20.6,20.2,True,True,True,2024-12-31
2025-11-08,남해군,naive_seasonal,20.4,20.0,True,True,True,2024-12-31
2025-11-09,남해군,naive_seasonal,20.0,19.7,True,True,True,2024-12-31
2025-11-10,남해군,naive_seasonal,19.8,19.4,True,True,True,2024-12-31
2025-11-11,남해군,naive_seasonal,19.6,19.4,True,True,True,2024-12-31
2025-11-12,남해군,naive_seasonal,19.3,19.3,True,True,True,2024-12-31
2025-11-13,남해군,naive_seasonal,19.1,19.3,True,True,True,2024-12-31
2025-11-14,남해군,naive_seasonal,19.0,19.3,True,True,True,2024-12-31
2025-11-15,남해군,naive_seasonal,18.9,19.3,True,True,True,2024-12-31
2025-11-16,남해군,naive_seasonal,18.8,19.3,True,True,True,2024-12-31
2025-11-17,남해군,naive_seasonal,18.6,19.4,True,True,True,2024-12-31
2025-11-18,남해군,naive_seasonal,18.1,19.0,True,True,True,2024-12-31
2025-11-19,남해군,naive_seasonal,17.9,18.6,True,True,True,2024-12-31
2025-11-20,남해군,naive_seasonal,17.8,18.4,True,True,True,2024-12-31
2025-11-21,남해군,naive_seasonal,17.6,18.3,True,True,True,2024-12-31
2025-11-22,남해군,naive_seasonal,17.5,18.2,True,True,True,2024-12-31
2025-11-23,남해군,naive_seasonal,17.4,18.0,True,True,True,2024-12-31
2025-11-24,남해군,naive_seasonal,17.3,17.9,True,True,True,2024-12-31
2025-11-25,남해군,naive_seasonal,17.2,17.9,True,True,True,2024-12-31
2025-11-26,남해군,naive_seasonal,17.1,17.7,True,True,True,2024-12-31
2025-11-27,남해군,naive_seasonal,16.9,17.5,True,True,True,2024-12-31
2025-11-28,남해군,naive_seasonal,16.6,17.2,True,True,True,2024-12-31
2025-11-29,남해군,naive_seasonal,16.7,16.8,True,True,True,2024-12-31
2025-11-30,남해군,naive_seasonal,16.6,16.6,True,True,True,2024-12-31
2025-12-01,남해군,naive_seasonal,16.6,16.5,True,True,True,2024-12-31
2025-12-02,남해군,naive_seasonal,16.3,16.5,True,True,True,2024-12-31
2025-12-03,남해군,naive_seasonal,15.9,16.5,True,True,True,2024-12-31
2025-12-04,남해군,naive_seasonal,15.6,16.2,True,True,True,2024-12-31
2025-12-05,남해군,naive_seasonal,15.3,16.0,True,True,True,2024-12-31
2025-12-06,남해군,naive_seasonal,15.2,15.8,True,True,True,2024-12-31
2025-12-07,남해군,naive_seasonal,15.2,15.7,True,True,True,2024-12-31
2025-12-08,남해군,naive_seasonal,15.0,15.4,True,True,True,2024-12-31
2025-12-09,남해군,naive_seasonal,14.6,15.2,True,True,True,2024-12-31
2025-12-10,남해군,naive_seasonal,14.4,15.2,True,True,True,2024-12-31
2025-12-11,남해군,naive_seasonal,14.4,15.1,True,True,True,2024-12-31
2025-12-12,남해군,naive_seasonal,14.0,15.0,True,True,True,2024-12-31
2025-12-13,남해군,naive_seasonal,13.9,14.5,True,True,True,2024-12-31
2025-12-14,남해군,naive_seasonal,13.6,14.2,True,True,True,2024-12-31
2025-12-15,남해군,naive_seasonal,13.7,13.8,True,True,True,2024-12-31
2025-12-16,남해군,naive_seasonal,13.8,13.8,True,True,True,2024-12-31
2025-12-17,남해군,naive_seasonal,13.7,13.7,True,True,True,2024-12-31
2025-12-18,남해군,naive_seasonal,13.7,13.2,True,True,True,2024-12-31
2025-12-19,남해군,naive_seasonal,13.6,13.0,True,True,True,2024-12-31
2025-12-20,남해군,naive_seasonal,13.6,12.8,True,True,True,2024-12-31
2025-12-21,남해군,naive_seasonal,13.4,12.5,True,True,True,2024-12-31
2025-12-22,남해군,naive_seasonal,13.0,12.5,True,True,True,2024-12-31
2025-12-23,남해군,naive_seasonal,13.0,12.6,True,True,True,2024-12-31
2025-12-24,남해군,naive_seasonal,13.0,13.0,True,True,True,2024-12-31
2025-12-25,남해군,naive_seasonal,12.9,12.9,True,True,True,2024-12-31
2025-12-26,남해군,naive_seasonal,12.5,12.7,True,True,True,2024-12-31
2025-12-27,남해군,naive_seasonal,12.2,12.5,True,True,True,2024-12-31
2025-12-28,남해군,naive_seasonal,12.7,12.4,True,True,True,2024-12-31
2025-12-29,남해군,naive_seasonal,13.0,12.0,True,True,True,2024-12-31
2025-12-30,남해군,naive_seasonal,12.8,11.5,True,True,True,2024-12-31
2025-12-31,남해군,naive_seasonal,12.5,11.3,True,True,True,2024-12-31
2025-01-01,남해군,moving_average,11.5,12.185714285714285,True,True,True,2024-12-31
2025-01-02,남해군,moving_average,11.3,12.185714285714285,True,True,True,2024-12-31
2025-01-03,남해군,moving_average,11.1,12.185714285714285,True,True,True,2024-12-31
2025-01-04,남해군,moving_average,10.9,12.185714285714285,True,True,True,2024-12-31
2025-01-05,남해군,moving_average,10.9,12.185714285714285,True,True,True,2024-12-31
2025-01-06,남해군,moving_average,10.8,12.185714285714285,True,True,True,2024-12-31
2025-01-07,남해군,moving_average,10.7,12.185714285714285,True,True,True,2024-12-31
2025-01-08,남해군,moving_average,10.8,12.185714285714285,True,True,True,2024-12-31
2025-01-09,남해군,moving_average,10.6,12.185714285714285,True,True,True,2024-12-31
2025-01-10,남해군,moving_average,10.4,12.185714285714285,True,True,True,2024-12-31
2025-01-11,남해군,moving_average,10.6,12.185714285714285,True,True,True,2024-12-31
2025-01-12,남해군,moving_average,10.5,12.185714285714285,True,True,True,2024-12-31
2025-01-13,남해군,moving_average,10.4,12.185714285714285,True,True,True,2024-12-31
2025-01-14,남해군,moving_average,10.3,12.185714285714285,True,True,True,2024-12-31
2025-01-15,남해군,moving_average,10.2,12.185714285714285,True,True,True,2024-12-31
2025-01-16,남해군,moving_average,10.0,12.185714285714285,True,True,True,2024-12-31
2025-01-17,남해군,moving_average,9.9,12.185714285714285,True,True,True,2024-12-31
2025-01-18,남해군,moving_average,9.9,12.185714285714285,True,True,True,2024-12-31
2025-01-19,남해군,moving_average,9.9,12.185714285714285,True,True,True,2024-12-31
2025-01-20,남해군,moving_average,9.9,12.185714285714285,True,True,True,2024-12-31
2025-01-21,남해군,moving_average,9.8,12.185714285714285,True,True,True,2024-12-31
2025-01-22,남해군,moving_average,9.8,12.185714285714285,True,True,True,2024-12-31
2025-01-23,남해군,moving_average,9.8,12.185714285714285,True,True,True,2024-12-31
2025-01-24,남해군,moving_average,9.8,12.185714285714285,True,True,True,2024-12-31
2025-01-25,남해군,moving_average,9.8,12.185714285714285,True,True,True,2024-12-31
2025-01-26,남해군,moving_average,9.6,12.185714285714285,True,True,True,2024-12-31
2025-01-27,남해군,moving_average,9.5,12.185714285714285,True,True,True,2024-12-31
2025-01-28,남해군,moving_average,9.3,12.185714285714285,True,True,True,2024-12-31
2025-01-29,남해군,moving_average,9.0,12.185714285714285,True,True,True,2024-12-31
2025-01-30,남해군,moving_average,8.9,12.185714285714285,True,True,True,2024-12-31
2025-01-31,남해군,moving_average,8.9,12.185714285714285,True,True,True,2024-12-31
2025-02-01,남해군,moving_average,8.8,12.185714285714285,True,True,True,2024-12-31
2025-02-02,남해군,moving_average,8.7,12.185714285714285,True,True,True,2024-12-31
2025-02-03,남해군,moving_average,8.7,12.185714285714285,True,True,True,2024-12-31
2025-02-04,남해군,moving_average,8.5,12.185714285714285,True,True,True,2024-12-31
2025-02-05,남해군,moving_average,8.4,12.185714285714285,True,True,True,2024-12-31
2025-02-06,남해군,moving_average,8.3,12.185714285714285,True,True,True,2024-12-31
2025-02-07,남해군,moving_average,8.1,12.185714285714285,True,True,True,2024-12-31
2025-02-08,남해군,moving_average,7.8,12.185714285714285,True,True,True,2024-12-31
2025-02-09,남해군,moving_average,7.5,12.185714285714285,True,True,True,2024-12-31
2025-02-10,남해군,moving_average,7.7,12.185714285714285,True,True,True,2024-12-31
2025-02-11,남해군,moving_average,7.9,12.185714285714285,True,True,True,2024-12-31
2025-02-12,남해군,moving_average,8.4,12.185714285714285,True,True,True,2024-12-31
2025-02-13,남해군,moving_average,8.4,12.185714285714285,True,True,True,2024-12-31
2025-02-14,남해군,moving_average,8.5,12.185714285714285,True,True,True,2024-12-31
2025-02-15,남해군,moving_average,8.4,12.185714285714285,True,True,True,2024-12-31
2025-02-16,남해군,moving_average,8.4,12.185714285714285,True,True,True,2024-12-31
2025-02-17,남해군,moving_average,8.5,12.185714285714285,True,True,True,2024-12-31
2025-02-18,남해군,moving_average,8.5,12.185714285714285,True,True,True,2024-12-31
2025-02-19,남해군,moving_average,8.0,12.185714285714285,True,True,True,2024-12-31
2025-02-20,남해군,moving_average,8.0,12.185714285714285,True,True,True,2024-12-31
2025-02-21,남해군,moving_average,8.1,12.185714285714285,True,True,True,2024-12-31
2025-02-22,남해군,moving_average,8.5,12.185714285714285,True,True,True,2024-12-31
2025-02-23,남해군,moving_average,8.8,12.185714285714285,True,True,True,2024-12-31
2025-02-24,남해군,moving_average,8.8,12.185714285714285,True,True,True,2024-12-31
2025-02-25,남해군,moving_average,8.7,12.185714285714285,True,True,True,2024-12-31
2025-02-26,남해군,moving_average,8.7,12.185714285714285,True,True,True,2024-12-31
2025-02-27,남해군,moving_average,8.7,12.185714285714285,True,True,True,2024-12-31
2025-02-28,남해군,moving_average,8.9,12.185714285714285,True,True,True,2024-12-31
2025-03-01,남해군,moving_average,9.0,12.185714285714285,True,True,True,2024-12-31
2025-03-02,남해군,moving_average,9.2,12.185714285714285,True,True,True,2024-12-31
2025-03-03,남해군,moving_average,9.3,12.185714285714285,True,True,True,2024-12-31
2025-03-04,남해군,moving_average,8.9,12.185714285714285,True,True,True,2024-12-31
2025-03-05,남해군,moving_average,8.8,12.185714285714285,True,True,True,2024-12-31
2025-03-06,남해군,moving_average,8.8,12.185714285714285,True,True,True,2024-12-31
2025-03-07,남해군,moving_average,8.5,12.185714285714285,True,True,True,2024-12-31
2025-03-08,남해군,moving_average,8.3,12.185714285714285,True,True,True,2024-12-31
2025-03-09,남해군,moving_average,8.4,12.185714285714285,True,True,True,2024-12-31
2025-03-10,남해군,moving_average,8.4,12.185714285714285,True,True,True,2024-12-31
2025-03-11,남해군,moving_average,8.6,12.185714285714285,True,True,True,2024-12-31
2025-03-12,남해군,moving_average,8.7,12.185714285714285,True,True,True,2024-12-31
2025-03-13,남해군,moving_average,8.8,12.185714285714285,True,True,True,2024-12-31
2025-03-14,남해군,moving_average,8.9,12.185714285714285,True,True,True,2024-12-31
2025-03-15,남해군,moving_average,9.0,12.185714285714285,True,True,True,2024-12-31
2025-03-16,남해군,moving_average,9.0,12.185714285714285,True,True,True,2024-12-31
2025-03-17,남해군,moving_average,8.9,12.185714285714285,True,True,True,2024-12-31
2025-03-18,남해군,moving_average,8.9,12.185714285714285,True,True,True,2024-12-31
2025-03-19,남해군,moving_average,8.9,12.185714285714285,True,True,True,2024-12-31
2025-03-20,남해군,moving_average,9.0,12.185714285714285,True,True,True,2024-12-31
2025-03-21,남해군,moving_average,9.0,12.185714285714285,True,True,True,2024-12-31
2025-03-22,남해군,moving_average,9.1,12.185714285714285,True,True,True,2024-12-31
2025-03-23,남해군,moving_average,9.2,12.185714285714285,True,True,True,2024-12-31
2025-03-24,남해군,moving_average,9.3,12.185714285714285,True,True,True,2024-12-31
2025-03-25,남해군,moving_average,9.4,12.185714285714285,True,True,True,2024-12-31
2025-03-26,남해군,moving_average,9.6,12.185714285714285,True,True,True,2024-12-31
2025-03-27,남해군,moving_average,9.9,12.185714285714285,True,True,True,2024-12-31
2025-03-28,남해군,moving_average,10.2,12.185714285714285,True,True,True,2024-12-31
2025-03-29,남해군,moving_average,10.4,12.185714285714285,True,True,True,2024-12-31
2025-03-30,남해군,moving_average,10.1,12.185714285714285,True,True,True,2024-12-31
2025-03-31,남해군,moving_average,9.9,12.185714285714285,True,True,True,2024-12-31
2025-04-01,남해군,moving_average,10.0,12.185714285714285,True,True,True,2024-12-31
2025-04-02,남해군,moving_average,10.1,12.185714285714285,True,True,True,2024-12-31
2025-04-03,남해군,moving_average,10.2,12.185714285714285,True,True,True,2024-12-31
2025-04-04,남해군,moving_average,10.5,12.185714285714285,True,True,True,2024-12-31
2025-04-05,남해군,moving_average,10.5,12.185714285714285,True,True,True,2024-12-31
2025-04-06,남해군,moving_average,10.5,12.185714285714285,True,True,True,2024-12-31
2025-04-07,남해군,moving_average,10.8,12.185714285714285,True,True,True,2024-12-31
2025-04-08,남해군,moving_average,10.5,12.185714285714285,True,True,True,2024-12-31
2025-04-09,남해군,moving_average,10.9,12.185714285714285,True,True,True,2024-12-31
2025-04-10,남해군,moving_average,11.1,12.185714285714285,True,True,True,2024-12-31
2025-04-11,남해군,moving_average,11.3,12.185714285714285,True,True,True,2024-12-31
2025-04-12,남해군,moving_average,11.8,12.185714285714285,True,True,True,2024-12-31
2025-04-13,남해군,moving_average,11.5,12.185714285714285,True,True,True,2024-12-31
2025-04-14,남해군,moving_average,11.0,12.185714285714285,True,True,True,2024-12-31
2025-04-15,남해군,moving_average,10.9,12.185714285714285,True,True,True,2024-12-31
2025-04-16,남해군,moving_average,11.2,12.185714285714285,True,True,True,2024-12-31
2025-04-17,남해군,moving_average,11.2,12.185714285714285,True,True,True,2024-12-31
2025-04-18,남해군,moving_average,11.4,12.185714285714285,True,True,True,2024-12-31
2025-04-19,남해군,moving_average,11.4,12.185714285714285,True,True,True,2024-12-31
2025-04-20,남해군,moving_average,11.5,12.185714285714285,True,True,True,2024-12-31
2025-04-21,남해군,moving_average,12.4,12.185714285714285,True,True,True,2024-12-31
2025-04-22,남해군,moving_average,12.5,12.185714285714285,True,True,True,2024-12-31
2025-04-23,남해군,moving_average,12.8,12.185714285714285,True,True,True,2024-12-31
2025-04-24,남해군,moving_average,12.7,12.185714285714285,True,True,True,2024-12-31
2025-04-25,남해군,moving_average,13.0,12.185714285714285,True,True,True,2024-12-31
2025-04-26,남해군,moving_average,13.0,12.185714285714285,True,True,True,2024-12-31
2025-04-27,남해군,moving_average,13.1,12.185714285714285,True,True,True,2024-12-31
2025-04-28,남해군,moving_average,13.1,12.185714285714285,True,True,True,2024-12-31
2025-04-29,남해군,moving_average,13.3,12.185714285714285,True,True,True,2024-12-31
2025-04-30,남해군,moving_average,13.4,12.185714285714285,True,True,True,2024-12-31
2025-05-01,남해군,moving_average,13.5,12.185714285714285,True,True,True,2024-12-31
2025-05-02,남해군,moving_average,13.5,12.185714285714285,True,True,True,2024-12-31
2025-05-03,남해군,moving_average,14.1,12.185714285714285,True,True,True,2024-12-31
2025-05-04,남해군,moving_average,14.4,12.185714285714285,True,True,True,2024-12-31
2025-05-05,남해군,moving_average,14.5,12.185714285714285,True,True,True,2024-12-31
2025-05-06,남해군,moving_average,14.6,12.185714285714285,True,True,True,2024-12-31
2025-05-07,남해군,moving_average,14.6,12.185714285714285,True,True,True,2024-12-31
2025-05-08,남해군,moving_average,14.6,12.185714285714285,True,True,True,2024-12-31
2025-05-09,남해군,moving_average,15.0,12.185714285714285,True,True,True,2024-12-31
2025-05-10,남해군,moving_average,13.6,12.185714285714285,True,True,True,2024-12-31
2025-05-11,남해군,moving_average,13.9,12.185714285714285,True,True,True,2024-12-31
2025-05-12,남해군,moving_average,14.4,12.185714285714285,True,True,True,2024-12-31
2025-05-13,남해군,moving_average,14.5,12.185714285714285,True,True,True,2024-12-31
2025-05-14,남해군,moving_average,14.6,12.185714285714285,True,True,True,2024-12-31
2025-05-15,남해군,moving_average,14.8,12.185714285714285,True,True,True,2024-12-31
2025-05-16,남해군,moving_average,15.1,12.185714285714285,True,True,True,2024-12-31
2025-05-17,남해군,moving_average,15.3,12.185714285714285,True,True,True,2024-12-31
2025-05-18,남해군,moving_average,15.5,12.185714285714285,True,True,True,2024-12-31
2025-05-19,남해군,moving_average,15.5,12.185714285714285,True,True,True,2024-12-31
2025-05-20,남해군,moving_average,15.1,12.185714285714285,True,True,True,2024-12-31
2025-05-21,남해군,moving_average,16.1,12.185714285714285,True,True,True,2024-12-31
2025-05-22,남해군,moving_average,16.7,12.185714285714285,True,True,True,2024-12-31
2025-05-23,남해군,moving_average,16.9,12.185714285714285,True,True,True,2024-12-31
2025-05-24,남해군,moving_average,17.0,12.185714285714285,True,True,True,2024-12-31
2025-05-25,남해군,moving_average,16.9,12.185714285714285,True,True,True,2024-12-31
2025-05-26,남해군,moving_average,16.8,12.185714285714285,True,True,True,2024-12-31
2025-05-27,남해군,moving_average,17.0,12.185714285714285,True,True,True,2024-12-31
2025-05-28,남해군,moving_average,17.2,12.185714285714285,True,True,True,2024-12-31
2025-05-29,남해군,moving_average,17.3,12.185714285714285,True,True,True,2024-12-31
2025-05-30,남해군,moving_average,17.3,12.185714285714285,True,True,True,2024-12-31
2025-05-31,남해군,moving_average,17.3,12.185714285714285,True,True,True,2024-12-31
2025-06-01,남해군,moving_average,17.5,12.185714285714285,True,True,True,2024-12-31
2025-06-02,남해군,moving_average,17.5,12.185714285714285,True,True,True,2024-12-31
2025-06-03,남해군,moving_average,18.2,12.185714285714285,True,True,True,2024-12-31
2025-06-04,남해군,moving_average,17.9,12.185714285714285,True,True,True,2024-12-31
2025-06-05,남해군,moving_average,17.9,12.185714285714285,True,True,True,2024-12-31
2025-06-06,남해군,moving_average,17.8,12.185714285714285,True,True,True,2024-12-31
2025-06-07,남해군,moving_average,17.9,12.185714285714285,True,True,True,2024-12-31
2025-06-08,남해군,moving_average,17.8,12.185714285714285,True,True,True,2024-12-31
2025-06-09,남해군,moving_average,17.9,12.185714285714285,True,True,True,2024-12-31
2025-06-10,남해군,moving_average,17.9,12.185714285714285,True,True,True,2024-12-31
2025-06-11,남해군,moving_average,18.2,12.185714285714285,True,True,True,2024-12-31
2025-06-12,남해군,moving_average,18.5,12.185714285714285,True,True,True,2024-12-31
2025-06-13,남해군,moving_average,18.8,12.185714285714285,True,True,True,2024-12-31
2025-06-14,남해군,moving_average,19.2,12.185714285714285,True,True,True,2024-12-31
2025-06-15,남해군,moving_average,19.0,12.185714285714285,True,True,True,2024-12-31
2025-06-16,남해군,moving_average,18.1,12.185714285714285,True,True,True,2024-12-31
2025-06-17,남해군,moving_average,18.2,12.185714285714285,True,True,True,2024-12-31
2025-06-18,남해군,moving_average,19.0,12.185714285714285,True,True,True,2024-12-31
2025-06-19,남해군,moving_average,19.2,12.185714285714285,True,True,True,2024-12-31
2025-06-20,남해군,moving_average,19.4,12.185714285714285,True,True,True,2024-12-31
2025-06-21,남해군,moving_average,17.2,12.185714285714285,True,True,True,2024-12-31
2025-06-22,남해군,moving_average,18.2,12.185714285714285,True,True,True,2024-12-31
2025-06-23,남해군,moving_average,19.6,12.185714285714285,True,True,True,2024-12-31
2025-06-24,남해군,moving_average,20.4,12.185714285714285,True,True,True,2024-12-31
2025-06-25,남해군,moving_average,19.8,12.185714285714285,True,True,True,2024-12-31
2025-06-26,남해군,moving_average,18.8,12.185714285714285,True,True,True,2024-12-31
2025-06-27,남해군,moving_average,19.7,12.185714285714285,True,True,True,2024-12-31
2025-06-28,남해군,moving_average,19.7,12.185714285714285,True,True,True,2024-12-31
2025-06-29,남해군,moving_average,19.6,12.185714285714285,True,True,True,2024-12-31
2025-06-30,남해군,moving_average,19.8,12.185714285714285,True,True,True,2024-12-31
2025-07-01,남해군,moving_average,19.9,12.185714285714285,True,True,True,2024-12-31
2025-07-02,남해군,moving_average,20.2,12.185714285714285,True,True,True,2024-12-31
2025-07-03,남해군,moving_average,20.3,12.185714285714285,True,True,True,2024-12-31
2025-07-04,남해군,moving_average,20.2,12.185714285714285,True,True,True,2024-12-31
2025-07-05,남해군,moving_average,19.9,12.185714285714285,True,True,True,2024-12-31
2025-07-06,남해군,moving_average,19.7,12.185714285714285,True,True,True,2024-12-31
2025-07-07,남해군,moving_average,20.5,12.185714285714285,True,True,True,2024-12-31
2025-07-08,남해군,moving_average,21.8,12.185714285714285,True,True,True,2024-12-31
2025-07-09,남해군,moving_average,22.7,12.185714285714285,True,True,True,2024-12-31
2025-07-10,남해군,moving_average,23.0,12.185714285714285,True,True,True,2024-12-31
2025-07-11,남해군,moving_average,25.0,12.185714285714285,True,True,True,2024-12-31
2025-07-12,남해군,moving_average,24.7,12.185714285714285,True,True,True,2024-12-31
2025-07-13,남해군,moving_average,24.2,12.185714285714285,True,True,True,2024-12-31
2025-07-14,남해군,moving_average,24.0,12.185714285714285,True,True,True,2024-12-31
2025-07-15,남해군,moving_average,23.6,12.185714285714285,True,True,True,2024-12-31
2025-07-16,남해군,moving_average,23.6,12.185714285714285,True,True,True,2024-12-31
2025-07-17,남해군,moving_average,23.5,12.185714285714285,True,True,True,2024-12-31
2025-07-18,남해군,moving_average,23.8,12.185714285714285,True,True,True,2024-12-31
2025-07-19,남해군,moving_average,24.0,12.185714285714285,True,True,True,2024-12-31
2025-07-20,남해군,moving_average,24.5,12.185714285714285,True,True,True,2024-12-31
2025-07-21,남해군,moving_average,24.7,12.185714285714285,True,True,True,2024-12-31
2025-07-22,남해군,moving_average,24.8,12.185714285714285,True,True,True,2024-12-31
2025-07-23,남해군,moving_average,24.8,12.185714285714285,True,True,True,2024-12-31
2025-07-24,남해군,moving_average,24.9,12.185714285714285,True,True,True,2024-12-31
2025-07-25,남해군,moving_average,25.0,12.185714285714285,True,True,True,2024-12-31
2025-07-26,남해군,moving_average,25.3,12.185714285714285,True,True,True,2024-12-31
2025-07-27,남해군,moving_average,25.4,12.185714285714285,True,True,True,2024-12-31
2025-07-28,남해군,moving_average,25.5,12.185714285714285,True,True,True,2024-12-31
2025-07-29,남해군,moving_average,26.1,12.185714285714285,True,True,True,2024-12-31
2025-07-30,남해군,moving_average,26.6,12.185714285714285,True,True,True,2024-12-31
2025-07-31,남해군,moving_average,26.6,12.185714285714285,True,True,True,2024-12-31
2025-08-01,남해군,moving_average,26.9,12.185714285714285,True,True,True,2024-12-31
2025-08-02,남해군,moving_average,26.3,12.185714285714285,True,True,True,2024-12-31
2025-08-03,남해군,moving_average,25.9,12.185714285714285,True,True,True,2024-12-31
2025-08-04,남해군,moving_average,24.3,12.185714285714285,True,True,True,2024-12-31
2025-08-05,남해군,moving_average,25.7,12.185714285714285,True,True,True,2024-12-31
2025-08-06,남해군,moving_average,25.3,12.185714285714285,True,True,True,2024-12-31
2025-08-07,남해군,moving_average,25.5,12.185714285714285,True,True,True,2024-12-31
2025-08-08,남해군,moving_average,26.4,12.185714285714285,True,True,True,2024-12-31
2025-08-09,남해군,moving_average,25.7,12.185714285714285,True,True,True,2024-12-31
2025-08-10,남해군,moving_average,25.6,12.185714285714285,True,True,True,2024-12-31
2025-08-11,남해군,moving_average,25.2,12.185714285714285,True,True,True,2024-12-31
2025-08-12,남해군,moving_average,25.2,12.185714285714285,True,True,True,2024-12-31
2025-08-13,남해군,moving_average,24.3,12.185714285714285,True,True,True,2024-12-31
2025-08-14,남해군,moving_average,23.8,12.185714285714285,True,True,True,2024-12-31
2025-08-15,남해군,moving_average,23.7,12.185714285714285,True,True,True,2024-12-31
2025-08-16,남해군,moving_average,23.7,12.185714285714285,True,True,True,2024-12-31
2025-08-17,남해군,moving_average,23.4,12.185714285714285,True,True,True,2024-12-31
2025-08-18,남해군,moving_average,23.4,12.185714285714285,True,True,True,2024-12-31
2025-08-19,남해군,moving_average,23.1,12.185714285714285,True,True,True,2024-12-31
2025-08-20,남해군,moving_average,22.9,12.185714285714285,True,True,True,2024-12-31
2025-08-21,남해군,moving_average,23.5,12.185714285714285,True,True,True,2024-12-31
2025-08-22,남해군,moving_average,23.4,12.185714285714285,True,True,True,2024-12-31
2025-08-23,남해군,moving_average,22.9,12.185714285714285,True,True,True,2024-12-31
2025-08-24,남해군,moving_average,22.8,12.185714285714285,True,True,True,2024-12-31
2025-08-25,남해군,moving_average,22.6,12.185714285714285,True,True,True,2024-12-31
2025-08-26,남해군,moving_average,22.2,12.185714285714285,True,True,True,2024-12-31
2025-08-27,남해군,moving_average,22.6,12.185714285714285,True,True,True,2024-12-31
2025-08-28,남해군,moving_average,22.8,12.185714285714285,True,True,True,2024-12-31
2025-08-29,남해군,moving_average,22.3,12.185714285714285,True,True,True,2024-12-31
2025-08-30,남해군,moving_average,22.1,12.185714285714285,True,True,True,2024-12-31
2025-08-31,남해군,moving_average,22.1,12.185714285714285,True,True,True,2024-12-31
2025-09-01,남해군,moving_average,22.0,12.185714285714285,True,True,True,2024-12-31
2025-09-02,남해군,moving_average,21.8,12.185714285714285,True,True,True,2024-12-31
2025-09-03,남해군,moving_average,22.7,12.185714285714285,True,True,True,2024-12-31
2025-09-04,남해군,moving_average,24.3,12.185714285714285,True,True,True,2024-12-31
2025-09-05,남해군,moving_average,24.4,12.185714285714285,True,True,True,2024-12-31
2025-09-06,남해군,moving_average,23.2,12.185714285714285,True,True,True,2024-12-31
2025-09-07,남해군,moving_average,22.5,12.185714285714285,True,True,True,2024-12-31
2025-09-08,남해군,moving_average,24.0,12.185714285714285,True,True,True,2024-12-31
2025-09-09,남해군,moving_average,24.7,12.185714285714285,True,True,True,2024-12-31
2025-09-10,남해군,moving_average,24.3,12.185714285714285,True,True,True,2024-12-31
2025-09-11,남해군,moving_average,24.0,12.185714285714285,True,True,True,2024-12-31
2025-09-12,남해군,moving_average,23.8,12.185714285714285,True,True,True,2024-12-31
2025-09-13,남해군,moving_average,23.1,12.185714285714285,True,True,True,2024-12-31
2025-09-14,남해군,moving_average,22.7,12.185714285714285,True,True,True,2024-12-31
2025-09-15,남해군,moving_average,23.0,12.185714285714285,True,True,True,2024-12-31
2025-09-16,남해군,moving_average,23.0,12.185714285714285,True,True,True,2024-12-31
2025-09-17,남해군,moving_average,22.9,12.185714285714285,True,True,True,2024-12-31
2025-09-18,남해군,moving_average,23.8,12.185714285714285,True,True,True,2024-12-31
2025-09-19,남해군,moving_average,24.5,12.185714285714285,True,True,True,2024-12-31
2025-09-20,남해군,moving_average,24.4,12.185714285714285,True,True,True,2024-12-31
2025-09-21,남해군,moving_average,24.3,12.185714285714285,True,True,True,2024-12-31
2025-09-22,남해군,moving_average,24.2,12.185714285714285,True,True,True,2024-12-31
2025-09-23,남해군,moving_average,24.0,12.185714285714285,True,True,True,2024-12-31
2025-09-24,남해군,moving_average,24.0,12.185714285714285,True,True,True,2024-12-31
2025-09-25,남해군,moving_average,24.0,12.185714285714285,True,True,True,2024-12-31
2025-09-26,남해군,moving_average,24.1,12.185714285714285,True,True,True,2024-12-31
2025-09-27,남해군,moving_average,24.2,12.185714285714285,True,True,True,2024-12-31
2025-09-28,남해군,moving_average,24.3,12.185714285714285,True,True,True,2024-12-31
2025-09-29,남해군,moving_average,24.2,12.185714285714285,True,True,True,2024-12-31
2025-09-30,남해군,moving_average,24.2,12.185714285714285,True,True,True,2024-12-31
2025-10-01,남해군,moving_average,24.2,12.185714285714285,True,True,True,2024-12-31
2025-10-02,남해군,moving_average,24.1,12.185714285714285,True,True,True,2024-12-31
2025-10-03,남해군,moving_average,23.8,12.185714285714285,True,True,True,2024-12-31
2025-10-04,남해군,moving_average,23.6,12.185714285714285,True,True,True,2024-12-31
2025-10-05,남해군,moving_average,23.7,12.185714285714285,True,True,True,2024-12-31
2025-10-06,남해군,moving_average,23.8,12.185714285714285,True,True,True,2024-12-31
2025-10-07,남해군,moving_average,23.8,12.185714285714285,True,True,True,2024-12-31
2025-10-08,남해군,moving_average,23.7,12.185714285714285,True,True,True,2024-12-31
2025-10-09,남해군,moving_average,23.6,12.185714285714285,True,True,True,2024-12-31
2025-10-10,남해군,moving_average,23.4,12.185714285714285,True,True,True,2024-12-31
2025-10-11,남해군,moving_average,23.4,12.185714285714285,True,True,True,2024-12-31
2025-10-12,남해군,moving_average,23.4,12.185714285714285,True,True,True,2024-12-31
2025-10-13,남해군,moving_average,23.4,12.185714285714285,True,True,True,2024-12-31
2025-10-14,남해군,moving_average,23.4,12.185714285714285,True,True,True,2024-12-31
2025-10-15,남해군,moving_average,23.2,12.185714285714285,True,True,True,2024-12-31
2025-10-16,남해군,moving_average,23.2,12.185714285714285,True,True,True,2024-12-31
2025-10-17,남해군,moving_average,23.1,12.185714285714285,True,True,True,2024-12-31
2025-10-18,남해군,moving_average,23.3,12.185714285714285,True,True,True,2024-12-31
2025-10-19,남해군,moving_average,23.0,12.185714285714285,True,True,True,2024-12-31
2025-10-20,남해군,moving_average,22.8,12.185714285714285,True,True,True,2024-12-31
2025-10-21,남해군,moving_average,22.6,12.185714285714285,True,True,True,2024-12-31
2025-10-22,남해군,moving_average,22.4,12.185714285714285,True,True,True,2024-12-31
2025-10-23,남해군,moving_average,22.4,12.185714285714285,True,True,True,2024-12-31
2025-10-24,남해군,moving_average,22.2,12.185714285714285,True,True,True,2024-12-31
2025-10-25,남해군,moving_average,22.1,12.185714285714285,True,True,True,2024-12-31
2025-10-26,남해군,moving_average,22.0,12.185714285714285,True,True,True,2024-12-31
2025-10-27,남해군,moving_average,21.9,12.185714285714285,True,True,True,2024-12-31
2025-10-28,남해군,moving_average,21.8,12.185714285714285,True,True,True,2024-12-31
2025-10-29,남해군,moving_average,21.6,12.185714285714285,True,True,True,2024-12-31
2025-10-30,남해군,moving_average,21.5,12.185714285714285,True,True,True,2024-12-31
2025-10-31,남해군,moving_average,21.7,12.185714285714285,True,True,True,2024-12-31
2025-11-01,남해군,moving_average,21.5,12.185714285714285,True,True,True,2024-12-31
2025-11-02,남해군,moving_average,21.1,12.185714285714285,True,True,True,2024-12-31
2025-11-03,남해군,moving_average,20.9,12.185714285714285,True,True,True,2024-12-31
2025-11-04,남해군,moving_average,20.9,12.185714285714285,True,True,True,2024-12-31
2025-11-05,남해군,moving_average,20.8,12.185714285714285,True,True,True,2024-12-31
2025-11-06,남해군,moving_average,20.8,12.185714285714285,True,True,True,2024-12-31
2025-11-07,남해군,moving_average,20.6,12.185714285714285,True,True,True,2024-12-31
2025-11-08,남해군,moving_average,20.4,12.185714285714285,True,True,True,2024-12-31
2025-11-09,남해군,moving_average,20.0,12.185714285714285,True,True,True,2024-12-31
2025-11-10,남해군,moving_average,19.8,12.185714285714285,True,True,True,2024-12-31
2025-11-11,남해군,moving_average,19.6,12.185714285714285,True,True,True,2024-12-31
2025-11-12,남해군,moving_average,19.3,12.185714285714285,True,True,True,2024-12-31
2025-11-13,남해군,moving_average,19.1,12.185714285714285,True,True,True,2024-12-31
2025-11-14,남해군,moving_average,19.0,12.185714285714285,True,True,True,2024-12-31
2025-11-15,남해군,moving_average,18.9,12.185714285714285,True,True,True,2024-12-31
2025-11-16,남해군,moving_average,18.8,12.185714285714285,True,True,True,2024-12-31
2025-11-17,남해군,moving_average,18.6,12.185714285714285,True,True,True,2024-12-31
2025-11-18,남해군,moving_average,18.1,12.185714285714285,True,True,True,2024-12-31
2025-11-19,남해군,moving_average,17.9,12.185714285714285,True,True,True,2024-12-31
2025-11-20,남해군,moving_average,17.8,12.185714285714285,True,True,True,2024-12-31
2025-11-21,남해군,moving_average,17.6,12.185714285714285,True,True,True,2024-12-31
2025-11-22,남해군,moving_average,17.5,12.185714285714285,True,True,True,2024-12-31
2025-11-23,남해군,moving_average,17.4,12.185714285714285,True,True,True,2024-12-31
2025-11-24,남해군,moving_average,17.3,12.185714285714285,True,True,True,2024-12-31
2025-11-25,남해군,moving_average,17.2,12.185714285714285,True,True,True,2024-12-31
2025-11-26,남해군,moving_average,17.1,12.185714285714285,True,True,True,2024-12-31
2025-11-27,남해군,moving_average,16.9,12.185714285714285,True,True,True,2024-12-31
2025-11-28,남해군,moving_average,16.6,12.185714285714285,True,True,True,2024-12-31
2025-11-29,남해군,moving_average,16.7,12.185714285714285,True,True,True,2024-12-31
2025-11-30,남해군,moving_average,16.6,12.185714285714285,True,True,True,2024-12-31
2025-12-01,남해군,moving_average,16.6,12.185714285714285,True,True,True,2024-12-31
2025-12-02,남해군,moving_average,16.3,12.185714285714285,True,True,True,2024-12-31
2025-12-03,남해군,moving_average,15.9,12.185714285714285,True,True,True,2024-12-31
2025-12-04,남해군,moving_average,15.6,12.185714285714285,True,True,True,2024-12-31
2025-12-05,남해군,moving_average,15.3,12.185714285714285,True,True,True,2024-12-31
2025-12-06,남해군,moving_average,15.2,12.185714285714285,True,True,True,2024-12-31
2025-12-07,남해군,moving_average,15.2,12.185714285714285,True,True,True,2024-12-31
2025-12-08,남해군,moving_average,15.0,12.185714285714285,True,True,True,2024-12-31
2025-12-09,남해군,moving_average,14.6,12.185714285714285,True,True,True,2024-12-31
2025-12-10,남해군,moving_average,14.4,12.185714285714285,True,True,True,2024-12-31
2025-12-11,남해군,moving_average,14.4,12.185714285714285,True,True,True,2024-12-31
2025-12-12,남해군,moving_average,14.0,12.185714285714285,True,True,True,2024-12-31
2025-12-13,남해군,moving_average,13.9,12.185714285714285,True,True,True,2024-12-31
2025-12-14,남해군,moving_average,13.6,12.185714285714285,True,True,True,2024-12-31
2025-12-15,남해군,moving_average,13.7,12.185714285714285,True,True,True,2024-12-31
2025-12-16,남해군,moving_average,13.8,12.185714285714285,True,True,True,2024-12-31
2025-12-17,남해군,moving_average,13.7,12.185714285714285,True,True,True,2024-12-31
2025-12-18,남해군,moving_average,13.7,12.185714285714285,True,True,True,2024-12-31
2025-12-19,남해군,moving_average,13.6,12.185714285714285,True,True,True,2024-12-31
2025-12-20,남해군,moving_average,13.6,12.185714285714285,True,True,True,2024-12-31
2025-12-21,남해군,moving_average,13.4,12.185714285714285,True,True,True,2024-12-31
2025-12-22,남해군,moving_average,13.0,12.185714285714285,True,True,True,2024-12-31
2025-12-23,남해군,moving_average,13.0,12.185714285714285,True,True,True,2024-12-31
2025-12-24,남해군,moving_average,13.0,12.185714285714285,True,True,True,2024-12-31
2025-12-25,남해군,moving_average,12.9,12.185714285714285,True,True,True,2024-12-31
2025-12-26,남해군,moving_average,12.5,12.185714285714285,True,True,True,2024-12-31
2025-12-27,남해군,moving_average,12.2,12.185714285714285,True,True,True,2024-12-31
2025-12-28,남해군,moving_average,12.7,12.185714285714285,True,True,True,2024-12-31
2025-12-29,남해군,moving_average,13.0,12.185714285714285,True,True,True,2024-12-31
2025-12-30,남해군,moving_average,12.8,12.185714285714285,True,True,True,2024-12-31
2025-12-31,남해군,moving_average,12.5,12.185714285714285,True,True,True,2024-12-31
2025-01-01,남해군,harmonic_regression,11.5,10.950434542816197,True,True,True,2024-12-31
2025-01-02,남해군,harmonic_regression,11.3,10.84691847771256,True,True,True,2024-12-31
2025-01-03,남해군,harmonic_regression,11.1,10.747624506549377,True,True,True,2024-12-31
2025-01-04,남해군,harmonic_regression,10.9,10.652537888986911,True,True,True,2024-12-31
2025-01-05,남해군,harmonic_regression,10.9,10.561623875293638,True,True,True,2024-12-31
2025-01-06,남해군,harmonic_regression,10.8,10.474828269526299,True,True,True,2024-12-31
2025-01-07,남해군,harmonic_regression,10.7,10.39207816906574,True,True,True,2024-12-31
2025-01-08,남해군,harmonic_regression,10.8,10.313282874386369,True,True,True,2024-12-31
2025-01-09,남해군,harmonic_regression,10.6,10.238334961330398,True,True,True,2024-12-31
2025-01-10,남해군,harmonic_regression,10.4,10.167111506613796,True,True,True,2024-12-31
2025-01-11,남해군,harmonic_regression,10.6,10.099475455823672,True,True,True,2024-12-31
2025-01-12,남해군,harmonic_regression,10.5,10.035277121791413,True,True,True,2024-12-31
2025-01-13,남해군,harmonic_regression,10.4,9.974355799955369,True,True,True,2024-12-31
2025-01-14,남해군,harmonic_regression,10.3,9.916541486174175,True,True,True,2024-12-31
2025-01-15,남해군,harmonic_regression,10.2,9.861656681428151,True,True,True,2024-12-31
2025-01-16,남해군,harmonic_regression,10.0,9.809518266962348,True,True,True,2024-12-31
2025-01-17,남해군,harmonic_regression,9.9,9.75993943268959,True,True,True,2024-12-31
2025-01-18,남해군,harmonic_regression,9.9,9.712731641093056,True,True,True,2024-12-31
2025-01-19,남해군,harmonic_regression,9.9,9.667706608452175,True,True,True,2024-12-31
2025-01-20,남해군,harmonic_regression,9.9,9.624678284967151,True,True,True,2024-12-31
2025-01-21,남해군,harmonic_regression,9.8,9.583464815280104,True,True,True,2024-12-31
2025-01-22,남해군,harmonic_regression,9.8,9.54389046098565,True,True,True,2024-12-31
2025-01-23,남해군,harmonic_regression,9.8,9.505787466991308,True,True,True,2024-12-31
2025-01-24,남해군,harmonic_regression,9.8,9.468997854026128,True,True,True,2024-12-31
2025-01-25,남해군,harmonic_regression,9.8,9.433375120201834,True,True,True,2024-12-31
2025-01-26,남해군,harmonic_regression,9.6,9.3987858352988,True,True,True,2024-12-31
2025-01-27,남해군,harmonic_regression,9.5,9.365111112373757,True,True,True,2024-12-31
2025-01-28,남해군,harmonic_regression,9.3,9.33224794235849,True,True,True,2024-12-31
2025-01-29,남해군,harmonic_regression,9.0,9.300110378530041,True,True,True,2024-12-31
2025-01-30,남해군,harmonic_regression,8.9,9.268630559072005,True,True,True,2024-12-31
2025-01-31,남해군,harmonic_regression,8.9,9.237759557401427,True,True,True,2024-12-31
2025-02-01,남해군,harmonic_regression,8.8,9.207468051493361,True,True,True,2024-12-31
2025-02-02,남해군,harmonic_regression,8.7,9.17774680508109,True,True,True,2024-12-31
2025-02-03,남해군,harmonic_regression,8.7,9.148606955329207,True,True,True,2024-12-31
2025-02-04,남해군,harmonic_regression,8.5,9.12008010335326,True,True,True,2024-12-31
2025-02-05,남해군,harmonic_regression,8.4,9.092218205777105,True,True,True,2024-12-31
2025-02-06,남해군,harmonic_regression,8.3,9.065093267360389,True,True,True,2024-12-31
2025-02-07,남해군,harmonic_regression,8.1,9.038796836576536,True,True,True,2024-12-31
2025-02-08,남해군,harmonic_regression,7.8,9.013439307858974,True,True,True,2024-12-31
2025-02-09,남해군,harmonic_regression,7.5,8.9891490360425,True,True,True,2024-12-31
2025-02-10,남해군,harmonic_regression,7.7,8.966071270290989,True,True,True,2024-12-31
2025-02-11,남해군,harmonic_regression,7.9,8.944366916504858,True,True,True,2024-12-31
2025-02-12,남해군,harmonic_regression,8.4,8.92421113882608,True,True,True,2024-12-31
2025-02-13,남해군,harmonic_regression,8.4,8.905791812389221,True,True,True,2024-12-31
2025-02-14,남해군,harmonic_regression,8.5,8.889307840889611,True,True,True,2024-12-31
2025-02-15,남해군,harmonic_regression,8.4,8.874967353840304,True,True,True,2024-12-31
2025-02-16,남해군,harmonic_regression,8.4,8.862985799555862,True,True,True,2024-12-31
2025-02-17,남해군,harmonic_regression,8.5,8.853583950921465,True,True,True,2024-12-31
2025-02-18,남해군,harmonic_regression,8.5,8.846985841870644,True,True,True,2024-12-31
2025-02-19,남해군,harmonic_regression,8.0,8.843416653195604,True,True,True,2024-12-31
2025-02-20,남해군,harmonic_regression,8.0,8.843100566843646,True,True,True,2024-12-31
2025-02-21,남해군,harmonic_regression,8.1,8.846258608206057,True,True,True,2024-12-31
2025-02-22,남해군,harmonic_regression,8.5,8.853106496078743,True,True,True,2024-12-31
2025-02-23,남해군,harmonic_regression,8.8,8.863852519964391,True,True,True,2024-12-31
2025-02-24,남해군,harmonic_regression,8.8,8.87869546419408,True,True,True,2024-12-31
2025-02-25,남해군,harmonic_regression,8.7,8.897822597973441,True,True,True,2024-12-31
2025-02-26,남해군,harmonic_regression,8.7,8.921407749907665,True,True,True,2024-12-31
2025-02-27,남해군,harmonic_regression,8.7,8.949609484836042,True,True,True,2024-12-31
2025-02-28,남해군,harmonic_regression,8.9,8.982569399916555,True,True,True,2024-12-31
2025-03-01,남해군,harmonic_regression,9.0,9.020410555852537,True,True,True,2024-12-31
2025-03-02,남해군,harmonic_regression,9.2,9.063236057956086,True,True,True,2024-12-31
2025-03-03,남해군,harmonic_regression,9.3,9.11112780040794,True,True,True,2024-12-31
2025-03-04,남해군,harmonic_regression,8.9,9.164145385613006,True,True,True,2024-12-31
2025-03-05,남해군,harmonic_regression,8.8,9.222325228978368,True,True,True,2024-12-31
2025-03-06,남해군,harmonic_regression,8.8,9.285679857770925,True,True,True,2024-12-31
2025-03-07,남해군,harmonic_regression,8.5,9.354197410960381,True,True,True,2024-12-31
2025-03-08,남해군,harmonic_regression,8.3,9.427841345136308,True,True,True,2024-12-31
2025-03-09,남해군,harmonic_regression,8.4,9.506550349722595,True,True,True,2024-12-31
2025-03-10,남해군,harmonic_regression,8.4,9.590238472815937,True,True,True,2024-12-31
2025-03-11,남해군,harmonic_regression,8.6,9.67879545706488,True,True,True,2024-12-31
2025-03-12,남해군,harmonic_regression,8.7,9.772087283100333,True,True,True,2024-12-31
2025-03-13,남해군,harmonic_regression,8.8,9.869956916144737,True,True,True,2024-12-31
2025-03-14,남해군,harmonic_regression,8.9,9.972225249583301,True,True,True,2024-12-31
2025-03-15,남해군,harmonic_regression,9.0,10.078692237493723,True,True,True,2024-12-31
2025-03-16,남해군,harmonic_regression,9.0,10.18913820641735,True,True,True,2024-12-31
2025-03-17,남해군,harmonic_regression,8.9,10.303325335030877,True,True,True,2024-12-31
2025-03-18,남해군,harmonic_regression,8.9,10.420999288858232,True,True,True,2024-12-31
2025-03-19,남해군,harmonic_regression,8.9,10.541890995761715,True,True,True,2024-12-31
2025-03-20,남해군,harmonic_regression,9.0,10.66571854668235,True,True,True,2024-12-31
2025-03-21,남해군,harmonic_regression,9.0,10.792189204973774,True,True,True,2024-12-31
2025-03-22,남해군,harmonic_regression,9.1,10.921001506701963,True,True,True,2024-12-31
2025-03-23,남해군,harmonic_regression,9.2,11.051847433473712,True,True,True,2024-12-31
2025-03-24,남해군,harmonic_regression,9.3,11.184414638717294,True,True,True,2024-12-31
2025-03-25,남해군,harmonic_regression,9.4,11.318388707874899,True,True,True,2024-12-31
2025-03-26,남해군,harmonic_regression,9.6,11.45345543268235,True,True,True,2024-12-31
2025-03-27,남해군,harmonic_regression,9.9,11.589303079609632,True,True,True,2024-12-31
2025-03-28,남해군,harmonic_regression,10.2,11.725624632616373,True,True,True,2024-12-31
2025-03-29,남해군,harmonic_regression,10.4,11.862119990638991,True,True,True,2024-12-31
2025-03-30,남해군,harmonic_regression,10.1,11.998498100667316,True,True,True,2024-12-31
2025-03-31,남해군,harmonic_regression,9.9,12.134479007884359,True,True,True,2024-12-31
2025-04-01,남해군,harmonic_regression,10.0,12.26979580512677,True,True,True,2024-12-31
2025-04-02,남해군,harmonic_regression,10.1,12.40419646486841,True,True,True,2024-12-31
2025-04-03,남해군,harmonic_regression,10.2,12.537445538025395,True,True,True,2024-12-31
2025-04-04,남해군,harmonic_regression,10.5,12.66932570511841,True,True,True,2024-12-31
2025-04-05,남해군,harmonic_regression,10.5,12.7996391666941,True,True,True,2024-12-31
2025-04-06,남해군,harmonic_regression,10.5,12.928208861389741,True,True,True,2024-12-31
2025-04-07,남해군,harmonic_regression,10.8,13.054879501609596,True,True,True,2024-12-31
2025-04-08,남해군,harmonic_regression,10.5,13.179518418452577,True,True,True,2024-12-31
2025-04-09,남해군,harmonic_regression,10.9,13.302016209273148,True,True,True,2024-12-31
2025-04-10,남해군,harmonic_regression,11.1,13.422287183054642,True,True,True,2024-12-31
2025-04-11,남해군,harmonic_regression,11.3,13.540269600609085,True,True,True,2024-12-31
2025-04-12,남해군,harmonic_regression,11.8,13.655925708473575,True,True,True,2024-12-31
2025-04-13,남해군,harmonic_regression,11.5,13.76924156723249,True,True,True,2024-12-31
2025-04-14,남해군,harmonic_regression,11.0,13.880226676840415,True,True,True,2024-12-31
2025-04-15,남해군,harmonic_regression,10.9,13.98891340333535,True,True,True,2024-12-31
2025-04-16,남해군,harmonic_regression,11.2,14.095356213099013,True,True,True,2024-12-31
2025-04-17,남해군,harmonic_regression,11.2,14.199630722524635,True,True,True,2024-12-31
2025-04-18,남해군,harmonic_regression,11.4,14.301832572576874,True,True,True,2024-12-31
2025-04-19,남해군,harmonic_regression,11.4,14.402076139259025,True,True,True,2024-12-31
2025-04-20,남해군,harmonic_regression,11.5,14.500493092425478,True,True,True,2024-12-31
2025-04-21,남해군,harmonic_regression,12.4,14.597230816679893,True,True,True,2024-12-31
2025-04-22,남해군,harmonic_regression,12.5,14.692450709270254,True,True,True,2024-12-31
2025-04-23,남해군,harmonic_regression,12.8,14.786326370920847,True,True,True,2024-12-31
2025-04-24,남해군,harmonic_regression,12.7,14.879041706419018,True,True,True,2024-12-31
2025-04-25,남해군,harmonic_regression,13.0,14.970788952494729,True,True,True,2024-12-31
2025-04-26,남해군,harmonic_regression,13.0,15.061766651086728,True,True,True,2024-12-31
2025-04-27,남해군,harmonic_regression,13.1,15.152177586477212,True,True,True,2024-12-31
2025-04-28,남해군,harmonic_regression,13.1,15.242226704993833,True,True,True,2024-12-31
2025-04-29,남해군,harmonic_regression,13.3,15.332119036023377,True,True,True,2024-12-31
2025-04-30,남해군,harmonic_regression,13.4,15.422057632955429,True,True,True,2024-12-31
2025-05-01,남해군,harmonic_regression,13.5,15.512241552379706,True,True,True,2024-12-31
2025-05-02,남해군,harmonic_regression,13.5,15.602863889400592,True,True,True,2024-12-31
2025-05-03,남해군,harmonic_regression,14.1,15.694109886312525,True,True,True,2024-12-31
2025-05-04,남해군,harmonic_regression,14.4,15.786155131107067,True,True,True,2024-12-31
2025-05-05,남해군,harmonic_regression,14.5,15.879163861364223,True,True,True,2024-12-31
2025-05-06,남해군,harmonic_regression,14.6,15.97328738802748,True,True,True,2024-12-31
2025-05-07,남해군,harmonic_regression,14.6,16.068662652383598,True,True,True,2024-12-31
2025-05-08,남해군,harmonic_regression,14.6,16.165410928277026,True,True,True,2024-12-31
2025-05-09,남해군,harmonic_regression,15.0,16.263636680197262,True,True,True,2024-12-31
2025-05-10,남해군,harmonic_regression,13.6,16.363426586399207,True,True,True,2024-12-31
2025-05-11,남해군,harmonic_regression,13.9,16.464848734665914,True,True,True,2024-12-31
2025-05-12,남해군,harmonic_regression,14.4,16.567951996715056,True,True,True,2024-12-31
2025-05-13,남해군,harmonic_regression,14.5,16.67276558559978,True,True,True,2024-12-31
2025-05-14,남해군,harmonic_regression,14.6,16.779298798777745,True,True,True,2024-12-31
2025-05-15,남해군,harmonic_regression,14.8,16.887540947833777,True,True,True,2024-12-31
2025-05-16,남해군,harmonic_regression,15.1,16.997461474158207,True,True,True,2024-12-31
2025-05-17,남해군,harmonic_regression,15.3,17.109010248219427,True,True,True,2024-12-31
2025-05-18,남해군,harmonic_regression,15.5,17.222118048441086,True,True,True,2024-12-31
2025-05-19,남해군,harmonic_regression,15.5,17.336697214116054,True,True,True,2024-12-31
2025-05-20,남해군,harmonic_regression,15.1,17.45264246527498,True,True,True,2024-12-31
2025-05-21,남해군,harmonic_regression,16.1,17.56983188099026,True,True,True,2024-12-31
2025-05-22,남해군,harmonic_regression,16.7,17.688128026249167,True,True,True,2024-12-31
2025-05-23,남해군,harmonic_regression,16.9,17.807379216283838,True,True,True,2024-12-31
2025-05-24,남해군,harmonic_regression,17.0,17.92742090611184,True,True,True,2024-12-31
2025-05-25,남해군,harmonic_regression,16.9,18.04807719202793,True,True,True,2024-12-31
2025-05-26,남해군,harmonic_regression,16.8,18.16916241090365,True,True,True,2024-12-31
2025-05-27,남해군,harmonic_regression,17.0,18.290482822403355,True,True,True,2024-12-31
2025-05-28,남해군,harmonic_regression,17.2,18.411838358618443,True,True,True,2024-12-31
2025-05-29,남해군,harmonic_regression,17.3,18.533024425160086,True,True,True,2024-12-31
2025-05-30,남해군,harmonic_regression,17.3,18.653833737437264,True,True,True,2024-12-31
2025-05-31,남해군,harmonic_regression,17.3,18.774058175682352,True,True,True,2024-12-31
2025-06-01,남해군,harmonic_regression,17.5,18.89349064227107,True,True,True,2024-12-31
2025-06-02,남해군,harmonic_regression,17.5,19.0119269050154,True,True,True,2024-12-31
2025-06-03,남해군,harmonic_regression,18.2,19.129167410384046,True,True,True,2024-12-31
2025-06-04,남해군,harmonic_regression,17.9,19.245019051021163,True,True,True,2024-12-31
2025-06-05,남해군,harmonic_regression,17.9,19.359296872484684,True,True,True,2024-12-31
2025-06-06,남해군,harmonic_regression,17.8,19.471825704803635,True,True,True,2024-12-31
2025-06-07,남해군,harmonic_regression,17.9,19.582441705252158,True,True,True,2024-12-31
2025-06-08,남해군,harmonic_regression,17.8,19.690993799646762,True,True,True,2024-12-31
2025-06-09,남해군,harmonic_regression,17.9,19.797345010483618,True,True,True,2024-12-31
2025-06-10,남해군,harmonic_regression,17.9,19.901373661333462,True,True,True,2024-12-31
2025-06-11,남해군,harmonic_regression,18.2,20.0029744480914,True,True,True,2024-12-31
2025-06-12,남해군,harmonic_regression,18.5,20.102059368926252,True,True,True,2024-12-31
2025-06-13,남해군,harmonic_regression,18.8,20.198558506076107,True,True,True,2024-12-31
2025-06-14,남해군,harmonic_regression,19.2,20.29242065398116,True,True,True,2024-12-31
2025-06-15,남해군,harmonic_regression,19.0,20.383613789618565,True,True,True,2024-12-31
2025-06-16,남해군,harmonic_regression,18.1,20.4721253822941,True,True,True,2024-12-31
2025-06-17,남해군,harmonic_regression,18.2,20.55796254153902,True,True,True,2024-12-31
2025-06-18,남해군,harmonic_regression,19.0,20.641152003144665,True,True,True,2024-12-31
2025-06-19,남해군,harmonic_regression,19.2,20.721739954729802,True,True,True,2024-12-31
2025-06-20,남해군,harmonic_regression,19.4,20.799791703564722,True,True,True,2024-12-31
2025-06-21,남해군,harmonic_regression,17.2,20.87539119065935,True,True,True,2024-12-31
2025-06-22,남해군,harmonic_regression,18.2,20.94864035635022,True,True,True,2024-12-31
2025-06-23,남해군,harmonic_regression,19.6,21.019658363782447,True,True,True,2024-12-31
2025-06-24,남해군,harmonic_regression,20.4,21.088580687768264,True,True,True,2024-12-31
2025-06-25,남해군,harmonic_regression,19.8,21.155558077505688,True,True,True,2024-12-31
2025-06-26,남해군,harmonic_regression,18.8,21.220755402550935,True,True,True,2024-12-31
2025-06-27,남해군,harmonic_regression,19.7,21.28435039225074,True,True,True,2024-12-31
2025-06-28,남해군,harmonic_regression,19.7,21.346532279549763,True,True,True,2024-12-31
2025-06-29,남해군,harmonic_regression,19.6,21.407500360690065,True,True,True,2024-12-31
2025-06-30,남해군,harmonic_regression,19.8,21.467462482810262,True,True,True,2024-12-31
2025-07-01,남해군,harmonic_regression,19.9,21.5266334718303,True,True,True,2024-12-31
2025-07-02,남해군,harmonic_regression,20.2,21.585233513272193,True,True,True,2024-12-31
2025-07-03,남해군,harmonic_regression,20.3,21.64348649881792,True,True,True,2024-12-31
2025-07-04,남해군,harmonic_regression,20.2,21.701618351444655,True,True,True,2024-12-31
2025-07-05,남해군,harmonic_regression,19.9,21.75985534190619,True,True,True,2024-12-31
2025-07-06,남해군,harmonic_regression,19.7,21.81842240915198,True,True,True,2024-12-31
2025-07-07,남해군,harmonic_regression,20.5,21.87754149699527,True,True,True,2024-12-31
2025-07-08,남해군,harmonic_regression,21.8,21.93742991896484,True,True,True,2024-12-31
2025-07-09,남해군,harmonic_regression,22.7,21.99829876280714,True,True,True,2024-12-31
2025-07-10,남해군,harmonic_regression,23.0,22.060351345552977,True,True,True,2024-12-31
2025-07-11,남해군,harmonic_regression,25.0,22.123781729433965,True,True,True,2024-12-31
2025-07-12,남해군,harmonic_regression,24.7,22.18877330823542,True,True,True,2024-12-31
2025-07-13,남해군,harmonic_regression,24.2,22.255497472913657,True,True,True,2024-12-31
2025-07-14,남해군,harmonic_regression,24.0,22.324112364494734,True,True,True,2024-12-31
2025-07-15,남해군,harmonic_regression,23.6,22.39476172141811,True,True,True,2024-12-31
2025-07-16,남해군,harmonic_regression,23.6,22.467573827601377,True,True,True,2024-12-31
2025-07-17,남해군,harmonic_regression,23.5,22.542660566590527,True,True,True,2024-12-31
2025-07-18,남해군,harmonic_regression,23.8,22.6201165862333,True,True,True,2024-12-31
2025-07-19,남해군,harmonic_regression,24.0,22.700018577380092,True,True,True,2024-12-31
2025-07-20,남해군,harmonic_regression,24.5,22.782424669186668,True,True,True,2024-12-31
2025-07-21,남해군,harmonic_regression,24.7,22.867373942673865,True,True,True,2024-12-31
2025-07-22,남해군,harmonic_regression,24.8,22.954886063299682,True,True,True,2024-12-31
2025-07-23,남해군,harmonic_regression,24.8,23.044961032426972,True,True,True,2024-12-31
2025-07-24,남해군,harmonic_regression,24.9,23.137579056731024,True,True,True,2024-12-31
2025-07-25,남해군,harmonic_regression,25.0,23.232700533794166,True,True,True,2024-12-31
2025-07-26,남해군,harmonic_regression,25.3,23.330266151382954,True,True,True,2024-12-31
2025-07-27,남해군,harmonic_regression,25.4,23.43019709720432,True,True,True,2024-12-31
2025-07-28,남해군,harmonic_regression,25.5,23.53239537529349,True,True,True,2024-12-31
2025-07-29,남해군,harmonic_regression,26.1,23.636744224602836,True,True,True,2024-12-31
2025-07-30,남해군,harmonic_regression,26.6,23.743108634839757,True,True,True,2024-12-31
2025-07-31,남해군,harmonic_regression,26.6,23.851335954145,True,True,True,2024-12-31
2025-08-01,남해군,harmonic_regression,26.9,23.96125658281219,True,True,True,2024-12-31
2025-08-02,남해군,harmonic_regression,26.3,24.072684746924843,True,True,True,2024-12-31
2025-08-03,남해군,harmonic_regression,25.9,24.185419345528842,True,True,True,2024-12-31
2025-08-04,남해군,harmonic_regression,24.3,24.29924486476475,True,True,True,2024-12-31
2025-08-05,남해군,harmonic_regression,25.7,24.413932352254214,True,True,True,2024-12-31
2025-08-06,남해군,harmonic_regression,25.3,24.52924044496541,True,True,True,2024-12-31
2025-08-07,남해군,harmonic_regression,25.5,24.64491644377093,True,True,True,2024-12-31
2025-08-08,남해군,harmonic_regression,26.4,24.760697427954433,True,True,True,2024-12-31
2025-08-09,남해군,harmonic_regression,25.7,24.876311403015514,True,True,True,2024-12-31
2025-08-10,남해군,harmonic_regression,25.6,24.9914784752616,True,True,True,2024-12-31
2025-08-11,남해군,harmonic_regression,25.2,25.10591204685556,True,True,True,2024-12-31
2025-08-12,남해군,harmonic_regression,25.2,25.21932002520425,True,True,True,2024-12-31
2025-08-13,남해군,harmonic_regression,24.3,25.331406040820514,True,True,True,2024-12-31
2025-08-14,남해군,harmonic_regression,23.8,25.4418706680635,True,True,True,2024-12-31
2025-08-15,남해군,harmonic_regression,23.7,25.55041264345519,True,True,True,2024-12-31
2025-08-16,남해군,harmonic_regression,23.7,25.65673007657835,True,True,True,2024-12-31
2025-08-17,남해군,harmonic_regression,23.4,25.76052164887821,True,True,True,2024-12-31
2025-08-18,남해군,harmonic_regression,23.4,25.861487796011296,True,True,True,2024-12-31
2025-08-19,남해군,harmonic_regression,23.1,25.95933186970585,True,True,True,2024-12-31
2025-08-20,남해군,harmonic_regression,22.9,26.05376127541402,True,True,True,2024-12-31
2025-08-21,남해군,harmonic_regression,23.5,26.144488582342735,True,True,True,2024-12-31
2025-08-22,남해군,harmonic_regression,23.4,26.231232602743766,True,True,True,2024-12-31
2025-08-23,남해군,harmonic_regression,22.9,26.31371943762089,True,True,True,2024-12-31
2025-08-24,남해군,harmonic_regression,22.8,26.391683486270622,True,True,True,2024-12-31
2025-08-25,남해군,harmonic_regression,22.6,26.464868417309557,True,True,True,2024-12-31
2025-08-26,남해군,harmonic_regression,22.2,26.533028099055503,True,True,True,2024-12-31
2025-08-27,남해군,harmonic_regression,22.6,26.595927487318825,True,True,True,2024-12-31
2025-08-28,남해군,harmonic_regression,22.8,26.65334346882504,True,True,True,2024-12-31
2025-08-29,남해군,harmonic_regression,22.3,26.70506565862903,True,True,True,2024-12-31
2025-08-30,남해군,harmonic_regression,22.1,26.75089714999635,True,True,True,2024-12-31
2025-08-31,남해군,harmonic_regression,22.1,26.790655215318147,True,True,True,2024-12-31
2025-09-01,남해군,harmonic_regression,22.0,26.824171956695913,True,True,True,2024-12-31
2025-09-02,남해군,harmonic_regression,21.8,26.851294904881318,True,True,True,2024-12-31
2025-09-03,남해군,harmonic_regression,22.7,26.87188756528826,True,True,True,2024-12-31
2025-09-04,남해군,harmonic_regression,24.3,26.88582990981126,True,True,True,2024-12-31
2025-09-05,남해군,harmonic_regression,24.4,26.89301881318964,True,True,True,2024-12-31
2025-09-06,남해군,harmonic_regression,23.2,26.89336843265429,True,True,True,2024-12-31
2025-09-07,남해군,harmonic_regression,22.5,26.88681052958639,True,True,True,2024-12-31
2025-09-08,남해군,harmonic_regression,24.0,26.873294731909887,True,True,True,2024-12-31
2025-09-09,남해군,harmonic_regression,24.7,26.852788735934574,True,True,True,2024-12-31
2025-09-10,남해군,harmonic_regression,24.3,26.82527844636951,True,True,True,2024-12-31
2025-09-11,남해군,harmonic_regression,24.0,26.79076805324007,True,True,True,2024-12-31
2025-09-12,남해군,harmonic_regression,23.8,26.749280044470694,True,True,True,2024-12-31
2025-09-13,남해군,harmonic_regression,23.1,26.70085515294253,True,True,True,2024-12-31
2025-09-14,남해군,harmonic_regression,22.7,26.64555223690432,True,True,True,2024-12-31
2025-09-15,남해군,harmonic_regression,23.0,26.583448092708945,True,True,True,2024-12-31
2025-09-16,남해군,harmonic_regression,23.0,26.514637198970007,True,True,True,2024-12-31
2025-09-17,남해군,harmonic_regression,22.9,26.439231391384325,True,True,True,2024-12-31
2025-09-18,남해군,harmonic_regression,23.8,26.357359467650273,True,True,True,2024-12-31
2025-09-19,남해군,harmonic_regression,24.5,26.26916672212835,True,True,True,2024-12-31
2025-09-20,남해군,harmonic_regression,24.4,26.174814410141437,True,True,True,2024-12-31
2025-09-21,남해군,harmonic_regression,24.3,26.074479142096884,True,True,True,2024-12-31
2025-09-22,남해군,harmonic_regression,24.2,25.968352207931574,True,True,True,2024-12-31
2025-09-23,남해군,harmonic_regression,24.0,25.85663883273244,True,True,True,2024-12-31
2025-09-24,남해군,harmonic_regression,24.0,25.73955736476806,True,True,True,2024-12-31
2025-09-25,남해군,harmonic_regression,24.0,25.617338397578457,True,True,True,2024-12-31
2025-09-26,남해군,harmonic_regression,24.1,25.490223828208805,True,True,True,2024-12-31
2025-09-27,남해군,harmonic_regression,24.2,25.358465854133442,True,True,True,2024-12-31
2025-09-28,남해군,harmonic_regression,24.3,25.222325911897066,True,True,True,2024-12-31
2025-09-29,남해군,harmonic_regression,24.2,25.08207356099441,True,True,True,2024-12-31
2025-09-30,남해군,harmonic_regression,24.2,24.937985317014242,True,True,True,2024-12-31
2025-10-01,남해군,harmonic_regression,24.2,24.790343438582596,True,True,True,2024-12-31
2025-10-02,남해군,harmonic_regression,24.1,24.639434673147495,True,True,True,2024-12-31
2025-10-03,남해군,harmonic_regression,23.8,24.48554896714814,True,True,True,2024-12-31
2025-10-04,남해군,harmonic_regression,23.6,24.328978146598917,True,True,True,2024-12-31
2025-10-05,남해군,harmonic_regression,23.7,24.170014574585622,True,True,True,2024-12-31
2025-10-06,남해군,harmonic_regression,23.8,24.008949792613414,True,True,True,2024-12-31
2025-10-07,남해군,harmonic_regression,23.8,23.84607315315463,True,True,True,2024-12-31
2025-10-08,남해군,harmonic_regression,23.7,23.681670451114996,True,True,True,2024-12-31
2025-10-09,남해군,harmonic_regression,23.6,23.516022562262464,True,True,True,2024-12-31
2025-10-10,남해군,harmonic_regression,23.4,23.349404096936937,True,True,True,2024-12-31
2025-10-11,남해군,harmonic_regression,23.4,23.182082077578013,True,True,True,2024-12-31
2025-10-12,남해군,harmonic_regression,23.4,23.01431464876402,True,True,True,2024-12-31
2025-10-13,남해군,harmonic_regression,23.4,22.846349828546426,True,True,True,2024-12-31
2025-10-14,남해군,harmonic_regression,23.4,22.678424309883802,True,True,True,2024-12-31
2025-10-15,남해군,harmonic_regression,23.2,22.510762320925643,True,True,True,2024-12-31
2025-10-16,남해군,harmonic_regression,23.2,22.34357455276619,True,True,True,2024-12-31
2025-10-17,남해군,harmonic_regression,23.1,22.177057163079287,True,True,True,2024-12-31
2025-10-18,남해군,harmonic_regression,23.3,22.011390863755935,True,True,True,2024-12-31
2025-10-19,남해군,harmonic_regression,23.0,21.846740100296905,True,True,True,2024-12-31
2025-10-20,남해군,harmonic_regression,22.8,21.68325233026257,True,True,True,2024-12-31
2025-10-21,남해군,harmonic_regression,22.6,21.52105740755377,True,True,True,2024-12-31
2025-10-22,남해군,harmonic_regression,22.4,21.360267078691614,True,True,True,2024-12-31
2025-10-23,남해군,harmonic_regression,22.4,21.200974596585425,True,True,True,2024-12-31
2025-10-24,남해군,harmonic_regression,22.2,21.04325445652811,True,True,True,2024-12-31
2025-10-25,남해군,harmonic_regression,22.1,20.887162258344997,True,True,True,2024-12-31
2025-10-26,남해군,harmonic_regression,22.0,20.7327346977473,True,True,True,2024-12-31
2025-10-27,남해군,harmonic_regression,21.9,20.579989689015413,True,True,True,2024-12-31
2025-10-28,남해군,harmonic_regression,21.8,20.428926620163253,True,True,True,2024-12-31
2025-10-29,남해군,harmonic_regression,21.6,20.27952674072435,True,True,True,2024-12-31
2025-10-30,남해군,harmonic_regression,21.5,20.131753681258516,True,True,True,2024-12-31
2025-10-31,남해군,harmonic_regression,21.7,19.98555410261631,True,True,True,2024-12-31
2025-11-01,남해군,harmonic_regression,21.5,19.84085847192443,True,True,True,2024-12-31
2025-11-02,남해군,harmonic_regression,21.1,19.697581961180262,True,True,True,2024-12-31
2025-11-03,남해군,harmonic_regression,20.9,19.555625463276307,True,True,True,2024-12-31
2025-11-04,남해군,harmonic_regression,20.9,19.414876719227163,True,True,True,2024-12-31
2025-11-05,남해군,harmonic_regression,20.8,19.27521154935188,True,True,True,2024-12-31
2025-11-06,남해군,harmonic_regression,20.8,19.136495180184433,True,True,True,2024-12-31
2025-11-07,남해군,harmonic_regression,20.6,18.998583657953436,True,True,True,2024-12-31
2025-11-08,남해군,harmonic_regression,20.4,18.861325338601105,True,True,True,2024-12-31
2025-11-09,남해군,harmonic_regression,20.0,18.724562443507523,True,True,True,2024-12-31
2025-11-10,남해군,harmonic_regression,19.8,18.58813266936164,True,True,True,2024-12-31
2025-11-11,남해군,harmonic_regression,19.6,18.451870839980923,True,True,True,2024-12-31
2025-11-12,남해군,harmonic_regression,19.3,18.3156105873372,True,True,True,2024-12-31
2025-11-13,남해군,harmonic_regression,19.1,18.179186048602375,True,True,True,2024-12-31
2025-11-14,남해군,harmonic_regression,19.0,18.042433565691866,True,True,True,2024-12-31
2025-11-15,남해군,harmonic_regression,18.9,17.905193373560408,True,True,True,2024-12-31
2025-11-16,남해군,harmonic_regression,18.8,17.76731126339897,True,True,True,2024-12-31
2025-11-17,남해군,harmonic_regression,18.6,17.62864020689571,True,True,True,2024-12-31
2025-11-18,남해군,harmonic_regression,18.1,17.489041927861493,True,True,True,2024-12-31
2025-11-19,남해군,harmonic_regression,17.9,17.348388407780533,True,True,True,2024-12-31
2025-11-20,남해군,harmonic_regression,17.8,17.206563312231577,True,True,True,2024-12-31
2025-11-21,남해군,harmonic_regression,17.6,17.06346332563061,True,True,True,2024-12-31
2025-11-22,남해군,harmonic_regression,17.5,16.918999382372437,True,True,True,2024-12-31
2025-11-23,남해군,harmonic_regression,17.4,16.77309778318937,True,True,True,2024-12-31
2025-11-24,남해군,harmonic_regression,17.3,16.62570118639791,True,True,True,2024-12-31
2025-11-25,남해군,harmonic_regression,17.2,16.476769464661018,True,True,True,2024-12-31
2025-11-26,남해군,harmonic_regression,17.1,16.326280418947665,True,True,True,2024-12-31
2025-11-27,남해군,harmonic_regression,16.9,16.174230342515244,True,True,True,2024-12-31
2025-11-28,남해군,harmonic_regression,16.6,16.020634428963128,True,True,True,2024-12-31
2025-11-29,남해군,harmonic_regression,16.7,15.865527019699083,True,True,True,2024-12-31
2025-11-30,남해군,harmonic_regression,16.6,15.70896168751181,True,True,True,2024-12-31
2025-12-01,남해군,harmonic_regression,16.6,15.55101115434114,True,True,True,2024-12-31
2025-12-02,남해군,harmonic_regression,16.3,15.39176704277131,True,True,True,2024-12-31
2025-12-03,남해군,harmonic_regression,15.9,15.231339462226872,True,True,True,2024-12-31
2025-12-04,남해군,harmonic_regression,15.6,15.069856432314896,True,True,True,2024-12-31
2025-12-05,남해군,harmonic_regression,15.3,14.907463147215,True,True,True,2024-12-31
2025-12-06,남해군,harmonic_regression,15.2,14.7443210864589,True,True,True,2024-12-31
2025-12-07,남해군,harmonic_regression,15.2,14.580606978848138,True,True,True,2024-12-31
2025-12-08,남해군,harmonic_regression,15.0,14.416511627620661,True,True,True,2024-12-31
2025-12-09,남해군,harmonic_regression,14.6,14.25223860627898,True,True,True,2024-12-31
2025-12-10,남해군,harmonic_regression,14.4,14.088002835723689,True,True,True,2024-12-31
2025-12-11,남해군,harmonic_regression,14.4,13.924029054482023,True,True,True,2024-12-31
2025-12-12,남해군,harmonic_regression,14.0,13.760550194871987,True,True,True,2024-12-31
2025-12-13,남해군,harmonic_regression,13.9,13.5978056788862,True,True,True,2024-12-31
2025-12-14,남해군,harmonic_regression,13.6,13.436039648406483,True,True,True,2024-12-31
2025-12-15,남해군,harmonic_regression,13.7,13.275499145061861,True,True,True,2024-12-31
2025-12-16,남해군,harmonic_regression,13.8,13.116432255610068,True,True,True,2024-12-31
2025-12-17,남해군,harmonic_regression,13.7,12.959086239150587,True,True,True,2024-12-31
2025-12-18,남해군,harmonic_regression,13.7,12.803705652758566,True,True,True,2024-12-31
2025-12-19,남해군,harmonic_regression,13.6,12.650530492262051,True,True,True,2024-12-31
2025-12-20,남해군,harmonic_regression,13.6,12.499794364863467,True,True,True,2024-12-31
2025-12-21,남해군,harmonic_regression,13.4,12.351722710133862,True,True,True,2024-12-31
2025-12-22,남해군,harmonic_regression,13.0,12.206531085579662,True,True,True,2024-12-31
2025-12-23,남해군,harmonic_regression,13.0,12.064423532503579,True,True,True,2024-12-31
2025-12-24,남해군,harmonic_regression,13.0,11.925591037253,True,True,True,2024-12-31
2025-12-25,남해군,harmonic_regression,12.9,11.790210102177207,True,True,True,2024-12-31
2025-12-26,남해군,harmonic_regression,12.5,11.658441439705069,True,True,True,2024-12-31
2025-12-27,남해군,harmonic_regression,12.2,11.530428801913708,True,True,True,2024-12-31
2025-12-28,남해군,harmonic_regression,12.7,11.406297956796138,True,True,True,2024-12-31
2025-12-29,남해군,harmonic_regression,13.0,11.286155821160591,True,True,True,2024-12-31
2025-12-30,남해군,harmonic_regression,12.8,11.17008975871845,True,True,True,2024-12-31
2025-12-31,남해군,harmonic_regression,12.5,11.058167050452475,True,True,True,2024-12-31
