date,region,actual_temp,predicted_temp,actual_level,predicted_level
2024-01-01,완도,8.9,8.833858710032704,평시,평시
2024-01-02,완도,9.1,8.780811373036986,평시,평시
2024-01-03,완도,9.0,9.177884395443934,평시,평시
2024-01-04,완도,8.7,8.768625862089213,평시,평시
2024-01-05,완도,8.6,8.580439188636007,평시,평시
2024-01-06,완도,8.6,8.745054656539395,평시,평시
2024-01-07,완도,8.3,8.60019776682811,평시,평시
2024-01-08,완도,7.7,7.9040094599234525,평시,평시
2024-01-09,완도,7.4,7.406219493627566,평시,평시
2024-01-10,완도,7.5,7.342928475586448,평시,평시
2024-01-11,완도,7.6,7.4507702129283455,평시,평시
2024-01-12,완도,8.2,7.519711132111179,평시,평시
2024-01-13,완도,8.3,8.37232462410101,평시,평시
2024-01-14,완도,8.5,8.212466366781982,평시,평시
2024-01-15,완도,8.6,8.676895190151027,평시,평시
2024-01-16,완도,8.3,8.305476217555771,평시,평시
2024-01-17,완도,8.5,8.133734407965967,평시,평시
2024-01-18,완도,8.6,8.624852141067352,평시,평시
2024-01-19,완도,8.7,8.723663779580447,평시,평시
2024-01-20,완도,8.3,8.521357051817484,평시,평시
2024-01-21,완도,8.1,7.965214698863133,평시,평시
2024-01-22,완도,7.7,8.081747292901198,평시,평시
2024-01-23,완도,7.0,7.175964335722557,평시,평시
2024-01-24,완도,6.2,6.359728263071033,평시,평시
2024-01-25,완도,6.0,5.70072817150461,평시,평시
2024-01-26,완도,6.3,5.924668688114964,평시,평시
2024-01-27,완도,6.8,6.442731290447554,평시,평시
2024-01-28,완도,7.2,6.944939380819119,평시,평시
2024-01-29,완도,7.4,7.175891925263495,평시,평시
2024-01-30,완도,7.6,7.386900075453306,평시,평시
2024-01-31,완도,7.9,7.620028399322046,평시,평시
2024-02-01,완도,8.1,8.119686864865429,평시,평시
2024-02-02,완도,8.1,8.205505170882502,평시,평시
2024-02-03,완도,8.2,8.105667082810637,평시,평시
2024-02-04,완도,8.1,8.179168244062186,평시,평시
2024-02-05,완도,8.1,8.01146935652767,평시,평시
2024-02-06,완도,7.9,7.996477853466611,평시,평시
2024-02-07,완도,7.7,7.734146698920129,평시,평시
2024-02-08,완도,7.5,7.542278984584324,평시,평시
2024-02-09,완도,7.5,7.417428239465353,평시,평시
2024-02-10,완도,7.7,7.441098280873941,평시,평시
2024-02-11,완도,8.0,7.785231547749557,평시,평시
2024-02-12,완도,8.6,7.9858568192224615,평시,평시
2024-02-13,완도,9.3,8.854381722109837,평시,평시
2024-02-14,완도,10.3,9.687536299971217,주의보,주의보
2024-02-15,완도,10.6,10.815581682228368,주의보,경보
2024-02-16,완도,9.9,10.443765702365033,주의보,주의보
2024-02-17,완도,9.9,9.466827338721558,주의보,평시
2024-02-18,완도,10.1,10.022671776525472,주의보,주의보
2024-02-19,완도,11.2,10.242012106317514,경보,주의보
2024-02-20,완도,10.8,11.494614016275989,경보,경보
2024-02-21,완도,10.4,10.211335913620776,주의보,주의보
2024-02-22,완도,9.9,9.9382537118031,주의보,주의보
2024-02-23,완도,9.7,9.503195677530384,주의보,평시
2024-02-24,완도,9.5,9.517221223641526,평시,평시
2024-02-25,완도,9.4,9.22089954933488,평시,평시
2024-02-26,완도,9.7,9.338720050227261,평시,평시
2024-02-27,완도,10.0,9.780042590176174,평시,평시
2024-02-28,완도,10.3,9.8960154853163,주의보,평시
2024-02-29,완도,10.3,10.229797507419466,주의보,평시
2024-03-01,완도,9.5,10.13071427856376,평시,평시
2024-03-02,완도,9.0,8.847259764793577,평시,평시
2024-03-03,완도,8.9,8.82967572806182,평시,평시
2024-03-04,완도,8.9,9.026205173719179,평시,평시
2024-03-05,완도,9.1,9.053838195304811,평시,평시
2024-03-06,완도,9.3,9.052461040952839,평시,평시
2024-03-07,완도,9.7,9.527777336120476,평시,평시
2024-03-08,완도,9.5,9.719868014785948,평시,평시
2024-03-09,완도,9.4,9.173767161723081,평시,평시
2024-03-10,완도,9.5,9.332537091939345,평시,평시
2024-03-11,완도,9.7,9.702121479529149,평시,평시
2024-03-12,완도,9.8,9.86779703839498,평시,평시
2024-03-13,완도,10.4,9.80656077376185,평시,평시
2024-03-14,완도,10.5,10.585755670296766,평시,평시
2024-03-15,완도,10.9,10.567763691721506,평시,평시
2024-03-16,완도,11.3,11.282398025582042,평시,평시
2024-03-17,완도,11.8,11.690684472308305,평시,평시
2024-03-18,완도,11.7,11.864788970813017,평시,평시
2024-03-19,완도,11.8,11.619339235294703,평시,평시
2024-03-20,완도,11.4,11.709361027211072,평시,평시
2024-03-21,완도,11.0,10.95408484793665,평시,평시
2024-03-22,완도,11.2,10.962676336422279,평시,평시
2024-03-23,완도,12.3,11.408101823099734,평시,평시
2024-03-24,완도,12.5,12.876825019294037,평시,평시
2024-03-25,완도,12.0,12.190100058842924,평시,평시
2024-03-26,완도,11.8,11.516901459818168,평시,평시
2024-03-27,완도,11.9,11.645404741876135,평시,평시
2024-03-28,완도,12.2,12.031332169409914,평시,평시
2024-03-29,완도,12.3,12.265613899096863,평시,평시
2024-03-30,완도,12.6,12.25807660408264,평시,평시
2024-03-31,완도,12.9,12.829459127066892,평시,평시
2024-04-01,완도,13.3,13.109532137474762,평시,평시
2024-04-02,완도,13.7,13.678735556086338,평시,평시
2024-04-03,완도,14.0,13.776048138944974,평시,평시
2024-04-04,완도,14.0,13.954207695504657,평시,평시
2024-04-05,완도,14.1,13.909939400886048,평시,평시
2024-04-06,완도,14.1,14.229401491645227,평시,평시
2024-04-07,완도,14.3,14.246117078892008,평시,평시
2024-04-08,완도,14.5,14.686652419077486,평시,평시
2024-04-09,완도,14.5,14.756843975289652,평시,평시
2024-04-10,완도,14.8,14.538231593998978,평시,평시
2024-04-11,완도,14.7,14.818341130426608,평시,평시
2024-04-12,완도,15.0,14.655247076355256,평시,평시
2024-04-13,완도,15.8,15.39999555707933,평시,평시
2024-04-14,완도,16.3,16.29326891585665,평시,평시
2024-04-15,완도,16.6,16.316778468398184,평시,평시
2024-04-16,완도,17.0,16.374829333876683,평시,평시
2024-04-17,완도,16.6,17.108530276996728,평시,평시
2024-04-18,완도,16.8,16.45700664229691,평시,평시
2024-04-19,완도,16.9,17.125156212987772,평시,평시
2024-04-20,완도,16.9,17.130375551185146,평시,평시
2024-04-21,완도,16.7,16.59127771853046,평시,평시
2024-04-22,완도,16.9,16.622754496558628,평시,평시
2024-04-23,완도,16.7,17.04319277983265,평시,평시
2024-04-24,완도,16.7,16.40752844319462,평시,평시
2024-04-25,완도,16.7,16.65707438083586,평시,평시
2024-04-26,완도,17.1,16.924864521345942,평시,평시
2024-04-27,완도,17.5,17.40339826601119,평시,평시
2024-04-28,완도,18.0,17.90273530054048,평시,평시
2024-04-29,완도,18.0,18.274323828849766,평시,평시
2024-04-30,완도,17.9,17.72927324316651,평시,평시
2024-05-01,완도,17.6,17.924049258667548,평시,평시
2024-05-02,완도,17.8,17.441157984727997,평시,평시
2024-05-03,완도,18.3,18.040132378232524,평시,평시
2024-05-04,완도,18.6,18.66007697262476,평시,주의보
2024-05-05,완도,18.9,18.641957207863,주의보,평시
2024-05-06,완도,18.4,18.56897442179653,평시,평시
2024-05-07,완도,18.2,18.040966577999043,평시,평시
2024-05-08,완도,17.9,18.100123148614824,평시,평시
2024-05-09,완도,18.1,17.788559540556033,평시,평시
2024-05-10,완도,18.4,18.321628258950984,평시,평시
2024-05-11,완도,18.7,18.646227611030543,평시,평시
2024-05-12,완도,18.9,18.869695895511146,평시,평시
2024-05-13,완도,18.5,18.96300142934092,평시,평시
2024-05-14,완도,18.9,18.534196243419487,평시,평시
2024-05-15,완도,18.8,19.323423398232734,평시,평시
2024-05-16,완도,18.2,18.685723297059567,평시,평시
2024-05-17,완도,18.1,17.8120437126069,평시,평시
2024-05-18,완도,18.8,18.2975582973762,평시,평시
2024-05-19,완도,19.5,19.291955500889802,평시,평시
2024-05-20,완도,19.9,19.925857944818635,평시,평시
2024-05-21,완도,20.1,20.220075747850938,평시,평시
2024-05-22,완도,20.4,20.136630415649567,평시,평시
2024-05-23,완도,20.8,20.62682962618991,평시,평시
2024-05-24,완도,20.8,21.16102015614855,평시,평시
2024-05-25,완도,21.0,20.9718524824191,평시,평시
2024-05-26,완도,20.5,20.9299766548166,평시,평시
2024-05-27,완도,20.4,20.118061162268667,평시,평시
2024-05-28,완도,20.3,20.584391789466718,평시,평시
2024-05-29,완도,20.8,20.519209584187845,평시,평시
2024-05-30,완도,21.2,21.207952354849883,평시,평시
2024-05-31,완도,21.2,21.3884811190346,평시,평시
2024-06-01,완도,21.0,21.252839661868855,평시,평시
2024-06-02,완도,20.7,20.983221834497456,평시,평시
2024-06-03,완도,20.9,20.792430185194352,평시,평시
2024-06-04,완도,21.4,21.166936839909923,평시,평시
2024-06-05,완도,21.5,21.677621376965128,평시,평시
2024-06-06,완도,21.2,21.594722339569167,평시,평시
2024-06-07,완도,21.2,21.18804925118973,평시,평시
2024-06-08,완도,21.1,21.453691925443543,평시,평시
2024-06-09,완도,21.3,21.04234214032356,평시,평시
2024-06-10,완도,21.6,21.6924851994417,평시,평시
2024-06-11,완도,22.0,21.977316824740665,평시,평시
2024-06-12,완도,22.4,22.3791663563093,평시,평시
2024-06-13,완도,23.0,22.74200047787265,평시,평시
2024-06-14,완도,23.4,23.451047235064344,평시,평시
2024-06-15,완도,24.1,23.632877854158824,평시,평시
2024-06-16,완도,24.0,24.431145315082972,평시,주의보
2024-06-17,완도,23.3,23.972871042162698,평시,평시
2024-06-18,완도,23.3,23.174504993573805,평시,평시
2024-06-19,완도,23.6,23.76633587989848,평시,평시
2024-06-20,완도,23.5,23.95229710099834,평시,평시
2024-06-21,완도,23.2,23.09441682219295,평시,평시
2024-06-22,완도,23.2,23.25933283155929,평시,평시
2024-06-23,완도,22.8,23.236912912306206,평시,평시
2024-06-24,완도,22.7,22.76288420846914,평시,평시
2024-06-25,완도,22.7,22.928375435736864,평시,평시
2024-06-26,완도,22.8,22.98675362223945,평시,평시
2024-06-27,완도,22.5,23.100749835433167,평시,평시
2024-06-28,완도,22.5,22.371329637029774,평시,평시
2024-06-29,완도,23.1,22.828009222643566,평시,평시
2024-06-30,완도,23.2,23.285908338698807,평시,평시
2024-07-01,완도,23.0,23.063726282534017,평시,평시
2024-07-02,완도,23.9,23.16662856904482,평시,평시
2024-07-03,완도,24.4,24.141809991020864,평시,평시
2024-07-04,완도,24.4,24.525412397125915,평시,평시
2024-07-05,완도,24.6,24.564724885062258,평시,평시
2024-07-06,완도,24.7,24.795330087254033,평시,평시
2024-07-07,완도,24.3,24.710369553084316,평시,평시
2024-07-08,완도,23.7,24.060320208514682,평시,평시
2024-07-09,완도,23.5,23.51185309314706,평시,평시
2024-07-10,완도,23.5,23.656549226082387,평시,평시
2024-07-11,완도,22.9,23.50326400833108,평시,평시
2024-07-12,완도,23.1,22.865246547285476,평시,평시
2024-07-13,완도,23.4,23.606607707364876,평시,평시
2024-07-14,완도,23.8,23.636501637877966,평시,평시
2024-07-15,완도,23.5,23.960025369637695,평시,평시
2024-07-16,완도,23.1,23.3627973368847,평시,평시
2024-07-17,완도,23.4,23.265603930230565,평시,평시
2024-07-18,완도,23.7,23.89778485719111,평시,평시
2024-07-19,완도,23.6,23.854904976684434,평시,평시
2024-07-20,완도,23.6,23.789809832651105,평시,평시
2024-07-21,완도,24.0,23.866853990762124,평시,평시
2024-07-22,완도,24.3,24.341929727329102,평시,평시
2024-07-23,완도,24.7,24.615579853217536,평시,평시
2024-07-24,완도,25.0,25.105700133591643,평시,평시
2024-07-25,완도,25.2,25.331282126979847,평시,평시
2024-07-26,완도,25.1,25.334638184280088,평시,평시
2024-07-27,완도,25.4,24.8699061940799,평시,평시
2024-07-28,완도,26.0,25.402405106011358,평시,평시
2024-07-29,완도,26.3,26.282763963273936,평시,평시
2024-07-30,완도,26.2,26.381033148500833,평시,평시
2024-07-31,완도,26.7,26.16751900205302,평시,평시
2024-08-01,완도,27.0,27.041397759026314,평시,평시
2024-08-02,완도,26.7,27.18184276319269,평시,평시
2024-08-03,완도,26.6,26.734796813999466,평시,평시
2024-08-04,완도,26.7,26.88989095889722,평시,평시
2024-08-05,완도,26.9,27.023075706220826,평시,평시
2024-08-06,완도,26.9,27.075330113482178,평시,평시
2024-08-07,완도,26.9,27.031783735759866,평시,평시
2024-08-08,완도,26.8,27.09704653546434,평시,평시
2024-08-09,완도,26.7,26.97239872030213,평시,평시
2024-08-10,완도,27.3,26.87809745220776,평시,평시
2024-08-11,완도,27.2,27.633268218415825,평시,평시
2024-08-12,완도,28.0,27.09768477692106,주의보,평시
2024-08-13,완도,28.2,28.32499724520068,주의보,주의보
2024-08-14,완도,28.5,28.17208352113684,경보,주의보
2024-08-15,완도,29.2,28.58910805983354,경보,경보
2024-08-16,완도,28.5,29.365736420329927,경보,경보
2024-08-17,완도,28.4,28.046435106895515,경보,경보
2024-08-18,완도,28.3,28.536012284592356,경보,경보
2024-08-19,완도,,,판정불가,판정불가
2024-08-20,완도,,,판정불가,판정불가
2024-08-21,완도,,,판정불가,판정불가
2024-08-22,완도,28.2,,주의보,판정불가
2024-08-23,완도,28.0,,주의보,판정불가
2024-08-24,완도,28.2,,경보,판정불가
2024-08-25,완도,28.3,28.356059382879806,경보,주의보
2024-08-26,완도,28.6,28.288607939275256,경보,주의보
2024-08-27,완도,28.8,28.60889627987465,경보,경보
2024-08-28,완도,28.9,28.74935493026595,경보,경보
2024-08-29,완도,28.8,28.4760762191826,경보,경보
2024-08-30,완도,28.7,28.677327840722576,경보,경보
2024-08-31,완도,28.3,28.599334607295415,경보,경보
2024-09-01,완도,28.2,28.0588030268349,경보,경보
2024-09-02,완도,28.2,28.130583502339945,경보,경보
2024-09-03,완도,27.9,28.05598363084693,평시,경보
2024-09-04,완도,27.7,27.5384120033529,평시,평시
2024-09-05,완도,27.8,27.4328480459796,평시,평시
2024-09-06,완도,27.8,27.77044829228286,평시,평시
2024-09-07,완도,27.8,27.674505405139282,평시,평시
2024-09-08,완도,27.9,27.717586970558504,평시,평시
2024-09-09,완도,28.3,27.866488701431166,주의보,평시
2024-09-10,완도,28.7,28.297963040296143,주의보,주의보
2024-09-11,완도,29.0,28.587399355878958,경보,주의보
2024-09-12,완도,28.8,28.78168864088139,경보,경보
2024-09-13,완도,29.3,28.423996348423017,경보,경보
2024-09-14,완도,29.5,29.35630854595459,경보,경보
2024-09-15,완도,29.4,29.31425692657711,경보,경보
2024-09-16,완도,29.2,29.01900816056617,경보,경보
2024-09-17,완도,29.1,28.556921510178974,경보,경보
2024-09-18,완도,29.1,28.89554779862908,경보,경보
2024-09-19,완도,29.2,28.889334575959428,경보,경보
2024-09-20,완도,28.7,28.80658664846353,경보,경보
2024-09-21,완도,28.2,27.969523813431096,경보,주의보
2024-09-22,완도,27.4,27.695048512510922,주의보,주의보
2024-09-23,완도,26.8,26.74016329513853,평시,평시
2024-09-24,완도,26.3,26.265325855694567,평시,평시
2024-09-25,완도,26.3,25.9387264131584,평시,평시
2024-09-26,완도,26.5,26.198983781106815,평시,평시
2024-09-27,완도,26.6,26.399053118873287,주의보,평시
2024-09-28,완도,26.5,26.415340113406952,평시,평시
2024-09-29,완도,26.4,26.21460045233721,평시,평시
2024-09-30,완도,26.2,25.969489582045295,평시,평시
2024-10-01,완도,26.0,25.916990443825593,평시,평시
2024-10-02,완도,24.9,25.614197069845645,평시,평시
2024-10-03,완도,23.6,24.059114116239,평시,평시
2024-10-04,완도,23.1,22.85023409987573,평시,평시
2024-10-05,완도,23.3,23.001307862957685,평시,평시
2024-10-06,완도,23.3,23.34657163524516,평시,평시
2024-10-07,완도,22.8,22.970191246556716,평시,평시
2024-10-08,완도,22.6,22.280725381420087,평시,평시
2024-10-09,완도,22.6,22.47897445341321,평시,평시
2024-10-10,완도,22.5,22.44005685174456,평시,평시
2024-10-11,완도,22.5,22.328645935473002,평시,평시
2024-10-12,완도,22.4,22.40772930555492,평시,평시
2024-10-13,완도,22.5,22.259418429260293,평시,평시
2024-10-14,완도,22.4,22.323706878782833,평시,평시
2024-10-15,완도,22.6,22.036617742616137,평시,평시
2024-10-16,완도,22.9,22.576355727608,평시,평시
2024-10-17,완도,22.9,22.849056541838117,평시,평시
2024-10-18,완도,22.8,22.5239546255251,평시,평시
2024-10-19,완도,23.0,22.465010939676,주의보,평시
2024-10-20,완도,21.8,22.67651780228059,평시,주의보
2024-10-21,완도,20.9,20.71357835128464,평시,평시
2024-10-22,완도,21.1,20.615557488613618,평시,평시
2024-10-23,완도,20.9,21.151013639554193,평시,평시
2024-10-24,완도,20.4,20.264045403276544,평시,평시
2024-10-25,완도,19.8,20.096515556900233,평시,평시
2024-10-26,완도,19.5,19.41383913709709,평시,평시
2024-10-27,완도,19.8,19.435652502782162,평시,평시
2024-10-28,완도,20.0,19.761520908060582,평시,평시
2024-10-29,완도,20.0,19.829348050429857,평시,평시
2024-10-30,완도,20.1,19.735374128106912,평시,평시
2024-10-31,완도,20.1,20.017201688752188,평시,평시
2024-11-01,완도,19.8,19.860240188069554,평시,평시
2024-11-02,완도,19.6,19.306956826483653,평시,평시
2024-11-03,완도,20.0,19.47881140484751,평시,평시
2024-11-04,완도,20.0,20.009434899528777,평시,주의보
2024-11-05,완도,19.3,19.66753491068675,평시,평시
2024-11-06,완도,18.3,18.560640967445337,평시,평시
2024-11-07,완도,17.5,17.643725244636286,평시,평시
2024-11-08,완도,17.3,17.229143120582794,평시,평시
2024-11-09,완도,17.2,17.300631278554942,평시,평시
2024-11-10,완도,17.3,17.068638206586126,평시,평시
2024-11-11,완도,17.3,17.209391003998235,평시,평시
2024-11-12,완도,17.6,17.265132251346312,평시,평시
2024-11-13,완도,17.7,17.608167349045836,평시,평시
2024-11-14,완도,17.8,17.55242666175987,주의보,평시
2024-11-15,완도,18.1,17.69040177816356,주의보,주의보
2024-11-16,완도,18.4,17.900764953243602,경보,주의보
2024-11-17,완도,18.3,18.323148651829044,경보,경보
2024-11-18,완도,16.4,17.770696446762532,평시,경보
2024-11-19,완도,15.5,15.230350810667536,평시,평시
2024-11-20,완도,15.3,15.319301529887213,평시,평시
2024-11-21,완도,15.1,15.240969687860535,평시,평시
2024-11-22,완도,14.9,14.891804134957074,평시,평시
2024-11-23,완도,14.4,14.590958942377576,평시,평시
2024-11-24,완도,13.9,14.081148240983728,평시,평시
2024-11-25,완도,13.8,13.717455162764383,평시,평시
2024-11-26,완도,13.6,13.569012640705365,평시,평시
2024-11-27,완도,13.0,13.200839615772129,평시,평시
2024-11-28,완도,12.5,12.221230399022861,평시,평시
2024-11-29,완도,12.2,,평시,판정불가
2024-11-30,완도,12.3,,평시,판정불가
2024-12-01,완도,12.5,,평시,판정불가
2024-12-02,완도,12.7,,평시,판정불가
2024-12-03,완도,12.7,12.75336663428792,평시,평시
2024-12-04,완도,12.2,12.398210742994282,평시,평시
2024-12-05,완도,12.0,11.774839741084747,평시,평시
2024-12-06,완도,11.8,11.719389371927276,평시,평시
2024-12-07,완도,11.4,11.535163610288986,평시,평시
2024-12-08,완도,10.9,11.164319988388092,평시,평시
2024-12-09,완도,10.5,10.512896115543363,평시,평시
2024-12-10,완도,10.2,10.315090092083437,평시,평시
2024-12-11,완도,10.1,10.100897998699011,평시,평시
2024-12-12,완도,9.7,10.102042229006447,평시,평시
2024-12-13,완도,9.5,9.463397119759646,평시,평시
2024-12-14,완도,9.4,9.385816049682024,평시,평시
2024-12-15,완도,9.5,9.145775053915267,평시,평시
2024-12-16,완도,9.7,9.22474791842282,평시,평시
2024-12-17,완도,10.0,9.630879678203653,평시,평시
2024-12-18,완도,9.8,9.998584063367433,평시,평시
2024-12-19,완도,9.3,9.31186911956573,평시,평시
2024-12-20,완도,8.9,9.009068073584322,평시,평시
2024-12-21,완도,8.6,8.789701476680552,평시,평시
2024-12-22,완도,8.3,8.315752245377151,평시,평시
2024-12-23,완도,7.8,7.93696259282652,평시,평시
2024-12-24,완도,7.6,7.664090234730104,평시,평시
2024-12-25,완도,7.4,7.631283227741539,평시,평시
2024-12-26,완도,7.4,7.39235884666902,평시,평시
2024-12-27,완도,7.1,7.332336470695437,평시,평시
2024-12-28,완도,6.9,6.855179317053511,평시,평시
2024-12-29,완도,7.0,6.584808217136897,평시,평시
2024-12-30,완도,7.3,7.105168639909978,평시,평시
2024-12-31,완도,7.5,7.555203029011974,평시,평시
2025-01-01,완도,8.3,7.405774847702396,평시,평시
2025-01-02,완도,8.2,8.580748620010965,평시,평시
2025-01-03,완도,8.1,8.055747925568689,평시,평시
2025-01-04,완도,8.1,7.90336963714817,평시,평시
2025-01-05,완도,8.1,8.074075642329186,평시,평시
2025-01-06,완도,8.1,8.02668597998036,평시,평시
2025-01-07,완도,7.8,7.896281049300797,평시,평시
2025-01-08,완도,7.5,7.366565854875138,평시,평시
2025-01-09,완도,7.0,7.353156071471077,평시,평시
2025-01-10,완도,6.3,6.414158601546877,평시,평시
2025-01-11,완도,6.1,5.933889187320651,평시,평시
2025-01-12,완도,6.1,6.0681763406083435,평시,평시
2025-01-13,완도,6.3,6.08859678381557,평시,평시
2025-01-14,완도,6.9,6.398280296293826,평시,평시
2025-01-15,완도,7.2,7.260587253251641,평시,평시
2025-01-16,완도,7.1,6.923580236421487,평시,평시
2025-01-17,완도,7.4,6.915274512475429,평시,평시
2025-01-18,완도,7.3,7.5181974260450986,평시,평시
2025-01-19,완도,7.4,7.280705932618557,평시,평시
2025-01-20,완도,7.6,7.5607737735674245,평시,평시
2025-01-21,완도,7.6,7.687448739822137,평시,평시
2025-01-22,완도,7.4,7.652565736868038,평시,평시
2025-01-23,완도,7.2,7.403388473144196,평시,평시
2025-01-24,완도,7.2,7.413519487992346,평시,평시
2025-01-25,완도,7.4,7.456102934707937,평시,평시
2025-01-26,완도,7.6,7.5344123659858,평시,평시
2025-01-27,완도,7.3,7.550462063398223,평시,평시
2025-01-28,완도,6.8,6.824397150028479,평시,평시
2025-01-29,완도,6.5,6.105389198435904,평시,평시
2025-01-30,완도,6.5,6.162722802815531,평시,평시
2025-01-31,완도,6.8,6.634742248917395,평시,평시
2025-02-01,완도,7.0,6.936057576584271,평시,평시
2025-02-02,완도,7.3,6.998538011784967,평시,평시
2025-02-03,완도,7.2,7.4481256880466695,평시,평시
2025-02-04,완도,6.6,6.795301155736697,평시,평시
2025-02-05,완도,5.8,5.967897694898693,평시,평시
2025-02-06,완도,5.2,5.3403186020539,평시,평시
2025-02-07,완도,4.8,5.061806760660678,평시,평시
2025-02-08,완도,4.7,4.522407091039154,평시,평시
2025-02-09,완도,4.5,4.568680902054081,평시,평시
2025-02-10,완도,4.3,4.413989783347544,평시,평시
2025-02-11,완도,4.5,4.376478929847705,평시,평시
2025-02-12,완도,5.3,4.850954540768807,평시,평시
2025-02-13,완도,5.5,5.656551216830968,평시,평시
2025-02-14,완도,5.7,5.428328339469617,평시,평시
2025-02-15,완도,6.3,5.987941874744168,평시,평시
2025-02-16,완도,6.6,6.616685243092342,평시,평시
2025-02-17,완도,6.8,6.7833786186907865,평시,평시
2025-02-18,완도,6.4,6.649139286588195,평시,평시
2025-02-19,완도,6.1,6.060259443142751,평시,평시
2025-02-20,완도,5.9,5.9643586941143925,평시,평시
2025-02-21,완도,5.6,5.855825169907818,평시,평시
2025-02-22,완도,5.4,5.501041622458999,평시,평시
2025-02-23,완도,5.2,5.426906693199366,평시,평시
2025-02-24,완도,5.1,5.064993271945968,평시,평시
2025-02-25,완도,5.2,5.1321107673137725,평시,평시
2025-02-26,완도,5.6,5.375868831868763,평시,평시
2025-02-27,완도,5.9,5.907172363045529,평시,평시
2025-02-28,완도,6.7,6.211467849649175,평시,평시
2025-03-01,완도,7.1,7.369333353321212,평시,평시
2025-03-02,완도,7.5,7.340892815018726,평시,평시
2025-03-03,완도,7.5,7.744891004218917,평시,평시
2025-03-04,완도,7.0,7.189486978551263,평시,평시
2025-03-05,완도,7.2,6.69194088859232,평시,평시
2025-03-06,완도,7.5,7.5273439958375885,평시,평시
2025-03-07,완도,7.7,7.709052766421915,평시,평시
2025-03-08,완도,8.0,7.9247119506341335,평시,평시
2025-03-09,완도,8.2,8.207265907375405,평시,평시
2025-03-10,완도,8.6,8.541274277841712,평시,평시
2025-03-11,완도,9.0,8.895972097823426,평시,평시
2025-03-12,완도,9.3,9.415283992123541,평시,평시
2025-03-13,완도,9.4,9.638530346920403,평시,평시
2025-03-14,완도,9.8,9.717264569598074,평시,평시
2025-03-15,완도,9.8,10.065521846712056,평시,평시
2025-03-16,완도,9.3,9.596446867573185,평시,평시
2025-03-17,완도,8.5,8.926777437577897,평시,평시
2025-03-18,완도,8.2,8.217017434892743,평시,평시
2025-03-19,완도,8.0,7.956550500964902,평시,평시
2025-03-20,완도,8.5,8.020034601301523,평시,평시
2025-03-21,완도,9.4,8.85786295765796,평시,평시
2025-03-22,완도,10.4,9.868647419530856,평시,평시
2025-03-23,완도,11.3,10.890002966769991,평시,평시
2025-03-24,완도,12.2,11.775215778527956,평시,평시
2025-03-25,완도,12.5,12.454877290464022,평시,평시
2025-03-26,완도,12.6,12.670752765247283,평시,평시
2025-03-27,완도,12.7,12.75946026416243,평시,평시
2025-03-28,완도,11.5,12.788406370265927,평시,평시
2025-03-29,완도,10.5,10.840849375956628,평시,평시
2025-03-30,완도,9.8,10.283466799192544,평시,평시
2025-03-31,완도,10.1,9.762033915081282,평시,평시
2025-04-01,완도,10.6,10.570736456537436,평시,평시
2025-04-02,완도,10.9,11.06388935977261,평시,평시
2025-04-03,완도,11.2,11.155726159600851,평시,평시
2025-04-04,완도,11.7,11.41067450635244,평시,평시
2025-04-05,완도,12.3,11.971488157450729,평시,평시
2025-04-06,완도,12.6,12.474080118393138,평시,평시
2025-04-07,완도,,,판정불가,판정불가
2025-04-08,완도,,,판정불가,판정불가
2025-04-09,완도,,,판정불가,판정불가
2025-04-10,완도,,,판정불가,판정불가
2025-04-11,완도,,,판정불가,판정불가
2025-04-12,완도,,,판정불가,판정불가
2025-04-13,완도,,,판정불가,판정불가
2025-04-14,완도,,,판정불가,판정불가
2025-04-15,완도,,,판정불가,판정불가
2025-04-16,완도,,,판정불가,판정불가
2025-04-17,완도,,,판정불가,판정불가
2025-04-18,완도,,,판정불가,판정불가
2025-04-19,완도,,,판정불가,판정불가
2025-04-20,완도,,,판정불가,판정불가
2025-04-21,완도,,,판정불가,판정불가
2025-04-22,완도,,,판정불가,판정불가
2025-04-23,완도,,,판정불가,판정불가
2025-04-24,완도,16.4,,평시,판정불가
2025-04-25,완도,15.6,,평시,판정불가
2025-04-26,완도,15.3,,평시,판정불가
2025-04-27,완도,15.4,15.57649997996781,평시,평시
2025-04-28,완도,15.8,15.877126213174344,평시,평시
2025-04-29,완도,15.4,16.1412180796816,평시,평시
2025-04-30,완도,15.6,15.37695320369162,평시,평시
2025-05-01,완도,15.9,15.96903562125104,평시,평시
2025-05-02,완도,15.5,16.055332526888648,평시,평시
2025-05-03,완도,15.5,15.454862158523122,평시,평시
2025-05-04,완도,15.5,15.592607639125644,평시,평시
2025-05-05,완도,15.4,15.816189744440681,평시,평시
2025-05-06,완도,15.2,15.41801026496674,평시,평시
2025-05-07,완도,15.3,15.298943158580608,평시,평시
2025-05-08,완도,15.9,15.690119930008843,평시,평시
2025-05-09,완도,16.1,16.29707845503906,평시,평시
2025-05-10,완도,15.9,15.92771604006079,평시,평시
2025-05-11,완도,15.7,15.667446789404364,평시,평시
2025-05-12,완도,16.1,15.89982601135044,평시,평시
2025-05-13,완도,16.7,16.588793701617625,평시,평시
2025-05-14,완도,17.3,17.25301919795353,평시,평시
2025-05-15,완도,17.6,17.6226872102297,평시,평시
2025-05-16,완도,17.5,17.768101001233777,평시,평시
2025-05-17,완도,17.7,17.48888111121255,평시,평시
2025-05-18,완도,17.7,17.909246255362746,평시,평시
2025-05-19,완도,18.2,17.975923117065,평시,평시
2025-05-20,완도,18.8,18.711352070718878,평시,평시
2025-05-21,완도,19.1,19.181929610629393,평시,평시
2025-05-22,완도,19.1,19.236722948043646,평시,평시
2025-05-23,완도,19.0,19.29113147690437,평시,평시
2025-05-24,완도,18.2,18.762182774440515,평시,평시
2025-05-25,완도,18.1,18.14151109879452,평시,평시
2025-05-26,완도,18.5,18.47970813394832,평시,평시
2025-05-27,완도,18.8,18.98986634663456,평시,평시
2025-05-28,완도,18.9,19.19728095121649,평시,평시
2025-05-29,완도,19.3,19.338898209888786,평시,평시
2025-05-30,완도,19.6,19.738204344314553,평시,평시
2025-05-31,완도,19.7,19.9188618650075,평시,평시
2025-06-01,완도,19.6,19.933575347284926,평시,평시
2025-06-02,완도,19.9,19.938043758991746,평시,평시
2025-06-03,완도,19.9,20.035129920563556,평시,평시
2025-06-04,완도,19.8,19.978859900833566,평시,평시
2025-06-05,완도,19.8,19.965864009276324,평시,평시
2025-06-06,완도,20.2,20.155622689237394,평시,평시
2025-06-07,완도,20.5,20.656363324954206,평시,평시
2025-06-08,완도,21.0,20.879526713817317,평시,평시
2025-06-09,완도,21.2,21.44248230276982,평시,평시
2025-06-10,완도,21.2,21.487768346579365,평시,평시
2025-06-11,완도,21.2,21.40361915989851,평시,평시
2025-06-12,완도,21.2,21.612342173978305,평시,평시
2025-06-13,완도,21.1,21.443880256611106,평시,평시
2025-06-14,완도,21.3,21.142797518056053,평시,평시
2025-06-15,완도,21.2,21.58362103234815,평시,평시
2025-06-16,완도,21.5,21.457159146188854,평시,평시
2025-06-17,완도,21.5,21.735896375577774,평시,평시
2025-06-18,완도,21.9,21.77677078475764,평시,평시
2025-06-19,완도,22.5,22.410208179156147,평시,평시
2025-06-20,완도,22.9,22.74626334728907,평시,평시
2025-06-21,완도,22.7,23.009415640016595,평시,평시
2025-06-22,완도,22.1,22.500828441146577,평시,평시
2025-06-23,완도,22.3,22.26772218607895,평시,평시
2025-06-24,완도,22.2,22.82566162560332,평시,평시
2025-06-25,완도,21.9,22.106349559337186,평시,평시
2025-06-26,완도,22.0,22.004593367672918,평시,평시
2025-06-27,완도,22.3,22.35747890328959,평시,평시
2025-06-28,완도,22.7,22.797888862060045,평시,평시
2025-06-29,완도,23.1,23.115363277998178,평시,평시
2025-06-30,완도,23.9,23.552728443095305,평시,평시
2025-07-01,완도,24.4,24.45803603214115,평시,평시
2025-07-02,완도,25.1,24.78997561458229,평시,평시
2025-07-03,완도,25.1,25.533211998203395,평시,평시
2025-07-04,완도,25.3,25.19369836555487,평시,평시
2025-07-05,완도,25.5,25.501978295138755,평시,평시
2025-07-06,완도,25.8,25.641018321331313,평시,평시
2025-07-07,완도,25.4,25.983648533525155,평시,평시
2025-07-08,완도,26.0,25.492337088048348,평시,평시
2025-07-09,완도,26.5,26.359454035115714,평시,평시
2025-07-10,완도,26.4,26.58536861629892,평시,평시
2025-07-11,완도,26.2,26.360252837769938,평시,평시
2025-07-12,완도,26.1,26.151670884908828,평시,평시
2025-07-13,완도,25.4,26.228355644788298,평시,평시
2025-07-14,완도,24.8,25.209342671028924,평시,평시
2025-07-15,완도,24.7,24.788611275645515,평시,평시
2025-07-16,완도,24.7,24.814756480488988,평시,평시
2025-07-17,완도,25.0,24.601758370740374,평시,평시
2025-07-18,완도,25.2,25.007045708450384,평시,평시
2025-07-19,완도,25.8,25.2624077447986,평시,평시
2025-07-20,완도,26.8,25.912789804336015,평시,평시
2025-07-21,완도,27.3,26.982322360171842,주의보,평시
2025-07-22,완도,27.6,27.252923534535267,주의보,주의보
2025-07-23,완도,27.6,27.60590955518312,주의보,주의보
2025-07-24,완도,27.6,27.688382801655287,주의보,주의보
2025-07-25,완도,27.8,27.728714246058903,평시,평시
2025-07-26,완도,28.1,27.89423771848537,주의보,평시
2025-07-27,완도,28.2,28.149776379931264,주의보,주의보
2025-07-28,완도,28.3,28.136158674528325,경보,주의보
2025-07-29,완도,28.4,28.428506330593017,경보,경보
2025-07-30,완도,28.5,28.42910888133699,경보,경보
2025-07-31,완도,28.8,28.413600497870117,경보,경보
2025-08-01,완도,29.1,28.751432640539825,경보,경보
2025-08-02,완도,29.5,29.162277293831472,경보,경보
2025-08-03,완도,29.5,29.605326880950106,경보,경보
2025-08-04,완도,29.2,29.097406009138105,경보,경보
2025-08-05,완도,29.1,28.86622097757649,경보,경보
2025-08-06,완도,28.8,28.959954239872555,경보,경보
2025-08-07,완도,28.4,28.41959803005046,경보,경보
2025-08-08,완도,27.9,28.093988519990635,평시,경보
2025-08-09,완도,27.4,27.82774336300593,평시,평시
2025-08-10,완도,26.8,27.08781031936013,평시,평시
2025-08-11,완도,26.2,26.647897205154084,평시,평시
2025-08-12,완도,25.2,25.994262647020825,평시,평시
2025-08-13,완도,25.2,24.84690422086483,평시,평시
2025-08-14,완도,25.7,25.569401216626297,평시,평시
2025-08-15,완도,26.1,26.075725063777973,평시,평시
2025-08-16,완도,26.4,26.362364172544254,평시,평시
2025-08-17,완도,26.6,26.62175061350934,평시,평시
2025-08-18,완도,27.2,26.763553833979483,평시,평시
2025-08-19,완도,27.3,27.516326761937876,평시,평시
2025-08-20,완도,27.0,27.33732143628856,평시,평시
2025-08-21,완도,27.0,26.968843466591878,평시,평시
2025-08-22,완도,26.5,27.22944275214688,평시,평시
2025-08-23,완도,26.3,26.480405407897702,평시,평시
2025-08-24,완도,26.3,26.482479184980818,평시,평시
2025-08-25,완도,26.2,26.4846927917445,평시,평시
2025-08-26,완도,25.9,26.312910590600634,평시,평시
2025-08-27,완도,25.7,25.801459223566305,평시,평시
2025-08-28,완도,26.0,25.853520266011362,평시,평시
2025-08-29,완도,26.2,26.26603059175301,평시,평시
2025-08-30,완도,26.3,26.340881102007362,평시,평시
2025-08-31,완도,26.9,26.47882742996072,평시,평시
2025-09-01,완도,27.1,27.078897240903107,평시,평시
2025-09-02,완도,27.6,27.055487783300123,평시,평시
2025-09-03,완도,26.8,27.684249458304922,평시,평시
2025-09-04,완도,27.2,26.415130411153203,평시,평시
2025-09-05,완도,27.0,27.51107429167319,평시,평시
2025-09-06,완도,26.8,26.87811773028839,평시,평시
2025-09-07,완도,26.3,26.746913350080497,평시,평시
2025-09-08,완도,25.7,26.169433704084174,평시,평시
2025-09-09,완도,24.8,25.56511287348551,평시,평시
2025-09-10,완도,24.1,24.469373445513746,평시,평시
2025-09-11,완도,24.0,24.160199145974836,평시,평시
2025-09-12,완도,23.8,24.20330743461834,평시,평시
2025-09-13,완도,24.1,23.609041009812078,평시,평시
2025-09-14,완도,24.2,24.214970908831326,평시,평시
2025-09-15,완도,24.6,24.329131672724564,평시,평시
2025-09-16,완도,25.0,24.769777342137875,평시,평시
2025-09-17,완도,25.3,25.153977341728925,평시,평시
2025-09-18,완도,24.6,25.243414954020693,평시,평시
2025-09-19,완도,24.6,24.227234725018864,평시,평시
2025-09-20,완도,24.4,24.47714433488922,평시,평시
2025-09-21,완도,23.9,24.14942584541094,평시,평시
2025-09-22,완도,23.6,23.742293133208285,평시,평시
2025-09-23,완도,23.4,23.471251069514274,평시,평시
2025-09-24,완도,23.5,23.327750659160376,평시,평시
2025-09-25,완도,23.5,23.555790526762674,평시,평시
2025-09-26,완도,23.4,23.436400522262723,평시,평시
2025-09-27,완도,23.5,23.405029598142928,평시,평시
2025-09-28,완도,23.7,23.413566457835405,평시,평시
2025-09-29,완도,23.8,23.664720956662006,평시,평시
2025-09-30,완도,23.5,23.71279397687338,평시,평시
2025-10-01,완도,23.5,23.269970373672646,평시,평시
2025-10-02,완도,23.3,23.541558972350295,평시,평시
2025-10-03,완도,22.5,23.089754125608938,평시,평시
2025-10-04,완도,22.5,21.845666604866295,평시,평시
2025-10-05,완도,23.0,22.580435792748865,평시,평시
2025-10-06,완도,23.4,23.159185950371885,평시,평시
2025-10-07,완도,23.6,23.388611247061075,평시,평시
2025-10-08,완도,23.5,23.424408806031604,평시,평시
2025-10-09,완도,23.6,23.359769511620232,평시,평시
2025-10-10,완도,23.4,23.44005723315158,평시,평시
2025-10-11,완도,23.5,23.112050414211065,평시,평시
2025-10-12,완도,23.7,23.47889668784442,평시,평시
2025-10-13,완도,23.9,23.64065275169689,평시,평시
2025-10-14,완도,24.1,23.796036823571164,주의보,평시
2025-10-15,완도,23.5,23.84575881739779,평시,주의보
2025-10-16,완도,23.3,22.798412761942874,평시,평시
2025-10-17,완도,23.1,23.12153041318864,평시,평시
2025-10-18,완도,22.9,22.655217829550217,주의보,평시
2025-10-19,완도,22.3,22.515565205239373,평시,주의보
2025-10-20,완도,21.6,21.786478170494224,평시,평시
2025-10-21,완도,20.7,21.11765172121102,평시,평시
2025-10-22,완도,20.2,20.139189655344566,평시,평시
2025-10-23,완도,20.4,20.110997931411802,평시,평시
2025-10-24,완도,20.4,20.483842672811416,평시,평시
2025-10-25,완도,20.5,20.248461724663148,평시,평시
2025-10-26,완도,20.2,20.414964866902537,평시,평시
2025-10-27,완도,19.6,19.81829297448033,평시,평시
2025-10-28,완도,18.6,18.91922804030322,평시,평시
2025-10-29,완도,17.8,18.11564573416814,평시,평시
2025-10-30,완도,17.5,17.53411569529168,평시,평시
2025-10-31,완도,17.4,17.45271840938553,평시,평시
2025-11-01,완도,17.5,17.367555681254895,평시,평시
2025-11-02,완도,17.3,17.313632970123354,평시,평시
2025-11-03,완도,16.8,16.928125099482454,평시,평시
2025-11-04,완도,17.0,16.423289314259975,평시,평시
2025-11-05,완도,17.6,17.09736089241606,평시,평시
2025-11-06,완도,17.9,17.682707536322877,평시,평시
2025-11-07,완도,18.0,17.821748749806254,평시,평시
2025-11-08,완도,18.0,17.885400641809746,평시,평시
2025-11-09,완도,17.7,17.69573791075436,평시,평시
2025-11-10,완도,17.4,17.415195568000943,평시,평시
2025-11-11,완도,16.7,17.01086170913455,평시,평시
2025-11-12,완도,16.0,16.334279212403906,평시,평시
2025-11-13,완도,15.5,15.662472292565642,평시,평시
2025-11-14,완도,15.5,15.431545329338569,평시,평시
2025-11-15,완도,15.3,15.438921129403687,평시,평시
2025-11-16,완도,15.2,15.214895108550525,평시,평시
2025-11-17,완도,15.1,15.247210523472226,평시,평시
2025-11-18,완도,14.4,14.670844271494781,평시,평시
2025-11-19,완도,14.0,13.773201058047999,평시,평시
2025-11-20,완도,14.0,13.741474086477485,평시,평시
2025-11-21,완도,14.1,13.886578213843519,평시,평시
2025-11-22,완도,14.2,13.95151506189306,평시,평시
2025-11-23,완도,14.3,14.162241890420864,평시,평시
2025-11-24,완도,14.6,14.271376539282494,평시,평시
2025-11-25,완도,14.5,14.679179947165412,평시,평시
2025-11-26,완도,13.9,13.949531583026141,평시,평시
2025-11-27,완도,13.4,13.495854132768018,평시,평시
2025-11-28,완도,12.8,13.065283474060253,평시,평시
2025-11-29,완도,12.3,12.422446006000927,평시,평시
2025-11-30,완도,12.6,12.269498300019675,평시,평시
2025-12-01,완도,13.0,12.915207427475586,평시,평시
2025-12-02,완도,12.5,12.93423815567248,평시,평시
2025-12-03,완도,11.8,11.99801230353702,평시,평시
2025-12-04,완도,11.3,11.205195566075671,평시,평시
2025-12-05,완도,11.2,10.987742278288477,평시,평시
2025-12-06,완도,11.0,10.967766678138869,평시,평시
2025-12-07,완도,11.4,10.872183902673699,평시,평시
2025-12-08,완도,11.7,11.56664614755468,평시,평시
2025-12-09,완도,11.2,11.494392608599709,평시,평시
2025-12-10,완도,11.0,10.845474434488459,평시,평시
2025-12-11,완도,11.1,10.993830160445622,평시,평시
2025-12-12,완도,10.7,11.104538437628975,평시,평시
2025-12-13,완도,10.2,10.40576927885202,평시,평시
2025-12-14,완도,9.7,9.906539745742277,평시,평시
2025-12-15,완도,9.6,9.34125156163527,평시,평시
2025-12-16,완도,9.6,9.662572188958018,평시,평시
2025-12-17,완도,9.8,9.614945867767041,평시,평시
2025-12-18,완도,9.8,9.720674840649586,평시,평시
2025-12-19,완도,9.9,9.773322457064662,평시,평시
2025-12-20,완도,10.4,10.036700429981089,평시,평시
2025-12-21,완도,10.4,10.634290901465642,평시,주의보
2025-12-22,완도,9.6,9.92308321786631,평시,평시
2025-12-23,완도,9.5,9.178668305498961,평시,평시
2025-12-24,완도,9.8,9.64816552644501,평시,평시
2025-12-25,완도,9.5,9.767762652499487,평시,주의보
2025-12-26,완도,8.5,8.824889799711737,평시,평시
2025-12-27,완도,7.6,7.699642072553971,평시,평시
2025-12-28,완도,7.4,7.461327488949503,평시,평시
2025-12-29,완도,7.6,7.646779312877432,평시,평시
2025-12-30,완도,7.9,7.923372627569608,평시,평시
2025-12-31,완도,7.6,7.963100804972551,평시,평시
2024-01-01,여수,8.3,8.056201866001985,평시,평시
2024-01-02,여수,8.3,8.307435190723652,평시,평시
2024-01-03,여수,8.4,8.314931424751784,평시,평시
2024-01-04,여수,8.4,8.229386279607205,평시,평시
2024-01-05,여수,8.0,8.266427579660473,평시,평시
2024-01-06,여수,8.0,8.026631340207933,평시,평시
2024-01-07,여수,7.8,8.069244158866914,평시,평시
2024-01-08,여수,6.8,7.3560766559365085,평시,평시
2024-01-09,여수,6.5,6.391549349614346,평시,평시
2024-01-10,여수,6.6,6.6045418399369575,평시,평시
2024-01-11,여수,6.9,6.658807218484955,평시,평시
2024-01-12,여수,7.3,6.85184865924812,평시,평시
2024-01-13,여수,7.6,7.441658881142822,평시,평시
2024-01-14,여수,7.7,7.592154138181804,평시,평시
2024-01-15,여수,8.0,7.801541423493234,평시,평시
2024-01-16,여수,7.3,7.670930043281826,평시,평시
2024-01-17,여수,7.4,7.0464443161997075,평시,평시
2024-01-18,여수,7.6,7.732947513825717,평시,평시
2024-01-19,여수,7.5,7.840702277255266,평시,평시
2024-01-20,여수,7.3,7.268345167823598,평시,평시
2024-01-21,여수,7.0,6.994273609454724,평시,평시
2024-01-22,여수,6.8,7.029819182204918,평시,평시
2024-01-23,여수,6.3,6.295173984041764,평시,평시
2024-01-24,여수,6.2,5.558225519759724,평시,평시
2024-01-25,여수,5.5,5.650991022723473,평시,평시
2024-01-26,여수,6.1,4.988740355304243,평시,평시
2024-01-27,여수,5.8,6.315041217843615,평시,평시
2024-01-28,여수,5.9,5.726896084391792,평시,평시
2024-01-29,여수,5.8,5.921887572487078,평시,평시
2024-01-30,여수,6.0,5.788083523141971,평시,평시
2024-01-31,여수,6.3,6.164503915954163,평시,평시
2024-02-01,여수,6.6,6.623155509675381,평시,평시
2024-02-02,여수,6.7,6.805195773997112,평시,평시
2024-02-03,여수,6.5,6.791626321304884,평시,평시
2024-02-04,여수,6.6,6.457663472881588,평시,평시
2024-02-05,여수,6.5,6.708059514789048,평시,평시
2024-02-06,여수,6.6,6.383277015236077,평시,평시
2024-02-07,여수,6.6,6.692733220390238,평시,평시
2024-02-08,여수,6.5,6.566409159308916,평시,평시
2024-02-09,여수,6.6,6.557752513851403,평시,평시
2024-02-10,여수,6.7,6.622239238791336,평시,평시
2024-02-11,여수,6.9,6.770451952889579,평시,평시
2024-02-12,여수,7.1,6.867427959513947,평시,평시
2024-02-13,여수,7.6,7.203591471815872,평시,평시
2024-02-14,여수,8.0,7.992166731218298,평시,평시
2024-02-15,여수,8.4,8.463100623026019,평시,평시
2024-02-16,여수,8.4,8.459972812579391,평시,평시
2024-02-17,여수,8.5,8.335865904046265,평시,평시
2024-02-18,여수,8.7,8.650554683893425,평시,평시
2024-02-19,여수,9.4,8.984698473023311,주의보,주의보
2024-02-20,여수,9.7,9.682264930605996,주의보,주의보
2024-02-21,여수,9.6,9.562258610675078,주의보,주의보
2024-02-22,여수,8.8,9.143292104024964,주의보,주의보
2024-02-23,여수,8.5,8.306777605218265,평시,평시
2024-02-24,여수,8.3,8.305434354607431,평시,평시
2024-02-25,여수,8.2,8.074596602101563,평시,평시
2024-02-26,여수,8.3,8.15881669554554,평시,평시
2024-02-27,여수,8.5,8.411660358470087,평시,평시
2024-02-28,여수,8.5,8.45494455847096,평시,평시
2024-02-29,여수,8.7,8.447235056834298,평시,평시
2024-03-01,여수,8.4,8.677740017968222,평시,평시
2024-03-02,여수,7.6,7.81122064272746,평시,평시
2024-03-03,여수,7.6,7.151512566668793,평시,평시
2024-03-04,여수,7.8,7.7391610595784375,평시,평시
2024-03-05,여수,7.9,8.085339561972098,평시,평시
2024-03-06,여수,8.1,7.790082486179629,평시,평시
2024-03-07,여수,8.5,8.275917967333044,평시,평시
2024-03-08,여수,8.3,8.577844894492106,평시,평시
2024-03-09,여수,8.2,8.040499661458636,평시,평시
2024-03-10,여수,8.4,8.233683262676902,평시,평시
2024-03-11,여수,8.9,8.579099015407305,평시,평시
2024-03-12,여수,9.4,9.174269846724268,평시,평시
2024-03-13,여수,9.7,9.501398570544483,평시,평시
2024-03-14,여수,9.9,9.689861715563392,평시,평시
2024-03-15,여수,10.1,10.073538841884234,평시,평시
2024-03-16,여수,10.6,10.263462121368041,평시,평시
2024-03-17,여수,11.3,10.968046696999801,평시,평시
2024-03-18,여수,11.3,11.458326457306597,평시,평시
2024-03-19,여수,11.1,11.168088183706146,평시,평시
2024-03-20,여수,10.5,10.996263860588302,평시,평시
2024-03-21,여수,10.4,10.17109207735729,평시,평시
2024-03-22,여수,10.6,10.443501356255993,평시,평시
2024-03-23,여수,11.0,10.802172596768363,평시,평시
2024-03-24,여수,11.6,11.509024032027462,평시,평시
2024-03-25,여수,11.5,11.655801627458235,평시,평시
2024-03-26,여수,11.4,11.262917798898144,평시,평시
2024-03-27,여수,11.6,11.3290295789682,평시,평시
2024-03-28,여수,11.8,11.854952794546831,평시,평시
2024-03-29,여수,12.0,11.889554841066225,평시,평시
2024-03-30,여수,12.2,12.030900282811732,평시,평시
2024-03-31,여수,12.4,12.384808142845516,평시,평시
2024-04-01,여수,12.6,12.625588342099844,평시,평시
2024-04-02,여수,12.9,12.909051840576307,평시,평시
2024-04-03,여수,13.0,13.166336100452469,평시,평시
2024-04-04,여수,13.1,12.985435735339502,평시,평시
2024-04-05,여수,13.2,13.356771063188294,평시,평시
2024-04-06,여수,13.5,13.425091604852028,평시,평시
2024-04-07,여수,13.6,13.767901193764216,평시,평시
2024-04-08,여수,14.0,13.873113614031755,평시,평시
2024-04-09,여수,14.0,14.43283760198963,평시,평시
2024-04-10,여수,14.0,14.16274747459049,평시,평시
2024-04-11,여수,14.2,14.137937033014389,평시,평시
2024-04-12,여수,14.2,14.443892837165347,평시,평시
2024-04-13,여수,14.6,14.492244821713886,평시,평시
2024-04-14,여수,15.1,15.07957907780645,평시,평시
2024-04-15,여수,15.2,15.41133498957617,평시,평시
2024-04-16,여수,15.4,15.314234865124238,평시,평시
2024-04-17,여수,15.9,15.650012377241847,평시,평시
2024-04-18,여수,16.2,16.1466450936244,평시,평시
2024-04-19,여수,16.8,16.406333861326246,평시,평시
2024-04-20,여수,16.7,17.024854387129636,평시,평시
2024-04-21,여수,16.2,16.52963133947662,평시,평시
2024-04-22,여수,16.0,16.0827441258997,평시,평시
2024-04-23,여수,15.9,16.086682996529596,평시,평시
2024-04-24,여수,16.2,15.962375209191551,평시,평시
2024-04-25,여수,16.5,16.35853762302837,평시,평시
2024-04-26,여수,16.8,16.629785860691936,평시,평시
2024-04-27,여수,17.0,17.016401012087876,평시,평시
2024-04-28,여수,17.4,17.258473065501505,평시,평시
2024-04-29,여수,17.4,17.703877373565053,평시,평시
2024-04-30,여수,17.2,17.155052213201365,평시,평시
2024-05-01,여수,17.3,17.34460358480474,평시,평시
2024-05-02,여수,17.2,17.26414298221917,평시,평시
2024-05-03,여수,17.6,17.24433742709517,평시,평시
2024-05-04,여수,18.0,17.883184405668285,평시,평시
2024-05-05,여수,18.1,18.185454920892912,평시,평시
2024-05-06,여수,18.3,17.99171769919035,평시,평시
2024-05-07,여수,18.3,18.27594703251116,평시,평시
2024-05-08,여수,18.0,18.190784975642835,평시,평시
2024-05-09,여수,18.0,17.82942369384416,평시,평시
2024-05-10,여수,18.1,18.062741557454288,평시,평시
2024-05-11,여수,18.5,18.212153770383217,평시,평시
2024-05-12,여수,18.6,18.575622208188076,평시,평시
2024-05-13,여수,18.5,18.637472652950173,평시,평시
2024-05-14,여수,18.9,18.620570301708643,평시,평시
2024-05-15,여수,19.4,19.108739036368632,평시,평시
2024-05-16,여수,18.9,19.327224794420406,평시,평시
2024-05-17,여수,19.0,18.48550965603554,평시,평시
2024-05-18,여수,19.2,19.1315684408249,평시,평시
2024-05-19,여수,19.8,19.435448946032793,평시,평시
2024-05-20,여수,20.2,20.133338145605002,평시,평시
2024-05-21,여수,20.4,20.445302139771886,평시,평시
2024-05-22,여수,20.4,20.45820326075957,평시,평시
2024-05-23,여수,20.5,20.534836436691993,평시,평시
2024-05-24,여수,20.8,20.757528646828202,평시,평시
2024-05-25,여수,20.9,21.04847720879588,평시,평시
2024-05-26,여수,20.7,20.909245793438057,평시,평시
2024-05-27,여수,20.5,20.659170935780075,평시,평시
2024-05-28,여수,20.5,20.545062209196313,평시,평시
2024-05-29,여수,20.8,20.634826682657906,평시,평시
2024-05-30,여수,21.0,21.01874968914129,평시,평시
2024-05-31,여수,21.2,21.130609759071945,평시,평시
2024-06-01,여수,21.4,21.235618887506444,평시,평시
2024-06-02,여수,21.3,21.4155101502176,평시,평시
2024-06-03,여수,21.6,21.305742048986485,평시,평시
2024-06-04,여수,21.9,21.710474093049903,평시,평시
2024-06-05,여수,21.9,21.96578946438284,평시,평시
2024-06-06,여수,21.7,21.909773009020597,평시,평시
2024-06-07,여수,21.4,21.73186730837322,평시,평시
2024-06-08,여수,21.4,21.562672248067205,평시,평시
2024-06-09,여수,21.4,21.453175696242297,평시,평시
2024-06-10,여수,21.7,21.589843523885115,평시,평시
2024-06-11,여수,22.2,21.934705540761236,평시,평시
2024-06-12,여수,22.5,22.397709009738957,평시,평시
2024-06-13,여수,22.8,22.582177589403972,평시,평시
2024-06-14,여수,23.3,23.064794048274045,평시,평시
2024-06-15,여수,23.9,23.543215690326555,평시,평시
2024-06-16,여수,24.6,24.063312743899807,주의보,평시
2024-06-17,여수,24.0,24.733790653350432,평시,주의보
2024-06-18,여수,23.8,23.818603361886197,평시,평시
2024-06-19,여수,23.7,24.080872045808825,평시,평시
2024-06-20,여수,23.7,23.96546678525823,평시,평시
2024-06-21,여수,23.4,23.67932002224596,평시,평시
2024-06-22,여수,23.5,23.504184869795495,평시,평시
2024-06-23,여수,23.3,23.50627658637471,평시,평시
2024-06-24,여수,23.7,23.336841330677334,평시,평시
2024-06-25,여수,23.3,23.827584056463973,평시,평시
2024-06-26,여수,22.8,23.231326027463165,평시,평시
2024-06-27,여수,22.5,23.00009775762641,평시,평시
2024-06-28,여수,22.2,22.55499134277332,평시,평시
2024-06-29,여수,22.5,22.39698364095184,평시,평시
2024-06-30,여수,22.9,22.686909530480786,평시,평시
2024-07-01,여수,23.2,22.84829793944409,평시,평시
2024-07-02,여수,23.6,23.358211416330853,평시,평시
2024-07-03,여수,23.9,23.569945432274263,평시,평시
2024-07-04,여수,24.2,23.92602444563596,평시,평시
2024-07-05,여수,24.5,24.34619268487219,평시,평시
2024-07-06,여수,24.6,24.600684444932238,평시,평시
2024-07-07,여수,24.8,24.649696980683906,평시,평시
2024-07-08,여수,24.4,24.773304049894247,평시,평시
2024-07-09,여수,23.9,24.349474992274757,평시,평시
2024-07-10,여수,23.9,24.013952499958453,평시,평시
2024-07-11,여수,23.7,23.913634827073288,평시,평시
2024-07-12,여수,23.3,23.77133095833221,평시,평시
2024-07-13,여수,23.3,23.529059831270928,평시,평시
2024-07-14,여수,22.7,23.590915770770838,평시,평시
2024-07-15,여수,22.5,22.714420032248043,평시,평시
2024-07-16,여수,23.0,22.795848586572028,평시,평시
2024-07-17,여수,23.5,23.206444084235294,평시,평시
2024-07-18,여수,24.1,23.71515009636921,평시,평시
2024-07-19,여수,23.9,24.113732373226284,평시,평시
2024-07-20,여수,23.4,23.91643677091891,평시,평시
2024-07-21,여수,23.4,23.69021553076186,평시,평시
2024-07-22,여수,23.5,23.735396194727414,평시,평시
2024-07-23,여수,23.7,23.861652187122125,평시,평시
2024-07-24,여수,23.6,24.011037182842937,평시,평시
2024-07-25,여수,23.4,23.962097864146692,평시,평시
2024-07-26,여수,23.7,23.754510307433566,평시,평시
2024-07-27,여수,24.2,24.001565551748325,평시,평시
2024-07-28,여수,24.2,24.497032814190632,평시,평시
2024-07-29,여수,24.6,24.413442342740264,평시,평시
2024-07-30,여수,24.9,24.931301277262005,평시,평시
2024-07-31,여수,24.7,25.15894728258277,평시,평시
2024-08-01,여수,24.4,24.828952381965557,평시,평시
2024-08-02,여수,24.3,24.738036354774646,평시,평시
2024-08-03,여수,24.2,24.696009774976392,평시,평시
2024-08-04,여수,24.0,24.641109111283765,평시,평시
2024-08-05,여수,24.1,24.49102868878017,평시,평시
2024-08-06,여수,24.4,24.599953781497103,평시,평시
2024-08-07,여수,24.9,24.808766611847894,평시,평시
2024-08-08,여수,25.2,25.28573168453434,평시,평시
2024-08-09,여수,25.0,25.494839418331786,평시,평시
2024-08-10,여수,25.1,25.3028007600441,평시,평시
2024-08-11,여수,24.9,25.49103034713647,평시,평시
2024-08-12,여수,24.7,25.180587020969533,평시,평시
2024-08-13,여수,24.7,25.0267666814745,평시,평시
2024-08-14,여수,24.8,25.052836841942455,평시,평시
2024-08-15,여수,26.1,25.138767951057186,평시,평시
2024-08-16,여수,27.1,26.55665197630643,평시,평시
2024-08-17,여수,28.2,27.16868220097828,주의보,평시
2024-08-18,여수,28.3,28.316478125159584,주의보,주의보
2024-08-19,여수,28.4,28.122554414177422,경보,주의보
2024-08-20,여수,28.4,28.3816607058683,경보,경보
2024-08-21,여수,28.6,28.302739540952256,경보,경보
2024-08-22,여수,29.0,28.452409177123133,경보,경보
2024-08-23,여수,29.0,28.83186377177158,경보,경보
2024-08-24,여수,29.2,28.788973916252605,경보,경보
2024-08-25,여수,29.3,29.21478094401294,경보,경보
2024-08-26,여수,29.3,29.26129092579459,경보,경보
2024-08-27,여수,29.2,29.266982888920953,경보,경보
2024-08-28,여수,29.0,29.075969395584977,경보,경보
2024-08-29,여수,28.8,28.538031721113974,경보,경보
2024-08-30,여수,28.4,28.429418507549638,경보,경보
2024-08-31,여수,28.5,28.276207283554644,경보,경보
2024-09-01,여수,28.9,28.484404048636176,경보,경보
2024-09-02,여수,28.9,28.7967925910772,경보,경보
2024-09-03,여수,28.7,28.68305321987593,경보,경보
2024-09-04,여수,28.4,28.36811957977727,경보,경보
2024-09-05,여수,28.5,28.161407803016665,경보,경보
2024-09-06,여수,28.6,28.38213897537521,경보,경보
2024-09-07,여수,28.7,28.541730395100082,경보,경보
2024-09-08,여수,28.7,28.559964826255392,경보,경보
2024-09-09,여수,28.9,28.678708493504644,경보,경보
2024-09-10,여수,28.9,28.82546373626408,경보,경보
2024-09-11,여수,29.1,28.70794186410963,경보,경보
2024-09-12,여수,29.3,28.98242000814869,경보,경보
2024-09-13,여수,29.5,29.208043809631235,경보,경보
2024-09-14,여수,29.7,29.41136104954168,경보,경보
2024-09-15,여수,30.0,29.59720635413575,경보,경보
2024-09-16,여수,29.8,29.798562013011463,경보,경보
2024-09-17,여수,29.8,29.33276266045254,경보,경보
2024-09-18,여수,30.0,29.756427320180986,경보,경보
2024-09-19,여수,30.0,29.92634437528083,경보,경보
2024-09-20,여수,29.8,29.78664849654339,경보,경보
2024-09-21,여수,29.2,29.308346447091456,경보,경보
2024-09-22,여수,28.3,28.396802044874622,경보,경보
2024-09-23,여수,27.5,27.655485736684106,주의보,주의보
2024-09-24,여수,26.8,26.93463728777477,평시,평시
2024-09-25,여수,26.7,26.31726949724384,평시,평시
2024-09-26,여수,26.9,26.5282172018475,주의보,평시
2024-09-27,여수,26.9,26.796263369419815,주의보,주의보
2024-09-28,여수,26.9,26.73380293879216,주의보,주의보
2024-09-29,여수,26.6,26.535288739144324,평시,평시
2024-09-30,여수,26.4,26.13415072475626,평시,평시
2024-10-01,여수,26.3,26.158209375542388,평시,평시
2024-10-02,여수,25.5,26.013448858143217,평시,평시
2024-10-03,여수,24.6,24.829303736593694,평시,평시
2024-10-04,여수,23.9,23.93182814941465,평시,평시
2024-10-05,여수,23.8,23.537446757172525,평시,평시
2024-10-06,여수,23.6,23.594502178980324,평시,평시
2024-10-07,여수,23.1,23.252892911923432,평시,평시
2024-10-08,여수,22.8,22.693295406675336,평시,평시
2024-10-09,여수,22.8,22.687626325964306,평시,평시
2024-10-10,여수,22.6,22.55833300319119,평시,평시
2024-10-11,여수,22.6,22.355370849719908,평시,평시
2024-10-12,여수,22.7,22.581206470074925,평시,평시
2024-10-13,여수,22.9,22.662317649298984,평시,평시
2024-10-14,여수,22.8,22.633536468878475,평시,평시
2024-10-15,여수,22.8,22.356150098095554,평시,평시
2024-10-16,여수,23.0,22.7231540530831,평시,평시
2024-10-17,여수,23.0,22.930343104326646,평시,평시
2024-10-18,여수,22.8,22.66260542692873,평시,평시
2024-10-19,여수,23.0,22.497882522527043,주의보,평시
2024-10-20,여수,22.2,22.683694244721043,평시,주의보
2024-10-21,여수,21.4,21.238213622337717,평시,평시
2024-10-22,여수,21.2,20.94542070102146,평시,평시
2024-10-23,여수,21.0,20.90581729738653,평시,평시
2024-10-24,여수,20.4,20.44546902579036,평시,평시
2024-10-25,여수,20.2,19.95901149264836,평시,평시
2024-10-26,여수,20.1,19.92430623078935,평시,평시
2024-10-27,여수,20.4,19.951085268510305,평시,평시
2024-10-28,여수,20.4,20.284774144417344,평시,평시
2024-10-29,여수,20.2,20.017716301013262,평시,평시
2024-10-30,여수,20.1,19.85849595206081,평시,평시
2024-10-31,여수,20.0,19.958098022548437,평시,평시
2024-11-01,여수,19.8,19.71952074149132,평시,평시
2024-11-02,여수,19.5,19.4164768728927,평시,평시
2024-11-03,여수,19.6,19.14035309999359,평시,평시
2024-11-04,여수,19.6,19.5569750410255,평시,평시
2024-11-05,여수,19.1,19.38051656860115,평시,평시
2024-11-06,여수,18.0,18.49257537786877,평시,평시
2024-11-07,여수,17.4,17.447351487922,평시,평시
2024-11-08,여수,17.5,17.269116599487607,평시,평시
2024-11-09,여수,17.8,17.481105074174874,평시,평시
2024-11-10,여수,17.9,17.677201079426435,평시,평시
2024-11-11,여수,17.8,17.692518104353518,평시,평시
2024-11-12,여수,18.0,17.717961606163115,평시,평시
2024-11-13,여수,18.0,17.976151420540667,평시,평시
2024-11-14,여수,18.0,17.85450362591711,주의보,평시
2024-11-15,여수,18.1,17.79568550474863,주의보,주의보
2024-11-16,여수,18.1,17.8932475132542,주의보,주의보
2024-11-17,여수,18.1,18.06262935448711,주의보,주의보
2024-11-18,여수,16.9,17.537812008800163,평시,주의보
2024-11-19,여수,16.0,16.017019259299467,평시,평시
2024-11-20,여수,15.8,15.614860203337592,평시,평시
2024-11-21,여수,15.6,15.743137700374643,평시,평시
2024-11-22,여수,15.5,15.427976143766033,평시,평시
2024-11-23,여수,15.0,15.191773127588036,평시,평시
2024-11-24,여수,14.8,14.640867839261325,평시,평시
2024-11-25,여수,14.8,14.66707338457431,평시,평시
2024-11-26,여수,14.6,14.620036736841408,평시,평시
2024-11-27,여수,13.8,14.110734135547842,평시,평시
2024-11-28,여수,12.9,13.078083111636195,평시,평시
2024-11-29,여수,12.5,12.45699728839066,평시,평시
2024-11-30,여수,12.3,12.183296076334155,평시,평시
2024-12-01,여수,12.2,12.183511086030101,평시,평시
2024-12-02,여수,12.4,12.28502900345023,평시,평시
2024-12-03,여수,12.5,12.527978151580406,평시,평시
2024-12-04,여수,12.1,12.123924006888341,평시,평시
2024-12-05,여수,11.9,11.673417246714665,평시,평시
2024-12-06,여수,11.7,11.731540333005327,평시,평시
2024-12-07,여수,11.4,11.504000240814456,평시,평시
2024-12-08,여수,10.8,11.127351098092753,평시,평시
2024-12-09,여수,10.1,10.286587213181145,평시,평시
2024-12-10,여수,9.9,9.870526504234665,평시,평시
2024-12-11,여수,9.8,9.993327700932475,평시,평시
2024-12-12,여수,9.7,9.776078810208281,평시,평시
2024-12-13,여수,9.4,9.418111640919948,평시,평시
2024-12-14,여수,9.1,9.241610289496082,평시,평시
2024-12-15,여수,8.8,8.801470353208703,평시,평시
2024-12-16,여수,8.9,8.571804711271174,평시,평시
2024-12-17,여수,9.0,8.879119094409878,평시,평시
2024-12-18,여수,9.0,9.034899301747048,평시,평시
2024-12-19,여수,8.4,8.5425362569454,평시,평시
2024-12-20,여수,8.2,8.141891316107934,평시,평시
2024-12-21,여수,8.2,8.260557989982669,평시,평시
2024-12-22,여수,7.8,7.933712742023947,평시,평시
2024-12-23,여수,7.2,7.315653716647415,평시,평시
2024-12-24,여수,7.0,7.074057443268956,평시,평시
2024-12-25,여수,6.8,7.152377782641906,평시,평시
2024-12-26,여수,6.9,6.827385699249942,평시,평시
2024-12-27,여수,7.0,6.868580351698547,평시,평시
2024-12-28,여수,6.7,6.791164497190923,평시,평시
2024-12-29,여수,6.8,6.37142556791905,평시,평시
2024-12-30,여수,7.0,6.951133682060973,평시,평시
2024-12-31,여수,7.0,7.197726894332267,평시,평시
2025-01-01,여수,7.2,6.813554395542626,평시,평시
2025-01-02,여수,7.2,7.258199820099534,평시,평시
2025-01-03,여수,7.1,7.308496011949721,평시,평시
2025-01-04,여수,7.1,6.930480178391002,평시,평시
2025-01-05,여수,7.0,7.122715817646313,평시,평시
2025-01-06,여수,7.1,7.038034474016257,평시,평시
2025-01-07,여수,7.3,7.049625651685563,평시,평시
2025-01-08,여수,7.1,7.024867929735557,평시,평시
2025-01-09,여수,6.7,6.944635950653447,평시,평시
2025-01-10,여수,5.3,6.076230634454857,평시,평시
2025-01-11,여수,5.0,4.619699241891325,평시,평시
2025-01-12,여수,5.3,5.149456717265974,평시,평시
2025-01-13,여수,5.7,5.2860765679536295,평시,평시
2025-01-14,여수,5.9,5.76586472338798,평시,평시
2025-01-15,여수,6.0,6.116988218810574,평시,평시
2025-01-16,여수,6.0,5.737462755246272,평시,평시
2025-01-17,여수,6.1,5.815632862165973,평시,평시
2025-01-18,여수,6.2,6.235181102055442,평시,평시
2025-01-19,여수,6.4,6.338567954378926,평시,평시
2025-01-20,여수,6.7,6.604044223785579,평시,평시
2025-01-21,여수,6.8,6.837014201102074,평시,평시
2025-01-22,여수,7.0,6.864379464165002,평시,평시
2025-01-23,여수,7.0,7.138489671459096,평시,평시
2025-01-24,여수,7.1,7.231489436584156,평시,평시
2025-01-25,여수,7.1,7.338322343095522,평시,평시
2025-01-26,여수,7.1,7.108156282285672,평시,평시
2025-01-27,여수,7.0,7.073456389759393,평시,평시
2025-01-28,여수,6.5,6.769593887988492,평시,평시
2025-01-29,여수,6.3,6.108457182159377,평시,평시
2025-01-30,여수,6.1,6.038068861872724,평시,평시
2025-01-31,여수,6.0,6.120900047943591,평시,평시
2025-02-01,여수,6.1,6.089877650281064,평시,평시
2025-02-02,여수,6.2,6.056563757091223,평시,평시
2025-02-03,여수,6.8,6.416647916041834,평시,평시
2025-02-04,여수,6.2,6.438946554793318,평시,평시
2025-02-05,여수,5.8,5.430721971686439,평시,평시
2025-02-06,여수,5.6,5.455571659793913,평시,평시
2025-02-07,여수,5.4,5.387353830061466,평시,평시
2025-02-08,여수,4.3,4.967349037550825,평시,평시
2025-02-09,여수,4.2,3.641180762892201,평시,평시
2025-02-10,여수,4.9,4.191462256253743,평시,평시
2025-02-11,여수,5.0,4.942174131125298,평시,평시
2025-02-12,여수,5.0,5.071373938293662,평시,평시
2025-02-13,여수,5.0,5.04548534754407,평시,평시
2025-02-14,여수,5.3,4.9930230968393845,평시,평시
2025-02-15,여수,5.5,5.629080471516752,평시,평시
2025-02-16,여수,5.6,5.670443394432891,평시,평시
2025-02-17,여수,5.9,5.920861442974381,평시,평시
2025-02-18,여수,5.3,5.777872313493148,평시,평시
2025-02-19,여수,5.3,4.9036683627164726,평시,평시
2025-02-20,여수,5.0,5.229448473466804,평시,평시
2025-02-21,여수,4.2,4.783469855716859,평시,평시
2025-02-22,여수,4.3,3.948014229785534,평시,평시
2025-02-23,여수,4.8,4.4453416879283445,평시,평시
2025-02-24,여수,4.1,4.695705563970094,평시,평시
2025-02-25,여수,4.3,3.821459825480256,평시,평시
2025-02-26,여수,4.9,4.61437619583657,평시,평시
2025-02-27,여수,5.3,5.37218686375021,평시,평시
2025-02-28,여수,5.7,5.62680850792322,평시,평시
2025-03-01,여수,6.1,6.272958662322924,평시,평시
2025-03-02,여수,6.4,6.49380070118298,평시,평시
2025-03-03,여수,6.5,6.811658653076661,평시,평시
2025-03-04,여수,5.9,6.240030458126049,평시,평시
2025-03-05,여수,5.9,5.549335052128945,평시,평시
2025-03-06,여수,6.2,6.299317239120068,평시,평시
2025-03-07,여수,6.5,6.597218800431601,평시,평시
2025-03-08,여수,7.0,6.788225667198061,평시,평시
2025-03-09,여수,7.3,7.344950170395672,평시,평시
2025-03-10,여수,7.7,7.598844732655753,평시,평시
2025-03-11,여수,8.0,8.003746413408535,평시,평시
2025-03-12,여수,8.3,8.408434003921105,평시,평시
2025-03-13,여수,8.6,8.661091222622446,평시,평시
2025-03-14,여수,8.9,9.004717901499468,평시,평시
2025-03-15,여수,9.1,9.199667736928333,평시,평시
2025-03-16,여수,8.9,9.025072062145941,평시,평시
2025-03-17,여수,8.3,8.592818156716707,평시,평시
2025-03-18,여수,8.1,8.039612014293187,평시,평시
2025-03-19,여수,7.8,7.890242381966926,평시,평시
2025-03-20,여수,7.9,7.7021565021441845,평시,평시
2025-03-21,여수,8.4,8.108012591545684,평시,평시
2025-03-22,여수,9.0,8.82493522343763,평시,평시
2025-03-23,여수,9.5,9.529559151976727,평시,평시
2025-03-24,여수,10.2,9.945338275741062,평시,평시
2025-03-25,여수,10.7,10.605400870521962,평시,평시
2025-03-26,여수,11.0,10.99482461439089,평시,평시
2025-03-27,여수,11.2,11.331157911650875,평시,평시
2025-03-28,여수,11.2,11.614501879850723,평시,평시
2025-03-29,여수,10.6,10.981276244648333,평시,평시
2025-03-30,여수,10.1,10.299652424498213,평시,평시
2025-03-31,여수,9.9,10.008390446101345,평시,평시
2025-04-01,여수,10.2,10.079084142757674,평시,평시
2025-04-02,여수,10.5,10.570211665215828,평시,평시
2025-04-03,여수,10.7,10.728178128394923,평시,평시
2025-04-04,여수,11.0,10.885612481198294,평시,평시
2025-04-05,여수,11.4,11.273984389480121,평시,평시
2025-04-06,여수,11.6,11.606368998349884,평시,평시
2025-04-07,여수,11.9,11.71772456196654,평시,평시
2025-04-08,여수,12.5,12.097635171904992,평시,평시
2025-04-09,여수,12.9,12.916538749008817,평시,평시
2025-04-10,여수,13.3,13.094910148255147,평시,평시
2025-04-11,여수,13.6,13.529980140022985,평시,평시
2025-04-12,여수,13.8,13.923810675302066,평시,평시
2025-04-13,여수,13.3,13.873535899875236,평시,평시
2025-04-14,여수,12.8,12.769287434893725,평시,평시
2025-04-15,여수,12.4,12.732316159333477,평시,평시
2025-04-16,여수,12.6,12.398938873540937,평시,평시
2025-04-17,여수,13.0,12.966528430567092,평시,평시
2025-04-18,여수,13.4,13.361534699369845,평시,평시
2025-04-19,여수,14.1,13.839448100514728,평시,평시
2025-04-20,여수,14.3,14.476896479429499,평시,평시
2025-04-21,여수,14.3,14.51542757031829,평시,평시
2025-04-22,여수,14.6,14.619016301712147,평시,평시
2025-04-23,여수,14.8,14.883878325762845,평시,평시
2025-04-24,여수,15.3,14.993659300832512,평시,평시
2025-04-25,여수,15.3,15.549973743394572,평시,평시
2025-04-26,여수,15.1,15.27707287925345,평시,평시
2025-04-27,여수,15.3,15.180019515619989,평시,평시
2025-04-28,여수,15.4,15.60341855415352,평시,평시
2025-04-29,여수,15.3,15.715236910491091,평시,평시
2025-04-30,여수,15.4,15.257751040196355,평시,평시
2025-05-01,여수,15.7,15.691803203872176,평시,평시
2025-05-02,여수,15.8,15.916205436861024,평시,평시
2025-05-03,여수,15.8,15.82037865005722,평시,평시
2025-05-04,여수,15.6,15.868251274921436,평시,평시
2025-05-05,여수,15.8,15.678922651102463,평시,평시
2025-05-06,여수,15.6,15.967893856171173,평시,평시
2025-05-07,여수,15.6,15.50652633942083,평시,평시
2025-05-08,여수,15.9,15.865017028868746,평시,평시
2025-05-09,여수,,,판정불가,판정불가
2025-05-10,여수,,,판정불가,판정불가
2025-05-11,여수,,,판정불가,판정불가
2025-05-12,여수,,,판정불가,판정불가
2025-05-13,여수,,,판정불가,판정불가
2025-05-14,여수,,,판정불가,판정불가
2025-05-15,여수,,,판정불가,판정불가
2025-05-16,여수,,,판정불가,판정불가
2025-05-17,여수,,,판정불가,판정불가
2025-05-18,여수,,,판정불가,판정불가
2025-05-19,여수,,,판정불가,판정불가
2025-05-20,여수,,,판정불가,판정불가
2025-05-21,여수,,,판정불가,판정불가
2025-05-22,여수,,,판정불가,판정불가
2025-05-23,여수,,,판정불가,판정불가
2025-05-24,여수,,,판정불가,판정불가
2025-05-25,여수,,,판정불가,판정불가
2025-05-26,여수,,,판정불가,판정불가
2025-05-27,여수,,,판정불가,판정불가
2025-05-28,여수,,,판정불가,판정불가
2025-05-29,여수,,,판정불가,판정불가
2025-05-30,여수,,,판정불가,판정불가
2025-05-31,여수,,,판정불가,판정불가
2025-06-01,여수,,,판정불가,판정불가
2025-06-02,여수,,,판정불가,판정불가
2025-06-03,여수,,,판정불가,판정불가
2025-06-04,여수,20.2,,평시,판정불가
2025-06-05,여수,20.4,,평시,판정불가
2025-06-06,여수,20.6,,평시,판정불가
2025-06-07,여수,20.5,20.846956667485326,평시,평시
2025-06-08,여수,20.6,20.718112492677992,평시,평시
2025-06-09,여수,20.6,20.988874038883388,평시,평시
2025-06-10,여수,20.8,20.911920563331304,평시,평시
2025-06-11,여수,21.1,21.03761364986591,평시,평시
2025-06-12,여수,21.2,21.405386929219812,평시,평시
2025-06-13,여수,21.0,21.419745477929418,평시,평시
2025-06-14,여수,20.9,21.044803850505804,평시,평시
2025-06-15,여수,20.6,21.005967102193893,평시,평시
2025-06-16,여수,21.2,20.924556819128473,평시,평시
2025-06-17,여수,21.5,21.53963113986874,평시,평시
2025-06-18,여수,21.6,21.68151026585196,평시,평시
2025-06-19,여수,21.7,21.818257675068878,평시,평시
2025-06-20,여수,21.7,21.939544157367457,평시,평시
2025-06-21,여수,22.4,21.828154145160266,평시,평시
2025-06-22,여수,22.0,22.504341263202875,평시,평시
2025-06-23,여수,21.7,21.980217823909186,평시,평시
2025-06-24,여수,21.3,22.080545196469167,평시,평시
2025-06-25,여수,21.5,21.291411799117547,평시,평시
2025-06-26,여수,21.9,21.731732412822055,평시,평시
2025-06-27,여수,22.2,22.109448946971984,평시,평시
2025-06-28,여수,22.4,22.464392257214662,평시,평시
2025-06-29,여수,22.6,22.713038728385595,평시,평시
2025-06-30,여수,22.7,22.876139182428325,평시,평시
2025-07-01,여수,22.6,23.073731238749506,평시,평시
2025-07-02,여수,22.5,22.98270658676451,평시,평시
2025-07-03,여수,22.8,22.907506232137624,평시,평시
2025-07-04,여수,23.7,23.208605548854308,평시,평시
2025-07-05,여수,24.6,24.023446118065124,평시,평시
2025-07-06,여수,25.4,24.756334525055294,평시,평시
2025-07-07,여수,24.1,25.59067715622114,평시,평시
2025-07-08,여수,22.9,24.10872845902972,평시,평시
2025-07-09,여수,23.2,23.417280045027383,평시,평시
2025-07-10,여수,23.3,23.873821794174845,평시,평시
2025-07-11,여수,24.0,23.625566005953203,평시,평시
2025-07-12,여수,24.0,24.33984728886697,평시,평시
2025-07-13,여수,24.1,24.058397383369208,평시,평시
2025-07-14,여수,24.1,24.168719438230205,평시,평시
2025-07-15,여수,25.0,24.177425530419107,평시,평시
2025-07-16,여수,25.0,25.155748415696266,평시,평시
2025-07-17,여수,24.9,24.894417544674166,평시,평시
2025-07-18,여수,24.7,24.717957547767885,평시,평시
2025-07-19,여수,25.2,24.67544836714586,평시,평시
2025-07-20,여수,25.3,25.284858269100965,평시,평시
2025-07-21,여수,25.5,25.399175784941313,평시,평시
2025-07-22,여수,26.2,25.695185199811068,평시,평시
2025-07-23,여수,26.4,26.470484937198243,평시,평시
2025-07-24,여수,26.4,26.53880661851903,평시,평시
2025-07-25,여수,26.6,26.565730686791813,평시,평시
2025-07-26,여수,26.8,26.74768226450515,평시,평시
2025-07-27,여수,27.1,26.842573794580275,평시,평시
2025-07-28,여수,27.2,27.15611820434676,평시,평시
2025-07-29,여수,27.5,27.310015007303303,평시,평시
2025-07-30,여수,27.8,27.632116750909272,평시,평시
2025-07-31,여수,27.9,27.8267837979488,평시,평시
2025-08-01,여수,28.1,27.8930064843026,주의보,평시
2025-08-02,여수,28.3,28.16125125630999,주의보,주의보
2025-08-03,여수,28.6,28.405472994744947,경보,주의보
2025-08-04,여수,29.1,28.53980860451603,경보,경보
2025-08-05,여수,29.4,28.89840578564812,경보,경보
2025-08-06,여수,29.4,29.151073898528086,경보,경보
2025-08-07,여수,29.3,29.045184617547825,경보,경보
2025-08-08,여수,28.5,29.186800135206575,경보,경보
2025-08-09,여수,27.9,28.28296469505645,평시,경보
2025-08-10,여수,26.6,27.695089030262785,평시,평시
2025-08-11,여수,25.7,26.31076241171449,평시,평시
2025-08-12,여수,25.0,25.62185061324818,평시,평시
2025-08-13,여수,24.7,24.85123060752463,평시,평시
2025-08-14,여수,25.1,24.929883436947655,평시,평시
2025-08-15,여수,25.2,25.447728414661164,평시,평시
2025-08-16,여수,25.3,25.433467344117986,평시,평시
2025-08-17,여수,25.4,25.574718968570952,평시,평시
2025-08-18,여수,25.0,25.655036805372035,평시,평시
2025-08-19,여수,25.1,25.128848621715285,평시,평시
2025-08-20,여수,25.1,25.41517009080257,평시,평시
2025-08-21,여수,24.8,25.33853357276018,평시,평시
2025-08-22,여수,25.2,25.082534146852804,평시,평시
2025-08-23,여수,25.8,25.563084052111005,평시,평시
2025-08-24,여수,25.8,26.021432870911106,평시,평시
2025-08-25,여수,25.7,25.860163976905316,평시,평시
2025-08-26,여수,25.7,25.86517677284851,평시,평시
2025-08-27,여수,25.3,25.83293658301525,평시,평시
2025-08-28,여수,24.9,25.456431329050787,평시,평시
2025-08-29,여수,24.5,25.151326278502534,평시,평시
2025-08-30,여수,24.7,24.742965600289434,평시,평시
2025-08-31,여수,24.4,25.075744072975976,평시,평시
2025-09-01,여수,23.9,24.449043674832602,평시,평시
2025-09-02,여수,24.3,24.150982904899696,평시,평시
2025-09-03,여수,24.2,24.758250341349296,평시,평시
2025-09-04,여수,24.4,24.366781945758515,평시,평시
2025-09-05,여수,24.1,24.690472179334165,평시,평시
2025-09-06,여수,24.9,24.316806975879423,평시,평시
2025-09-07,여수,25.8,25.27754513427026,평시,평시
2025-09-08,여수,25.6,25.933705042220545,평시,평시
2025-09-09,여수,,,판정불가,판정불가
2025-09-10,여수,,,판정불가,판정불가
2025-09-11,여수,24.0,,평시,판정불가
2025-09-12,여수,23.9,,평시,판정불가
2025-09-13,여수,24.0,,평시,판정불가
2025-09-14,여수,24.2,24.08331893889169,평시,평시
2025-09-15,여수,24.1,24.36701573651688,평시,평시
2025-09-16,여수,24.2,24.194925085348807,평시,평시
2025-09-17,여수,24.9,24.39515461926036,평시,평시
2025-09-18,여수,25.1,25.133107356784336,평시,평시
2025-09-19,여수,24.8,24.892367862372996,평시,평시
2025-09-20,여수,24.6,24.443510780938514,평시,평시
2025-09-21,여수,24.4,24.50503036132989,평시,평시
2025-09-22,여수,24.1,24.23420815762816,평시,평시
2025-09-23,여수,23.9,23.806357163557518,평시,평시
2025-09-24,여수,23.8,23.725000236229008,평시,평시
2025-09-25,여수,23.8,23.79879669094202,평시,평시
2025-09-26,여수,23.8,23.85015831754326,평시,평시
2025-09-27,여수,23.9,23.91719890311756,평시,평시
2025-09-28,여수,24.0,23.903573519140952,평시,평시
2025-09-29,여수,23.9,23.96147076865053,평시,평시
2025-09-30,여수,24.0,23.764834534546637,평시,평시
2025-10-01,여수,24.0,23.955386361405644,평시,평시
2025-10-02,여수,24.0,23.88227224981736,평시,평시
2025-10-03,여수,23.8,23.84633842358064,평시,평시
2025-10-04,여수,23.6,23.214459942880236,평시,평시
2025-10-05,여수,23.8,23.538759876545637,평시,평시
2025-10-06,여수,24.0,23.894887361507735,평시,평시
2025-10-07,여수,23.9,23.847012392203222,평시,평시
2025-10-08,여수,23.9,23.66863230872659,평시,평시
2025-10-09,여수,23.6,23.76544343745405,평시,평시
2025-10-10,여수,23.3,23.270960816151373,평시,평시
2025-10-11,여수,23.2,23.098930001644757,평시,평시
2025-10-12,여수,23.3,23.184843732970197,평시,평시
2025-10-13,여수,23.5,23.34177997359625,평시,평시
2025-10-14,여수,23.6,23.376473002511833,평시,평시
2025-10-15,여수,23.4,23.36771609787404,평시,평시
2025-10-16,여수,23.2,22.9699617896197,평시,평시
2025-10-17,여수,23.2,23.009113800729683,평시,평시
2025-10-18,여수,23.2,22.95930912652885,평시,평시
2025-10-19,여수,22.8,23.001854526203307,평시,주의보
2025-10-20,여수,22.4,22.331310593088233,평시,평시
2025-10-21,여수,21.8,21.918610912693403,평시,평시
2025-10-22,여수,21.3,21.245389977001473,평시,평시
2025-10-23,여수,21.1,20.89706533140449,평시,평시
2025-10-24,여수,21.0,20.90358272035422,평시,평시
2025-10-25,여수,20.9,20.71697982219465,평시,평시
2025-10-26,여수,20.7,20.791262550567463,평시,평시
2025-10-27,여수,20.0,20.3669518368709,평시,평시
2025-10-28,여수,19.2,19.292589812483097,평시,평시
2025-10-29,여수,18.8,18.725274252613204,평시,평시
2025-10-30,여수,18.4,18.50938190754499,평시,평시
2025-10-31,여수,18.4,18.14963591533865,평시,평시
2025-11-01,여수,18.2,18.356528932719392,평시,평시
2025-11-02,여수,17.9,17.973667838758928,평시,평시
2025-11-03,여수,17.3,17.48567454968738,평시,평시
2025-11-04,여수,17.2,16.781032181117137,평시,평시
2025-11-05,여수,17.5,17.228012627813033,평시,평시
2025-11-06,여수,17.7,17.465622430297778,평시,평시
2025-11-07,여수,17.9,17.617781275377972,평시,평시
2025-11-08,여수,17.9,17.799550112611104,평시,평시
2025-11-09,여수,17.7,17.540005559445596,평시,평시
2025-11-10,여수,17.5,17.48560275890577,평시,평시
2025-11-11,여수,17.0,17.137917585330957,평시,평시
2025-11-12,여수,16.5,16.64740460239779,평시,평시
2025-11-13,여수,16.2,16.264935051886845,평시,평시
2025-11-14,여수,16.0,16.15877010107645,평시,평시
2025-11-15,여수,15.8,15.846181204232757,평시,평시
2025-11-16,여수,15.8,15.711111606514978,평시,평시
2025-11-17,여수,15.6,15.8510370937932,평시,평시
2025-11-18,여수,14.5,15.001296045240128,평시,평시
2025-11-19,여수,13.9,13.845474712850532,평시,평시
2025-11-20,여수,13.6,13.592021088335976,평시,평시
2025-11-21,여수,13.7,13.483787789249787,평시,평시
2025-11-22,여수,13.6,13.583627988265043,평시,평시
2025-11-23,여수,13.7,13.499226145906077,평시,평시
2025-11-24,여수,13.9,13.676689300893443,평시,평시
2025-11-25,여수,14.0,14.013286885568636,평시,평시
2025-11-26,여수,13.7,13.654152186100147,평시,평시
2025-11-27,여수,13.4,13.444272750617042,평시,평시
2025-11-28,여수,12.8,13.14237444039513,평시,평시
2025-11-29,여수,12.5,12.476191963100211,평시,평시
2025-11-30,여수,12.6,12.513390706023007,평시,평시
2025-12-01,여수,12.8,12.83904239698089,평시,평시
2025-12-02,여수,12.4,12.706521121717124,평시,평시
2025-12-03,여수,11.9,11.95958174131594,평시,평시
2025-12-04,여수,11.0,11.262523746337383,평시,평시
2025-12-05,여수,10.9,10.551979895519485,평시,평시
2025-12-06,여수,10.9,10.617382837974608,평시,평시
2025-12-07,여수,11.2,10.67693498351139,평시,평시
2025-12-08,여수,11.5,11.262895802381854,평시,평시
2025-12-09,여수,11.2,11.188818169869355,평시,평시
2025-12-10,여수,11.0,10.815301160705326,평시,평시
2025-12-11,여수,10.8,10.999390946522873,평시,평시
2025-12-12,여수,10.7,10.832463467872078,평시,평시
2025-12-13,여수,10.1,10.457668134093058,평시,평시
2025-12-14,여수,9.8,9.764535369820027,평시,평시
2025-12-15,여수,9.4,9.517033142229678,평시,평시
2025-12-16,여수,9.3,9.366980603643103,평시,평시
2025-12-17,여수,9.5,9.404414862115797,평시,평시
2025-12-18,여수,9.4,9.454529239497118,평시,평시
2025-12-19,여수,9.4,9.398977782330306,평시,평시
2025-12-20,여수,9.9,9.673047705182793,평시,평시
2025-12-21,여수,9.8,10.285855472875093,평시,주의보
2025-12-22,여수,9.4,9.387924975462361,평시,평시
2025-12-23,여수,9.2,9.11585653515362,평시,평시
2025-12-24,여수,9.5,9.25170301399833,평시,평시
2025-12-25,여수,9.3,9.492967408892774,평시,평시
2025-12-26,여수,8.2,8.580575408412127,평시,평시
2025-12-27,여수,7.4,7.314765822765451,평시,평시
2025-12-28,여수,7.4,7.303012274059116,평시,평시
2025-12-29,여수,7.6,7.652750656678736,평시,평시
2025-12-30,여수,7.9,7.841829189654737,평시,평시
2025-12-31,여수,7.9,7.921569227912416,평시,평시
2024-01-01,통영,12.3,12.262250442655352,평시,평시
2024-01-02,통영,12.3,12.285606686769816,평시,평시
2024-01-03,통영,12.2,12.303175544521793,평시,평시
2024-01-04,통영,12.1,12.110050913540846,평시,평시
2024-01-05,통영,12.0,12.02480050685723,평시,평시
2024-01-06,통영,11.9,11.954586268513808,평시,평시
2024-01-07,통영,11.7,11.881529641641553,평시,평시
2024-01-08,통영,11.6,11.555453517753506,평시,평시
2024-01-09,통영,11.5,11.487354506128915,평시,평시
2024-01-10,통영,11.5,11.38633461561656,평시,평시
2024-01-11,통영,11.4,11.445374448988957,평시,평시
2024-01-12,통영,11.3,11.342890295542093,평시,평시
2024-01-13,통영,11.3,11.274559496946399,평시,평시
2024-01-14,통영,11.4,11.272999859779999,평시,평시
2024-01-15,통영,11.5,11.42020475023026,평시,평시
2024-01-16,통영,11.4,11.515817107468923,평시,평시
2024-01-17,통영,11.4,11.366450500356045,평시,평시
2024-01-18,통영,11.4,11.36209843624101,평시,평시
2024-01-19,통영,11.3,11.403403751502166,평시,평시
2024-01-20,통영,11.3,11.252359797022688,평시,평시
2024-01-21,통영,11.2,11.238395703148074,평시,평시
2024-01-22,통영,11.1,11.172840047129508,평시,평시
2024-01-23,통영,10.8,10.963328048856997,평시,평시
2024-01-24,통영,10.6,10.576582845628723,평시,평시
2024-01-25,통영,10.7,10.43143768412601,평시,평시
2024-01-26,통영,10.8,10.664717051437467,평시,평시
2024-01-27,통영,10.8,10.826659124605353,평시,평시
2024-01-28,통영,10.8,10.793625186365066,평시,평시
2024-01-29,통영,10.8,10.801916458318013,평시,평시
2024-01-30,통영,10.8,10.78146492769267,평시,평시
2024-01-31,통영,10.9,10.797153130320307,평시,평시
2024-02-01,통영,10.9,10.99726556902553,평시,평시
2024-02-02,통영,10.9,10.889857774030745,평시,평시
2024-02-03,통영,10.9,10.908653394857051,평시,평시
2024-02-04,통영,10.9,10.884062090616814,평시,평시
2024-02-05,통영,10.9,10.92396498422707,평시,평시
2024-02-06,통영,10.9,10.865269849838482,평시,평시
2024-02-07,통영,10.9,10.894855890751776,평시,평시
2024-02-08,통영,10.9,10.871488836886128,평시,평시
2024-02-09,통영,10.9,10.877354357513465,평시,평시
2024-02-10,통영,11.0,10.890609109908198,평시,평시
2024-02-11,통영,11.1,11.004503733506864,평시,평시
2024-02-12,통영,11.2,11.113137520614945,평시,평시
2024-02-13,통영,11.3,11.205767037614955,평시,평시
2024-02-14,통영,11.4,11.341803590680582,평시,평시
2024-02-15,통영,11.6,11.46506212525434,평시,평시
2024-02-16,통영,11.6,11.645351457590705,평시,평시
2024-02-17,통영,11.6,11.600490910186888,평시,평시
2024-02-18,통영,11.6,11.582239420160189,평시,평시
2024-02-19,통영,11.8,11.584526397753717,평시,평시
2024-02-20,통영,11.8,11.856973848324714,평시,평시
2024-02-21,통영,11.6,11.774745052310884,평시,평시
2024-02-22,통영,11.4,11.46452477804136,평시,평시
2024-02-23,통영,11.2,11.248668017284821,평시,평시
2024-02-24,통영,11.0,11.076195956240714,평시,평시
2024-02-25,통영,10.8,10.888730271567274,평시,평시
2024-02-26,통영,10.8,10.697915961240875,평시,평시
2024-02-27,통영,10.9,10.775941022504192,평시,평시
2024-02-28,통영,11.1,10.939924876237281,평시,평시
2024-02-29,통영,11.1,11.183032551432426,평시,평시
2024-03-01,통영,11.2,11.070408429080938,평시,평시
2024-03-02,통영,11.1,11.143945415126145,평시,평시
2024-03-03,통영,11.2,10.966990916295536,평시,평시
2024-03-04,통영,11.2,11.210506248477667,평시,평시
2024-03-05,통영,11.1,11.222398060904295,평시,평시
2024-03-06,통영,11.1,11.04435274621551,평시,평시
2024-03-07,통영,11.1,11.138500030264414,평시,평시
2024-03-08,통영,11.1,11.085143658288615,평시,평시
2024-03-09,통영,11.2,11.086000770567837,평시,평시
2024-03-10,통영,11.3,11.224783339571117,평시,평시
2024-03-11,통영,11.3,11.33842100219994,평시,평시
2024-03-12,통영,11.4,11.319135000326783,평시,평시
2024-03-13,통영,11.5,11.450992042063094,평시,평시
2024-03-14,통영,11.6,11.546642740057976,평시,평시
2024-03-15,통영,11.7,11.651792717018566,평시,평시
2024-03-16,통영,11.8,11.771760429400596,평시,평시
2024-03-17,통영,12.1,11.885538404462924,평시,평시
2024-03-18,통영,12.1,12.284166072349453,평시,평시
2024-03-19,통영,12.1,12.10690065202147,평시,평시
2024-03-20,통영,12.0,12.094477044010532,평시,평시
2024-03-21,통영,11.9,11.959983377379205,평시,평시
2024-03-22,통영,12.0,11.838697359838783,평시,평시
2024-03-23,통영,12.2,11.994954336015207,평시,평시
2024-03-24,통영,12.1,12.35295788010604,평시,평시
2024-03-25,통영,12.1,12.10709883505741,평시,평시
2024-03-26,통영,12.0,12.11179345161474,평시,평시
2024-03-27,통영,12.1,11.986649212732752,평시,평시
2024-03-28,통영,12.0,12.140226094855281,평시,평시
2024-03-29,통영,12.1,11.979549729799173,평시,평시
2024-03-30,통영,12.2,12.14146396723672,평시,평시
2024-03-31,통영,12.5,12.257635528589953,평시,평시
2024-04-01,통영,12.6,12.687005959432787,평시,평시
2024-04-02,통영,12.8,12.728133742374268,평시,평시
2024-04-03,통영,13.0,12.92769462510016,평시,평시
2024-04-04,통영,13.1,13.071589907335376,평시,평시
2024-04-05,통영,13.1,13.229707532699178,평시,평시
2024-04-06,통영,13.3,13.180055019809421,평시,평시
2024-04-07,통영,13.5,13.419407061516742,평시,평시
2024-04-08,통영,13.6,13.671667709087984,평시,평시
2024-04-09,통영,13.7,13.721791621692963,평시,평시
2024-04-10,통영,13.7,13.758509038157285,평시,평시
2024-04-11,통영,13.8,13.727682512076804,평시,평시
2024-04-12,통영,14.0,13.891243178887379,평시,평시
2024-04-13,통영,14.2,14.130010442658039,평시,평시
2024-04-14,통영,14.5,14.326613636493095,평시,평시
2024-04-15,통영,14.5,14.679701381126687,평시,평시
2024-04-16,통영,14.6,14.53657282001216,평시,평시
2024-04-17,통영,14.9,14.690374610318345,평시,평시
2024-04-18,통영,15.1,15.029993903123621,평시,평시
2024-04-19,통영,15.1,15.204158452799707,평시,평시
2024-04-20,통영,15.0,15.122960323243696,평시,평시
2024-04-21,통영,15.1,14.968433247120135,평시,평시
2024-04-22,통영,15.1,15.132006828503684,평시,평시
2024-04-23,통영,15.0,15.129980253128448,평시,평시
2024-04-24,통영,15.1,15.029307904732216,평시,평시
2024-04-25,통영,15.2,15.185903858393127,평시,평시
2024-04-26,통영,15.2,15.283508995434575,평시,평시
2024-04-27,통영,15.4,15.254711961588363,평시,평시
2024-04-28,통영,15.7,15.496547871679462,평시,평시
2024-04-29,통영,15.7,15.879205544555782,평시,평시
2024-04-30,통영,15.7,15.696693597985444,평시,평시
2024-05-01,통영,15.7,15.775693121827667,평시,평시
2024-05-02,통영,15.9,15.723916819484183,평시,평시
2024-05-03,통영,16.0,15.990153920358132,평시,평시
2024-05-04,통영,16.1,16.081849816480606,평시,평시
2024-05-05,통영,16.0,16.194863918129677,평시,평시
2024-05-06,통영,16.0,15.958828170439988,평시,평시
2024-05-07,통영,16.1,16.006737135353642,평시,평시
2024-05-08,통영,16.1,16.165080502896764,평시,평시
2024-05-09,통영,16.1,16.155657202288552,평시,평시
2024-05-10,통영,16.3,16.132475349429114,평시,평시
2024-05-11,통영,16.3,16.430286788979615,평시,평시
2024-05-12,통영,16.6,16.33139599573672,평시,평시
2024-05-13,통영,16.8,16.762478032475936,평시,평시
2024-05-14,통영,17.0,16.97319616828142,평시,평시
2024-05-15,통영,17.5,17.116651528495066,평시,평시
2024-05-16,통영,17.4,17.72594378938826,평시,평시
2024-05-17,통영,17.3,17.429701122150384,평시,평시
2024-05-18,통영,17.5,17.288914181288394,평시,평시
2024-05-19,통영,18.1,17.625928336944146,평시,평시
2024-05-20,통영,18.0,18.38615444295784,평시,평시
2024-05-21,통영,17.9,18.077931382054214,평시,평시
2024-05-22,통영,18.0,17.896253155731245,평시,평시
2024-05-23,통영,17.9,18.078776571560077,평시,평시
2024-05-24,통영,18.0,17.924945348269123,평시,평시
2024-05-25,통영,17.8,18.106726357762856,평시,평시
2024-05-26,통영,17.8,17.79970641680474,평시,평시
2024-05-27,통영,18.4,17.786273365031416,평시,평시
2024-05-28,통영,18.3,18.68677645903621,평시,평시
2024-05-29,통영,18.4,18.37878341622787,평시,평시
2024-05-30,통영,18.5,18.443401064355914,평시,평시
2024-05-31,통영,18.8,18.611297218107463,평시,평시
2024-06-01,통영,19.0,18.957370038049927,평시,평시
2024-06-02,통영,18.9,19.147692780508407,평시,평시
2024-06-03,통영,18.8,18.927890774685803,평시,평시
2024-06-04,통영,18.9,18.820680167489545,평시,평시
2024-06-05,통영,18.8,18.972919165435083,평시,평시
2024-06-06,통영,18.7,18.843241381107532,평시,평시
2024-06-07,통영,18.6,18.74703447957884,평시,평시
2024-06-08,통영,18.6,18.628216045622608,평시,평시
2024-06-09,통영,18.8,18.632141173195627,평시,평시
2024-06-10,통영,18.9,18.964017606807463,평시,평시
2024-06-11,통영,19.1,19.0090138314555,평시,평시
2024-06-12,통영,19.5,19.253636618588562,평시,평시
2024-06-13,통영,20.1,19.73638281929554,평시,평시
2024-06-14,통영,20.6,20.402519077216045,평시,평시
2024-06-15,통영,21.6,20.861345653830963,주의보,평시
2024-06-16,통영,21.9,22.01630067073442,주의보,경보
2024-06-17,통영,21.5,22.109503509125734,주의보,주의보
2024-06-18,통영,21.0,21.370744333702312,평시,주의보
2024-06-19,통영,20.9,20.80805630107229,평시,평시
2024-06-20,통영,20.5,20.860514758580667,평시,평시
2024-06-21,통영,20.0,20.380149634225226,평시,평시
2024-06-22,통영,19.4,19.861549447571655,평시,평시
2024-06-23,통영,19.8,19.18398640573528,평시,평시
2024-06-24,통영,19.4,19.973474277943097,평시,평시
2024-06-25,통영,19.4,19.394764804863705,평시,평시
2024-06-26,통영,19.0,19.471092688473444,평시,평시
2024-06-27,통영,18.9,18.97843651584615,평시,평시
2024-06-28,통영,18.9,18.93360489101985,평시,평시
2024-06-29,통영,18.9,18.999333134428017,평시,평시
2024-06-30,통영,19.6,18.98979672513212,평시,평시
2024-07-01,통영,19.8,19.907232032021454,평시,평시
2024-07-02,통영,19.8,20.054162789374388,평시,평시
2024-07-03,통영,20.3,19.87975779359065,평시,평시
2024-07-04,통영,20.3,20.55200739845402,평시,평시
2024-07-05,통영,20.3,20.439996718635946,평시,평시
2024-07-06,통영,19.8,20.42189122326875,평시,평시
2024-07-07,통영,20.0,19.71181527127708,평시,평시
2024-07-08,통영,19.7,20.12062715571818,평시,평시
2024-07-09,통영,19.7,19.73150975390625,평시,평시
2024-07-10,통영,19.8,19.79280475207095,평시,평시
2024-07-11,통영,19.5,19.89998942453441,평시,평시
2024-07-12,통영,19.5,19.535354642414802,평시,평시
2024-07-13,통영,20.1,19.625543746350324,평시,평시
2024-07-14,통영,21.0,20.442021653123106,평시,평시
2024-07-15,통영,20.9,21.299039433899498,평시,평시
2024-07-16,통영,21.4,21.06055510055877,평시,평시
2024-07-17,통영,21.5,21.56021174638677,평시,평시
2024-07-18,통영,22.3,21.64357054551523,평시,평시
2024-07-19,통영,22.3,22.612507980982556,평시,평시
2024-07-20,통영,21.3,22.399823043444194,평시,평시
2024-07-21,통영,21.3,21.03637411722688,평시,평시
2024-07-22,통영,20.6,21.306603576912703,평시,평시
2024-07-23,통영,20.5,20.48256656561177,평시,평시
2024-07-24,통영,19.8,20.540875783487664,평시,평시
2024-07-25,통영,19.5,19.695048925627376,평시,평시
2024-07-26,통영,19.4,19.52217586392663,평시,평시
2024-07-27,통영,20.1,19.522894859624675,평시,평시
2024-07-28,통영,21.0,20.478198936464025,평시,평시
2024-07-29,통영,22.2,21.522647815432304,평시,평시
2024-07-30,통영,22.7,22.793683906726955,평시,평시
2024-07-31,통영,22.1,23.065043571850797,평시,평시
2024-08-01,통영,21.8,22.029471620756436,평시,평시
2024-08-02,통영,21.6,21.752406789076595,평시,평시
2024-08-03,통영,21.2,21.63059526477102,평시,평시
2024-08-04,통영,20.7,21.19741411966237,평시,평시
2024-08-05,통영,20.7,20.679749001631805,평시,평시
2024-08-06,통영,21.1,20.83634397233716,평시,평시
2024-08-07,통영,21.2,21.38552810316554,평시,평시
2024-08-08,통영,21.3,21.40820159071488,평시,평시
2024-08-09,통영,21.6,21.488668725176087,평시,평시
2024-08-10,통영,21.7,21.8364111132703,평시,평시
2024-08-11,통영,23.0,21.887609829092668,평시,평시
2024-08-12,통영,24.1,23.546546111345453,평시,평시
2024-08-13,통영,25.5,24.64123340910012,평시,평시
2024-08-14,통영,27.0,26.06124196218773,주의보,평시
2024-08-15,통영,28.4,27.57843824565918,경보,주의보
2024-08-16,통영,29.0,28.89507851413754,경보,경보
2024-08-17,통영,29.1,29.180234218875412,경보,경보
2024-08-18,통영,28.9,29.029150185978725,경보,경보
2024-08-19,통영,28.8,28.682141989457275,경보,경보
2024-08-20,통영,28.2,28.576674248450058,경보,경보
2024-08-21,통영,28.1,27.812514738552867,경보,주의보
2024-08-22,통영,27.8,27.825387947789086,주의보,주의보
2024-08-23,통영,27.6,27.53221965612589,주의보,주의보
2024-08-24,통영,27.3,27.376600876712725,주의보,주의보
2024-08-25,통영,27.6,27.081996945628568,주의보,주의보
2024-08-26,통영,27.9,27.553956330369523,경보,주의보
2024-08-27,통영,28.3,27.91001807779614,경보,경보
2024-08-28,통영,27.3,28.3260808161149,주의보,경보
2024-08-29,통영,27.3,,주의보,판정불가
2024-08-30,통영,27.5,,주의보,판정불가
2024-08-31,통영,27.4,27.469821438932787,주의보,주의보
2024-09-01,통영,27.3,27.281215872904397,주의보,주의보
2024-09-02,통영,27.2,27.126570495091663,주의보,주의보
2024-09-03,통영,27.1,27.02846181377589,주의보,주의보
2024-09-04,통영,26.9,26.92490378294942,평시,평시
2024-09-05,통영,27.0,26.711631190185795,주의보,평시
2024-09-06,통영,27.2,26.88277818208897,주의보,평시
2024-09-07,통영,27.2,27.159360846172913,주의보,주의보
2024-09-08,통영,27.5,27.11135962089739,주의보,주의보
2024-09-09,통영,27.6,27.485573533903082,주의보,주의보
2024-09-10,통영,27.8,27.55892469991816,경보,주의보
2024-09-11,통영,28.2,27.747821589860642,경보,경보
2024-09-12,통영,28.3,28.16818467751523,경보,경보
2024-09-13,통영,28.5,28.21170949855843,경보,경보
2024-09-14,통영,28.7,28.418257979785675,경보,경보
2024-09-15,통영,28.4,28.620601144797494,경보,경보
2024-09-16,통영,28.1,28.157625164243086,경보,경보
2024-09-17,통영,28.1,27.80848382674608,경보,주의보
2024-09-18,통영,28.0,27.910997497360487,경보,경보
2024-09-19,통영,27.8,27.825160512772385,경보,경보
2024-09-20,통영,27.4,27.584848026824478,주의보,경보
2024-09-21,통영,27.4,27.02442120743208,경보,주의보
2024-09-22,통영,26.6,27.01426682641142,주의보,주의보
2024-09-23,통영,25.6,26.15182141882489,평시,주의보
2024-09-24,통영,25.1,,평시,판정불가
2024-09-25,통영,25.5,,평시,판정불가
2024-09-26,통영,25.7,,평시,판정불가
2024-09-27,통영,25.8,,주의보,판정불가
2024-09-28,통영,25.8,,주의보,판정불가
2024-09-29,통영,25.6,,평시,판정불가
2024-09-30,통영,25.6,,평시,판정불가
2024-10-01,통영,25.8,,주의보,판정불가
2024-10-02,통영,25.4,,평시,판정불가
2024-10-03,통영,24.7,,평시,판정불가
2024-10-04,통영,24.3,,평시,판정불가
2024-10-05,통영,24.1,,평시,판정불가
2024-10-06,통영,23.9,,평시,판정불가
2024-10-07,통영,23.7,,평시,판정불가
2024-10-08,통영,23.6,,평시,판정불가
2024-10-09,통영,23.4,,평시,판정불가
2024-10-10,통영,23.4,,평시,판정불가
2024-10-11,통영,23.5,,평시,판정불가
2024-10-12,통영,23.6,,평시,판정불가
2024-10-13,통영,23.5,,평시,판정불가
2024-10-14,통영,23.3,,평시,판정불가
2024-10-15,통영,23.3,23.09156242034737,평시,평시
2024-10-16,통영,23.0,23.156553333286194,평시,평시
2024-10-17,통영,22.5,22.805523592990188,평시,평시
2024-10-18,통영,22.1,22.21100302450999,평시,평시
2024-10-19,통영,22.4,21.81604963625339,평시,평시
2024-10-20,통영,21.5,22.359198395764686,평시,평시
2024-10-21,통영,21.4,21.08712419750637,평시,평시
2024-10-22,통영,21.5,21.181179228710114,평시,평시
2024-10-23,통영,21.7,21.343986093565306,평시,평시
2024-10-24,통영,21.3,21.617758941396026,평시,평시
2024-10-25,통영,21.2,21.04767583190903,평시,평시
2024-10-26,통영,21.3,21.054923379820423,평시,평시
2024-10-27,통영,21.4,21.262008932354064,평시,평시
2024-10-28,통영,21.2,21.308258481625995,평시,평시
2024-10-29,통영,21.1,21.032907842167987,평시,평시
2024-10-30,통영,21.1,20.957907533760967,평시,평시
2024-10-31,통영,21.1,20.99565674793548,평시,평시
2024-11-01,통영,20.9,21.01054232474945,평시,평시
2024-11-02,통영,20.7,20.676815508566925,평시,평시
2024-11-03,통영,20.7,20.499681160639632,평시,평시
2024-11-04,통영,20.7,20.610075767005483,평시,평시
2024-11-05,통영,20.6,20.616611157372596,평시,평시
2024-11-06,통영,20.5,20.455103682017597,평시,평시
2024-11-07,통영,20.4,20.307282728234554,평시,평시
2024-11-08,통영,20.2,20.212701593449474,평시,평시
2024-11-09,통영,20.1,20.022676026921683,평시,평시
2024-11-10,통영,20.0,19.933968078349217,평시,평시
2024-11-11,통영,20.1,19.845088608885526,평시,평시
2024-11-12,통영,20.1,20.026918423430306,평시,평시
2024-11-13,통영,20.1,20.02100047826575,주의보,평시
2024-11-14,통영,20.0,19.990924414597533,주의보,주의보
2024-11-15,통영,19.9,19.859375603736524,주의보,주의보
2024-11-16,통영,19.8,19.741951387517148,주의보,주의보
2024-11-17,통영,19.8,19.69903002584349,주의보,주의보
2024-11-18,통영,19.4,19.630993936574505,주의보,주의보
2024-11-19,통영,19.1,19.05944102700445,평시,평시
2024-11-20,통영,18.9,18.812422359693333,평시,평시
2024-11-21,통영,18.8,18.660175554998858,평시,평시
2024-11-22,통영,18.6,18.618597857152608,평시,평시
2024-11-23,통영,18.4,18.416007069393782,평시,평시
2024-11-24,통영,18.3,18.151041135502346,평시,평시
2024-11-25,통영,18.2,18.13367991034667,평시,평시
2024-11-26,통영,17.9,18.026012885499327,평시,평시
2024-11-27,통영,17.5,17.624628801733053,평시,평시
2024-11-28,통영,17.2,17.150474192078935,평시,평시
2024-11-29,통영,16.9,16.90718188819563,평시,평시
2024-11-30,통영,16.7,16.621518309888028,평시,평시
2024-12-01,통영,16.7,16.489450810940102,평시,평시
2024-12-02,통영,16.7,16.611121401309966,평시,평시
2024-12-03,통영,16.5,16.623002705776365,평시,평시
2024-12-04,통영,16.4,16.343879540909803,평시,평시
2024-12-05,통영,16.2,16.24178590728942,평시,평시
2024-12-06,통영,15.9,16.005118024224924,평시,평시
2024-12-07,통영,15.8,15.655473585304863,평시,평시
2024-12-08,통영,15.6,15.625357380715393,평시,평시
2024-12-09,통영,15.5,15.422837661435436,평시,평시
2024-12-10,통영,15.4,15.325206990164089,평시,평시
2024-12-11,통영,15.3,15.27708185610955,평시,평시
2024-12-12,통영,15.2,15.190285707436445,평시,평시
2024-12-13,통영,15.1,15.062208244903328,평시,평시
2024-12-14,통영,14.8,14.95463114675899,평시,평시
2024-12-15,통영,14.7,14.579790021877368,평시,평시
2024-12-16,통영,14.5,14.501131134910766,평시,평시
2024-12-17,통영,14.4,14.318712898406671,평시,평시
2024-12-18,통영,14.2,14.261090040259212,평시,평시
2024-12-19,통영,14.1,14.01549996784991,평시,평시
2024-12-20,통영,14.1,13.951999563798738,평시,평시
2024-12-21,통영,13.8,14.003838123987128,평시,평시
2024-12-22,통영,13.6,13.568604506372226,평시,평시
2024-12-23,통영,13.5,13.407324090921927,평시,평시
2024-12-24,통영,13.4,13.382894650650389,평시,평시
2024-12-25,통영,13.4,13.315022156969759,평시,평시
2024-12-26,통영,13.1,13.310164597867221,평시,평시
2024-12-27,통영,12.9,12.932258590985075,평시,평시
2024-12-28,통영,12.8,12.718742389747149,평시,평시
2024-12-29,통영,12.8,12.651560347343182,평시,평시
2024-12-30,통영,12.8,12.731426018140294,평시,평시
2024-12-31,통영,12.8,12.773534980961008,평시,평시
2025-01-01,통영,12.8,12.712566031176504,평시,평시
2025-01-02,통영,12.8,12.746625839970262,평시,평시
2025-01-03,통영,12.7,12.77774431792796,평시,평시
2025-01-04,통영,12.6,12.59659304216059,평시,평시
2025-01-05,통영,12.6,12.491425090471386,평시,평시
2025-01-06,통영,12.4,12.521741905989593,평시,평시
2025-01-07,통영,12.2,12.303567034191932,평시,평시
2025-01-08,통영,12.1,12.021427523435621,평시,평시
2025-01-09,통영,11.9,11.965141333460796,평시,평시
2025-01-10,통영,11.7,11.652005783768947,평시,평시
2025-01-11,통영,11.5,11.500155602399403,평시,평시
2025-01-12,통영,11.4,11.332951859753575,평시,평시
2025-01-13,통영,11.3,11.28059713973707,평시,평시
2025-01-14,통영,11.2,11.214020634789968,평시,평시
2025-01-15,통영,11.1,11.142755939867444,평시,평시
2025-01-16,통영,10.9,10.981205410053946,평시,평시
2025-01-17,통영,10.8,10.799049885320066,평시,평시
2025-01-18,통영,10.8,10.74998762188682,평시,평시
2025-01-19,통영,10.7,10.806430528326175,평시,평시
2025-01-20,통영,10.7,10.700073070520075,평시,평시
2025-01-21,통영,10.6,10.710626345982536,평시,평시
2025-01-22,통영,10.6,10.615757174158574,평시,평시
2025-01-23,통영,10.6,10.607848202073669,평시,평시
2025-01-24,통영,10.5,10.671540789403752,평시,평시
2025-01-25,통영,10.5,10.525699148791217,평시,평시
2025-01-26,통영,10.5,10.507572524827397,평시,평시
2025-01-27,통영,10.5,10.509776314128917,평시,평시
2025-01-28,통영,10.3,10.457267111862562,평시,평시
2025-01-29,통영,10.1,10.195403901030653,평시,평시
2025-01-30,통영,10.1,9.960304940400107,평시,평시
2025-01-31,통영,10.2,10.077210959473806,평시,평시
2025-02-01,통영,10.2,10.24705742234612,평시,평시
2025-02-02,통영,10.2,10.185519464896466,평시,평시
2025-02-03,통영,10.3,10.233308646746321,평시,평시
2025-02-04,통영,10.1,10.255236917032036,평시,평시
2025-02-05,통영,10.0,9.96838510521645,평시,평시
2025-02-06,통영,9.9,9.88659996067793,평시,평시
2025-02-07,통영,9.8,9.80266855646725,평시,평시
2025-02-08,통영,9.7,9.670664824446042,평시,평시
2025-02-09,통영,9.7,9.601185619737949,평시,평시
2025-02-10,통영,9.7,9.66465792025351,평시,평시
2025-02-11,통영,9.7,9.700225251304174,평시,평시
2025-02-12,통영,9.6,9.742378166887189,평시,평시
2025-02-13,통영,9.6,9.581130045958266,평시,평시
2025-02-14,통영,9.7,9.590729603947764,평시,평시
2025-02-15,통영,9.7,9.779356120124438,평시,평시
2025-02-16,통영,9.8,9.709645648269367,평시,평시
2025-02-17,통영,9.8,9.850180107377842,평시,평시
2025-02-18,통영,9.8,9.818827455925666,평시,평시
2025-02-19,통영,9.7,9.797352126549477,평시,평시
2025-02-20,통영,9.7,9.659617941661898,평시,평시
2025-02-21,통영,9.6,9.688197557102024,평시,평시
2025-02-22,통영,9.5,9.577062664241561,평시,평시
2025-02-23,통영,9.5,9.468336201972022,평시,평시
2025-02-24,통영,9.3,9.505900777054602,평시,평시
2025-02-25,통영,9.3,9.241536106662933,평시,평시
2025-02-26,통영,9.2,9.276678968606284,평시,평시
2025-02-27,통영,9.2,9.232786005952338,평시,평시
2025-02-28,통영,9.3,9.23646002602725,평시,평시
2025-03-01,통영,9.4,9.50044804402919,평시,평시
2025-03-02,통영,9.5,9.520429402836317,평시,평시
2025-03-03,통영,9.5,9.648917948915956,평시,평시
2025-03-04,통영,9.3,9.532847709686447,평시,평시
2025-03-05,통영,9.3,9.25776687610417,평시,평시
2025-03-06,통영,9.2,9.372660374972071,평시,평시
2025-03-07,통영,9.2,9.2481486332798,평시,평시
2025-03-08,통영,9.3,9.28349643821368,평시,평시
2025-03-09,통영,9.4,9.435745049431736,평시,평시
2025-03-10,통영,9.5,9.540470992770349,평시,평시
2025-03-11,통영,9.6,9.623656206986391,평시,평시
2025-03-12,통영,9.7,9.774099994650017,평시,평시
2025-03-13,통영,9.8,9.831748228637203,평시,평시
2025-03-14,통영,9.8,9.973061486246102,평시,평시
2025-03-15,통영,9.8,9.918857294883685,평시,평시
2025-03-16,통영,9.8,9.870967558937688,평시,평시
2025-03-17,통영,9.7,9.81186183175812,평시,평시
2025-03-18,통영,9.7,9.724681926897409,평시,평시
2025-03-19,통영,9.7,9.72246615632937,평시,평시
2025-03-20,통영,9.7,9.726355601410809,평시,평시
2025-03-21,통영,9.9,9.774656008934304,평시,평시
2025-03-22,통영,10.1,10.104536025174044,평시,평시
2025-03-23,통영,10.2,10.341604288923845,평시,평시
2025-03-24,통영,10.4,10.428385869024575,평시,평시
2025-03-25,통영,10.5,10.629492241482103,평시,평시
2025-03-26,통영,10.6,10.68990231081252,평시,평시
2025-03-27,통영,10.7,10.771967661341451,평시,평시
2025-03-28,통영,10.8,10.873182726400062,평시,평시
2025-03-29,통영,10.8,10.945900481482079,평시,평시
2025-03-30,통영,10.6,10.852370568719916,평시,평시
2025-03-31,통영,10.6,10.566284116515636,평시,평시
2025-04-01,통영,10.7,10.655732325979058,평시,평시
2025-04-02,통영,10.8,10.852677564442361,평시,평시
2025-04-03,통영,10.8,10.93010711008648,평시,평시
2025-04-04,통영,11.0,10.89319788957726,평시,평시
2025-04-05,통영,10.9,11.14291626008363,평시,평시
2025-04-06,통영,11.1,10.993633900497635,평시,평시
2025-04-07,통영,11.3,11.263996097152004,평시,평시
2025-04-08,통영,11.3,11.466854949428503,평시,평시
2025-04-09,통영,11.4,11.454452311171943,평시,평시
2025-04-10,통영,11.6,11.545407156393885,평시,평시
2025-04-11,통영,11.7,11.817983624706446,평시,평시
2025-04-12,통영,11.7,11.872649377700226,평시,평시
2025-04-13,통영,11.6,11.804357730273228,평시,평시
2025-04-14,통영,11.5,11.613302325779875,평시,평시
2025-04-15,통영,11.5,11.564599170548215,평시,평시
2025-04-16,통영,11.5,11.562614649364974,평시,평시
2025-04-17,통영,11.6,11.623728687350363,평시,평시
2025-04-18,통영,11.8,11.7637082803482,평시,평시
2025-04-19,통영,11.9,12.051985631281811,평시,평시
2025-04-20,통영,12.1,12.091871083009739,평시,평시
2025-04-21,통영,12.6,12.306637866507987,평시,평시
2025-04-22,통영,12.8,12.962088504892263,평시,평시
2025-04-23,통영,12.8,12.995606459511778,평시,평시
2025-04-24,통영,12.8,12.933926286969232,평시,평시
2025-04-25,통영,12.9,12.943701079566535,평시,평시
2025-04-26,통영,12.8,13.032650369462075,평시,평시
2025-04-27,통영,12.8,12.86700358052358,평시,평시
2025-04-28,통영,12.9,12.947745875277322,평시,평시
2025-04-29,통영,13.0,13.107727198407716,평시,평시
2025-04-30,통영,13.1,13.138309677796672,평시,평시
2025-05-01,통영,13.2,13.261793099973788,평시,평시
2025-05-02,통영,13.4,13.368184966926949,평시,평시
2025-05-03,통영,13.5,13.570519665796995,평시,평시
2025-05-04,통영,13.5,13.646369166344172,평시,평시
2025-05-05,통영,13.6,13.634743004631558,평시,평시
2025-05-06,통영,13.8,13.74462826622763,평시,평시
2025-05-07,통영,13.9,13.982856593125723,평시,평시
2025-05-08,통영,13.8,14.049465328291319,평시,평시
2025-05-09,통영,13.9,13.910590630898607,평시,평시
2025-05-10,통영,13.8,14.000759722419032,평시,평시
2025-05-11,통영,13.9,13.879430141358874,평시,평시
2025-05-12,통영,14.0,14.070186961311355,평시,평시
2025-05-13,통영,14.1,14.183961730882103,평시,평시
2025-05-14,통영,14.3,14.27318123760299,평시,평시
2025-05-15,통영,14.4,14.49745642739084,평시,평시
2025-05-16,통영,14.6,14.578491437505466,평시,평시
2025-05-17,통영,14.7,14.775647904062643,평시,평시
2025-05-18,통영,15.0,14.902893001238194,평시,평시
2025-05-19,통영,15.1,15.239431758008891,평시,평시
2025-05-20,통영,15.1,15.262639109450332,평시,평시
2025-05-21,통영,15.6,15.247793543631188,평시,평시
2025-05-22,통영,15.9,15.924369255074001,평시,평시
2025-05-23,통영,15.5,16.16062480640788,평시,평시
2025-05-24,통영,15.3,15.495336148248795,평시,평시
2025-05-25,통영,15.2,15.28332426337782,평시,평시
2025-05-26,통영,15.3,15.275959413570371,평시,평시
2025-05-27,통영,15.4,15.466407170502768,평시,평시
2025-05-28,통영,15.7,15.57554374215484,평시,평시
2025-05-29,통영,15.8,15.957044477697567,평시,평시
2025-05-30,통영,16.0,16.017491232097974,평시,평시
2025-05-31,통영,16.3,16.200877357610317,평시,평시
2025-06-01,통영,16.5,16.54743216375484,평시,평시
2025-06-02,통영,16.7,16.707339830274037,평시,평시
2025-06-03,통영,17.1,16.904557354370613,평시,평시
2025-06-04,통영,17.1,17.38291792712565,평시,평시
2025-06-05,통영,17.2,17.25472218868518,평시,평시
2025-06-06,통영,17.2,17.341512038015477,평시,평시
2025-06-07,통영,17.4,17.328372060233047,평시,평시
2025-06-08,통영,17.5,17.605760997100145,평시,평시
2025-06-09,통영,17.6,17.683831809473208,평시,평시
2025-06-10,통영,17.5,17.815691947795575,평시,평시
2025-06-11,통영,17.6,17.616761279834137,평시,평시
2025-06-12,통영,17.4,17.821754710380706,평시,평시
2025-06-13,통영,17.4,17.473004970255204,평시,평시
2025-06-14,통영,17.4,17.519304216333115,평시,평시
2025-06-15,통영,17.5,17.469029367382834,평시,평시
2025-06-16,통영,17.6,17.671707750509338,평시,평시
2025-06-17,통영,17.7,17.79717352186323,평시,평시
2025-06-18,통영,17.8,17.872393493272515,평시,평시
2025-06-19,통영,18.2,17.96889346630249,평시,평시
2025-06-20,통영,18.3,18.461389191568276,평시,평시
2025-06-21,통영,19.1,18.494450723734932,평시,평시
2025-06-22,통영,18.8,19.4620941514815,평시,평시
2025-06-23,통영,18.4,18.839422549401352,평시,평시
2025-06-24,통영,18.2,18.37907243641163,평시,평시
2025-06-25,통영,17.8,18.192631193738507,평시,평시
2025-06-26,통영,18.3,17.803489281392583,평시,평시
2025-06-27,통영,18.5,18.597877605185673,평시,평시
2025-06-28,통영,18.5,18.76309671913659,평시,평시
2025-06-29,통영,18.6,18.690239940527036,평시,평시
2025-06-30,통영,19.1,18.81795892079196,평시,평시
2025-07-01,통영,19.5,19.43825499263891,평시,평시
2025-07-02,통영,20.1,19.83694865979889,평시,평시
2025-07-03,통영,21.3,20.508780386554196,평시,평시
2025-07-04,통영,22.2,21.87433394030822,평시,평시
2025-07-05,통영,21.9,22.665613021728156,평시,평시
2025-07-06,통영,22.3,21.932789843155174,평시,평시
2025-07-07,통영,21.9,22.475259444569332,평시,평시
2025-07-08,통영,21.8,21.89358566728672,평시,평시
2025-07-09,통영,22.5,21.83523770419308,평시,평시
2025-07-10,통영,22.2,22.793189970797464,평시,평시
2025-07-11,통영,22.0,22.245573710583187,평시,평시
2025-07-12,통영,22.9,21.99227063426007,평시,평시
2025-07-13,통영,23.2,23.253146180784185,평시,평시
2025-07-14,통영,23.2,23.379435335449596,평시,평시
2025-07-15,통영,23.3,23.223676127794675,평시,평시
2025-07-16,통영,23.2,23.324717986142645,평시,평시
2025-07-17,통영,23.6,23.167841010829477,평시,평시
2025-07-18,통영,23.8,23.680975536271102,평시,평시
2025-07-19,통영,24.1,23.873576573196658,평시,평시
2025-07-20,통영,24.4,24.175440881384986,주의보,평시
2025-07-21,통영,24.6,24.505009016284227,주의보,평시
2025-07-22,통영,24.9,24.675258963324573,주의보,주의보
2025-07-23,통영,24.9,25.00207422317104,주의보,주의보
2025-07-24,통영,24.7,24.90763408441744,평시,주의보
2025-07-25,통영,24.6,24.621722875081243,평시,평시
2025-07-26,통영,24.5,24.53712641680512,평시,평시
2025-07-27,통영,25.0,24.45206628690188,평시,평시
2025-07-28,통영,25.4,25.16973449255756,평시,평시
2025-07-29,통영,25.8,25.56315438876423,평시,평시
2025-07-30,통영,26.4,25.95135236958028,주의보,평시
2025-07-31,통영,27.1,26.587595877927775,주의보,주의보
2025-08-01,통영,27.6,27.321569776356455,경보,주의보
2025-08-02,통영,28.1,27.728477157664056,경보,경보
2025-08-03,통영,28.2,28.197868856297845,경보,경보
2025-08-04,통영,28.0,28.139390477269835,경보,경보
2025-08-05,통영,27.4,27.780824369184476,주의보,경보
2025-08-06,통영,27.1,27.0371526265157,주의보,주의보
2025-08-07,통영,27.2,26.82432439183833,주의보,주의보
2025-08-08,통영,26.4,27.117742713855343,평시,주의보
2025-08-09,통영,24.9,26.030860300858595,평시,평시
2025-08-10,통영,23.3,24.23717678741143,평시,평시
2025-08-11,통영,22.8,22.5640168942681,평시,평시
2025-08-12,통영,22.0,22.50162598280331,평시,평시
2025-08-13,통영,21.7,21.643502847402694,평시,평시
2025-08-14,통영,22.7,21.623116787162914,평시,평시
2025-08-15,통영,23.3,23.10865493135451,평시,평시
2025-08-16,통영,24.0,23.666255523973394,평시,평시
2025-08-17,통영,24.4,24.342534918366827,평시,평시
2025-08-18,통영,24.4,24.608325059002503,평시,평시
2025-08-19,통영,24.4,24.45085778659791,평시,평시
2025-08-20,통영,24.2,24.400601413994988,평시,평시
2025-08-21,통영,23.9,24.14063342665201,평시,평시
2025-08-22,통영,22.7,23.81017777219728,평시,평시
2025-08-23,통영,22.4,22.319724434739154,평시,평시
2025-08-24,통영,21.4,22.264703311656632,평시,평시
2025-08-25,통영,21.1,21.168034636226206,평시,평시
2025-08-26,통영,21.1,21.04040504278924,평시,평시
2025-08-27,통영,20.7,21.217372738547756,평시,평시
2025-08-28,통영,21.0,20.709590589809594,평시,평시
2025-08-29,통영,21.7,21.21020199583727,평시,평시
2025-08-30,통영,22.6,22.096798405349904,평시,평시
2025-08-31,통영,23.1,23.07768760923042,평시,평시
2025-09-01,통영,23.4,23.39755333541306,평시,평시
2025-09-02,통영,23.2,23.551566862554065,평시,평시
2025-09-03,통영,23.4,23.20494395314869,평시,평시
2025-09-04,통영,24.5,23.487880254656773,평시,평시
2025-09-05,통영,23.8,24.920318619454775,평시,평시
2025-09-06,통영,24.2,23.66648637801446,평시,평시
2025-09-07,통영,23.7,24.26516583278152,평시,평시
2025-09-08,통영,22.7,23.581356153109727,평시,평시
2025-09-09,통영,21.5,22.380840138886462,평시,평시
2025-09-10,통영,20.3,21.016570227377482,평시,평시
2025-09-11,통영,20.1,19.91429070910107,평시,평시
2025-09-12,통영,20.3,20.04504399511364,평시,평시
2025-09-13,통영,22.8,20.483526872513625,평시,평시
2025-09-14,통영,23.8,23.720879895275115,평시,주의보
2025-09-15,통영,24.2,24.37921742848645,평시,평시
2025-09-16,통영,24.3,24.43459973728308,평시,평시
2025-09-17,통영,24.4,24.345738481067396,평시,평시
2025-09-18,통영,24.1,24.43059559849474,평시,평시
2025-09-19,통영,23.3,23.92334965939333,평시,평시
2025-09-20,통영,23.1,22.952505519091027,평시,평시
2025-09-21,통영,23.0,22.927540486676723,평시,평시
2025-09-22,통영,22.4,22.921981361046488,평시,평시
2025-09-23,통영,22.2,22.188410089235134,평시,평시
2025-09-24,통영,22.3,22.08586056257508,평시,평시
2025-09-25,통영,22.5,22.364106455677618,평시,평시
2025-09-26,통영,22.7,22.56697916663187,평시,평시
2025-09-27,통영,23.0,22.800682078600182,평시,평시
2025-09-28,통영,23.3,23.13263388033736,평시,평시
2025-09-29,통영,23.5,23.371991982473528,평시,평시
2025-09-30,통영,23.4,23.5416475924756,평시,평시
2025-10-01,통영,23.6,23.336100395720585,평시,평시
2025-10-02,통영,23.5,23.594351305190358,평시,평시
2025-10-03,통영,23.1,23.410075123987138,평시,평시
2025-10-04,통영,23.2,22.803107256456418,평시,평시
2025-10-05,통영,23.1,23.135995208043774,평시,평시
2025-10-06,통영,22.9,23.020847174087304,평시,평시
2025-10-07,통영,22.4,22.758502580300743,평시,평시
2025-10-08,통영,22.0,22.156122844561757,평시,평시
2025-10-09,통영,21.5,21.77732968498436,평시,평시
2025-10-10,통영,21.3,21.272614966541823,평시,평시
2025-10-11,통영,22.0,21.178137592469273,평시,평시
2025-10-12,통영,22.5,22.2232082924531,평시,평시
2025-10-13,통영,22.6,22.71959429773057,평시,평시
2025-10-14,통영,22.7,22.644600329004408,평시,평시
2025-10-15,통영,22.6,22.621853758133366,평시,평시
2025-10-16,통영,22.7,22.493000889256724,평시,평시
2025-10-17,통영,22.6,22.636292373373628,평시,평시
2025-10-18,통영,22.7,22.48340451576444,평시,평시
2025-10-19,통영,22.6,22.647189183375836,평시,평시
2025-10-20,통영,22.5,22.445972547031715,평시,평시
2025-10-21,통영,22.3,22.340485906665506,평시,평시
2025-10-22,통영,22.1,22.067044680689563,평시,평시
2025-10-23,통영,22.0,21.89586747062135,평시,평시
2025-10-24,통영,21.9,21.862886933646376,평시,평시
2025-10-25,통영,21.9,21.7542124253999,평시,평시
2025-10-26,통영,21.8,21.80928163734901,평시,평시
2025-10-27,통영,21.7,21.658996620698794,평시,평시
2025-10-28,통영,21.4,21.485650832769387,평시,평시
2025-10-29,통영,21.2,21.119220836836547,평시,평시
2025-10-30,통영,21.0,20.961074003975437,평시,평시
2025-10-31,통영,20.9,20.800118449315377,평시,평시
2025-11-01,통영,20.7,20.76019621419794,평시,평시
2025-11-02,통영,20.4,20.51432093359084,평시,평시
2025-11-03,통영,19.9,20.12569939827703,평시,평시
2025-11-04,통영,19.5,19.53845507257849,평시,평시
2025-11-05,통영,19.3,19.258787538659092,평시,평시
2025-11-06,통영,19.1,19.14274751446257,평시,평시
2025-11-07,통영,19.0,18.967012559858208,평시,평시
2025-11-08,통영,18.9,18.908782959375785,평시,평시
2025-11-09,통영,18.8,18.806299964842196,평시,평시
2025-11-10,통영,18.7,18.730081595308214,평시,평시
2025-11-11,통영,18.6,18.572866922358227,평시,평시
2025-11-12,통영,18.5,18.486592608687317,평시,평시
2025-11-13,통영,18.4,18.355320419589503,평시,평시
2025-11-14,통영,18.4,18.316039020665638,평시,평시
2025-11-15,통영,18.3,18.35493831774807,평시,평시
2025-11-16,통영,18.3,18.211318487960295,평시,평시
2025-11-17,통영,18.2,18.255098384391875,평시,평시
2025-11-18,통영,17.9,18.021602367744777,평시,평시
2025-11-19,통영,17.7,17.663399205917635,평시,평시
2025-11-20,통영,17.6,17.48697810916344,평시,평시
2025-11-21,통영,17.4,17.432354889214306,평시,평시
2025-11-22,통영,17.2,17.22915630677178,평시,평시
2025-11-23,통영,17.2,17.04785000598767,평시,평시
2025-11-24,통영,17.1,17.10312600628753,평시,평시
2025-11-25,통영,17.0,17.04132863135625,평시,평시
2025-11-26,통영,16.9,16.839699045697518,평시,평시
2025-11-27,통영,16.8,16.78725661018694,평시,평시
2025-11-28,통영,16.6,16.707837414199396,평시,평시
2025-11-29,통영,16.5,16.427474814809344,평시,평시
2025-11-30,통영,16.6,16.37995408531797,평시,평시
2025-12-01,통영,16.6,16.570073864744927,평시,평시
2025-12-02,통영,16.5,16.501604863035585,평시,평시
2025-12-03,통영,16.3,16.37926118312201,평시,평시
2025-12-04,통영,16.1,16.049800773903,평시,평시
2025-12-05,통영,15.9,15.851417525005763,평시,평시
2025-12-06,통영,15.7,15.667564465179897,평시,평시
2025-12-07,통영,15.6,15.475324352067426,평시,평시
2025-12-08,통영,15.5,15.476402828988189,평시,평시
2025-12-09,통영,15.4,15.311493320738336,평시,평시
2025-12-10,통영,15.2,15.261236140711452,평시,평시
2025-12-11,통영,15.2,15.048620547039636,평시,평시
2025-12-12,통영,15.1,15.158053918830914,평시,평시
2025-12-13,통영,14.8,14.990820876210178,평시,평시
2025-12-14,통영,14.8,14.648040696434885,평시,평시
2025-12-15,통영,14.6,14.68529790160709,평시,평시
2025-12-16,통영,14.6,14.471435671823597,평시,평시
2025-12-17,통영,14.5,14.487680620643546,평시,평시
2025-12-18,통영,14.4,14.400896312655624,평시,평시
2025-12-19,통영,14.4,14.330416952960295,평시,평시
2025-12-20,통영,14.4,14.388626285761454,평시,평시
2025-12-21,통영,14.5,14.405873978266234,평시,평시
2025-12-22,통영,14.5,14.453766885743189,평시,평시
2025-12-23,통영,14.5,14.388256538670388,평시,평시
2025-12-24,통영,14.5,14.416795732450758,평시,평시
2025-12-25,통영,14.4,14.388281932825228,평시,평시
2025-12-26,통영,14.2,14.166176356578648,평시,평시
2025-12-27,통영,14.1,13.928529393315529,평시,평시
2025-12-28,통영,14.0,13.937790802552717,평시,평시
2025-12-29,통영,13.7,13.869741133866244,평시,평시
2025-12-30,통영,13.5,13.530476255536096,평시,평시
2025-12-31,통영,13.5,13.305919602562273,평시,평시
2024-01-01,남해군,11.0,10.897769414510217,평시,평시
2024-01-02,남해군,10.9,10.962035302236606,평시,평시
2024-01-03,남해군,10.8,10.835083661517388,평시,평시
2024-01-04,남해군,10.7,10.735293252743514,평시,평시
2024-01-05,남해군,10.6,10.633554296927134,평시,평시
2024-01-06,남해군,10.6,10.589317870412273,평시,평시
2024-01-07,남해군,10.4,10.580700804707059,평시,평시
2024-01-08,남해군,10.3,10.210614154571648,평시,평시
2024-01-09,남해군,10.2,10.20003376014175,평시,평시
2024-01-10,남해군,10.3,10.056250303277327,평시,평시
2024-01-11,남해군,10.2,10.259465832399714,평시,평시
2024-01-12,남해군,10.1,10.086450047263893,평시,평시
2024-01-13,남해군,10.0,10.088298208397264,평시,평시
2024-01-14,남해군,10.0,9.974700533298444,평시,평시
2024-01-15,남해군,9.9,10.04086161057207,평시,평시
2024-01-16,남해군,9.8,9.825651542843852,평시,평시
2024-01-17,남해군,9.8,9.753153380241809,평시,평시
2024-01-18,남해군,9.8,9.75270321663655,평시,평시
2024-01-19,남해군,9.8,9.863358693842308,평시,평시
2024-01-20,남해군,9.6,9.734833934084712,평시,평시
2024-01-21,남해군,9.5,9.474071875927297,평시,평시
2024-01-22,남해군,9.4,9.501995204061345,평시,평시
2024-01-23,남해군,9.5,9.29628422874098,평시,평시
2024-01-24,남해군,9.3,9.33072868661191,평시,평시
2024-01-25,남해군,8.9,9.101812358547795,평시,평시
2024-01-26,남해군,8.7,8.784551130649449,평시,평시
2024-01-27,남해군,8.8,8.705658320087037,평시,평시
2024-01-28,남해군,8.9,8.852177181456673,평시,평시
2024-01-29,남해군,9.2,8.882988720191271,평시,평시
2024-01-30,남해군,9.3,9.205750934900601,평시,평시
2024-01-31,남해군,9.8,9.24631517382003,평시,평시
2024-02-01,남해군,9.9,9.905327918211492,평시,평시
2024-02-02,남해군,9.7,9.789192494490075,평시,평시
2024-02-03,남해군,9.6,9.603662429651726,평시,평시
2024-02-04,남해군,9.3,9.544430338429729,평시,평시
2024-02-05,남해군,9.1,9.234901160391436,평시,평시
2024-02-06,남해군,8.9,9.034204783427743,평시,평시
2024-02-07,남해군,9.2,8.846768491549732,평시,평시
2024-02-08,남해군,8.8,9.257242528951007,평시,평시
2024-02-09,남해군,8.6,8.665033117089315,평시,평시
2024-02-10,남해군,8.8,8.632726158030819,평시,평시
2024-02-11,남해군,9.1,8.891449827327213,평시,평시
2024-02-12,남해군,9.4,9.132543747831926,평시,평시
2024-02-13,남해군,9.3,9.432876535377956,평시,평시
2024-02-14,남해군,9.5,9.332136474514902,평시,평시
2024-02-15,남해군,9.3,9.668587449688868,평시,평시
2024-02-16,남해군,8.9,9.33960555401038,평시,평시
2024-02-17,남해군,8.9,8.850813838671892,평시,평시
2024-02-18,남해군,9.0,9.037089378620328,평시,평시
2024-02-19,남해군,9.2,9.175247284304879,평시,평시
2024-02-20,남해군,9.2,9.378990462985644,평시,평시
2024-02-21,남해군,9.2,9.20457344007767,평시,평시
2024-02-22,남해군,9.0,9.149342876531712,평시,평시
2024-02-23,남해군,8.9,8.88180853728512,평시,평시
2024-02-24,남해군,8.9,8.860877707288049,평시,평시
2024-02-25,남해군,8.8,8.89860098495593,평시,평시
2024-02-26,남해군,8.9,8.779199831995689,평시,평시
2024-02-27,남해군,9.1,8.9830305194088,평시,평시
2024-02-28,남해군,9.0,9.146421163691894,평시,평시
2024-02-29,남해군,9.1,9.00591645776998,평시,평시
2024-03-01,남해군,9.1,9.117038577489009,평시,평시
2024-03-02,남해군,9.3,9.01001181516287,평시,평시
2024-03-03,남해군,9.5,9.280056833810956,평시,평시
2024-03-04,남해군,9.5,9.524615196014954,평시,평시
2024-03-05,남해군,9.0,9.520387159181281,평시,평시
2024-03-06,남해군,9.1,8.887173832569252,평시,평시
2024-03-07,남해군,9.5,9.265696930358843,평시,평시
2024-03-08,남해군,9.5,9.604938853029521,평시,평시
2024-03-09,남해군,9.6,9.452248439590583,평시,평시
2024-03-10,남해군,9.7,9.617280728581981,평시,평시
2024-03-11,남해군,9.7,9.759615000945287,평시,평시
2024-03-12,남해군,9.8,9.74381547694587,평시,평시
2024-03-13,남해군,9.8,9.873687104731266,평시,평시
2024-03-14,남해군,9.9,9.87533184249628,평시,평시
2024-03-15,남해군,10.1,10.046066574215292,평시,평시
2024-03-16,남해군,10.2,10.270153953393844,평시,평시
2024-03-17,남해군,10.4,10.330496906667205,평시,평시
2024-03-18,남해군,10.7,10.595874104449583,평시,평시
2024-03-19,남해군,10.7,10.777546870888083,평시,평시
2024-03-20,남해군,10.8,10.721147913671992,평시,평시
2024-03-21,남해군,10.8,10.808438229766827,평시,평시
2024-03-22,남해군,10.9,10.802479332799498,평시,평시
2024-03-23,남해군,11.1,10.969351004401547,평시,평시
2024-03-24,남해군,11.3,11.29609553630928,평시,평시
2024-03-25,남해군,11.3,11.35135030206514,평시,평시
2024-03-26,남해군,11.2,11.285361273339912,평시,평시
2024-03-27,남해군,11.3,11.196072516093343,평시,평시
2024-03-28,남해군,11.4,11.393327934703784,평시,평시
2024-03-29,남해군,11.4,11.460790304176607,평시,평시
2024-03-30,남해군,11.4,11.465999869891144,평시,평시
2024-03-31,남해군,11.6,11.513852387345185,평시,평시
2024-04-01,남해군,11.7,11.737697565759678,평시,평시
2024-04-02,남해군,11.9,11.8786273921525,평시,평시
2024-04-03,남해군,12.5,12.044467363540754,평시,평시
2024-04-04,남해군,12.6,12.623302207053904,평시,평시
2024-04-05,남해군,13.0,12.567431403134911,평시,평시
2024-04-06,남해군,12.8,13.14256733011713,평시,평시
2024-04-07,남해군,12.9,12.783972909873011,평시,평시
2024-04-08,남해군,13.2,13.109025199552075,평시,평시
2024-04-09,남해군,13.1,13.366093416522402,평시,평시
2024-04-10,남해군,13.3,13.102016603427398,평시,평시
2024-04-11,남해군,13.3,13.416833260778423,평시,평시
2024-04-12,남해군,13.4,13.316842862988953,평시,평시
2024-04-13,남해군,13.7,13.574684523223453,평시,평시
2024-04-14,남해군,14.0,13.922184780829859,평시,평시
2024-04-15,남해군,14.1,14.153704415032804,평시,평시
2024-04-16,남해군,14.0,14.1448224325215,평시,평시
2024-04-17,남해군,14.1,14.115456315915784,평시,평시
2024-04-18,남해군,14.3,14.24530339086047,평시,평시
2024-04-19,남해군,14.1,14.460633621428952,평시,평시
2024-04-20,남해군,14.5,14.200253603238874,평시,평시
2024-04-21,남해군,14.9,14.625855021027593,평시,평시
2024-04-22,남해군,15.0,14.917446075883218,평시,평시
2024-04-23,남해군,15.0,14.991713517727927,평시,평시
2024-04-24,남해군,14.9,15.016813817729956,평시,평시
2024-04-25,남해군,15.0,14.940005633129475,평시,평시
2024-04-26,남해군,15.1,15.166638309026624,평시,평시
2024-04-27,남해군,15.3,15.192712978340907,평시,평시
2024-04-28,남해군,15.4,15.508717042617839,평시,평시
2024-04-29,남해군,15.9,15.536363092050506,평시,평시
2024-04-30,남해군,15.8,16.007907358625104,평시,평시
2024-05-01,남해군,16.0,15.783047618501783,평시,평시
2024-05-02,남해군,16.0,16.058755282589885,평시,평시
2024-05-03,남해군,16.0,16.061611912026283,평시,평시
2024-05-04,남해군,16.4,16.109875268841385,평시,평시
2024-05-05,남해군,16.4,16.59341329561535,평시,평시
2024-05-06,남해군,16.2,16.40378412923565,평시,평시
2024-05-07,남해군,16.3,16.21212824793679,평시,평시
2024-05-08,남해군,16.8,16.38177053891131,평시,평시
2024-05-09,남해군,16.7,16.92646740259218,평시,평시
2024-05-10,남해군,16.7,16.6898805068113,평시,평시
2024-05-11,남해군,16.8,16.830409810456192,평시,평시
2024-05-12,남해군,16.7,16.896095153301523,평시,평시
2024-05-13,남해군,17.4,16.772171971610664,평시,평시
2024-05-14,남해군,17.4,17.646616460846477,평시,평시
2024-05-15,남해군,17.1,17.42041025098549,평시,평시
2024-05-16,남해군,16.2,17.15558159186221,평시,평시
2024-05-17,남해군,16.8,16.17821845727537,평시,평시
2024-05-18,남해군,16.9,17.184884776059956,평시,평시
2024-05-19,남해군,17.3,17.007889619329834,평시,평시
2024-05-20,남해군,17.7,17.56757053410286,평시,평시
2024-05-21,남해군,18.2,17.915191678293215,평시,평시
2024-05-22,남해군,18.4,18.331926579226476,평시,평시
2024-05-23,남해군,18.6,18.477389701512067,평시,평시
2024-05-24,남해군,18.9,18.766411557711436,평시,평시
2024-05-25,남해군,19.1,19.060673658328408,평시,평시
2024-05-26,남해군,19.3,19.147882755465655,평시,평시
2024-05-27,남해군,18.8,19.3297719684159,평시,평시
2024-05-28,남해군,19.3,18.744505664451207,평시,평시
2024-05-29,남해군,19.0,19.538472274327745,평시,평시
2024-05-30,남해군,19.1,18.978871508850435,평시,평시
2024-05-31,남해군,19.1,19.249901090479426,평시,평시
2024-06-01,남해군,19.3,19.20727926036567,평시,평시
2024-06-02,남해군,19.8,19.43653197825624,평시,평시
2024-06-03,남해군,20.0,19.956002498359116,평시,평시
2024-06-04,남해군,20.1,20.01130975481123,평시,평시
2024-06-05,남해군,20.2,20.142165578931532,평시,평시
2024-06-06,남해군,20.2,20.2827952812434,평시,평시
2024-06-07,남해군,20.3,20.21050410855025,평시,평시
2024-06-08,남해군,20.2,20.39878186358991,평시,평시
2024-06-09,남해군,20.5,20.16290258797036,평시,평시
2024-06-10,남해군,20.1,20.667192232140327,평시,평시
2024-06-11,남해군,20.2,20.148120005013165,평시,평시
2024-06-12,남해군,20.3,20.43772815269327,평시,평시
2024-06-13,남해군,20.7,20.46547230455803,평시,평시
2024-06-14,남해군,20.9,20.949148218521746,평시,평시
2024-06-15,남해군,20.8,21.018691451880475,평시,평시
2024-06-16,남해군,21.0,20.898533453943248,평시,평시
2024-06-17,남해군,21.8,21.199322296139865,평시,평시
2024-06-18,남해군,21.6,21.979164060677334,평시,평시
2024-06-19,남해군,21.3,21.6089664953626,평시,평시
2024-06-20,남해군,20.9,21.448796002518257,평시,평시
2024-06-21,남해군,21.5,20.906186777965264,평시,평시
2024-06-22,남해군,20.9,21.76148018294786,평시,평시
2024-06-23,남해군,19.7,20.778257059490784,평시,평시
2024-06-24,남해군,20.3,19.73633542226456,평시,평시
2024-06-25,남해군,20.5,20.73521131826716,평시,평시
2024-06-26,남해군,21.1,20.585995811806296,평시,평시
2024-06-27,남해군,21.3,21.328890652604066,평시,평시
2024-06-28,남해군,21.4,21.29984829869383,평시,평시
2024-06-29,남해군,21.0,21.530277330643234,평시,평시
2024-06-30,남해군,18.4,21.013461380730927,평시,평시
2024-07-01,남해군,19.9,18.152050258291677,평시,평시
2024-07-02,남해군,20.5,20.817070508720533,평시,평시
2024-07-03,남해군,20.3,20.5781510385155,평시,평시
2024-07-04,남해군,20.9,20.412900307175093,평시,평시
2024-07-05,남해군,20.6,21.269981408336697,평시,평시
2024-07-06,남해군,21.2,20.67987424026679,평시,평시
2024-07-07,남해군,20.4,21.534651167549395,평시,평시
2024-07-08,남해군,21.1,20.36312858408929,평시,평시
2024-07-09,남해군,20.7,21.523340646214997,평시,평시
2024-07-10,남해군,19.5,20.689469584171313,평시,평시
2024-07-11,남해군,21.1,19.568982190750607,평시,평시
2024-07-12,남해군,21.7,21.753422562944248,평시,평시
2024-07-13,남해군,21.7,21.782717673692883,평시,평시
2024-07-14,남해군,22.4,21.743251502932413,평시,평시
2024-07-15,남해군,22.4,22.616594900913952,평시,평시
2024-07-16,남해군,22.2,22.392045419027873,평시,평시
2024-07-17,남해군,22.1,22.271507218523567,평시,평시
2024-07-18,남해군,20.7,22.229164325926725,평시,평시
2024-07-19,남해군,20.7,20.605822806859386,평시,평시
2024-07-20,남해군,22.2,21.110477831349854,평시,평시
2024-07-21,남해군,21.3,22.68214119545927,평시,평시
2024-07-22,남해군,21.6,21.127603804020467,평시,평시
2024-07-23,남해군,21.3,21.9878250553309,평시,평시
2024-07-24,남해군,21.5,21.40480153791639,평시,평시
2024-07-25,남해군,21.7,21.78124527748635,평시,평시
2024-07-26,남해군,21.8,21.940456789458153,평시,평시
2024-07-27,남해군,21.7,21.974689249374443,평시,평시
2024-07-28,남해군,21.5,21.83800252642142,평시,평시
2024-07-29,남해군,21.4,21.691451978827924,평시,평시
2024-07-30,남해군,21.3,21.649728079085275,평시,평시
2024-07-31,남해군,21.3,21.551648263905452,평시,평시
2024-08-01,남해군,21.0,21.570657883033572,평시,평시
2024-08-02,남해군,21.6,21.184136729793916,평시,평시
2024-08-03,남해군,21.7,22.02581839831089,평시,평시
2024-08-04,남해군,22.0,21.916833395628935,평시,평시
2024-08-05,남해군,22.3,22.293587905046174,평시,평시
2024-08-06,남해군,22.5,22.550749660838445,평시,평시
2024-08-07,남해군,22.4,22.716441077545678,평시,평시
2024-08-08,남해군,22.0,22.579942077641686,평시,평시
2024-08-09,남해군,22.6,22.179543735180445,평시,평시
2024-08-10,남해군,22.5,22.987343119144224,평시,평시
2024-08-11,남해군,22.6,22.590656438320405,평시,평시
2024-08-12,남해군,22.9,22.81976983869336,평시,평시
2024-08-13,남해군,23.9,23.13461874726295,평시,평시
2024-08-14,남해군,24.6,24.197186731461617,평시,평시
2024-08-15,남해군,26.1,24.710120865299064,평시,평시
2024-08-16,남해군,28.7,26.352509403380846,경보,평시
2024-08-17,남해군,29.2,28.929054831403512,경보,경보
2024-08-18,남해군,29.5,28.799507430157544,경보,경보
2024-08-19,남해군,29.8,29.33386197028945,경보,경보
2024-08-20,남해군,29.8,29.635376671153708,경보,경보
2024-08-21,남해군,29.2,29.53998185392797,경보,경보
2024-08-22,남해군,29.0,28.877290403797687,경보,경보
2024-08-23,남해군,28.9,28.822473666632842,경보,경보
2024-08-24,남해군,28.9,28.755324303939382,경보,경보
2024-08-25,남해군,28.5,28.755972223601525,경보,경보
2024-08-26,남해군,27.9,28.277723746882234,주의보,경보
2024-08-27,남해군,28.2,27.718309923941614,주의보,주의보
2024-08-28,남해군,28.6,28.22702448410014,경보,주의보
2024-08-29,남해군,28.2,28.4425954838558,경보,주의보
2024-08-30,남해군,28.0,27.90687654635102,경보,주의보
2024-08-31,남해군,28.3,27.917730390160582,경보,주의보
2024-09-01,남해군,28.2,28.278333151465155,경보,주의보
2024-09-02,남해군,28.0,27.976555552096286,경보,주의보
2024-09-03,남해군,28.1,27.822938680608537,경보,주의보
2024-09-04,남해군,28.0,27.966172809494825,경보,주의보
2024-09-05,남해군,28.0,27.79722512860131,경보,주의보
2024-09-06,남해군,28.0,27.867492693081832,경보,주의보
2024-09-07,남해군,28.1,27.811627557895385,경보,평시
2024-09-08,남해군,28.2,27.92658694676264,경보,평시
2024-09-09,남해군,28.4,28.036081955411696,경보,주의보
2024-09-10,남해군,28.6,28.271982478166127,경보,주의보
2024-09-11,남해군,28.8,28.46355163868195,경보,경보
2024-09-12,남해군,28.8,28.577876300247496,경보,경보
2024-09-13,남해군,28.9,28.586031588110302,경보,경보
2024-09-14,남해군,28.9,28.737195957602406,경보,경보
2024-09-15,남해군,29.3,28.71200627774028,경보,경보
2024-09-16,남해군,29.4,29.166630837103646,경보,경보
2024-09-17,남해군,29.4,29.099175065942713,경보,경보
2024-09-18,남해군,29.3,29.17810485370489,경보,경보
2024-09-19,남해군,29.4,29.070302169875323,경보,경보
2024-09-20,남해군,29.1,29.238162031157117,경보,경보
2024-09-21,남해군,27.6,28.74789006157385,평시,경보
2024-09-22,남해군,27.9,27.151421216548307,주의보,평시
2024-09-23,남해군,27.6,27.857819130204778,주의보,주의보
2024-09-24,남해군,27.0,27.201547589099025,평시,주의보
2024-09-25,남해군,26.7,26.676848343555392,평시,평시
2024-09-26,남해군,26.6,26.527962666944887,평시,평시
2024-09-27,남해군,26.7,26.43803589071211,평시,평시
2024-09-28,남해군,26.7,26.548802198566396,평시,평시
2024-09-29,남해군,26.5,26.498990283133566,평시,평시
2024-09-30,남해군,26.2,26.246559427802687,평시,평시
2024-10-01,남해군,26.3,25.964713784284793,평시,평시
2024-10-02,남해군,26.0,26.16742036439711,평시,평시
2024-10-03,남해군,25.4,25.636322331394155,평시,평시
2024-10-04,남해군,24.9,25.042751596717086,평시,평시
2024-10-05,남해군,24.8,24.670364151797724,평시,평시
2024-10-06,남해군,24.5,24.663036097851176,평시,평시
2024-10-07,남해군,24.1,24.205964216530756,평시,평시
2024-10-08,남해군,24.0,23.886587719645863,평시,평시
2024-10-09,남해군,23.8,23.873769578963874,평시,평시
2024-10-10,남해군,23.8,23.59380721544556,평시,평시
2024-10-11,남해군,23.8,23.660179158366734,평시,평시
2024-10-12,남해군,23.9,23.631931137870282,평시,평시
2024-10-13,남해군,23.8,23.770747293614892,평시,평시
2024-10-14,남해군,23.7,23.57852641976267,평시,평시
2024-10-15,남해군,23.6,23.48425026817522,평시,평시
2024-10-16,남해군,23.7,23.426337786665698,평시,평시
2024-10-17,남해군,23.5,23.570135135484875,평시,평시
2024-10-18,남해군,23.5,23.258010232577316,평시,평시
2024-10-19,남해군,23.6,23.378398404968834,평시,평시
2024-10-20,남해군,23.2,23.43983365183498,평시,평시
2024-10-21,남해군,22.6,22.805719916268426,평시,평시
2024-10-22,남해군,22.4,22.31099250735082,평시,평시
2024-10-23,남해군,22.4,22.283999162326037,평시,평시
2024-10-24,남해군,21.9,22.1988861884501,평시,평시
2024-10-25,남해군,21.5,21.618551896010594,평시,평시
2024-10-26,남해군,21.3,21.304616497368233,평시,평시
2024-10-27,남해군,21.1,21.194410291018585,평시,평시
2024-10-28,남해군,21.2,20.896364456032046,평시,평시
2024-10-29,남해군,21.0,21.07911449869183,평시,평시
2024-10-30,남해군,20.9,20.78576403881987,평시,평시
2024-10-31,남해군,20.9,20.774517748154675,평시,평시
2024-11-01,남해군,20.8,20.761564507306765,평시,평시
2024-11-02,남해군,20.5,20.570428470737134,평시,평시
2024-11-03,남해군,20.5,20.338048479270075,평시,평시
2024-11-04,남해군,20.5,20.398881799180838,평시,평시
2024-11-05,남해군,20.3,20.355511703175132,평시,평시
2024-11-06,남해군,20.2,20.059454599430207,평시,평시
2024-11-07,남해군,20.2,19.977747924367197,평시,평시
2024-11-08,남해군,20.0,20.00399379871413,평시,평시
2024-11-09,남해군,19.7,19.754497698400847,평시,평시
2024-11-10,남해군,19.4,19.504567785947263,평시,평시
2024-11-11,남해군,19.4,19.191212302140812,평시,평시
2024-11-12,남해군,19.3,19.31093718172152,평시,평시
2024-11-13,남해군,19.3,19.157067456639844,평시,평시
2024-11-14,남해군,19.3,19.173273254172056,평시,평시
2024-11-15,남해군,19.3,19.135356076809902,평시,평시
2024-11-16,남해군,19.3,19.14231672265213,평시,평시
2024-11-17,남해군,19.4,19.165369878238916,평시,평시
2024-11-18,남해군,19.0,19.20728885730176,평시,평시
2024-11-19,남해군,18.6,18.618396197629718,평시,평시
2024-11-20,남해군,18.4,18.325475022789814,평시,평시
2024-11-21,남해군,18.3,18.190876765240247,평시,평시
2024-11-22,남해군,18.2,18.120953631507764,평시,평시
2024-11-23,남해군,18.0,17.98940942543345,평시,평시
2024-11-24,남해군,17.9,17.718287779824216,평시,평시
2024-11-25,남해군,17.9,17.70132827783999,평시,평시
2024-11-26,남해군,17.7,17.712140333811362,평시,평시
2024-11-27,남해군,17.5,17.44454201652005,평시,평시
2024-11-28,남해군,17.2,17.163593010560913,평시,평시
2024-11-29,남해군,16.8,16.878115917707422,평시,평시
2024-11-30,남해군,16.6,16.483944851128456,평시,평시
2024-12-01,남해군,16.5,16.4151585488151,평시,평시
2024-12-02,남해군,16.5,16.338949767032013,평시,평시
2024-12-03,남해군,16.5,16.398081988841497,평시,평시
2024-12-04,남해군,16.2,16.28441253118681,평시,평시
2024-12-05,남해군,16.0,15.90882972111561,평시,평시
2024-12-06,남해군,15.8,15.793281397777358,평시,평시
2024-12-07,남해군,15.7,15.559601093893303,평시,평시
2024-12-08,남해군,15.4,15.485300339006862,평시,평시
2024-12-09,남해군,15.2,15.103965493472165,평시,평시
2024-12-10,남해군,15.2,14.994829418156177,평시,평시
2024-12-11,남해군,15.1,15.023063801050089,평시,평시
2024-12-12,남해군,15.0,14.896767947488192,평시,평시
2024-12-13,남해군,14.5,14.783695542913518,평시,평시
2024-12-14,남해군,14.2,14.209344897088746,평시,평시
2024-12-15,남해군,13.8,13.97444940554676,평시,평시
2024-12-16,남해군,13.8,13.551165672874863,평시,평시
2024-12-17,남해군,13.7,13.679461430835886,평시,평시
2024-12-18,남해군,13.2,13.528322765684697,평시,평시
2024-12-19,남해군,13.0,12.894394765278873,평시,평시
2024-12-20,남해군,12.8,12.85979348071446,평시,평시
2024-12-21,남해군,12.5,12.6547035118572,평시,평시
2024-12-22,남해군,12.5,12.30155872200668,평시,평시
2024-12-23,남해군,12.6,12.363074958786454,평시,평시
2024-12-24,남해군,13.0,12.494065409516752,평시,평시
2024-12-25,남해군,12.9,12.906165921406568,평시,평시
2024-12-26,남해군,12.7,12.663926153036162,평시,평시
2024-12-27,남해군,12.5,12.518775141839937,평시,평시
2024-12-28,남해군,12.4,12.297342333641037,평시,평시
2024-12-29,남해군,12.0,12.178321108973856,평시,평시
2024-12-30,남해군,11.5,11.818017620214327,평시,평시
2024-12-31,남해군,11.3,11.40368616232474,평시,평시
2025-01-01,남해군,11.5,11.230450198823263,평시,평시
2025-01-02,남해군,11.3,11.48252784941769,평시,평시
2025-01-03,남해군,11.1,11.149795901074311,평시,평시
2025-01-04,남해군,10.9,10.940942143113134,평시,평시
2025-01-05,남해군,10.9,10.788084499310086,평시,평시
2025-01-06,남해군,10.8,10.785281149970652,평시,평시
2025-01-07,남해군,10.7,10.709512195431818,평시,평시
2025-01-08,남해군,10.8,10.52741462098117,평시,평시
2025-01-09,남해군,10.6,10.72906999602286,평시,평시
2025-01-10,남해군,10.4,10.315912578073874,평시,평시
2025-01-11,남해군,10.6,10.22358416301515,평시,평시
2025-01-12,남해군,10.5,,평시,판정불가
2025-01-13,남해군,10.4,,평시,판정불가
2025-01-14,남해군,10.3,,평시,판정불가
2025-01-15,남해군,10.2,,평시,판정불가
2025-01-16,남해군,10.0,10.04691304854674,평시,평시
2025-01-17,남해군,9.9,9.87896739948984,평시,평시
2025-01-18,남해군,9.9,9.846211560632378,평시,평시
2025-01-19,남해군,9.9,9.875540178031368,평시,평시
2025-01-20,남해군,9.9,9.900094635165598,평시,평시
2025-01-21,남해군,9.8,9.8724822249986,평시,평시
2025-01-22,남해군,9.8,9.762452432027567,평시,평시
2025-01-23,남해군,9.8,9.795437582884759,평시,평시
2025-01-24,남해군,9.8,9.798075217066323,평시,평시
2025-01-25,남해군,9.8,9.809417032429074,평시,평시
2025-01-26,남해군,9.6,9.754279073201479,평시,평시
2025-01-27,남해군,9.5,9.506396842144763,평시,평시
2025-01-28,남해군,9.3,9.402486358877024,평시,평시
2025-01-29,남해군,9.0,9.138818001872036,평시,평시
2025-01-30,남해군,8.9,8.853926584500337,평시,평시
2025-01-31,남해군,8.9,8.88850256332172,평시,평시
2025-02-01,남해군,8.8,8.870667070841469,평시,평시
2025-02-02,남해군,8.7,8.728968477389143,평시,평시
2025-02-03,남해군,8.7,8.703251485500514,평시,평시
2025-02-04,남해군,8.5,8.613315145665473,평시,평시
2025-02-05,남해군,8.4,8.308350122956075,평시,평시
2025-02-06,남해군,8.3,8.310328369233915,평시,평시
2025-02-07,남해군,8.1,8.218677405692562,평시,평시
2025-02-08,남해군,7.8,7.990430407952729,평시,평시
2025-02-09,남해군,7.5,7.692010062035065,평시,평시
2025-02-10,남해군,7.7,7.477691693194453,평시,평시
2025-02-11,남해군,7.9,7.780278450495732,평시,평시
2025-02-12,남해군,8.4,7.966251605291744,평시,평시
2025-02-13,남해군,8.4,8.513276178474289,평시,평시
2025-02-14,남해군,8.5,8.322229614043367,평시,평시
2025-02-15,남해군,8.4,8.570768245495152,평시,평시
2025-02-16,남해군,8.4,8.370589087649794,평시,평시
2025-02-17,남해군,8.5,8.514965642887244,평시,평시
2025-02-18,남해군,8.5,8.509260073115582,평시,평시
2025-02-19,남해군,8.0,8.443269786738261,평시,평시
2025-02-20,남해군,8.0,7.886526959260235,평시,평시
2025-02-21,남해군,8.1,8.083521551102997,평시,평시
2025-02-22,남해군,8.5,8.129196054108814,평시,평시
2025-02-23,남해군,8.8,8.547647707168334,평시,평시
2025-02-24,남해군,8.8,8.736063913454705,평시,평시
2025-02-25,남해군,8.7,8.743573152677612,평시,평시
2025-02-26,남해군,8.7,8.697138690305076,평시,평시
2025-02-27,남해군,8.7,8.8024586433152,평시,평시
2025-02-28,남해군,8.9,8.779089376286093,평시,평시
2025-03-01,남해군,9.0,9.095373175471389,평시,평시
2025-03-02,남해군,9.2,9.032673639951977,평시,평시
2025-03-03,남해군,9.3,9.299203819188675,평시,평시
2025-03-04,남해군,8.9,9.269191445579015,평시,평시
2025-03-05,남해군,8.8,8.750069342686512,평시,평시
2025-03-06,남해군,8.8,8.877757420171774,평시,평시
2025-03-07,남해군,8.5,8.856982165230692,평시,평시
2025-03-08,남해군,8.3,8.512594697059928,평시,평시
2025-03-09,남해군,8.4,8.424015837681551,평시,평시
2025-03-10,남해군,8.4,8.592953042903641,평시,평시
2025-03-11,남해군,8.6,8.502227909152381,평시,평시
2025-03-12,남해군,8.7,8.832243356337331,평시,평시
2025-03-13,남해군,8.8,8.867586147609664,평시,평시
2025-03-14,남해군,8.9,8.997738099324687,평시,평시
2025-03-15,남해군,9.0,9.092996300502437,평시,평시
2025-03-16,남해군,9.0,9.078844258561272,평시,평시
2025-03-17,남해군,8.9,9.053570150889145,평시,평시
2025-03-18,남해군,8.9,8.933789146293435,평시,평시
2025-03-19,남해군,8.9,8.899007731883216,평시,평시
2025-03-20,남해군,9.0,8.955210272524667,평시,평시
2025-03-21,남해군,9.0,9.162454794998219,평시,평시
2025-03-22,남해군,9.1,9.226988998792736,평시,평시
2025-03-23,남해군,9.2,9.392770464484316,평시,평시
2025-03-24,남해군,9.3,9.4921453444795,평시,평시
2025-03-25,남해군,9.4,9.56899619506556,평시,평시
2025-03-26,남해군,9.6,9.667022813337342,평시,평시
2025-03-27,남해군,9.9,9.888128076342836,평시,평시
2025-03-28,남해군,10.2,10.171821629862164,평시,평시
2025-03-29,남해군,10.4,10.331228376767355,평시,평시
2025-03-30,남해군,10.1,10.427950449528216,평시,평시
2025-03-31,남해군,9.9,10.063344066061266,평시,평시
2025-04-01,남해군,10.0,9.995478727542707,평시,평시
2025-04-02,남해군,10.1,10.216815907033945,평시,평시
2025-04-03,남해군,10.2,10.287978612061107,평시,평시
2025-04-04,남해군,10.5,10.329325352148887,평시,평시
2025-04-05,남해군,10.5,10.715170677356907,평시,평시
2025-04-06,남해군,10.5,10.58773394943197,평시,평시
2025-04-07,남해군,10.8,10.717192283663215,평시,평시
2025-04-08,남해군,10.5,11.077806871385278,평시,평시
2025-04-09,남해군,10.9,10.692201822573464,평시,평시
2025-04-10,남해군,11.1,11.208130668516995,평시,평시
2025-04-11,남해군,11.3,11.309275158910653,평시,평시
2025-04-12,남해군,11.8,11.573441472762859,평시,평시
2025-04-13,남해군,11.5,11.999848492222467,평시,평시
2025-04-14,남해군,11.0,11.483396177848473,평시,평시
2025-04-15,남해군,10.9,11.093238565673838,평시,평시
2025-04-16,남해군,11.2,11.105544067315988,평시,평시
2025-04-17,남해군,11.2,11.539435515597111,평시,평시
2025-04-18,남해군,11.4,11.370322174702803,평시,평시
2025-04-19,남해군,11.4,11.733627808917587,평시,평시
2025-04-20,남해군,11.5,11.596284510199522,평시,평시
2025-04-21,남해군,12.4,11.717815516549466,평시,평시
2025-04-22,남해군,12.5,12.784459486057614,평시,평시
2025-04-23,남해군,12.8,12.569582820669291,평시,평시
2025-04-24,남해군,12.7,12.970679667023218,평시,평시
2025-04-25,남해군,13.0,12.87677265099155,평시,평시
2025-04-26,남해군,13.0,13.235093933899844,평시,평시
2025-04-27,남해군,13.1,13.167279693128101,평시,평시
2025-04-28,남해군,13.1,13.33561270082385,평시,평시
2025-04-29,남해군,13.3,13.330079512356301,평시,평시
2025-04-30,남해군,13.4,13.470847221159756,평시,평시
2025-05-01,남해군,13.5,13.620231656980437,평시,평시
2025-05-02,남해군,13.5,13.67374907153471,평시,평시
2025-05-03,남해군,14.1,13.684519027837135,평시,평시
2025-05-04,남해군,14.4,14.353103953748992,평시,평시
2025-05-05,남해군,14.5,14.542823707959412,평시,평시
2025-05-06,남해군,14.6,14.580133352569101,평시,평시
2025-05-07,남해군,14.6,14.65265453140775,평시,평시
2025-05-08,남해군,14.6,14.737612388047602,평시,평시
2025-05-09,남해군,15.0,14.773796942839434,평시,평시
2025-05-10,남해군,13.6,15.184185596722823,평시,평시
2025-05-11,남해군,13.9,13.375622330260335,평시,평시
2025-05-12,남해군,14.4,14.361067228767379,평시,평시
2025-05-13,남해군,14.5,14.686322998863874,평시,평시
2025-05-14,남해군,14.6,14.71254502160177,평시,평시
2025-05-15,남해군,14.8,14.817258707328394,평시,평시
2025-05-16,남해군,15.1,15.016622884717199,평시,평시
2025-05-17,남해군,15.3,15.3300726209588,평시,평시
2025-05-18,남해군,15.5,15.529701322781689,평시,평시
2025-05-19,남해군,15.5,15.727501967011378,평시,평시
2025-05-20,남해군,15.1,15.666588678784587,평시,평시
2025-05-21,남해군,16.1,15.303418225009043,평시,평시
2025-05-22,남해군,16.7,16.5552945566432,평시,평시
2025-05-23,남해군,16.9,16.819609732197986,평시,평시
2025-05-24,남해군,17.0,16.97018285727809,평시,평시
2025-05-25,남해군,16.9,17.06214139685915,평시,평시
2025-05-26,남해군,16.8,16.999391176963215,평시,평시
2025-05-27,남해군,17.0,16.95362180419265,평시,평시
2025-05-28,남해군,17.2,17.247822578892,평시,평시
2025-05-29,남해군,17.3,17.400393150001644,평시,평시
2025-05-30,남해군,17.3,17.50511725359146,평시,평시
2025-05-31,남해군,17.3,17.469220542786143,평시,평시
2025-06-01,남해군,17.5,17.491686193021813,평시,평시
2025-06-02,남해군,17.5,17.752651210042092,평시,평시
2025-06-03,남해군,18.2,17.60322531091668,평시,평시
2025-06-04,남해군,17.9,18.52578253722414,평시,평시
2025-06-05,남해군,17.9,17.940325930649028,평시,평시
2025-06-06,남해군,17.8,18.138019241800645,평시,평시
2025-06-07,남해군,17.9,17.994670988772132,평시,평시
2025-06-08,남해군,17.8,18.140230232809344,평시,평시
2025-06-09,남해군,17.9,17.995061207714595,평시,평시
2025-06-10,남해군,17.9,18.153095222106348,평시,평시
2025-06-11,남해군,18.2,18.10914318983466,평시,평시
2025-06-12,남해군,18.5,18.521822110175744,평시,평시
2025-06-13,남해군,18.8,18.68187938101342,평시,평시
2025-06-14,남해군,19.2,18.951217342579312,평시,평시
2025-06-15,남해군,19.0,19.39178379231812,평시,평시
2025-06-16,남해군,18.1,19.148786305382696,평시,평시
2025-06-17,남해군,18.2,18.16048273913649,평시,평시
2025-06-18,남해군,19.0,18.59240257472416,평시,평시
2025-06-19,남해군,19.2,19.409124417238512,평시,평시
2025-06-20,남해군,19.4,19.314745921718654,평시,평시
2025-06-21,남해군,17.2,19.58399571416614,평시,평시
2025-06-22,남해군,18.2,16.97717759468412,평시,평시
2025-06-23,남해군,19.6,18.97074533185433,평시,평시
2025-06-24,남해군,20.4,19.982481984552035,평시,평시
2025-06-25,남해군,19.8,20.443120594728402,평시,평시
2025-06-26,남해군,18.8,19.741588057478626,평시,평시
2025-06-27,남해군,19.7,18.920602138409354,평시,평시
2025-06-28,남해군,19.7,20.2782189661988,평시,평시
2025-06-29,남해군,19.6,19.845038875655302,평시,평시
2025-06-30,남해군,19.8,19.844711609824376,평시,평시
2025-07-01,남해군,19.9,20.12513290043722,평시,평시
2025-07-02,남해군,20.2,20.1554935564485,평시,평시
2025-07-03,남해군,20.3,20.529078419839713,평시,평시
2025-07-04,남해군,20.2,20.541395863750356,평시,평시
2025-07-05,남해군,19.9,20.40667361981071,평시,평시
2025-07-06,남해군,19.7,20.124023836953462,평시,평시
2025-07-07,남해군,20.5,19.99814204146293,평시,평시
2025-07-08,남해군,21.8,20.993625967911424,평시,평시
2025-07-09,남해군,22.7,22.179828018347177,평시,평시
2025-07-10,남해군,23.0,22.874338364134786,평시,평시
2025-07-11,남해군,25.0,23.073585990616305,주의보,평시
2025-07-12,남해군,24.7,25.423989022821445,주의보,경보
2025-07-13,남해군,24.2,24.39675574643212,평시,평시
2025-07-14,남해군,24.0,24.134994202722968,평시,평시
2025-07-15,남해군,23.6,24.097732837774114,평시,평시
2025-07-16,남해군,23.6,23.58575860423583,평시,평시
2025-07-17,남해군,23.5,23.668232799532284,평시,평시
2025-07-18,남해군,23.8,23.50595450837822,평시,평시
2025-07-19,남해군,24.0,23.89600895793183,평시,평시
2025-07-20,남해군,24.5,24.012822724008494,평시,평시
2025-07-21,남해군,24.7,24.621739887887404,평시,평시
2025-07-22,남해군,24.8,24.692080302225456,평시,평시
2025-07-23,남해군,24.8,24.848418830654918,평시,평시
2025-07-24,남해군,24.9,24.86533794698926,평시,평시
2025-07-25,남해군,25.0,25.001694557092325,평시,평시
2025-07-26,남해군,25.3,25.06344418298762,평시,평시
2025-07-27,남해군,25.4,25.394639393673483,평시,평시
2025-07-28,남해군,25.5,25.424000892023702,평시,평시
2025-07-29,남해군,26.1,25.568114890067633,주의보,평시
2025-07-30,남해군,26.6,26.227701940237548,주의보,주의보
2025-07-31,남해군,26.6,26.60898486988757,주의보,주의보
2025-08-01,남해군,26.9,26.528337304555418,주의보,주의보
2025-08-02,남해군,26.3,26.956782061786033,주의보,주의보
2025-08-03,남해군,25.9,26.137956144718995,평시,평시
2025-08-04,남해군,24.3,25.87959468190143,평시,평시
2025-08-05,남해군,25.7,24.088274324308973,평시,평시
2025-08-06,남해군,25.3,26.24810791385383,평시,평시
2025-08-07,남해군,25.5,25.020298745740494,평시,평시
2025-08-08,남해군,26.4,25.63703211431472,평시,평시
2025-08-09,남해군,25.7,26.522522528894804,평시,평시
2025-08-10,남해군,25.6,25.376601186157448,평시,평시
2025-08-11,남해군,25.2,25.65426051030316,평시,평시
2025-08-12,남해군,25.2,25.084871281991024,평시,평시
2025-08-13,남해군,24.3,25.174929258664676,평시,평시
2025-08-14,남해군,23.8,24.177230793603904,평시,평시
2025-08-15,남해군,23.7,23.933630439809207,평시,평시
2025-08-16,남해군,23.7,23.880563620575288,평시,평시
2025-08-17,남해군,23.4,23.862832577657638,평시,평시
2025-08-18,남해군,23.4,23.485934126438863,평시,평시
2025-08-19,남해군,23.1,23.576505003029933,평시,평시
2025-08-20,남해군,22.9,23.171959543520977,평시,평시
2025-08-21,남해군,23.5,23.05096506512119,평시,평시
2025-08-22,남해군,23.4,23.795522975943705,평시,평시
2025-08-23,남해군,22.9,23.444376035325266,평시,평시
2025-08-24,남해군,22.8,22.975921912371714,평시,평시
2025-08-25,남해군,22.6,23.018492683226103,평시,평시
2025-08-26,남해군,22.2,22.721220587289608,평시,평시
2025-08-27,남해군,22.6,22.315637651959793,평시,평시
2025-08-28,남해군,22.8,22.891118248245533,평시,평시
2025-08-29,남해군,22.3,22.92250965338594,평시,평시
2025-08-30,남해군,22.1,22.348276290110565,평시,평시
2025-08-31,남해군,22.1,22.325717062070897,평시,평시
2025-09-01,남해군,22.0,22.273416374103665,평시,평시
2025-09-02,남해군,21.8,22.13287304020492,평시,평시
2025-09-03,남해군,22.7,21.95432213014459,평시,평시
2025-09-04,남해군,24.3,23.064035397086027,평시,평시
2025-09-05,남해군,24.4,24.59414416839694,평시,평시
2025-09-06,남해군,23.2,24.24274864723378,평시,평시
2025-09-07,남해군,22.5,23.020112186947504,평시,평시
2025-09-08,남해군,24.0,22.657202081423303,평시,평시
2025-09-09,남해군,24.7,24.43925036705754,평시,평시
2025-09-10,남해군,24.3,24.548757253577673,평시,평시
2025-09-11,남해군,24.0,24.097956834488485,평시,평시
2025-09-12,남해군,23.8,24.003098712806786,평시,평시
2025-09-13,남해군,23.1,23.778579193883495,평시,평시
2025-09-14,남해군,22.7,23.028815214543048,평시,평시
2025-09-15,남해군,23.0,22.80718285947214,평시,평시
2025-09-16,남해군,23.0,23.160722585803924,평시,평시
2025-09-17,남해군,22.9,23.05435877324646,평시,평시
2025-09-18,남해군,23.8,22.98259121849203,평시,평시
2025-09-19,남해군,24.5,23.964279600710377,평시,평시
2025-09-20,남해군,24.4,24.44955475111792,평시,평시
2025-09-21,남해군,24.3,24.214919155110103,평시,평시
2025-09-22,남해군,24.2,24.220013366896914,평시,평시
2025-09-23,남해군,24.0,24.097573739994502,평시,평시
2025-09-24,남해군,24.0,23.91313740745372,평시,평시
2025-09-25,남해군,24.0,23.965345324206513,평시,평시
2025-09-26,남해군,24.1,23.896445799632716,평시,평시
2025-09-27,남해군,24.2,24.05255892768039,평시,평시
2025-09-28,남해군,24.3,24.148211472792312,평시,평시
2025-09-29,남해군,24.2,24.212132974260946,평시,평시
2025-09-30,남해군,24.2,24.046032649402967,평시,평시
2025-10-01,남해군,24.2,24.090219199759506,평시,평시
2025-10-02,남해군,24.1,24.11376165010906,평시,평시
2025-10-03,남해군,23.8,23.92868536139441,평시,평시
2025-10-04,남해군,23.6,23.56632399473676,평시,평시
2025-10-05,남해군,23.7,23.520010707793563,평시,평시
2025-10-06,남해군,23.8,23.66875872844566,평시,평시
2025-10-07,남해군,23.8,23.64315908657071,평시,평시
2025-10-08,남해군,23.7,23.618872566261416,평시,평시
2025-10-09,남해군,23.6,23.546210529732452,평시,평시
2025-10-10,남해군,23.4,23.4509364708948,평시,평시
2025-10-11,남해군,23.4,23.259228799960134,평시,평시
2025-10-12,남해군,23.4,23.371894765269268,평시,평시
2025-10-13,남해군,23.4,23.323274736992786,평시,평시
2025-10-14,남해군,23.4,23.261213254780937,평시,평시
2025-10-15,남해군,23.2,23.229672809613405,평시,평시
2025-10-16,남해군,23.2,22.97571200663183,평시,평시
2025-10-17,남해군,23.1,23.091760115399733,평시,평시
2025-10-18,남해군,23.3,22.93515529729135,평시,평시
2025-10-19,남해군,23.0,23.209669696272822,평시,평시
2025-10-20,남해군,22.8,22.686460332108364,평시,평시
2025-10-21,남해군,22.6,22.610457064961118,평시,평시
2025-10-22,남해군,22.4,22.33304663317534,평시,평시
2025-10-23,남해군,22.4,22.199104945702373,평시,평시
2025-10-24,남해군,22.2,22.25236343418569,평시,평시
2025-10-25,남해군,22.1,21.99009108199157,평시,평시
2025-10-26,남해군,22.0,21.941868527461235,평시,평시
2025-10-27,남해군,21.9,21.807327851364168,평시,평시
2025-10-28,남해군,21.8,21.61933371122763,평시,평시
2025-10-29,남해군,21.6,21.53948761844494,평시,평시
2025-10-30,남해군,21.5,21.339690672599822,평시,평시
2025-10-31,남해군,21.7,21.284949754333894,평시,평시
2025-11-01,남해군,21.5,21.554185463020637,평시,평시
2025-11-02,남해군,21.1,21.221764244006934,평시,평시
2025-11-03,남해군,20.9,20.825782510932854,평시,평시
2025-11-04,남해군,20.9,20.656287246321934,평시,평시
2025-11-05,남해군,20.8,20.696089088538766,평시,평시
2025-11-06,남해군,20.8,20.58717100590821,평시,평시
2025-11-07,남해군,20.6,20.64802581798088,평시,평시
2025-11-08,남해군,20.4,20.379950896360548,평시,평시
2025-11-09,남해군,20.0,20.17642732738671,평시,평시
2025-11-10,남해군,19.8,19.79484758737163,평시,평시
2025-11-11,남해군,19.6,19.56939740669579,평시,평시
2025-11-12,남해군,19.3,19.3815662424389,평시,평시
2025-11-13,남해군,19.1,19.02886790051322,평시,평시
2025-11-14,남해군,19.0,18.935508667571092,평시,평시
2025-11-15,남해군,18.9,18.835251965905936,평시,평시
2025-11-16,남해군,18.8,18.724360768857096,평시,평시
2025-11-17,남해군,18.6,18.661976656356938,평시,평시
2025-11-18,남해군,18.1,18.34234600381513,평시,평시
2025-11-19,남해군,17.9,17.74400749974074,평시,평시
2025-11-20,남해군,17.8,17.689339191448184,평시,평시
2025-11-21,남해군,17.6,17.61802525576419,평시,평시
2025-11-22,남해군,17.5,17.381940436048435,평시,평시
2025-11-23,남해군,17.4,17.338433989408554,평시,평시
2025-11-24,남해군,17.3,17.246627566575775,평시,평시
2025-11-25,남해군,17.2,17.197958316117113,평시,평시
2025-11-26,남해군,17.1,17.008744950666088,평시,평시
2025-11-27,남해군,16.9,16.89154954710407,평시,평시
2025-11-28,남해군,16.6,16.691313999616437,평시,평시
2025-11-29,남해군,16.7,16.34963777445846,평시,평시
2025-11-30,남해군,16.6,16.611932755430598,평시,평시
2025-12-01,남해군,16.6,16.483386134041005,평시,평시
2025-12-02,남해군,16.3,16.450842134036517,평시,평시
2025-12-03,남해군,15.9,16.030751851843984,평시,평시
2025-12-04,남해군,15.6,15.573180957844077,평시,평시
2025-12-05,남해군,15.3,15.348802058005644,평시,평시
2025-12-06,남해군,15.2,15.04838609972449,평시,평시
2025-12-07,남해군,15.2,15.04193582961303,평시,평시
2025-12-08,남해군,15.0,15.12473266735419,평시,평시
2025-12-09,남해군,14.6,14.77702030467068,평시,평시
2025-12-10,남해군,14.4,14.368091922180556,평시,평시
2025-12-11,남해군,14.4,14.273612458888827,평시,평시
2025-12-12,남해군,14.0,14.368905242847848,평시,평시
2025-12-13,남해군,13.9,13.785876977178905,평시,평시
2025-12-14,남해군,13.6,13.792434118787794,평시,평시
2025-12-15,남해군,13.7,13.361484949722323,평시,평시
2025-12-16,남해군,13.8,13.604308546850364,평시,평시
2025-12-17,남해군,13.7,13.664827559710952,평시,평시
2025-12-18,남해군,13.7,13.53734942311643,평시,평시
2025-12-19,남해군,13.6,13.591992252320516,평시,평시
2025-12-20,남해군,13.6,13.500211126846864,평시,평시
2025-12-21,남해군,13.4,13.539586868947957,평시,평시
2025-12-22,남해군,13.0,13.231738189223504,평시,평시
2025-12-23,남해군,13.0,12.79345952533194,평시,평시
2025-12-24,남해군,13.0,12.918196363656406,평시,평시
2025-12-25,남해군,12.9,12.874400079253324,평시,평시
2025-12-26,남해군,12.5,12.66413025140271,평시,평시
2025-12-27,남해군,12.2,12.167430452852068,평시,평시
2025-12-28,남해군,12.7,12.037397972481306,평시,평시
2025-12-29,남해군,13.0,12.727936366666999,평시,평시
2025-12-30,남해군,12.8,12.903023062125257,평시,평시
2025-12-31,남해군,12.5,12.54463041495652,평시,평시
