date,temperature,climatology,anomaly,daily_jump,sustained_ge28,level,level_name,region
2021-01-01,6.5,7.336111111111112,-0.8361111111111121,,False,0.0,평시,완도
2021-01-02,6.8,7.358333333333334,-0.5583333333333345,0.2999999999999998,False,0.0,평시,완도
2021-01-03,6.8,7.352777777777779,-0.5527777777777789,0.0,False,0.0,평시,완도
2021-01-04,7.0,7.322222222222223,-0.32222222222222285,0.20000000000000018,False,0.0,평시,완도
2021-01-05,7.1,7.297142857142857,-0.1971428571428575,0.09999999999999964,False,0.0,평시,완도
2021-01-06,6.5,7.1885714285714295,-0.6885714285714295,-0.5999999999999996,False,0.0,평시,완도
2021-01-07,5.8,7.054285714285714,-1.2542857142857144,-0.7000000000000002,False,0.0,평시,완도
2021-01-08,4.9,6.914285714285715,-2.0142857142857142,-0.8999999999999995,False,0.0,평시,완도
2021-01-09,4.3,6.8028571428571425,-2.5028571428571427,-0.6000000000000005,False,0.0,평시,완도
2021-01-10,4.1,6.765714285714286,-2.6657142857142864,-0.20000000000000018,False,0.0,평시,완도
2021-01-11,4.4,6.811428571428571,-2.411428571428571,0.3000000000000007,False,0.0,평시,완도
2021-01-12,5.0,6.917142857142857,-1.9171428571428573,0.5999999999999996,False,0.0,평시,완도
2021-01-13,6.0,7.031428571428571,-1.0314285714285711,1.0,False,0.0,평시,완도
2021-01-14,7.1,7.145714285714285,-0.045714285714285374,1.0999999999999996,False,0.0,평시,완도
2021-01-15,7.8,7.234285714285715,0.565714285714285,0.7000000000000002,False,0.0,평시,완도
2021-01-16,8.0,7.288571428571429,0.7114285714285709,0.20000000000000018,False,0.0,평시,완도
2021-01-17,7.4,7.268571428571429,0.13142857142857167,-0.5999999999999996,False,0.0,평시,완도
2021-01-18,7.0,7.194285714285714,-0.19428571428571395,-0.40000000000000036,False,0.0,평시,완도
2021-01-19,6.8,7.1171428571428565,-0.3171428571428567,-0.20000000000000018,False,0.0,평시,완도
2021-01-20,6.6,7.0771428571428565,-0.47714285714285687,-0.20000000000000018,False,0.0,평시,완도
2021-01-21,6.8,7.034285714285714,-0.234285714285714,0.20000000000000018,False,0.0,평시,완도
2021-01-22,7.1,6.999999999999999,0.10000000000000053,0.2999999999999998,False,0.0,평시,완도
2021-01-23,7.5,6.991428571428571,0.5085714285714289,0.40000000000000036,False,0.0,평시,완도
2021-01-24,7.9,7.0,0.9000000000000004,0.40000000000000036,False,0.0,평시,완도
2021-01-25,8.2,6.991428571428572,1.2085714285714273,0.29999999999999893,False,0.0,평시,완도
2021-01-26,8.3,6.931428571428572,1.3685714285714283,0.10000000000000142,False,0.0,평시,완도
2021-01-27,8.3,6.851428571428571,1.4485714285714293,0.0,False,0.0,평시,완도
2021-01-28,8.1,6.828571428571428,1.2714285714285714,-0.20000000000000107,False,0.0,평시,완도
2021-01-29,7.3,6.8742857142857146,0.42571428571428527,-0.7999999999999998,False,0.0,평시,완도
2021-01-30,7.2,6.897142857142858,0.3028571428571425,-0.09999999999999964,False,0.0,평시,완도
2021-01-31,7.7,6.897142857142858,0.8028571428571425,0.5,False,0.0,평시,완도
2021-02-01,8.3,6.902857142857143,1.3971428571428577,0.6000000000000005,False,0.0,평시,완도
2021-02-02,8.0,6.920000000000001,1.0799999999999992,-0.3000000000000007,False,0.0,평시,완도
2021-02-03,7.7,6.917142857142858,0.782857142857142,-0.2999999999999998,False,0.0,평시,완도
2021-02-04,7.7,6.897142857142858,0.8028571428571425,0.0,False,0.0,평시,완도
2021-02-05,7.5,6.817142857142856,0.6828571428571442,-0.20000000000000018,False,0.0,평시,완도
2021-02-06,7.3,6.722857142857143,0.5771428571428565,-0.20000000000000018,False,0.0,평시,완도
2021-02-07,7.9,6.648571428571429,1.2514285714285718,0.6000000000000005,False,0.0,평시,완도
2021-02-08,7.8,6.6257142857142854,1.1742857142857144,-0.10000000000000053,False,0.0,평시,완도
2021-02-09,7.4,6.691428571428573,0.7085714285714273,-0.39999999999999947,False,0.0,평시,완도
2021-02-10,7.4,6.8428571428571425,0.5571428571428578,0.0,False,0.0,평시,완도
2021-02-11,7.8,7.034285714285714,0.765714285714286,0.39999999999999947,False,0.0,평시,완도
2021-02-12,8.2,7.24,0.9599999999999991,0.39999999999999947,False,0.0,평시,완도
2021-02-13,8.7,7.411428571428573,1.2885714285714265,0.5,False,0.0,평시,완도
2021-02-14,9.0,7.54857142857143,1.4514285714285702,0.3000000000000007,False,0.0,평시,완도
2021-02-15,8.9,7.628571428571427,1.2714285714285731,-0.09999999999999964,False,0.0,평시,완도
2021-02-16,8.3,7.682857142857144,0.6171428571428565,-0.5999999999999996,False,0.0,평시,완도
2021-02-17,7.6,7.6571428571428575,-0.05714285714285783,-0.7000000000000011,False,0.0,평시,완도
2021-02-18,6.8,7.594285714285714,-0.7942857142857145,-0.7999999999999998,False,0.0,평시,완도
2021-02-19,6.5,7.551428571428572,-1.0514285714285716,-0.2999999999999998,False,0.0,평시,완도
2021-02-20,7.0,7.5457142857142845,-0.5457142857142845,0.5,False,0.0,평시,완도
2021-02-21,8.3,7.545714285714286,0.7542857142857144,1.3000000000000007,False,0.0,평시,완도
2021-02-22,9.5,7.565714285714286,1.9342857142857142,1.1999999999999993,False,0.0,평시,완도
2021-02-23,8.9,7.5771428571428565,1.3228571428571438,-0.5999999999999996,False,0.0,평시,완도
2021-02-24,8.3,7.648571428571429,0.6514285714285721,-0.5999999999999996,False,0.0,평시,완도
2021-02-25,8.4,7.754285714285714,0.6457142857142868,0.09999999999999964,False,0.0,평시,완도
2021-02-26,8.5,7.927777777777779,0.5722222222222211,0.09999999999999964,False,0.0,평시,완도
2021-02-27,8.6,8.030555555555557,0.5694444444444429,0.09999999999999964,False,0.0,평시,완도
2021-02-28,8.6,8.15,0.4499999999999993,0.0,False,0.0,평시,완도
2021-03-01,9.1,8.286111111111111,0.8138888888888882,0.5,False,0.0,평시,완도
2021-03-02,9.1,8.430555555555555,0.6694444444444443,0.0,False,0.0,평시,완도
2021-03-03,9.1,8.569444444444445,0.530555555555555,0.0,False,0.0,평시,완도
2021-03-04,9.3,8.697222222222221,0.6027777777777796,0.20000000000000107,False,0.0,평시,완도
2021-03-05,9.5,8.782857142857143,0.7171428571428571,0.1999999999999993,False,0.0,평시,완도
2021-03-06,10.0,8.968571428571428,1.031428571428572,0.5,False,0.0,평시,완도
2021-03-07,10.1,9.197142857142858,0.9028571428571421,0.09999999999999964,False,0.0,평시,완도
2021-03-08,10.3,9.459999999999999,0.8400000000000016,0.20000000000000107,False,0.0,평시,완도
2021-03-09,10.7,9.731428571428571,0.968571428571428,0.3999999999999986,False,0.0,평시,완도
2021-03-10,10.8,9.98,0.8200000000000003,0.10000000000000142,False,0.0,평시,완도
2021-03-11,11.0,10.208571428571426,0.7914285714285736,0.1999999999999993,False,0.0,평시,완도
2021-03-12,11.1,10.44,0.6600000000000001,0.09999999999999964,False,0.0,평시,완도
2021-03-13,11.2,10.651428571428571,0.548571428571428,0.09999999999999964,False,0.0,평시,완도
2021-03-14,11.4,10.782857142857145,0.6171428571428557,0.20000000000000107,False,0.0,평시,완도
2021-03-15,11.7,10.845714285714287,0.8542857142857123,0.29999999999999893,False,0.0,평시,완도
2021-03-16,12.3,10.877142857142857,1.4228571428571435,0.6000000000000014,False,0.0,평시,완도
2021-03-17,11.9,10.894285714285715,1.0057142857142853,-0.40000000000000036,False,0.0,평시,완도
2021-03-18,12.3,10.9,1.4000000000000004,0.40000000000000036,False,0.0,평시,완도
2021-03-19,12.8,10.899999999999999,1.9000000000000021,0.5,False,0.0,평시,완도
2021-03-20,12.7,10.95142857142857,1.748571428571429,-0.10000000000000142,False,0.0,평시,완도
2021-03-21,12.1,11.074285714285713,1.0257142857142867,-0.5999999999999996,False,0.0,평시,완도
2021-03-22,11.3,11.257142857142858,0.042857142857142705,-0.7999999999999989,False,0.0,평시,완도
2021-03-23,11.4,11.482857142857142,-0.08285714285714185,0.09999999999999964,False,0.0,평시,완도
2021-03-24,11.7,11.711428571428572,-0.011428571428572454,0.29999999999999893,False,0.0,평시,완도
2021-03-25,12.4,11.897142857142857,0.5028571428571436,0.7000000000000011,False,0.0,평시,완도
2021-03-26,12.9,12.037142857142857,0.862857142857143,0.5,False,0.0,평시,완도
2021-03-27,13.1,12.13529411764706,0.9647058823529395,0.1999999999999993,False,0.0,평시,완도
2021-03-28,13.2,12.252941176470591,0.9470588235294084,0.09999999999999964,False,0.0,평시,완도
2021-03-29,13.2,12.350000000000003,0.8499999999999961,0.0,False,0.0,평시,완도
2021-03-30,13.3,12.423529411764704,0.8764705882352963,0.10000000000000142,False,0.0,평시,완도
2021-03-31,13.4,12.53235294117647,0.8676470588235308,0.09999999999999964,False,0.0,평시,완도
2021-04-01,13.3,12.694117647058825,0.6058823529411761,-0.09999999999999964,False,0.0,평시,완도
2021-04-02,13.1,12.918181818181818,0.18181818181818166,-0.20000000000000107,False,0.0,평시,완도
2021-04-03,13.5,13.090909090909092,0.4090909090909083,0.40000000000000036,False,0.0,평시,완도
2021-04-04,13.4,13.261290322580646,0.1387096774193548,-0.09999999999999964,False,0.0,평시,완도
2021-04-05,13.4,13.431034482758621,-0.03103448275862064,0.0,False,0.0,평시,완도
2021-04-06,14.1,13.592592592592593,0.5074074074074062,0.6999999999999993,False,0.0,평시,완도
2021-04-07,14.1,13.764000000000001,0.3359999999999985,0.0,False,0.0,평시,완도
2021-04-08,14.3,13.969565217391308,0.33043478260869286,0.20000000000000107,False,0.0,평시,완도
2021-04-09,14.3,14.109090909090911,0.19090909090908958,0.0,False,0.0,평시,완도
2021-04-10,14.3,14.290476190476191,0.00952380952380949,0.0,False,0.0,평시,완도
2021-04-11,14.4,14.414285714285716,-0.014285714285716011,0.09999999999999964,False,0.0,평시,완도
2021-04-12,14.5,14.576190476190478,-0.0761904761904777,0.09999999999999964,False,0.0,평시,완도
2021-04-13,14.3,14.766666666666667,-0.4666666666666668,-0.1999999999999993,False,0.0,평시,완도
2021-04-14,13.8,14.91428571428572,-1.1142857142857192,-0.5,False,0.0,평시,완도
2021-04-15,13.9,15.052380952380956,-1.1523809523809554,0.09999999999999964,False,0.0,평시,완도
2021-04-16,14.3,15.185714285714287,-0.8857142857142861,0.40000000000000036,False,0.0,평시,완도
2021-04-17,14.6,15.328571428571427,-0.7285714285714278,0.29999999999999893,False,0.0,평시,완도
2021-04-18,14.2,15.48181818181818,-1.2818181818181813,-0.40000000000000036,False,0.0,평시,완도
2021-04-19,14.2,15.617391304347823,-1.4173913043478237,0.0,False,0.0,평시,완도
2021-04-20,14.6,15.720833333333337,-1.1208333333333371,0.40000000000000036,False,0.0,평시,완도
2021-04-21,15.2,15.880769230769229,-0.6807692307692292,0.5999999999999996,False,0.0,평시,완도
2021-04-22,15.6,15.982142857142858,-0.382142857142858,0.40000000000000036,False,0.0,평시,완도
2021-04-23,15.7,16.07,-0.370000000000001,0.09999999999999964,False,0.0,평시,완도
2021-04-24,16.2,16.109375,0.09062499999999929,0.5,False,0.0,평시,완도
2021-04-25,16.6,16.209090909090907,0.3909090909090942,0.40000000000000213,False,0.0,평시,완도
2021-04-26,16.5,16.279411764705884,0.22058823529411598,-0.10000000000000142,False,0.0,평시,완도
2021-04-27,16.2,16.323529411764707,-0.12352941176470722,-0.3000000000000007,False,0.0,평시,완도
2021-04-28,16.4,16.329411764705885,0.07058823529411384,0.1999999999999993,False,0.0,평시,완도
2021-04-29,16.6,16.33823529411765,0.2617647058823529,0.20000000000000284,False,0.0,평시,완도
2021-04-30,16.5,16.36176470588235,0.13823529411764923,-0.10000000000000142,False,0.0,평시,완도
2021-05-01,16.0,16.42941176470588,-0.42941176470587905,-0.5,False,0.0,평시,완도
2021-05-02,15.6,16.491176470588233,-0.891176470588233,-0.40000000000000036,False,0.0,평시,완도
2021-05-03,15.8,16.558823529411768,-0.7588235294117673,0.20000000000000107,False,0.0,평시,완도
2021-05-04,16.5,16.65142857142857,-0.15142857142857125,0.6999999999999993,False,0.0,평시,완도
2021-05-05,17.0,16.74,0.26000000000000156,0.5,False,0.0,평시,완도
2021-05-06,16.9,16.888571428571424,0.01142857142857423,-0.10000000000000142,False,0.0,평시,완도
2021-05-07,17.3,17.042857142857144,0.25714285714285623,0.40000000000000213,False,0.0,평시,완도
2021-05-08,17.2,17.171428571428574,0.028571428571424917,-0.10000000000000142,False,0.0,평시,완도
2021-05-09,17.5,17.28571428571429,0.21428571428571175,0.3000000000000007,False,0.0,평시,완도
2021-05-10,17.7,17.431428571428576,0.26857142857142335,0.1999999999999993,False,0.0,평시,완도
2021-05-11,17.5,17.58857142857143,-0.08857142857143074,-0.1999999999999993,False,0.0,평시,완도
2021-05-12,17.5,17.754285714285714,-0.25428571428571445,0.0,False,0.0,평시,완도
2021-05-13,18.5,17.86857142857143,0.6314285714285717,1.0,False,0.0,평시,완도
2021-05-14,18.9,17.965714285714288,0.9342857142857106,0.3999999999999986,False,0.0,평시,완도
2021-05-15,18.9,18.065714285714286,0.8342857142857127,0.0,False,0.0,평시,완도
2021-05-16,19.0,18.182857142857145,0.817142857142855,0.10000000000000142,False,0.0,평시,완도
2021-05-17,18.6,18.30857142857143,0.2914285714285718,-0.3999999999999986,False,0.0,평시,완도
2021-05-18,18.2,18.425714285714285,-0.22571428571428598,-0.40000000000000213,False,0.0,평시,완도
2021-05-19,18.7,18.561764705882357,0.13823529411764213,0.5,False,0.0,평시,완도
2021-05-20,18.9,18.736363636363635,0.16363636363636402,0.1999999999999993,False,0.0,평시,완도
2021-05-21,18.6,18.896875,-0.296875,-0.29999999999999716,False,0.0,평시,완도
2021-05-22,,19.09677419354839,,,False,,판정불가,완도
2021-05-23,,19.28333333333334,,,False,,판정불가,완도
2021-05-24,,19.44827586206896,,,False,,판정불가,완도
2021-05-25,,19.61785714285714,,,False,,판정불가,완도
2021-05-26,,19.77142857142857,,,False,,판정불가,완도
2021-05-27,,19.892857142857142,,,False,,판정불가,완도
2021-05-28,,20.032142857142855,,,False,,판정불가,완도
2021-05-29,,20.148275862068967,,,False,,판정불가,완도
2021-05-30,,20.256666666666668,,,False,,판정불가,완도
2021-05-31,,20.358064516129033,,,False,,판정불가,완도
2021-06-01,20.9,20.45625,0.44374999999999787,,False,0.0,평시,완도
2021-06-02,21.2,20.509090909090908,0.6909090909090914,0.3000000000000007,False,0.0,평시,완도
2021-06-03,21.1,20.576470588235296,0.5235294117647058,-0.09999999999999787,False,0.0,평시,완도
2021-06-04,20.9,20.659999999999997,0.240000000000002,-0.20000000000000284,False,0.0,평시,완도
2021-06-05,20.7,20.76857142857143,-0.06857142857143117,-0.1999999999999993,False,0.0,평시,완도
2021-06-06,21.0,20.9,0.10000000000000142,0.3000000000000007,False,0.0,평시,완도
2021-06-07,21.5,21.04857142857143,0.4514285714285684,0.5,False,0.0,평시,완도
2021-06-08,22.2,21.21714285714286,0.9828571428571387,0.6999999999999993,False,0.0,평시,완도
2021-06-09,22.6,21.42571428571429,1.1742857142857126,0.40000000000000213,False,0.0,평시,완도
2021-06-10,22.4,21.63142857142857,0.7685714285714269,-0.20000000000000284,False,0.0,평시,완도
2021-06-11,22.5,21.814285714285717,0.6857142857142833,0.10000000000000142,False,0.0,평시,완도
2021-06-12,22.6,21.965714285714288,0.6342857142857135,0.10000000000000142,False,0.0,평시,완도
2021-06-13,22.8,22.08,0.7200000000000024,0.1999999999999993,False,0.0,평시,완도
2021-06-14,22.9,22.15714285714286,0.7428571428571402,0.09999999999999787,False,0.0,평시,완도
2021-06-15,22.5,22.21142857142857,0.28857142857143003,-0.3999999999999986,False,0.0,평시,완도
2021-06-16,22.4,22.285714285714285,0.11428571428571388,-0.10000000000000142,False,0.0,평시,완도
2021-06-17,22.6,22.374285714285712,0.22571428571428953,0.20000000000000284,False,0.0,평시,완도
2021-06-18,22.5,22.47714285714286,0.022857142857141355,-0.10000000000000142,False,0.0,평시,완도
2021-06-19,22.6,22.585714285714285,0.014285714285716011,0.10000000000000142,False,0.0,평시,완도
2021-06-20,22.7,22.702857142857145,-0.002857142857145334,0.09999999999999787,False,0.0,평시,완도
2021-06-21,23.1,22.83142857142857,0.26857142857143046,0.40000000000000213,False,0.0,평시,완도
2021-06-22,23.4,22.919999999999998,0.4800000000000004,0.29999999999999716,False,0.0,평시,완도
2021-06-23,23.4,22.98857142857143,0.41142857142856926,0.0,False,0.0,평시,완도
2021-06-24,23.3,23.057142857142853,0.24285714285714732,-0.09999999999999787,False,0.0,평시,완도
2021-06-25,23.3,23.12857142857143,0.17142857142857082,0.0,False,0.0,평시,완도
2021-06-26,23.6,23.225714285714286,0.37428571428571544,0.3000000000000007,False,0.0,평시,완도
2021-06-27,23.8,23.33142857142857,0.46857142857142975,0.1999999999999993,False,0.0,평시,완도
2021-06-28,24.1,23.474285714285713,0.6257142857142881,0.3000000000000007,False,0.0,평시,완도
2021-06-29,24.2,23.71428571428571,0.48571428571428754,0.09999999999999787,False,0.0,평시,완도
2021-06-30,24.3,23.939999999999998,0.360000000000003,0.10000000000000142,False,0.0,평시,완도
2021-07-01,24.7,24.137142857142855,0.562857142857144,0.3999999999999986,False,0.0,평시,완도
2021-07-02,24.9,24.319999999999997,0.5800000000000018,0.1999999999999993,False,0.0,평시,완도
2021-07-03,24.8,24.48285714285714,0.31714285714286206,-0.09999999999999787,False,0.0,평시,완도
2021-07-04,24.6,24.62285714285714,-0.022857142857137802,-0.1999999999999993,False,0.0,평시,완도
2021-07-05,23.9,24.705714285714283,-0.8057142857142843,-0.7000000000000028,False,0.0,평시,완도
2021-07-06,23.6,24.697142857142858,-1.097142857142856,-0.29999999999999716,False,0.0,평시,완도
2021-07-07,24.0,24.685714285714287,-0.6857142857142868,0.3999999999999986,False,0.0,평시,완도
2021-07-08,24.3,24.677142857142858,-0.3771428571428572,0.3000000000000007,False,0.0,평시,완도
2021-07-09,24.1,24.66,-0.5599999999999987,-0.1999999999999993,False,0.0,평시,완도
2021-07-10,24.0,24.614285714285714,-0.6142857142857139,-0.10000000000000142,False,0.0,평시,완도
2021-07-11,24.1,24.57428571428571,-0.47428571428570976,0.10000000000000142,False,0.0,평시,완도
2021-07-12,24.3,24.531428571428574,-0.2314285714285731,0.1999999999999993,False,0.0,평시,완도
2021-07-13,24.7,24.502857142857142,0.1971428571428575,0.3999999999999986,False,0.0,평시,완도
2021-07-14,25.1,24.49428571428572,0.6057142857142814,0.40000000000000213,False,0.0,평시,완도
2021-07-15,25.3,24.49142857142857,0.8085714285714296,0.1999999999999993,False,0.0,평시,완도
2021-07-16,25.8,24.5,1.3000000000000007,0.5,False,0.0,평시,완도
2021-07-17,26.1,24.565714285714286,1.5342857142857156,0.3000000000000007,False,0.0,평시,완도
2021-07-18,26.1,24.665714285714284,1.4342857142857177,0.0,False,0.0,평시,완도
2021-07-19,26.3,24.794285714285714,1.5057142857142871,0.1999999999999993,False,0.0,평시,완도
2021-07-20,26.4,24.93142857142857,1.4685714285714297,0.09999999999999787,False,0.0,평시,완도
2021-07-21,26.5,25.06571428571429,1.4342857142857106,0.10000000000000142,False,0.0,평시,완도
2021-07-22,26.8,25.208571428571428,1.5914285714285725,0.3000000000000007,False,0.0,평시,완도
2021-07-23,26.9,25.388571428571428,1.5114285714285707,0.09999999999999787,False,0.0,평시,완도
2021-07-24,26.9,25.59714285714286,1.302857142857139,0.0,False,0.0,평시,완도
2021-07-25,26.7,25.802857142857142,0.8971428571428568,-0.1999999999999993,False,0.0,평시,완도
2021-07-26,26.7,26.017142857142858,0.6828571428571415,0.0,False,0.0,평시,완도
2021-07-27,27.0,26.222857142857137,0.7771428571428629,0.3000000000000007,False,0.0,평시,완도
2021-07-28,27.6,26.431428571428572,1.168571428571429,0.6000000000000014,False,0.0,평시,완도
2021-07-29,27.9,26.657142857142855,1.2428571428571438,0.29999999999999716,False,0.0,평시,완도
2021-07-30,28.1,26.86285714285714,1.2371428571428602,0.20000000000000284,False,2.0,주의보,완도
2021-07-31,28.5,27.00857142857143,1.491428571428571,0.3999999999999986,False,2.0,주의보,완도
2021-08-01,28.7,27.122857142857146,1.577142857142853,0.1999999999999993,True,3.0,경보,완도
2021-08-02,29.0,27.245714285714286,1.7542857142857144,0.3000000000000007,True,3.0,경보,완도
2021-08-03,28.9,27.380000000000003,1.519999999999996,-0.10000000000000142,True,3.0,경보,완도
2021-08-04,29.0,27.494285714285716,1.5057142857142836,0.10000000000000142,True,3.0,경보,완도
2021-08-05,29.1,27.56285714285714,1.537142857142861,0.10000000000000142,True,3.0,경보,완도
2021-08-06,29.3,27.568571428571428,1.731428571428573,0.1999999999999993,True,3.0,경보,완도
2021-08-07,29.1,27.528571428571425,1.5714285714285765,-0.1999999999999993,True,3.0,경보,완도
2021-08-08,28.6,27.419999999999998,1.1800000000000033,-0.5,True,3.0,경보,완도
2021-08-09,28.2,27.274285714285718,0.9257142857142817,-0.40000000000000213,True,3.0,경보,완도
2021-08-10,28.0,27.120000000000005,0.8799999999999955,-0.1999999999999993,True,3.0,경보,완도
2021-08-11,27.9,26.98571428571429,0.9142857142857075,-0.10000000000000142,False,0.0,평시,완도
2021-08-12,27.5,26.900000000000002,0.5999999999999979,-0.3999999999999986,False,0.0,평시,완도
2021-08-13,27.2,26.825714285714287,0.3742857142857119,-0.3000000000000007,False,0.0,평시,완도
2021-08-14,26.7,26.782857142857143,-0.08285714285714363,-0.5,False,0.0,평시,완도
2021-08-15,26.5,26.834285714285716,-0.3342857142857163,-0.1999999999999993,False,0.0,평시,완도
2021-08-16,26.5,26.88529411764706,-0.3852941176470601,0.0,False,0.0,평시,완도
2021-08-17,26.5,26.933333333333334,-0.43333333333333357,0.0,False,0.0,평시,완도
2021-08-18,26.8,26.95625,-0.15625,0.3000000000000007,False,0.0,평시,완도
2021-08-19,26.8,26.996875,-0.19687499999999858,0.0,False,0.0,평시,완도
2021-08-20,27.0,27.046875,-0.046875,0.1999999999999993,False,0.0,평시,완도
2021-08-21,26.6,27.08125,-0.4812499999999993,-0.3999999999999986,False,0.0,평시,완도
2021-08-22,26.5,27.053125,-0.5531250000000014,-0.10000000000000142,False,0.0,평시,완도
2021-08-23,26.6,27.027272727272727,-0.4272727272727259,0.10000000000000142,False,0.0,평시,완도
2021-08-24,26.6,27.014705882352942,-0.4147058823529406,0.0,False,0.0,평시,완도
2021-08-25,26.3,26.98857142857143,-0.6885714285714286,-0.3000000000000007,False,0.0,평시,완도
2021-08-26,26.6,26.90857142857143,-0.3085714285714296,0.3000000000000007,False,0.0,평시,완도
2021-08-27,27.0,26.834285714285716,0.1657142857142837,0.3999999999999986,False,0.0,평시,완도
2021-08-28,26.8,26.794285714285717,0.005714285714283562,-0.1999999999999993,False,0.0,평시,완도
2021-08-29,27.0,26.765714285714285,0.23428571428571487,0.1999999999999993,False,0.0,평시,완도
2021-08-30,27.0,26.7,0.3000000000000007,0.0,False,0.0,평시,완도
2021-08-31,27.4,26.711764705882352,0.6882352941176464,0.3999999999999986,False,0.0,평시,완도
2021-09-01,27.3,26.751515151515154,0.548484848484847,-0.09999999999999787,False,0.0,평시,완도
2021-09-02,26.2,26.784374999999997,-0.5843749999999979,-1.1000000000000014,False,0.0,평시,완도
2021-09-03,25.8,26.796774193548384,-0.9967741935483829,-0.3999999999999986,False,0.0,평시,완도
2021-09-04,25.7,26.783333333333328,-1.0833333333333286,-0.10000000000000142,False,0.0,평시,완도
2021-09-05,25.2,26.75862068965517,-1.5586206896551715,-0.5,False,0.0,평시,완도
2021-09-06,24.2,26.848148148148145,-2.6481481481481453,-1.0,False,0.0,평시,완도
2021-09-07,24.3,26.823076923076922,-2.523076923076921,0.10000000000000142,False,0.0,평시,완도
2021-09-08,24.4,26.792,-2.392000000000003,0.09999999999999787,False,0.0,평시,완도
2021-09-09,,26.76666666666667,,,False,,판정불가,완도
2021-09-10,,26.817391304347826,,,False,,판정불가,완도
2021-09-11,,26.872727272727275,,,False,,판정불가,완도
2021-09-12,,26.97619047619048,,,False,,판정불가,완도
2021-09-13,,27.0,,,False,,판정불가,완도
2021-09-14,,27.04285714285714,,,False,,판정불가,완도
2021-09-15,,27.057142857142853,,,False,,판정불가,완도
2021-09-16,,27.095238095238095,,,False,,판정불가,완도
2021-09-17,,26.931818181818183,,,False,,판정불가,완도
2021-09-18,,26.708695652173912,,,False,,판정불가,완도
2021-09-19,,26.425,,,False,,판정불가,완도
2021-09-20,,26.12,,,False,,판정불가,완도
2021-09-21,,25.718518518518515,,,False,,판정불가,완도
2021-09-22,,25.348275862068967,,,False,,판정불가,완도
2021-09-23,,25.032258064516125,,,False,,판정불가,완도
2021-09-24,24.6,24.815625,-0.2156249999999993,,False,0.0,평시,완도
2021-09-25,24.3,24.684848484848487,-0.38484848484848655,-0.3000000000000007,False,0.0,평시,완도
2021-09-26,24.1,24.61176470588235,-0.5117647058823493,-0.1999999999999993,False,0.0,평시,완도
2021-09-27,24.0,24.545714285714286,-0.5457142857142863,-0.10000000000000142,False,0.0,평시,완도
2021-09-28,24.1,24.52,-0.41999999999999815,0.10000000000000142,False,0.0,평시,완도
2021-09-29,24.0,24.474285714285713,-0.4742857142857133,-0.10000000000000142,False,0.0,평시,완도
2021-09-30,24.2,24.37142857142857,-0.17142857142857082,0.1999999999999993,False,0.0,평시,완도
2021-10-01,24.4,24.23428571428571,0.16571428571428726,0.1999999999999993,False,0.0,평시,완도
2021-10-02,24.5,24.060000000000002,0.4399999999999977,0.10000000000000142,False,0.0,평시,완도
2021-10-03,24.8,23.845714285714287,0.9542857142857137,0.3000000000000007,False,0.0,평시,완도
2021-10-04,25.1,23.608571428571427,1.4914285714285747,0.3000000000000007,False,0.0,평시,완도
2021-10-05,25.3,23.345714285714287,1.9542857142857137,0.1999999999999993,False,0.0,평시,완도
2021-10-06,25.3,23.1,2.1999999999999993,0.0,False,2.0,주의보,완도
2021-10-07,25.2,22.88285714285714,2.3171428571428585,-0.10000000000000142,False,2.0,주의보,완도
2021-10-08,25.2,22.665714285714287,2.534285714285712,0.0,False,2.0,주의보,완도
2021-10-09,24.9,22.465714285714288,2.4342857142857106,-0.3000000000000007,False,2.0,주의보,완도
2021-10-10,24.9,22.30857142857143,2.591428571428569,0.0,False,2.0,주의보,완도
2021-10-11,24.4,22.211428571428574,2.188571428571425,-0.5,False,2.0,주의보,완도
2021-10-12,23.8,22.142857142857142,1.6571428571428584,-0.5999999999999979,False,0.0,평시,완도
2021-10-13,23.1,22.097142857142856,1.0028571428571453,-0.6999999999999993,False,0.0,평시,완도
2021-10-14,23.1,21.98,1.120000000000001,0.0,False,0.0,평시,완도
2021-10-15,23.2,21.791428571428572,1.4085714285714275,0.09999999999999787,False,0.0,평시,완도
2021-10-16,22.8,21.574285714285715,1.225714285714286,-0.3999999999999986,False,0.0,평시,완도
2021-10-17,20.7,21.271428571428572,-0.571428571428573,-2.1000000000000014,False,0.0,평시,완도
2021-10-18,19.4,20.87142857142857,-1.4714285714285715,-1.3000000000000007,False,0.0,평시,완도
2021-10-19,19.4,20.46857142857143,-1.0685714285714312,0.0,False,0.0,평시,완도
2021-10-20,19.1,20.06857142857143,-0.9685714285714297,-0.29999999999999716,False,0.0,평시,완도
2021-10-21,18.8,19.731428571428573,-0.9314285714285724,-0.3000000000000007,False,0.0,평시,완도
2021-10-22,18.6,19.468571428571426,-0.8685714285714248,-0.1999999999999993,False,0.0,평시,완도
2021-10-23,18.4,19.242857142857144,-0.8428571428571452,-0.20000000000000284,False,0.0,평시,완도
2021-10-24,18.5,19.097142857142856,-0.5971428571428561,0.10000000000000142,False,0.0,평시,완도
2021-10-25,18.6,18.99142857142857,-0.3914285714285697,0.10000000000000142,False,0.0,평시,완도
2021-10-26,18.6,18.874285714285712,-0.27428571428571047,0.0,False,0.0,평시,완도
2021-10-27,18.5,18.75142857142857,-0.2514285714285691,-0.10000000000000142,False,0.0,평시,완도
2021-10-28,18.2,18.645714285714284,-0.44571428571428484,-0.3000000000000007,False,0.0,평시,완도
2021-10-29,18.1,18.554285714285715,-0.45428571428571374,-0.09999999999999787,False,0.0,평시,완도
2021-10-30,17.8,18.45142857142857,-0.6514285714285677,-0.3000000000000007,False,0.0,평시,완도
2021-10-31,17.6,18.337142857142855,-0.7371428571428531,-0.1999999999999993,False,0.0,평시,완도
2021-11-01,17.8,18.27142857142857,-0.471428571428568,0.1999999999999993,False,0.0,평시,완도
2021-11-02,17.6,18.20857142857143,-0.6085714285714303,-0.1999999999999993,False,0.0,평시,완도
2021-11-03,17.4,18.12857142857143,-0.7285714285714313,-0.20000000000000284,False,0.0,평시,완도
2021-11-04,17.7,18.002857142857142,-0.3028571428571425,0.3000000000000007,False,0.0,평시,완도
2021-11-05,17.7,17.837142857142858,-0.1371428571428588,0.0,False,0.0,평시,완도
2021-11-06,17.7,17.642857142857142,0.05714285714285694,0.0,False,0.0,평시,완도
2021-11-07,17.8,17.425714285714285,0.37428571428571544,0.10000000000000142,False,0.0,평시,완도
2021-11-08,17.3,17.13714285714286,0.16285714285714192,-0.5,False,0.0,평시,완도
2021-11-09,16.2,16.825714285714284,-0.6257142857142846,-1.1000000000000014,False,0.0,평시,완도
2021-11-10,15.3,16.505714285714287,-1.2057142857142864,-0.8999999999999986,False,0.0,평시,완도
2021-11-11,14.8,16.217142857142854,-1.4171428571428528,-0.5,False,0.0,평시,완도
2021-11-12,14.3,15.974285714285712,-1.6742857142857108,-0.5,False,0.0,평시,완도
2021-11-13,14.0,15.768571428571429,-1.7685714285714287,-0.3000000000000007,False,0.0,평시,완도
2021-11-14,14.0,15.571428571428571,-1.5714285714285712,0.0,False,0.0,평시,완도
2021-11-15,14.4,15.334285714285713,-0.9342857142857124,0.40000000000000036,False,0.0,평시,완도
2021-11-16,14.6,15.094285714285713,-0.4942857142857129,0.1999999999999993,False,0.0,평시,완도
2021-11-17,14.5,14.90285714285714,-0.40285714285714036,-0.09999999999999964,False,0.0,평시,완도
2021-11-18,14.6,14.737142857142857,-0.137142857142857,0.09999999999999964,False,0.0,평시,완도
2021-11-19,14.6,14.557142857142855,0.04285714285714448,0.0,False,0.0,평시,완도
2021-11-20,14.8,14.360000000000001,0.4399999999999995,0.20000000000000107,False,0.0,평시,완도
2021-11-21,14.8,14.148571428571428,0.651428571428573,0.0,False,0.0,평시,완도
2021-11-22,14.4,14.000000000000002,0.3999999999999986,-0.40000000000000036,False,0.0,평시,완도
2021-11-23,13.4,13.868571428571428,-0.468571428571428,-1.0,False,0.0,평시,완도
2021-11-24,12.7,13.682857142857141,-0.9828571428571422,-0.7000000000000011,False,0.0,평시,완도
2021-11-25,12.5,13.471428571428572,-0.9714285714285715,-0.1999999999999993,False,0.0,평시,완도
2021-11-26,12.4,13.245714285714286,-0.8457142857142852,-0.09999999999999964,False,0.0,평시,완도
2021-11-27,12.2,12.994285714285716,-0.7942857142857171,-0.20000000000000107,False,0.0,평시,완도
2021-11-28,11.9,12.72,-0.8200000000000003,-0.29999999999999893,False,0.0,평시,완도
2021-11-29,11.8,12.434285714285716,-0.6342857142857152,-0.09999999999999964,False,0.0,평시,완도
2021-11-30,12.0,12.151428571428571,-0.15142857142857125,0.1999999999999993,False,0.0,평시,완도
2021-12-01,11.5,11.882857142857143,-0.38285714285714256,-0.5,False,0.0,평시,완도
2021-12-02,11.0,11.61142857142857,-0.6114285714285703,-0.5,False,0.0,평시,완도
2021-12-03,11.1,11.342857142857143,-0.24285714285714377,0.09999999999999964,False,0.0,평시,완도
2021-12-04,11.1,11.13142857142857,-0.03142857142857025,0.0,False,0.0,평시,완도
2021-12-05,11.3,10.991428571428571,0.3085714285714296,0.20000000000000107,False,0.0,평시,완도
2021-12-06,11.5,10.914285714285713,0.5857142857142872,0.1999999999999993,False,0.0,평시,완도
2021-12-07,11.7,10.871428571428572,0.8285714285714274,0.1999999999999993,False,0.0,평시,완도
2021-12-08,11.6,10.871428571428572,0.7285714285714278,-0.09999999999999964,False,0.0,평시,완도
2021-12-09,11.6,10.862857142857145,0.7371428571428549,0.0,False,0.0,평시,완도
2021-12-10,11.7,10.831428571428573,0.8685714285714266,0.09999999999999964,False,0.0,평시,완도
2021-12-11,11.7,10.728571428571428,0.9714285714285715,0.0,False,0.0,평시,완도
2021-12-12,11.4,10.608571428571429,0.7914285714285718,-0.29999999999999893,False,0.0,평시,완도
2021-12-13,10.7,10.46,0.23999999999999844,-0.7000000000000011,False,0.0,평시,완도
2021-12-14,9.9,10.254285714285714,-0.3542857142857141,-0.7999999999999989,False,0.0,평시,완도
2021-12-15,9.9,9.942857142857145,-0.04285714285714448,0.0,False,0.0,평시,완도
2021-12-16,10.0,9.634285714285713,0.36571428571428655,0.09999999999999964,False,0.0,평시,완도
2021-12-17,9.7,9.368571428571428,0.33142857142857096,-0.3000000000000007,False,0.0,평시,완도
2021-12-18,8.8,9.16285714285714,-0.36285714285713944,-0.8999999999999986,False,0.0,평시,완도
2021-12-19,8.7,8.922857142857142,-0.22285714285714242,-0.10000000000000142,False,0.0,평시,완도
2021-12-20,8.8,8.64857142857143,0.15142857142857125,0.10000000000000142,False,0.0,평시,완도
2021-12-21,9.3,8.414285714285715,0.8857142857142861,0.5,False,0.0,평시,완도
2021-12-22,9.6,8.234285714285713,1.3657142857142865,0.29999999999999893,False,0.0,평시,완도
2021-12-23,9.7,8.048571428571428,1.6514285714285712,0.09999999999999964,False,0.0,평시,완도
2021-12-24,9.6,7.8428571428571425,1.7571428571428571,-0.09999999999999964,False,0.0,평시,완도
2021-12-25,8.8,7.637142857142858,1.1628571428571428,-0.7999999999999989,False,0.0,평시,완도
2021-12-26,7.5,7.491428571428571,0.008571428571428896,-1.3000000000000007,False,0.0,평시,완도
2021-12-27,6.8,7.422857142857142,-0.6228571428571419,-0.7000000000000002,False,0.0,평시,완도
2021-12-28,6.6,7.354285714285713,-0.7542857142857136,-0.20000000000000018,False,0.0,평시,완도
2021-12-29,6.7,7.272222222222221,-0.5722222222222211,0.10000000000000053,False,0.0,평시,완도
2021-12-30,6.8,7.277777777777778,-0.47777777777777786,0.09999999999999964,False,0.0,평시,완도
2021-12-31,6.7,7.302777777777779,-0.6027777777777787,-0.09999999999999964,False,0.0,평시,완도
2022-01-01,6.2,7.336111111111112,-1.136111111111112,-0.5,False,0.0,평시,완도
2022-01-02,6.7,7.358333333333334,-0.6583333333333341,0.5,False,0.0,평시,완도
2022-01-03,7.0,7.352777777777779,-0.35277777777777874,0.2999999999999998,False,0.0,평시,완도
2022-01-04,7.4,7.322222222222223,0.0777777777777775,0.40000000000000036,False,0.0,평시,완도
2022-01-05,7.6,7.297142857142857,0.3028571428571425,0.1999999999999993,False,0.0,평시,완도
2022-01-06,7.7,7.1885714285714295,0.5114285714285707,0.10000000000000053,False,0.0,평시,완도
2022-01-07,7.4,7.054285714285714,0.3457142857142861,-0.2999999999999998,False,0.0,평시,완도
2022-01-08,7.4,6.914285714285715,0.48571428571428577,0.0,False,0.0,평시,완도
2022-01-09,7.4,6.8028571428571425,0.5971428571428579,0.0,False,0.0,평시,완도
2022-01-10,7.1,6.765714285714286,0.33428571428571363,-0.3000000000000007,False,0.0,평시,완도
2022-01-11,6.7,6.811428571428571,-0.11142857142857121,-0.39999999999999947,False,0.0,평시,완도
2022-01-12,6.3,6.917142857142857,-0.6171428571428574,-0.40000000000000036,False,0.0,평시,완도
2022-01-13,6.0,7.031428571428571,-1.0314285714285711,-0.2999999999999998,False,0.0,평시,완도
2022-01-14,5.7,7.145714285714285,-1.4457142857142848,-0.2999999999999998,False,0.0,평시,완도
2022-01-15,5.6,7.234285714285715,-1.6342857142857152,-0.10000000000000053,False,0.0,평시,완도
2022-01-16,5.8,7.288571428571429,-1.4885714285714293,0.20000000000000018,False,0.0,평시,완도
2022-01-17,5.7,7.268571428571429,-1.5685714285714285,-0.09999999999999964,False,0.0,평시,완도
2022-01-18,5.7,7.194285714285714,-1.4942857142857138,0.0,False,0.0,평시,완도
2022-01-19,5.8,7.1171428571428565,-1.3171428571428567,0.09999999999999964,False,0.0,평시,완도
2022-01-20,6.0,7.0771428571428565,-1.0771428571428565,0.20000000000000018,False,0.0,평시,완도
2022-01-21,6.0,7.034285714285714,-1.0342857142857138,0.0,False,0.0,평시,완도
2022-01-22,6.5,6.999999999999999,-0.4999999999999991,0.5,False,0.0,평시,완도
2022-01-23,7.1,6.991428571428571,0.10857142857142854,0.5999999999999996,False,0.0,평시,완도
2022-01-24,7.4,7.0,0.40000000000000036,0.3000000000000007,False,0.0,평시,완도
2022-01-25,7.6,6.991428571428572,0.6085714285714277,0.1999999999999993,False,0.0,평시,완도
2022-01-26,7.4,6.931428571428572,0.468571428571428,-0.1999999999999993,False,0.0,평시,완도
2022-01-27,7.4,6.851428571428571,0.5485714285714289,0.0,False,0.0,평시,완도
2022-01-28,7.2,6.828571428571428,0.3714285714285719,-0.20000000000000018,False,0.0,평시,완도
2022-01-29,6.8,6.8742857142857146,-0.07428571428571473,-0.40000000000000036,False,0.0,평시,완도
2022-01-30,6.5,6.897142857142858,-0.3971428571428577,-0.2999999999999998,False,0.0,평시,완도
2022-01-31,6.3,6.897142857142858,-0.5971428571428579,-0.20000000000000018,False,0.0,평시,완도
2022-02-01,6.6,6.902857142857143,-0.3028571428571434,0.2999999999999998,False,0.0,평시,완도
2022-02-02,6.6,6.920000000000001,-0.3200000000000012,0.0,False,0.0,평시,완도
2022-02-03,6.7,6.917142857142858,-0.21714285714285797,0.10000000000000053,False,0.0,평시,완도
2022-02-04,6.6,6.897142857142858,-0.29714285714285804,-0.10000000000000053,False,0.0,평시,완도
2022-02-05,6.4,6.817142857142856,-0.4171428571428555,-0.1999999999999993,False,0.0,평시,완도
2022-02-06,6.2,6.722857142857143,-0.5228571428571431,-0.20000000000000018,False,0.0,평시,완도
2022-02-07,6.0,6.648571428571429,-0.6485714285714286,-0.20000000000000018,False,0.0,평시,완도
2022-02-08,5.8,6.6257142857142854,-0.8257142857142856,-0.20000000000000018,False,0.0,평시,완도
2022-02-09,5.9,6.691428571428573,-0.7914285714285727,0.10000000000000053,False,0.0,평시,완도
2022-02-10,6.0,6.8428571428571425,-0.8428571428571425,0.09999999999999964,False,0.0,평시,완도
2022-02-11,6.1,7.034285714285714,-0.9342857142857142,0.09999999999999964,False,0.0,평시,완도
2022-02-12,6.5,7.24,-0.7400000000000002,0.40000000000000036,False,0.0,평시,완도
2022-02-13,7.0,7.411428571428573,-0.4114285714285728,0.5,False,0.0,평시,완도
2022-02-14,7.3,7.54857142857143,-0.24857142857143,0.2999999999999998,False,0.0,평시,완도
2022-02-15,7.0,7.628571428571427,-0.6285714285714272,-0.2999999999999998,False,0.0,평시,완도
2022-02-16,6.3,7.682857142857144,-1.3828571428571443,-0.7000000000000002,False,0.0,평시,완도
2022-02-17,5.8,7.6571428571428575,-1.8571428571428577,-0.5,False,0.0,평시,완도
2022-02-18,5.8,7.594285714285714,-1.7942857142857145,0.0,False,0.0,평시,완도
2022-02-19,6.3,7.551428571428572,-1.2514285714285718,0.5,False,0.0,평시,완도
2022-02-20,5.9,7.5457142857142845,-1.6457142857142841,-0.39999999999999947,False,0.0,평시,완도
2022-02-21,5.9,7.545714285714286,-1.645714285714286,0.0,False,0.0,평시,완도
2022-02-22,6.0,7.565714285714286,-1.5657142857142858,0.09999999999999964,False,0.0,평시,완도
2022-02-23,5.9,7.5771428571428565,-1.6771428571428562,-0.09999999999999964,False,0.0,평시,완도
2022-02-24,5.6,7.648571428571429,-2.048571428571429,-0.3000000000000007,False,0.0,평시,완도
2022-02-25,5.7,7.754285714285714,-2.0542857142857134,0.10000000000000053,False,0.0,평시,완도
2022-02-26,6.2,7.927777777777779,-1.7277777777777787,0.5,False,0.0,평시,완도
2022-02-27,6.7,8.030555555555557,-1.3305555555555566,0.5,False,0.0,평시,완도
2022-02-28,6.8,8.15,-1.3500000000000005,0.09999999999999964,False,0.0,평시,완도
2022-03-01,7.3,8.286111111111111,-0.9861111111111116,0.5,False,0.0,평시,완도
2022-03-02,7.4,8.430555555555555,-1.030555555555555,0.10000000000000053,False,0.0,평시,완도
2022-03-03,7.6,8.569444444444445,-0.969444444444445,0.1999999999999993,False,0.0,평시,완도
2022-03-04,8.2,8.697222222222221,-0.4972222222222218,0.5999999999999996,False,0.0,평시,완도
2022-03-05,8.4,8.782857142857143,-0.38285714285714256,0.20000000000000107,False,0.0,평시,완도
2022-03-06,8.0,8.968571428571428,-0.968571428571428,-0.40000000000000036,False,0.0,평시,완도
2022-03-07,8.0,9.197142857142858,-1.1971428571428575,0.0,False,0.0,평시,완도
2022-03-08,8.2,9.459999999999999,-1.2599999999999998,0.1999999999999993,False,0.0,평시,완도
2022-03-09,8.7,9.731428571428571,-1.031428571428572,0.5,False,0.0,평시,완도
2022-03-10,9.4,9.98,-0.5800000000000001,0.7000000000000011,False,0.0,평시,완도
2022-03-11,10.1,10.208571428571426,-0.10857142857142676,0.6999999999999993,False,0.0,평시,완도
2022-03-12,11.2,10.44,0.7599999999999998,1.0999999999999996,False,0.0,평시,완도
2022-03-13,11.9,10.651428571428571,1.248571428571429,0.7000000000000011,False,0.0,평시,완도
2022-03-14,11.6,10.782857142857145,0.817142857142855,-0.3000000000000007,False,0.0,평시,완도
2022-03-15,11.1,10.845714285714287,0.25428571428571267,-0.5,False,0.0,평시,완도
2022-03-16,11.3,10.877142857142857,0.4228571428571435,0.20000000000000107,False,0.0,평시,완도
2022-03-17,11.0,10.894285714285715,0.10571428571428498,-0.3000000000000007,False,0.0,평시,완도
2022-03-18,10.3,10.9,-0.5999999999999996,-0.6999999999999993,False,0.0,평시,완도
2022-03-19,10.2,10.899999999999999,-0.6999999999999993,-0.10000000000000142,False,0.0,평시,완도
2022-03-20,9.8,10.95142857142857,-1.1514285714285695,-0.3999999999999986,False,0.0,평시,완도
2022-03-21,9.6,11.074285714285713,-1.4742857142857133,-0.20000000000000107,False,0.0,평시,완도
2022-03-22,9.9,11.257142857142858,-1.3571428571428577,0.3000000000000007,False,0.0,평시,완도
2022-03-23,10.3,11.482857142857142,-1.1828571428571415,0.40000000000000036,False,0.0,평시,완도
2022-03-24,10.5,11.711428571428572,-1.2114285714285717,0.1999999999999993,False,0.0,평시,완도
2022-03-25,11.3,11.897142857142857,-0.5971428571428561,0.8000000000000007,False,0.0,평시,완도
2022-03-26,12.4,12.037142857142857,0.362857142857143,1.0999999999999996,False,0.0,평시,완도
2022-03-27,12.1,12.13529411764706,-0.035294117647060474,-0.3000000000000007,False,0.0,평시,완도
2022-03-28,11.4,12.252941176470591,-0.8529411764705905,-0.6999999999999993,False,0.0,평시,완도
2022-03-29,11.2,12.350000000000003,-1.150000000000004,-0.20000000000000107,False,0.0,평시,완도
2022-03-30,,12.423529411764704,,,False,,판정불가,완도
2022-03-31,12.4,12.53235294117647,-0.13235294117646923,,False,0.0,평시,완도
2022-04-01,12.0,12.694117647058825,-0.6941176470588246,-0.40000000000000036,False,0.0,평시,완도
2022-04-02,12.1,12.918181818181818,-0.8181818181818183,0.09999999999999964,False,0.0,평시,완도
2022-04-03,12.1,13.090909090909092,-0.9909090909090921,0.0,False,0.0,평시,완도
2022-04-04,12.3,13.261290322580646,-0.9612903225806448,0.20000000000000107,False,0.0,평시,완도
2022-04-05,,13.431034482758621,,,False,,판정불가,완도
2022-04-06,,13.592592592592593,,,False,,판정불가,완도
2022-04-07,,13.764000000000001,,,False,,판정불가,완도
2022-04-08,,13.969565217391308,,,False,,판정불가,완도
2022-04-09,,14.109090909090911,,,False,,판정불가,완도
2022-04-10,,14.290476190476191,,,False,,판정불가,완도
2022-04-11,,14.414285714285716,,,False,,판정불가,완도
2022-04-12,,14.576190476190478,,,False,,판정불가,완도
2022-04-13,,14.766666666666667,,,False,,판정불가,완도
2022-04-14,,14.91428571428572,,,False,,판정불가,완도
2022-04-15,,15.052380952380956,,,False,,판정불가,완도
2022-04-16,,15.185714285714287,,,False,,판정불가,완도
2022-04-17,,15.328571428571427,,,False,,판정불가,완도
2022-04-18,,15.48181818181818,,,False,,판정불가,완도
2022-04-19,,15.617391304347823,,,False,,판정불가,완도
2022-04-20,,15.720833333333337,,,False,,판정불가,완도
2022-04-21,15.0,15.880769230769229,-0.8807692307692285,,False,0.0,평시,완도
2022-04-22,15.1,15.982142857142858,-0.882142857142858,0.09999999999999964,False,0.0,평시,완도
2022-04-23,15.9,16.07,-0.16999999999999993,0.8000000000000007,False,0.0,평시,완도
2022-04-24,16.9,16.109375,0.7906249999999986,0.9999999999999982,False,0.0,평시,완도
2022-04-25,17.2,16.209090909090907,0.9909090909090921,0.3000000000000007,False,0.0,평시,완도
2022-04-26,17.7,16.279411764705884,1.4205882352941153,0.5,False,0.0,평시,완도
2022-04-27,17.0,16.323529411764707,0.6764705882352935,-0.6999999999999993,False,0.0,평시,완도
2022-04-28,17.0,16.329411764705885,0.6705882352941153,0.0,False,0.0,평시,완도
2022-04-29,16.7,16.33823529411765,0.36176470588235077,-0.3000000000000007,False,0.0,평시,완도
2022-04-30,,16.36176470588235,,,False,,판정불가,완도
2022-05-01,16.2,16.42941176470588,-0.22941176470587976,,False,0.0,평시,완도
2022-05-02,15.9,16.491176470588233,-0.5911764705882323,-0.29999999999999893,False,0.0,평시,완도
2022-05-03,15.8,16.558823529411768,-0.7588235294117673,-0.09999999999999964,False,0.0,평시,완도
2022-05-04,16.2,16.65142857142857,-0.45142857142857196,0.3999999999999986,False,0.0,평시,완도
2022-05-05,16.7,16.74,-0.03999999999999915,0.5,False,0.0,평시,완도
2022-05-06,17.6,16.888571428571424,0.7114285714285771,0.9000000000000021,False,0.0,평시,완도
2022-05-07,18.4,17.042857142857144,1.357142857142854,0.7999999999999972,False,0.0,평시,완도
2022-05-08,17.6,17.171428571428574,0.42857142857142705,-0.7999999999999972,False,0.0,평시,완도
2022-05-09,18.0,17.28571428571429,0.7142857142857117,0.3999999999999986,False,0.0,평시,완도
2022-05-10,18.3,17.431428571428576,0.8685714285714248,0.3000000000000007,False,0.0,평시,완도
2022-05-11,18.3,17.58857142857143,0.71142857142857,0.0,False,0.0,평시,완도
2022-05-12,18.5,17.754285714285714,0.7457142857142856,0.1999999999999993,False,0.0,평시,완도
2022-05-13,18.4,17.86857142857143,0.5314285714285703,-0.10000000000000142,False,0.0,평시,완도
2022-05-14,17.9,17.965714285714288,-0.06571428571428939,-0.5,False,0.0,평시,완도
2022-05-15,17.4,18.065714285714286,-0.6657142857142873,-0.5,False,0.0,평시,완도
2022-05-16,17.2,18.182857142857145,-0.9828571428571458,-0.1999999999999993,False,0.0,평시,완도
2022-05-17,17.4,18.30857142857143,-0.908571428571431,0.1999999999999993,False,0.0,평시,완도
2022-05-18,17.7,18.425714285714285,-0.725714285714286,0.3000000000000007,False,0.0,평시,완도
2022-05-19,17.7,18.561764705882357,-0.8617647058823579,0.0,False,0.0,평시,완도
2022-05-20,17.7,18.736363636363635,-1.0363636363636353,0.0,False,0.0,평시,완도
2022-05-21,18.2,18.896875,-0.6968750000000021,0.5,False,0.0,평시,완도
2022-05-22,18.7,19.09677419354839,-0.39677419354839216,0.5,False,0.0,평시,완도
2022-05-23,19.0,19.28333333333334,-0.28333333333333854,0.3000000000000007,False,0.0,평시,완도
2022-05-24,19.2,19.44827586206896,-0.24827586206896157,0.1999999999999993,False,0.0,평시,완도
2022-05-25,19.8,19.61785714285714,0.1821428571428605,0.6000000000000014,False,0.0,평시,완도
2022-05-26,20.0,19.77142857142857,0.2285714285714313,0.1999999999999993,False,0.0,평시,완도
2022-05-27,19.7,19.892857142857142,-0.19285714285714306,-0.3000000000000007,False,0.0,평시,완도
2022-05-28,19.8,20.032142857142855,-0.2321428571428541,0.10000000000000142,False,0.0,평시,완도
2022-05-29,19.8,20.148275862068967,-0.34827586206896655,0.0,False,0.0,평시,완도
2022-05-30,19.7,20.256666666666668,-0.5566666666666684,-0.10000000000000142,False,0.0,평시,완도
2022-05-31,19.7,20.358064516129033,-0.6580645161290342,0.0,False,0.0,평시,완도
2022-06-01,19.8,20.45625,-0.65625,0.10000000000000142,False,0.0,평시,완도
2022-06-02,20.1,20.509090909090908,-0.4090909090909065,0.3000000000000007,False,0.0,평시,완도
2022-06-03,20.5,20.576470588235296,-0.07647058823529562,0.3999999999999986,False,0.0,평시,완도
2022-06-04,20.8,20.659999999999997,0.14000000000000412,0.3000000000000007,False,0.0,평시,완도
2022-06-05,20.6,20.76857142857143,-0.16857142857142904,-0.1999999999999993,False,0.0,평시,완도
2022-06-06,20.7,20.9,-0.1999999999999993,0.09999999999999787,False,0.0,평시,완도
2022-06-07,20.4,21.04857142857143,-0.648571428571433,-0.3000000000000007,False,0.0,평시,완도
2022-06-08,20.2,21.21714285714286,-1.0171428571428613,-0.1999999999999993,False,0.0,평시,완도
2022-06-09,20.6,21.42571428571429,-0.8257142857142874,0.40000000000000213,False,0.0,평시,완도
2022-06-10,21.0,21.63142857142857,-0.6314285714285717,0.3999999999999986,False,0.0,평시,완도
2022-06-11,21.3,21.814285714285717,-0.514285714285716,0.3000000000000007,False,0.0,평시,완도
2022-06-12,21.4,21.965714285714288,-0.5657142857142894,0.09999999999999787,False,0.0,평시,완도
2022-06-13,20.9,22.08,-1.1799999999999997,-0.5,False,0.0,평시,완도
2022-06-14,20.3,22.15714285714286,-1.8571428571428577,-0.5999999999999979,False,0.0,평시,완도
2022-06-15,20.1,22.21142857142857,-2.1114285714285685,-0.1999999999999993,False,0.0,평시,완도
2022-06-16,20.3,22.285714285714285,-1.985714285714284,0.1999999999999993,False,0.0,평시,완도
2022-06-17,20.6,22.374285714285712,-1.7742857142857105,0.3000000000000007,False,0.0,평시,완도
2022-06-18,21.0,22.47714285714286,-1.4771428571428586,0.3999999999999986,False,0.0,평시,완도
2022-06-19,21.5,22.585714285714285,-1.0857142857142854,0.5,False,0.0,평시,완도
2022-06-20,22.3,22.702857142857145,-0.4028571428571439,0.8000000000000007,False,0.0,평시,완도
2022-06-21,23.0,22.83142857142857,0.16857142857142904,0.6999999999999993,False,0.0,평시,완도
2022-06-22,23.6,22.919999999999998,0.6800000000000033,0.6000000000000014,False,0.0,평시,완도
2022-06-23,24.2,22.98857142857143,1.21142857142857,0.5999999999999979,False,0.0,평시,완도
2022-06-24,24.3,23.057142857142853,1.2428571428571473,0.10000000000000142,False,0.0,평시,완도
2022-06-25,23.7,23.12857142857143,0.5714285714285694,-0.6000000000000014,False,0.0,평시,완도
2022-06-26,24.0,23.225714285714286,0.774285714285714,0.3000000000000007,False,0.0,평시,완도
2022-06-27,24.5,23.33142857142857,1.168571428571429,0.5,False,0.0,평시,완도
2022-06-28,24.7,23.474285714285713,1.225714285714286,0.1999999999999993,False,0.0,평시,완도
2022-06-29,24.7,23.71428571428571,0.9857142857142875,0.0,False,0.0,평시,완도
2022-06-30,24.8,23.939999999999998,0.860000000000003,0.10000000000000142,False,0.0,평시,완도
2022-07-01,25.2,24.137142857142855,1.062857142857144,0.3999999999999986,False,0.0,평시,완도
2022-07-02,25.4,24.319999999999997,1.0800000000000018,0.1999999999999993,False,0.0,평시,완도
2022-07-03,25.4,24.48285714285714,0.9171428571428599,0.0,False,0.0,평시,완도
2022-07-04,25.8,24.62285714285714,1.1771428571428615,0.40000000000000213,False,0.0,평시,완도
2022-07-05,26.1,24.705714285714283,1.3942857142857186,0.3000000000000007,False,0.0,평시,완도
2022-07-06,26.2,24.697142857142858,1.5028571428571418,0.09999999999999787,False,0.0,평시,완도
2022-07-07,26.9,24.685714285714287,2.2142857142857117,0.6999999999999993,False,2.0,주의보,완도
2022-07-08,26.3,24.677142857142858,1.6228571428571428,-0.5999999999999979,False,0.0,평시,완도
2022-07-09,25.6,24.66,0.9400000000000013,-0.6999999999999993,False,0.0,평시,완도
2022-07-10,25.8,24.614285714285714,1.1857142857142868,0.1999999999999993,False,0.0,평시,완도
2022-07-11,26.2,24.57428571428571,1.625714285714288,0.3999999999999986,False,0.0,평시,완도
2022-07-12,25.8,24.531428571428574,1.268571428571427,-0.3999999999999986,False,0.0,평시,완도
2022-07-13,25.2,24.502857142857142,0.6971428571428575,-0.6000000000000014,False,0.0,평시,완도
2022-07-14,25.0,24.49428571428572,0.50571428571428,-0.1999999999999993,False,0.0,평시,완도
2022-07-15,24.9,24.49142857142857,0.4085714285714275,-0.10000000000000142,False,0.0,평시,완도
2022-07-16,24.7,24.5,0.1999999999999993,-0.1999999999999993,False,0.0,평시,완도
2022-07-17,24.2,24.565714285714286,-0.36571428571428655,-0.5,False,0.0,평시,완도
2022-07-18,23.8,24.665714285714284,-0.865714285714283,-0.3999999999999986,False,0.0,평시,완도
2022-07-19,23.8,24.794285714285714,-0.9942857142857129,0.0,False,0.0,평시,완도
2022-07-20,24.1,24.93142857142857,-0.8314285714285674,0.3000000000000007,False,0.0,평시,완도
2022-07-21,24.7,25.06571428571429,-0.3657142857142901,0.5999999999999979,False,0.0,평시,완도
2022-07-22,24.2,25.208571428571428,-1.008571428571429,-0.5,False,0.0,평시,완도
2022-07-23,24.5,25.388571428571428,-0.8885714285714279,0.3000000000000007,False,0.0,평시,완도
2022-07-24,24.9,25.59714285714286,-0.6971428571428611,0.3999999999999986,False,0.0,평시,완도
2022-07-25,24.7,25.802857142857142,-1.1028571428571432,-0.1999999999999993,False,0.0,평시,완도
2022-07-26,25.1,26.017142857142858,-0.9171428571428564,0.40000000000000213,False,0.0,평시,완도
2022-07-27,25.6,26.222857142857137,-0.6228571428571357,0.5,False,0.0,평시,완도
2022-07-28,25.8,26.431428571428572,-0.6314285714285717,0.1999999999999993,False,0.0,평시,완도
2022-07-29,26.0,26.657142857142855,-0.6571428571428548,0.1999999999999993,False,0.0,평시,완도
2022-07-30,25.7,26.86285714285714,-1.162857142857142,-0.3000000000000007,False,0.0,평시,완도
2022-07-31,25.3,27.00857142857143,-1.7085714285714282,-0.3999999999999986,False,0.0,평시,완도
2022-08-01,25.4,27.122857142857146,-1.7228571428571477,0.09999999999999787,False,0.0,평시,완도
2022-08-02,25.6,27.245714285714286,-1.6457142857142841,0.20000000000000284,False,0.0,평시,완도
2022-08-03,25.8,27.380000000000003,-1.5800000000000018,0.1999999999999993,False,0.0,평시,완도
2022-08-04,26.3,27.494285714285716,-1.1942857142857157,0.5,False,0.0,평시,완도
2022-08-05,26.8,27.56285714285714,-0.7628571428571398,0.5,False,0.0,평시,완도
2022-08-06,27.0,27.568571428571428,-0.5685714285714276,0.1999999999999993,False,0.0,평시,완도
2022-08-07,27.6,27.528571428571425,0.0714285714285765,0.6000000000000014,False,0.0,평시,완도
2022-08-08,27.9,27.419999999999998,0.4800000000000004,0.29999999999999716,False,0.0,평시,완도
2022-08-09,27.5,27.274285714285718,0.22571428571428243,-0.3999999999999986,False,0.0,평시,완도
2022-08-10,27.1,27.120000000000005,-0.020000000000003126,-0.3999999999999986,False,0.0,평시,완도
2022-08-11,26.3,26.98571428571429,-0.6857142857142904,-0.8000000000000007,False,0.0,평시,완도
2022-08-12,25.9,26.900000000000002,-1.0000000000000036,-0.40000000000000213,False,0.0,평시,완도
2022-08-13,25.7,26.825714285714287,-1.125714285714288,-0.1999999999999993,False,0.0,평시,완도
2022-08-14,25.7,26.782857142857143,-1.0828571428571436,0.0,False,0.0,평시,완도
2022-08-15,25.6,26.834285714285716,-1.2342857142857149,-0.09999999999999787,False,0.0,평시,완도
2022-08-16,25.0,26.88529411764706,-1.8852941176470601,-0.6000000000000014,False,0.0,평시,완도
2022-08-17,24.6,26.933333333333334,-2.333333333333332,-0.3999999999999986,False,0.0,평시,완도
2022-08-18,24.8,26.95625,-2.15625,0.1999999999999993,False,0.0,평시,완도
2022-08-19,25.6,26.996875,-1.3968749999999979,0.8000000000000007,False,0.0,평시,완도
2022-08-20,25.3,27.046875,-1.7468749999999993,-0.3000000000000007,False,0.0,평시,완도
2022-08-21,25.4,27.08125,-1.6812500000000021,0.09999999999999787,False,0.0,평시,완도
2022-08-22,26.3,27.053125,-0.7531250000000007,0.9000000000000021,False,0.0,평시,완도
2022-08-23,26.2,27.027272727272727,-0.827272727272728,-0.10000000000000142,False,0.0,평시,완도
2022-08-24,25.7,27.014705882352942,-1.3147058823529427,-0.5,False,0.0,평시,완도
2022-08-25,25.4,26.98857142857143,-1.5885714285714307,-0.3000000000000007,False,0.0,평시,완도
2022-08-26,24.8,26.90857142857143,-2.1085714285714303,-0.5999999999999979,False,0.0,평시,완도
2022-08-27,24.4,26.834285714285716,-2.4342857142857177,-0.40000000000000213,False,0.0,평시,완도
2022-08-28,23.5,26.794285714285717,-3.294285714285717,-0.8999999999999986,False,0.0,평시,완도
2022-08-29,23.1,26.765714285714285,-3.6657142857142837,-0.3999999999999986,False,0.0,평시,완도
2022-08-30,23.3,26.7,-3.3999999999999986,0.1999999999999993,False,0.0,평시,완도
2022-08-31,23.5,26.711764705882352,-3.211764705882352,0.1999999999999993,False,0.0,평시,완도
2022-09-01,23.0,26.751515151515154,-3.7515151515151537,-0.5,False,0.0,평시,완도
2022-09-02,22.3,26.784374999999997,-4.4843749999999964,-0.6999999999999993,False,0.0,평시,완도
2022-09-03,,26.796774193548384,,,False,,판정불가,완도
2022-09-04,,26.783333333333328,,,False,,판정불가,완도
2022-09-05,,26.75862068965517,,,False,,판정불가,완도
2022-09-06,,26.848148148148145,,,False,,판정불가,완도
2022-09-07,,26.823076923076922,,,False,,판정불가,완도
2022-09-08,,26.792,,,False,,판정불가,완도
2022-09-09,,26.76666666666667,,,False,,판정불가,완도
2022-09-10,,26.817391304347826,,,False,,판정불가,완도
2022-09-11,,26.872727272727275,,,False,,판정불가,완도
2022-09-12,,26.97619047619048,,,False,,판정불가,완도
2022-09-13,,27.0,,,False,,판정불가,완도
2022-09-14,,27.04285714285714,,,False,,판정불가,완도
2022-09-15,,27.057142857142853,,,False,,판정불가,완도
2022-09-16,,27.095238095238095,,,False,,판정불가,완도
2022-09-17,,26.931818181818183,,,False,,판정불가,완도
2022-09-18,,26.708695652173912,,,False,,판정불가,완도
2022-09-19,,26.425,,,False,,판정불가,완도
2022-09-20,24.2,26.12,-1.9200000000000017,,False,0.0,평시,완도
2022-09-21,24.0,25.718518518518515,-1.7185185185185148,-0.1999999999999993,False,0.0,평시,완도
2022-09-22,23.9,25.348275862068967,-1.448275862068968,-0.10000000000000142,False,0.0,평시,완도
2022-09-23,24.0,25.032258064516125,-1.0322580645161246,0.10000000000000142,False,0.0,평시,완도
2022-09-24,23.5,24.815625,-1.3156250000000007,-0.5,False,0.0,평시,완도
2022-09-25,23.1,24.684848484848487,-1.5848484848484858,-0.3999999999999986,False,0.0,평시,완도
2022-09-26,22.9,24.61176470588235,-1.7117647058823522,-0.20000000000000284,False,0.0,평시,완도
2022-09-27,23.1,24.545714285714286,-1.4457142857142848,0.20000000000000284,False,0.0,평시,완도
2022-09-28,23.2,24.52,-1.3200000000000003,0.09999999999999787,False,0.0,평시,완도
2022-09-29,23.5,24.474285714285713,-0.9742857142857133,0.3000000000000007,False,0.0,평시,완도
2022-09-30,23.4,24.37142857142857,-0.9714285714285715,-0.10000000000000142,False,0.0,평시,완도
2022-10-01,23.5,24.23428571428571,-0.7342857142857113,0.10000000000000142,False,0.0,평시,완도
2022-10-02,23.7,24.060000000000002,-0.360000000000003,0.1999999999999993,False,0.0,평시,완도
2022-10-03,24.2,23.845714285714287,0.3542857142857123,0.5,False,0.0,평시,완도
2022-10-04,24.2,23.608571428571427,0.5914285714285725,0.0,False,0.0,평시,완도
2022-10-05,22.8,23.345714285714287,-0.5457142857142863,-1.3999999999999986,False,0.0,평시,완도
2022-10-06,22.0,23.1,-1.1000000000000014,-0.8000000000000007,False,0.0,평시,완도
2022-10-07,21.6,22.88285714285714,-1.2828571428571394,-0.3999999999999986,False,0.0,평시,완도
2022-10-08,20.9,22.665714285714287,-1.7657142857142887,-0.7000000000000028,False,0.0,평시,완도
2022-10-09,20.3,22.465714285714288,-2.1657142857142873,-0.5999999999999979,False,0.0,평시,완도
2022-10-10,19.7,22.30857142857143,-2.6085714285714303,-0.6000000000000014,False,0.0,평시,완도
2022-10-11,19.1,22.211428571428574,-3.111428571428572,-0.5999999999999979,False,0.0,평시,완도
2022-10-12,19.0,22.142857142857142,-3.1428571428571423,-0.10000000000000142,False,0.0,평시,완도
2022-10-13,19.4,22.097142857142856,-2.6971428571428575,0.3999999999999986,False,0.0,평시,완도
2022-10-14,19.7,21.98,-2.280000000000001,0.3000000000000007,False,0.0,평시,완도
2022-10-15,20.0,21.791428571428572,-1.7914285714285718,0.3000000000000007,False,0.0,평시,완도
2022-10-16,20.3,21.574285714285715,-1.274285714285714,0.3000000000000007,False,0.0,평시,완도
2022-10-17,19.9,21.271428571428572,-1.3714285714285737,-0.40000000000000213,False,0.0,평시,완도
2022-10-18,18.2,20.87142857142857,-2.671428571428571,-1.6999999999999993,False,0.0,평시,완도
2022-10-19,17.3,20.46857142857143,-3.168571428571429,-0.8999999999999986,False,0.0,평시,완도
2022-10-20,17.0,20.06857142857143,-3.068571428571431,-0.3000000000000007,False,0.0,평시,완도
2022-10-21,17.2,19.731428571428573,-2.531428571428574,0.1999999999999993,False,0.0,평시,완도
2022-10-22,17.8,19.468571428571426,-1.6685714285714255,0.6000000000000014,False,0.0,평시,완도
2022-10-23,17.9,19.242857142857144,-1.3428571428571452,0.09999999999999787,False,0.0,평시,완도
2022-10-24,17.3,19.097142857142856,-1.7971428571428554,-0.5999999999999979,False,0.0,평시,완도
2022-10-25,16.8,18.99142857142857,-2.1914285714285704,-0.5,False,0.0,평시,완도
2022-10-26,17.1,18.874285714285712,-1.7742857142857105,0.3000000000000007,False,0.0,평시,완도
2022-10-27,17.5,18.75142857142857,-1.2514285714285691,0.3999999999999986,False,0.0,평시,완도
2022-10-28,17.5,18.645714285714284,-1.1457142857142841,0.0,False,0.0,평시,완도
2022-10-29,17.6,18.554285714285715,-0.9542857142857137,0.10000000000000142,False,0.0,평시,완도
2022-10-30,17.7,18.45142857142857,-0.7514285714285691,0.09999999999999787,False,0.0,평시,완도
2022-10-31,17.7,18.337142857142855,-0.6371428571428552,0.0,False,0.0,평시,완도
2022-11-01,17.6,18.27142857142857,-0.6714285714285673,-0.09999999999999787,False,0.0,평시,완도
2022-11-02,17.4,18.20857142857143,-0.8085714285714332,-0.20000000000000284,False,0.0,평시,완도
2022-11-03,17.0,18.12857142857143,-1.12857142857143,-0.3999999999999986,False,0.0,평시,완도
2022-11-04,16.3,18.002857142857142,-1.702857142857141,-0.6999999999999993,False,0.0,평시,완도
2022-11-05,15.4,17.837142857142858,-2.4371428571428577,-0.9000000000000004,False,0.0,평시,완도
2022-11-06,15.2,17.642857142857142,-2.442857142857143,-0.20000000000000107,False,0.0,평시,완도
2022-11-07,15.3,17.425714285714285,-2.1257142857142846,0.10000000000000142,False,0.0,평시,완도
2022-11-08,15.5,17.13714285714286,-1.6371428571428588,0.1999999999999993,False,0.0,평시,완도
2022-11-09,15.7,16.825714285714284,-1.1257142857142846,0.1999999999999993,False,0.0,평시,완도
2022-11-10,15.8,16.505714285714287,-0.7057142857142864,0.10000000000000142,False,0.0,평시,완도
2022-11-11,16.1,16.217142857142854,-0.11714285714285211,0.3000000000000007,False,0.0,평시,완도
2022-11-12,16.4,15.974285714285712,0.42571428571428704,0.29999999999999716,False,0.0,평시,완도
2022-11-13,16.4,15.768571428571429,0.6314285714285699,0.0,False,0.0,평시,완도
2022-11-14,15.7,15.571428571428571,0.12857142857142811,-0.6999999999999993,False,0.0,평시,완도
2022-11-15,15.1,15.334285714285713,-0.2342857142857131,-0.5999999999999996,False,0.0,평시,완도
2022-11-16,14.6,15.094285714285713,-0.4942857142857129,-0.5,False,0.0,평시,완도
2022-11-17,14.3,14.90285714285714,-0.6028571428571396,-0.29999999999999893,False,0.0,평시,완도
2022-11-18,14.0,14.737142857142857,-0.7371428571428567,-0.3000000000000007,False,0.0,평시,완도
2022-11-19,14.2,14.557142857142855,-0.3571428571428559,0.1999999999999993,False,0.0,평시,완도
2022-11-20,14.5,14.360000000000001,0.1399999999999988,0.3000000000000007,False,0.0,평시,완도
2022-11-21,14.6,14.148571428571428,0.45142857142857196,0.09999999999999964,False,0.0,평시,완도
2022-11-22,14.6,14.000000000000002,0.5999999999999979,0.0,False,0.0,평시,완도
2022-11-23,14.7,13.868571428571428,0.831428571428571,0.09999999999999964,False,0.0,평시,완도
2022-11-24,14.6,13.682857142857141,0.9171428571428581,-0.09999999999999964,False,0.0,평시,완도
2022-11-25,14.4,13.471428571428572,0.9285714285714288,-0.1999999999999993,False,0.0,평시,완도
2022-11-26,14.6,13.245714285714286,1.354285714285714,0.1999999999999993,False,0.0,평시,완도
2022-11-27,14.1,12.994285714285716,1.1057142857142832,-0.5,False,0.0,평시,완도
2022-11-28,14.3,12.72,1.58,0.20000000000000107,False,0.0,평시,완도
2022-11-29,14.4,12.434285714285716,1.9657142857142844,0.09999999999999964,False,0.0,평시,완도
2022-11-30,12.8,12.151428571428571,0.6485714285714295,-1.5999999999999996,False,0.0,평시,완도
2022-12-01,11.1,11.882857142857143,-0.7828571428571429,-1.700000000000001,False,0.0,평시,완도
2022-12-02,10.4,11.61142857142857,-1.21142857142857,-0.6999999999999993,False,0.0,평시,완도
2022-12-03,10.3,11.342857142857143,-1.0428571428571427,-0.09999999999999964,False,0.0,평시,완도
2022-12-04,10.5,11.13142857142857,-0.6314285714285699,0.1999999999999993,False,0.0,평시,완도
2022-12-05,9.7,10.991428571428571,-1.2914285714285718,-0.8000000000000007,False,0.0,평시,완도
2022-12-06,9.2,10.914285714285713,-1.7142857142857135,-0.5,False,0.0,평시,완도
2022-12-07,9.4,10.871428571428572,-1.4714285714285715,0.20000000000000107,False,0.0,평시,완도
2022-12-08,9.7,10.871428571428572,-1.1714285714285726,0.29999999999999893,False,0.0,평시,완도
2022-12-09,10.1,10.862857142857145,-0.7628571428571451,0.40000000000000036,False,0.0,평시,완도
2022-12-10,10.2,10.831428571428573,-0.6314285714285734,0.09999999999999964,False,0.0,평시,완도
2022-12-11,10.2,10.728571428571428,-0.5285714285714285,0.0,False,0.0,평시,완도
2022-12-12,9.9,10.608571428571429,-0.7085714285714282,-0.29999999999999893,False,0.0,평시,완도
2022-12-13,9.6,10.46,-0.8600000000000012,-0.3000000000000007,False,0.0,평시,완도
2022-12-14,8.8,10.254285714285714,-1.4542857142857137,-0.7999999999999989,False,0.0,평시,완도
2022-12-15,8.3,9.942857142857145,-1.6428571428571441,-0.5,False,0.0,평시,완도
2022-12-16,8.0,9.634285714285713,-1.6342857142857135,-0.3000000000000007,False,0.0,평시,완도
2022-12-17,7.3,9.368571428571428,-2.0685714285714285,-0.7000000000000002,False,0.0,평시,완도
2022-12-18,6.5,9.16285714285714,-2.66285714285714,-0.7999999999999998,False,0.0,평시,완도
2022-12-19,6.4,8.922857142857142,-2.5228571428571414,-0.09999999999999964,False,0.0,평시,완도
2022-12-20,6.4,8.64857142857143,-2.248571428571429,0.0,False,0.0,평시,완도
2022-12-21,6.8,8.414285714285715,-1.6142857142857148,0.39999999999999947,False,0.0,평시,완도
2022-12-22,6.7,8.234285714285713,-1.534285714285713,-0.09999999999999964,False,0.0,평시,완도
2022-12-23,6.0,8.048571428571428,-2.048571428571428,-0.7000000000000002,False,0.0,평시,완도
2022-12-24,5.8,7.8428571428571425,-2.0428571428571427,-0.20000000000000018,False,0.0,평시,완도
2022-12-25,5.6,7.637142857142858,-2.0371428571428583,-0.20000000000000018,False,0.0,평시,완도
2022-12-26,6.0,7.491428571428571,-1.491428571428571,0.40000000000000036,False,0.0,평시,완도
2022-12-27,6.2,7.422857142857142,-1.2228571428571415,0.20000000000000018,False,0.0,평시,완도
2022-12-28,6.3,7.354285714285713,-1.0542857142857134,0.09999999999999964,False,0.0,평시,완도
2022-12-29,6.3,7.272222222222221,-0.9722222222222214,0.0,False,0.0,평시,완도
2022-12-30,6.2,7.277777777777778,-1.0777777777777775,-0.09999999999999964,False,0.0,평시,완도
2022-12-31,6.1,7.302777777777779,-1.2027777777777793,-0.10000000000000053,False,0.0,평시,완도
2023-01-01,5.8,7.336111111111112,-1.5361111111111123,-0.2999999999999998,False,0.0,평시,완도
2023-01-02,6.1,7.358333333333334,-1.2583333333333346,0.2999999999999998,False,0.0,평시,완도
2023-01-03,5.9,7.352777777777779,-1.4527777777777784,-0.1999999999999993,False,0.0,평시,완도
2023-01-04,5.9,7.322222222222223,-1.4222222222222225,0.0,False,0.0,평시,완도
2023-01-05,5.9,7.297142857142857,-1.3971428571428568,0.0,False,0.0,평시,완도
2023-01-06,6.2,7.1885714285714295,-0.9885714285714293,0.2999999999999998,False,0.0,평시,완도
2023-01-07,6.6,7.054285714285714,-0.4542857142857146,0.39999999999999947,False,0.0,평시,완도
2023-01-08,6.8,6.914285714285715,-0.11428571428571477,0.20000000000000018,False,0.0,평시,완도
2023-01-09,7.0,6.8028571428571425,0.1971428571428575,0.20000000000000018,False,0.0,평시,완도
2023-01-10,7.1,6.765714285714286,0.33428571428571363,0.09999999999999964,False,0.0,평시,완도
2023-01-11,7.4,6.811428571428571,0.588571428571429,0.3000000000000007,False,0.0,평시,완도
2023-01-12,7.8,6.917142857142857,0.8828571428571426,0.39999999999999947,False,0.0,평시,완도
2023-01-13,9.2,7.031428571428571,2.168571428571428,1.3999999999999995,False,2.0,주의보,완도
2023-01-14,9.3,7.145714285714285,2.1542857142857157,0.10000000000000142,False,2.0,주의보,완도
2023-01-15,8.8,7.234285714285715,1.5657142857142858,-0.5,False,0.0,평시,완도
2023-01-16,7.9,7.288571428571429,0.6114285714285712,-0.9000000000000004,False,0.0,평시,완도
2023-01-17,7.1,7.268571428571429,-0.16857142857142904,-0.8000000000000007,False,0.0,평시,완도
2023-01-18,6.7,7.194285714285714,-0.4942857142857138,-0.39999999999999947,False,0.0,평시,완도
2023-01-19,6.6,7.1171428571428565,-0.5171428571428569,-0.10000000000000053,False,0.0,평시,완도
2023-01-20,6.6,7.0771428571428565,-0.47714285714285687,0.0,False,0.0,평시,완도
2023-01-21,6.4,7.034285714285714,-0.6342857142857135,-0.1999999999999993,False,0.0,평시,완도
2023-01-22,6.6,6.999999999999999,-0.39999999999999947,0.1999999999999993,False,0.0,평시,완도
2023-01-23,6.9,6.991428571428571,-0.09142857142857075,0.3000000000000007,False,0.0,평시,완도
2023-01-24,5.9,7.0,-1.0999999999999996,-1.0,False,0.0,평시,완도
2023-01-25,4.9,6.991428571428572,-2.0914285714285716,-1.0,False,0.0,평시,완도
2023-01-26,5.4,6.931428571428572,-1.531428571428572,0.5,False,0.0,평시,완도
2023-01-27,5.6,6.851428571428571,-1.2514285714285718,0.1999999999999993,False,0.0,평시,완도
2023-01-28,5.3,6.828571428571428,-1.5285714285714285,-0.2999999999999998,False,0.0,평시,완도
2023-01-29,5.2,6.8742857142857146,-1.6742857142857144,-0.09999999999999964,False,0.0,평시,완도
2023-01-30,5.1,6.897142857142858,-1.797142857142858,-0.10000000000000053,False,0.0,평시,완도
2023-01-31,5.1,6.897142857142858,-1.797142857142858,0.0,False,0.0,평시,완도
2023-02-01,5.7,6.902857142857143,-1.2028571428571428,0.6000000000000005,False,0.0,평시,완도
2023-02-02,5.8,6.920000000000001,-1.120000000000001,0.09999999999999964,False,0.0,평시,완도
2023-02-03,5.6,6.917142857142858,-1.3171428571428585,-0.20000000000000018,False,0.0,평시,완도
2023-02-04,5.8,6.897142857142858,-1.0971428571428579,0.20000000000000018,False,0.0,평시,완도
2023-02-05,6.0,6.817142857142856,-0.8171428571428558,0.20000000000000018,False,0.0,평시,완도
2023-02-06,6.2,6.722857142857143,-0.5228571428571431,0.20000000000000018,False,0.0,평시,완도
2023-02-07,6.7,6.648571428571429,0.0514285714285716,0.5,False,0.0,평시,완도
2023-02-08,7.1,6.6257142857142854,0.4742857142857142,0.39999999999999947,False,0.0,평시,완도
2023-02-09,7.2,6.691428571428573,0.5085714285714271,0.10000000000000053,False,0.0,평시,완도
2023-02-10,7.4,6.8428571428571425,0.5571428571428578,0.20000000000000018,False,0.0,평시,완도
2023-02-11,7.6,7.034285714285714,0.5657142857142858,0.1999999999999993,False,0.0,평시,완도
2023-02-12,7.5,7.24,0.2599999999999998,-0.09999999999999964,False,0.0,평시,완도
2023-02-13,7.6,7.411428571428573,0.18857142857142684,0.09999999999999964,False,0.0,평시,완도
2023-02-14,7.5,7.54857142857143,-0.04857142857142982,-0.09999999999999964,False,0.0,평시,완도
2023-02-15,7.3,7.628571428571427,-0.3285714285714274,-0.20000000000000018,False,0.0,평시,완도
2023-02-16,7.4,7.682857142857144,-0.2828571428571438,0.10000000000000053,False,0.0,평시,완도
2023-02-17,7.5,7.6571428571428575,-0.15714285714285747,0.09999999999999964,False,0.0,평시,완도
2023-02-18,7.7,7.594285714285714,0.10571428571428587,0.20000000000000018,False,0.0,평시,완도
2023-02-19,7.9,7.551428571428572,0.34857142857142875,0.20000000000000018,False,0.0,평시,완도
2023-02-20,7.6,7.5457142857142845,0.05428571428571516,-0.3000000000000007,False,0.0,평시,완도
2023-02-21,7.4,7.545714285714286,-0.1457142857142859,-0.1999999999999993,False,0.0,평시,완도
2023-02-22,7.8,7.565714285714286,0.234285714285714,0.39999999999999947,False,0.0,평시,완도
2023-02-23,8.6,7.5771428571428565,1.0228571428571431,0.7999999999999998,False,0.0,평시,완도
2023-02-24,9.1,7.648571428571429,1.451428571428571,0.5,False,0.0,평시,완도
2023-02-25,8.8,7.754285714285714,1.0457142857142872,-0.29999999999999893,False,0.0,평시,완도
2023-02-26,8.4,7.927777777777779,0.47222222222222143,-0.40000000000000036,False,0.0,평시,완도
2023-02-27,8.5,8.030555555555557,0.4694444444444432,0.09999999999999964,False,0.0,평시,완도
2023-02-28,8.9,8.15,0.75,0.40000000000000036,False,0.0,평시,완도
2023-03-01,9.3,8.286111111111111,1.0138888888888893,0.40000000000000036,False,0.0,평시,완도
2023-03-02,9.0,8.430555555555555,0.5694444444444446,-0.3000000000000007,False,0.0,평시,완도
2023-03-03,8.8,8.569444444444445,0.23055555555555607,-0.1999999999999993,False,0.0,평시,완도
2023-03-04,9.0,8.697222222222221,0.3027777777777789,0.1999999999999993,False,0.0,평시,완도
2023-03-05,9.4,8.782857142857143,0.6171428571428574,0.40000000000000036,False,0.0,평시,완도
2023-03-06,9.9,8.968571428571428,0.9314285714285724,0.5,False,0.0,평시,완도
2023-03-07,10.4,9.197142857142858,1.2028571428571428,0.5,False,0.0,평시,완도
2023-03-08,10.9,9.459999999999999,1.4400000000000013,0.5,False,0.0,평시,완도
2023-03-09,11.5,9.731428571428571,1.7685714285714287,0.5999999999999996,False,0.0,평시,완도
2023-03-10,11.6,9.98,1.6199999999999992,0.09999999999999964,False,0.0,평시,완도
2023-03-11,11.8,10.208571428571426,1.5914285714285743,0.20000000000000107,False,0.0,평시,완도
2023-03-12,11.7,10.44,1.2599999999999998,-0.10000000000000142,False,0.0,평시,완도
2023-03-13,10.5,10.651428571428571,-0.15142857142857125,-1.1999999999999993,False,0.0,평시,완도
2023-03-14,10.6,10.782857142857145,-0.18285714285714505,0.09999999999999964,False,0.0,평시,완도
2023-03-15,11.5,10.845714285714287,0.654285714285713,0.9000000000000004,False,0.0,평시,완도
2023-03-16,11.7,10.877142857142857,0.8228571428571421,0.1999999999999993,False,0.0,평시,완도
2023-03-17,11.3,10.894285714285715,0.4057142857142857,-0.3999999999999986,False,0.0,평시,완도
2023-03-18,11.3,10.9,0.40000000000000036,0.0,False,0.0,평시,완도
2023-03-19,11.4,10.899999999999999,0.5000000000000018,0.09999999999999964,False,0.0,평시,완도
2023-03-20,11.6,10.95142857142857,0.6485714285714295,0.1999999999999993,False,0.0,평시,완도
2023-03-21,12.0,11.074285714285713,0.925714285714287,0.40000000000000036,False,0.0,평시,완도
2023-03-22,12.2,11.257142857142858,0.9428571428571413,0.1999999999999993,False,0.0,평시,완도
2023-03-23,12.4,11.482857142857142,0.9171428571428581,0.20000000000000107,False,0.0,평시,완도
2023-03-24,11.9,11.711428571428572,0.1885714285714286,-0.5,False,0.0,평시,완도
2023-03-25,12.0,11.897142857142857,0.1028571428571432,0.09999999999999964,False,0.0,평시,완도
2023-03-26,12.4,12.037142857142857,0.362857142857143,0.40000000000000036,False,0.0,평시,완도
2023-03-27,12.2,12.13529411764706,0.06470588235293917,-0.20000000000000107,False,0.0,평시,완도
2023-03-28,12.3,12.252941176470591,0.04705882352940982,0.10000000000000142,False,0.0,평시,완도
2023-03-29,12.7,12.350000000000003,0.3499999999999961,0.3999999999999986,False,0.0,평시,완도
2023-03-30,13.3,12.423529411764704,0.8764705882352963,0.6000000000000014,False,0.0,평시,완도
2023-03-31,14.0,12.53235294117647,1.4676470588235304,0.6999999999999993,False,0.0,평시,완도
2023-04-01,14.3,12.694117647058825,1.605882352941176,0.3000000000000007,False,0.0,평시,완도
2023-04-02,14.8,12.918181818181818,1.8818181818181827,0.5,False,0.0,평시,완도
2023-04-03,14.9,13.090909090909092,1.8090909090909086,0.09999999999999964,False,0.0,평시,완도
2023-04-04,14.7,13.261290322580646,1.4387096774193537,-0.20000000000000107,False,0.0,평시,완도
2023-04-05,14.8,13.431034482758621,1.3689655172413797,0.10000000000000142,False,0.0,평시,완도
2023-04-06,13.9,13.592592592592593,0.3074074074074069,-0.9000000000000004,False,0.0,평시,완도
2023-04-07,13.5,13.764000000000001,-0.2640000000000011,-0.40000000000000036,False,0.0,평시,완도
2023-04-08,13.1,13.969565217391308,-0.8695652173913082,-0.40000000000000036,False,0.0,평시,완도
2023-04-09,13.3,14.109090909090911,-0.8090909090909104,0.20000000000000107,False,0.0,평시,완도
2023-04-10,13.7,14.290476190476191,-0.5904761904761919,0.3999999999999986,False,0.0,평시,완도
2023-04-11,14.2,14.414285714285716,-0.21428571428571708,0.5,False,0.0,평시,완도
2023-04-12,14.2,14.576190476190478,-0.3761904761904784,0.0,False,0.0,평시,완도
2023-04-13,14.3,14.766666666666667,-0.4666666666666668,0.10000000000000142,False,0.0,평시,완도
2023-04-14,14.4,14.91428571428572,-0.5142857142857196,0.09999999999999964,False,0.0,평시,완도
2023-04-15,14.8,15.052380952380956,-0.25238095238095504,0.40000000000000036,False,0.0,평시,완도
2023-04-16,14.8,15.185714285714287,-0.3857142857142861,0.0,False,0.0,평시,완도
2023-04-17,14.7,15.328571428571427,-0.6285714285714281,-0.10000000000000142,False,0.0,평시,완도
2023-04-18,15.2,15.48181818181818,-0.2818181818181813,0.5,False,0.0,평시,완도
2023-04-19,15.4,15.617391304347823,-0.2173913043478226,0.20000000000000107,False,0.0,평시,완도
2023-04-20,15.9,15.720833333333337,0.1791666666666636,0.5,False,0.0,평시,완도
2023-04-21,16.3,15.880769230769229,0.4192307692307722,0.40000000000000036,False,0.0,평시,완도
2023-04-22,16.3,15.982142857142858,0.31785714285714306,0.0,False,0.0,평시,완도
2023-04-23,15.9,16.07,-0.16999999999999993,-0.40000000000000036,False,0.0,평시,완도
2023-04-24,15.3,16.109375,-0.8093749999999993,-0.5999999999999996,False,0.0,평시,완도
2023-04-25,14.7,16.209090909090907,-1.509090909090908,-0.6000000000000014,False,0.0,평시,완도
2023-04-26,14.5,16.279411764705884,-1.779411764705884,-0.1999999999999993,False,0.0,평시,완도
2023-04-27,14.7,16.323529411764707,-1.6235294117647072,0.1999999999999993,False,0.0,평시,완도
2023-04-28,15.4,16.329411764705885,-0.9294117647058844,0.7000000000000011,False,0.0,평시,완도
2023-04-29,15.8,16.33823529411765,-0.5382352941176478,0.40000000000000036,False,0.0,평시,완도
2023-04-30,15.7,16.36176470588235,-0.6617647058823515,-0.10000000000000142,False,0.0,평시,완도
2023-05-01,16.0,16.42941176470588,-0.42941176470587905,0.3000000000000007,False,0.0,평시,완도
2023-05-02,16.3,16.491176470588233,-0.19117647058823195,0.3000000000000007,False,0.0,평시,완도
2023-05-03,16.5,16.558823529411768,-0.05882352941176805,0.1999999999999993,False,0.0,평시,완도
2023-05-04,16.3,16.65142857142857,-0.35142857142857054,-0.1999999999999993,False,0.0,평시,완도
2023-05-05,16.7,16.74,-0.03999999999999915,0.3999999999999986,False,0.0,평시,완도
2023-05-06,16.7,16.888571428571424,-0.18857142857142506,0.0,False,0.0,평시,완도
2023-05-07,16.3,17.042857142857144,-0.7428571428571438,-0.3999999999999986,False,0.0,평시,완도
2023-05-08,16.2,17.171428571428574,-0.9714285714285751,-0.10000000000000142,False,0.0,평시,완도
2023-05-09,16.6,17.28571428571429,-0.6857142857142868,0.40000000000000213,False,0.0,평시,완도
2023-05-10,17.0,17.431428571428576,-0.43142857142857594,0.3999999999999986,False,0.0,평시,완도
2023-05-11,17.4,17.58857142857143,-0.18857142857143216,0.3999999999999986,False,0.0,평시,완도
2023-05-12,17.7,17.754285714285714,-0.05428571428571516,0.3000000000000007,False,0.0,평시,완도
2023-05-13,17.8,17.86857142857143,-0.06857142857142762,0.10000000000000142,False,0.0,평시,완도
2023-05-14,18.0,17.965714285714288,0.03428571428571203,0.1999999999999993,False,0.0,평시,완도
2023-05-15,17.9,18.065714285714286,-0.16571428571428726,-0.10000000000000142,False,0.0,평시,완도
2023-05-16,18.4,18.182857142857145,0.21714285714285353,0.5,False,0.0,평시,완도
2023-05-17,18.9,18.30857142857143,0.591428571428569,0.5,False,0.0,평시,완도
2023-05-18,18.7,18.425714285714285,0.274285714285714,-0.1999999999999993,False,0.0,평시,완도
2023-05-19,18.7,18.561764705882357,0.13823529411764213,0.0,False,0.0,평시,완도
2023-05-20,19.0,18.736363636363635,0.26363636363636545,0.3000000000000007,False,0.0,평시,완도
2023-05-21,19.1,18.896875,0.203125,0.10000000000000142,False,0.0,평시,완도
2023-05-22,18.6,19.09677419354839,-0.49677419354839003,-0.5,False,0.0,평시,완도
2023-05-23,18.7,19.28333333333334,-0.5833333333333393,0.09999999999999787,False,0.0,평시,완도
2023-05-24,18.9,19.44827586206896,-0.5482758620689623,0.1999999999999993,False,0.0,평시,완도
2023-05-25,19.5,19.61785714285714,-0.11785714285714022,0.6000000000000014,False,0.0,평시,완도
2023-05-26,20.3,19.77142857142857,0.528571428571432,0.8000000000000007,False,0.0,평시,완도
2023-05-27,20.9,19.892857142857142,1.0071428571428562,0.5999999999999979,False,0.0,평시,완도
2023-05-28,21.4,20.032142857142855,1.3678571428571438,0.5,False,0.0,평시,완도
2023-05-29,21.2,20.148275862068967,1.051724137931032,-0.1999999999999993,False,0.0,평시,완도
2023-05-30,20.4,20.256666666666668,0.14333333333333087,-0.8000000000000007,False,0.0,평시,완도
2023-05-31,20.4,20.358064516129033,0.04193548387096513,0.0,False,0.0,평시,완도
2023-06-01,20.5,20.45625,0.04374999999999929,0.10000000000000142,False,0.0,평시,완도
2023-06-02,20.8,20.509090909090908,0.2909090909090928,0.3000000000000007,False,0.0,평시,완도
2023-06-03,20.8,20.576470588235296,0.2235294117647051,0.0,False,0.0,평시,완도
2023-06-04,21.0,20.659999999999997,0.3400000000000034,0.1999999999999993,False,0.0,평시,완도
2023-06-05,20.7,20.76857142857143,-0.06857142857143117,-0.3000000000000007,False,0.0,평시,완도
2023-06-06,20.6,20.9,-0.29999999999999716,-0.09999999999999787,False,0.0,평시,완도
2023-06-07,20.9,21.04857142857143,-0.14857142857143302,0.29999999999999716,False,0.0,평시,완도
2023-06-08,21.1,21.21714285714286,-0.11714285714285921,0.20000000000000284,False,0.0,평시,완도
2023-06-09,21.6,21.42571428571429,0.1742857142857126,0.5,False,0.0,평시,완도
2023-06-10,22.2,21.63142857142857,0.5685714285714276,0.5999999999999979,False,0.0,평시,완도
2023-06-11,22.8,21.814285714285717,0.985714285714284,0.6000000000000014,False,0.0,평시,완도
2023-06-12,23.0,21.965714285714288,1.034285714285712,0.1999999999999993,False,0.0,평시,완도
2023-06-13,23.1,22.08,1.0200000000000031,0.10000000000000142,False,0.0,평시,완도
2023-06-14,23.0,22.15714285714286,0.8428571428571416,-0.10000000000000142,False,0.0,평시,완도
2023-06-15,23.0,22.21142857142857,0.78857142857143,0.0,False,0.0,평시,완도
2023-06-16,23.1,22.285714285714285,0.8142857142857167,0.10000000000000142,False,0.0,평시,완도
2023-06-17,23.1,22.374285714285712,0.7257142857142895,0.0,False,0.0,평시,완도
2023-06-18,23.0,22.47714285714286,0.5228571428571414,-0.10000000000000142,False,0.0,평시,완도
2023-06-19,23.0,22.585714285714285,0.4142857142857146,0.0,False,0.0,평시,완도
2023-06-20,22.6,22.702857142857145,-0.1028571428571432,-0.3999999999999986,False,0.0,평시,완도
2023-06-21,22.5,22.83142857142857,-0.33142857142857096,-0.10000000000000142,False,0.0,평시,완도
2023-06-22,22.4,22.919999999999998,-0.5199999999999996,-0.10000000000000142,False,0.0,평시,완도
2023-06-23,22.7,22.98857142857143,-0.28857142857143003,0.3000000000000007,False,0.0,평시,완도
2023-06-24,23.1,23.057142857142853,0.042857142857148034,0.40000000000000213,False,0.0,평시,완도
2023-06-25,23.2,23.12857142857143,0.0714285714285694,0.09999999999999787,False,0.0,평시,완도
2023-06-26,23.2,23.225714285714286,-0.02571428571428669,0.0,False,0.0,평시,완도
2023-06-27,23.3,23.33142857142857,-0.03142857142857025,0.10000000000000142,False,0.0,평시,완도
2023-06-28,23.0,23.474285714285713,-0.4742857142857133,-0.3000000000000007,False,0.0,평시,완도
2023-06-29,23.0,23.71428571428571,-0.7142857142857117,0.0,False,0.0,평시,완도
2023-06-30,22.9,23.939999999999998,-1.0399999999999991,-0.10000000000000142,False,0.0,평시,완도
2023-07-01,23.3,24.137142857142855,-0.8371428571428545,0.40000000000000213,False,0.0,평시,완도
2023-07-02,23.9,24.319999999999997,-0.41999999999999815,0.5999999999999979,False,0.0,평시,완도
2023-07-03,23.8,24.48285714285714,-0.6828571428571379,-0.09999999999999787,False,0.0,평시,완도
2023-07-04,23.2,24.62285714285714,-1.42285714285714,-0.6000000000000014,False,0.0,평시,완도
2023-07-05,23.3,24.705714285714283,-1.4057142857142821,0.10000000000000142,False,0.0,평시,완도
2023-07-06,23.5,24.697142857142858,-1.1971428571428575,0.1999999999999993,False,0.0,평시,완도
2023-07-07,23.4,24.685714285714287,-1.2857142857142883,-0.10000000000000142,False,0.0,평시,완도
2023-07-08,23.2,24.677142857142858,-1.4771428571428586,-0.1999999999999993,False,0.0,평시,완도
2023-07-09,23.2,24.66,-1.4600000000000009,0.0,False,0.0,평시,완도
2023-07-10,23.4,24.614285714285714,-1.2142857142857153,0.1999999999999993,False,0.0,평시,완도
2023-07-11,23.6,24.57428571428571,-0.9742857142857098,0.20000000000000284,False,0.0,평시,완도
2023-07-12,23.5,24.531428571428574,-1.0314285714285738,-0.10000000000000142,False,0.0,평시,완도
2023-07-13,23.5,24.502857142857142,-1.0028571428571418,0.0,False,0.0,평시,완도
2023-07-14,23.9,24.49428571428572,-0.5942857142857214,0.3999999999999986,False,0.0,평시,완도
2023-07-15,23.6,24.49142857142857,-0.8914285714285697,-0.29999999999999716,False,0.0,평시,완도
2023-07-16,23.6,24.5,-0.8999999999999986,0.0,False,0.0,평시,완도
2023-07-17,24.1,24.565714285714286,-0.4657142857142844,0.5,False,0.0,평시,완도
2023-07-18,24.1,24.665714285714284,-0.5657142857142823,0.0,False,0.0,평시,완도
2023-07-19,23.6,24.794285714285714,-1.1942857142857122,-0.5,False,0.0,평시,완도
2023-07-20,23.6,24.93142857142857,-1.3314285714285674,0.0,False,0.0,평시,완도
2023-07-21,23.6,25.06571428571429,-1.465714285714288,0.0,False,0.0,평시,완도
2023-07-22,23.6,25.208571428571428,-1.6085714285714268,0.0,False,0.0,평시,완도
2023-07-23,23.0,25.388571428571428,-2.388571428571428,-0.6000000000000014,False,0.0,평시,완도
2023-07-24,23.1,25.59714285714286,-2.497142857142858,0.10000000000000142,False,0.0,평시,완도
2023-07-25,23.5,25.802857142857142,-2.3028571428571425,0.3999999999999986,False,0.0,평시,완도
2023-07-26,24.4,26.017142857142858,-1.6171428571428592,0.8999999999999986,False,0.0,평시,완도
2023-07-27,25.6,26.222857142857137,-0.6228571428571357,1.2000000000000028,False,0.0,평시,완도
2023-07-28,25.6,26.431428571428572,-0.831428571428571,0.0,False,0.0,평시,완도
2023-07-29,25.4,26.657142857142855,-1.2571428571428562,-0.20000000000000284,False,0.0,평시,완도
2023-07-30,25.4,26.86285714285714,-1.4628571428571426,0.0,False,0.0,평시,완도
2023-07-31,25.5,27.00857142857143,-1.508571428571429,0.10000000000000142,False,0.0,평시,완도
2023-08-01,25.6,27.122857142857146,-1.522857142857145,0.10000000000000142,False,0.0,평시,완도
2023-08-02,25.8,27.245714285714286,-1.4457142857142848,0.1999999999999993,False,0.0,평시,완도
2023-08-03,26.1,27.380000000000003,-1.2800000000000011,0.3000000000000007,False,0.0,평시,완도
2023-08-04,26.1,27.494285714285716,-1.394285714285715,0.0,False,0.0,평시,완도
2023-08-05,26.4,27.56285714285714,-1.162857142857142,0.29999999999999716,False,0.0,평시,완도
2023-08-06,26.6,27.568571428571428,-0.9685714285714262,0.20000000000000284,False,0.0,평시,완도
2023-08-07,26.8,27.528571428571425,-0.7285714285714242,0.1999999999999993,False,0.0,평시,완도
2023-08-08,27.0,27.419999999999998,-0.41999999999999815,0.1999999999999993,False,0.0,평시,완도
2023-08-09,27.0,27.274285714285718,-0.2742857142857176,0.0,False,0.0,평시,완도
2023-08-10,26.3,27.120000000000005,-0.8200000000000038,-0.6999999999999993,False,0.0,평시,완도
2023-08-11,25.9,26.98571428571429,-1.0857142857142925,-0.40000000000000213,False,0.0,평시,완도
2023-08-12,26.6,26.900000000000002,-0.3000000000000007,0.7000000000000028,False,0.0,평시,완도
2023-08-13,26.9,26.825714285714287,0.07428571428571118,0.29999999999999716,False,0.0,평시,완도
2023-08-14,27.5,26.782857142857143,0.7171428571428571,0.6000000000000014,False,0.0,평시,완도
2023-08-15,27.8,26.834285714285716,0.9657142857142844,0.3000000000000007,False,0.0,평시,완도
2023-08-16,27.8,26.88529411764706,0.9147058823529406,0.0,False,0.0,평시,완도
2023-08-17,27.9,26.933333333333334,0.966666666666665,0.09999999999999787,False,0.0,평시,완도
2023-08-18,28.2,26.95625,1.2437499999999986,0.3000000000000007,False,2.0,주의보,완도
2023-08-19,28.4,26.996875,1.4031249999999993,0.1999999999999993,False,2.0,주의보,완도
2023-08-20,28.6,27.046875,1.5531250000000014,0.20000000000000284,True,3.0,경보,완도
2023-08-21,28.9,27.08125,1.8187499999999979,0.29999999999999716,True,3.0,경보,완도
2023-08-22,29.0,27.053125,1.9468749999999986,0.10000000000000142,True,3.0,경보,완도
2023-08-23,28.7,27.027272727272727,1.672727272727272,-0.3000000000000007,True,3.0,경보,완도
2023-08-24,28.3,27.014705882352942,1.2852941176470587,-0.3999999999999986,True,3.0,경보,완도
2023-08-25,28.2,26.98857142857143,1.21142857142857,-0.10000000000000142,True,3.0,경보,완도
2023-08-26,28.4,26.90857142857143,1.4914285714285676,0.1999999999999993,True,3.0,경보,완도
2023-08-27,28.6,26.834285714285716,1.7657142857142851,0.20000000000000284,True,3.0,경보,완도
2023-08-28,28.8,26.794285714285717,2.0057142857142836,0.1999999999999993,True,3.0,경보,완도
2023-08-29,28.6,26.765714285714285,1.8342857142857163,-0.1999999999999993,True,3.0,경보,완도
2023-08-30,27.9,26.7,1.1999999999999993,-0.7000000000000028,False,0.0,평시,완도
2023-08-31,27.6,26.711764705882352,0.8882352941176492,-0.29999999999999716,False,0.0,평시,완도
2023-09-01,27.8,26.751515151515154,1.048484848484847,0.1999999999999993,False,0.0,평시,완도
2023-09-02,27.7,26.784374999999997,0.9156250000000021,-0.10000000000000142,False,0.0,평시,완도
2023-09-03,27.7,26.796774193548384,0.9032258064516157,0.0,False,0.0,평시,완도
2023-09-04,28.0,26.783333333333328,1.2166666666666721,0.3000000000000007,False,2.0,주의보,완도
2023-09-05,28.0,26.75862068965517,1.2413793103448292,0.0,False,2.0,주의보,완도
2023-09-06,28.0,26.848148148148145,1.1518518518518555,0.0,True,3.0,경보,완도
2023-09-07,28.1,26.823076923076922,1.2769230769230795,0.10000000000000142,True,3.0,경보,완도
2023-09-08,27.9,26.792,1.107999999999997,-0.20000000000000284,False,0.0,평시,완도
2023-09-09,27.8,26.76666666666667,1.0333333333333314,-0.09999999999999787,False,0.0,평시,완도
2023-09-10,27.9,26.817391304347826,1.0826086956521728,0.09999999999999787,False,0.0,평시,완도
2023-09-11,28.0,26.872727272727275,1.1272727272727252,0.10000000000000142,False,2.0,주의보,완도
2023-09-12,28.0,26.97619047619048,1.0238095238095184,0.0,False,2.0,주의보,완도
2023-09-13,27.8,27.0,0.8000000000000007,-0.1999999999999993,False,0.0,평시,완도
2023-09-14,27.2,27.04285714285714,0.15714285714285836,-0.6000000000000014,False,0.0,평시,완도
2023-09-15,27.2,27.057142857142853,0.1428571428571459,0.0,False,0.0,평시,완도
2023-09-16,27.2,27.095238095238095,0.10476190476190439,0.0,False,0.0,평시,완도
2023-09-17,27.2,26.931818181818183,0.26818181818181586,0.0,False,0.0,평시,완도
2023-09-18,27.6,26.708695652173912,0.8913043478260896,0.40000000000000213,False,0.0,평시,완도
2023-09-19,27.6,26.425,1.1750000000000007,0.0,False,0.0,평시,완도
2023-09-20,27.4,26.12,1.2799999999999976,-0.20000000000000284,False,0.0,평시,완도
2023-09-21,26.6,25.718518518518515,0.8814814814814866,-0.7999999999999972,False,0.0,평시,완도
2023-09-22,26.2,25.348275862068967,0.8517241379310327,-0.40000000000000213,False,0.0,평시,완도
2023-09-23,26.0,25.032258064516125,0.9677419354838754,-0.1999999999999993,False,0.0,평시,완도
2023-09-24,25.1,24.815625,0.2843750000000007,-0.8999999999999986,False,0.0,평시,완도
2023-09-25,24.8,24.684848484848487,0.11515151515151345,-0.3000000000000007,False,0.0,평시,완도
2023-09-26,25.4,24.61176470588235,0.7882352941176478,0.5999999999999979,False,0.0,평시,완도
2023-09-27,25.6,24.545714285714286,1.0542857142857152,0.20000000000000284,False,0.0,평시,완도
2023-09-28,25.7,24.52,1.1799999999999997,0.09999999999999787,False,0.0,평시,완도
2023-09-29,25.6,24.474285714285713,1.125714285714288,-0.09999999999999787,False,0.0,평시,완도
2023-09-30,25.2,24.37142857142857,0.8285714285714292,-0.40000000000000213,False,0.0,평시,완도
2023-10-01,24.7,24.23428571428571,0.46571428571428797,-0.5,False,0.0,평시,완도
2023-10-02,24.0,24.060000000000002,-0.060000000000002274,-0.6999999999999993,False,0.0,평시,완도
2023-10-03,23.6,23.845714285714287,-0.24571428571428555,-0.3999999999999986,False,0.0,평시,완도
2023-10-04,23.1,23.608571428571427,-0.5085714285714253,-0.5,False,0.0,평시,완도
2023-10-05,22.7,23.345714285714287,-0.6457142857142877,-0.40000000000000213,False,0.0,평시,완도
2023-10-06,21.8,23.1,-1.3000000000000007,-0.8999999999999986,False,0.0,평시,완도
2023-10-07,21.0,22.88285714285714,-1.8828571428571408,-0.8000000000000007,False,0.0,평시,완도
2023-10-08,20.7,22.665714285714287,-1.965714285714288,-0.3000000000000007,False,0.0,평시,완도
2023-10-09,20.4,22.465714285714288,-2.0657142857142894,-0.3000000000000007,False,0.0,평시,완도
2023-10-10,20.6,22.30857142857143,-1.7085714285714282,0.20000000000000284,False,0.0,평시,완도
2023-10-11,20.9,22.211428571428574,-1.311428571428575,0.29999999999999716,False,0.0,평시,완도
2023-10-12,21.2,22.142857142857142,-0.9428571428571431,0.3000000000000007,False,0.0,평시,완도
2023-10-13,21.4,22.097142857142856,-0.6971428571428575,0.1999999999999993,False,0.0,평시,완도
2023-10-14,21.5,21.98,-0.4800000000000004,0.10000000000000142,False,0.0,평시,완도
2023-10-15,21.2,21.791428571428572,-0.5914285714285725,-0.3000000000000007,False,0.0,평시,완도
2023-10-16,20.9,21.574285714285715,-0.6742857142857162,-0.3000000000000007,False,0.0,평시,완도
2023-10-17,20.4,21.271428571428572,-0.8714285714285737,-0.5,False,0.0,평시,완도
2023-10-18,20.5,20.87142857142857,-0.3714285714285701,0.10000000000000142,False,0.0,평시,완도
2023-10-19,20.5,20.46857142857143,0.03142857142857025,0.0,False,0.0,평시,완도
2023-10-20,20.2,20.06857142857143,0.13142857142856812,-0.3000000000000007,False,0.0,평시,완도
2023-10-21,19.2,19.731428571428573,-0.5314285714285738,-1.0,False,0.0,평시,완도
2023-10-22,18.7,19.468571428571426,-0.7685714285714269,-0.5,False,0.0,평시,완도
2023-10-23,18.6,19.242857142857144,-0.6428571428571423,-0.09999999999999787,False,0.0,평시,완도
2023-10-24,18.6,19.097142857142856,-0.49714285714285467,0.0,False,0.0,평시,완도
2023-10-25,18.9,18.99142857142857,-0.09142857142857252,0.29999999999999716,False,0.0,평시,완도
2023-10-26,19.2,18.874285714285712,0.3257142857142874,0.3000000000000007,False,0.0,평시,완도
2023-10-27,19.2,18.75142857142857,0.4485714285714302,0.0,False,0.0,평시,완도
2023-10-28,18.8,18.645714285714284,0.15428571428571658,-0.3999999999999986,False,0.0,평시,완도
2023-10-29,18.8,18.554285714285715,0.24571428571428555,0.0,False,0.0,평시,완도
2023-10-30,18.8,18.45142857142857,0.3485714285714323,0.0,False,0.0,평시,완도
2023-10-31,18.7,18.337142857142855,0.36285714285714477,-0.10000000000000142,False,0.0,평시,완도
2023-11-01,18.7,18.27142857142857,0.4285714285714306,0.0,False,0.0,평시,완도
2023-11-02,19.1,18.20857142857143,0.8914285714285697,0.40000000000000213,False,0.0,평시,완도
2023-11-03,19.4,18.12857142857143,1.2714285714285687,0.29999999999999716,False,0.0,평시,완도
2023-11-04,19.8,18.002857142857142,1.797142857142859,0.40000000000000213,False,0.0,평시,완도
2023-11-05,20.1,17.837142857142858,2.2628571428571433,0.3000000000000007,False,2.0,주의보,완도
2023-11-06,20.0,17.642857142857142,2.3571428571428577,-0.10000000000000142,False,2.0,주의보,완도
2023-11-07,18.5,17.425714285714285,1.0742857142857147,-1.5,False,0.0,평시,완도
2023-11-08,17.5,17.13714285714286,0.3628571428571412,-1.0,False,0.0,평시,완도
2023-11-09,17.4,16.825714285714284,0.5742857142857147,-0.10000000000000142,False,0.0,평시,완도
2023-11-10,17.2,16.505714285714287,0.6942857142857122,-0.1999999999999993,False,0.0,평시,완도
2023-11-11,15.8,16.217142857142854,-0.4171428571428528,-1.3999999999999986,False,0.0,평시,완도
2023-11-12,14.9,15.974285714285712,-1.0742857142857112,-0.9000000000000004,False,0.0,평시,완도
2023-11-13,14.3,15.768571428571429,-1.468571428571428,-0.5999999999999996,False,0.0,평시,완도
2023-11-14,14.0,15.571428571428571,-1.5714285714285712,-0.3000000000000007,False,0.0,평시,완도
2023-11-15,14.2,15.334285714285713,-1.1342857142857135,0.1999999999999993,False,0.0,평시,완도
2023-11-16,14.2,15.094285714285713,-0.8942857142857132,0.0,False,0.0,평시,완도
2023-11-17,13.9,14.90285714285714,-1.00285714285714,-0.29999999999999893,False,0.0,평시,완도
2023-11-18,13.0,14.737142857142857,-1.7371428571428567,-0.9000000000000004,False,0.0,평시,완도
2023-11-19,12.5,14.557142857142855,-2.057142857142855,-0.5,False,0.0,평시,완도
2023-11-20,12.6,14.360000000000001,-1.7600000000000016,0.09999999999999964,False,0.0,평시,완도
2023-11-21,12.6,14.148571428571428,-1.548571428571428,0.0,False,0.0,평시,완도
2023-11-22,12.7,14.000000000000002,-1.3000000000000025,0.09999999999999964,False,0.0,평시,완도
2023-11-23,13.3,13.868571428571428,-0.5685714285714276,0.6000000000000014,False,0.0,평시,완도
2023-11-24,12.9,13.682857142857141,-0.7828571428571411,-0.40000000000000036,False,0.0,평시,완도
2023-11-25,12.0,13.471428571428572,-1.4714285714285715,-0.9000000000000004,False,0.0,평시,완도
2023-11-26,11.7,13.245714285714286,-1.5457142857142863,-0.3000000000000007,False,0.0,평시,완도
2023-11-27,12.0,12.994285714285716,-0.9942857142857164,0.3000000000000007,False,0.0,평시,완도
2023-11-28,12.3,12.72,-0.41999999999999993,0.3000000000000007,False,0.0,평시,완도
2023-11-29,12.2,12.434285714285716,-0.23428571428571665,-0.10000000000000142,False,0.0,평시,완도
2023-11-30,11.6,12.151428571428571,-0.5514285714285716,-0.5999999999999996,False,0.0,평시,완도
2023-12-01,11.0,11.882857142857143,-0.8828571428571426,-0.5999999999999996,False,0.0,평시,완도
2023-12-02,10.6,11.61142857142857,-1.0114285714285707,-0.40000000000000036,False,0.0,평시,완도
2023-12-03,10.4,11.342857142857143,-0.9428571428571431,-0.1999999999999993,False,0.0,평시,완도
2023-12-04,10.2,11.13142857142857,-0.9314285714285706,-0.20000000000000107,False,0.0,평시,완도
2023-12-05,10.1,10.991428571428571,-0.8914285714285715,-0.09999999999999964,False,0.0,평시,완도
2023-12-06,10.0,10.914285714285713,-0.9142857142857128,-0.09999999999999964,False,0.0,평시,완도
2023-12-07,10.0,10.871428571428572,-0.8714285714285719,0.0,False,0.0,평시,완도
2023-12-08,10.3,10.871428571428572,-0.5714285714285712,0.3000000000000007,False,0.0,평시,완도
2023-12-09,11.1,10.862857142857145,0.23714285714285488,0.7999999999999989,False,0.0,평시,완도
2023-12-10,11.7,10.831428571428573,0.8685714285714266,0.5999999999999996,False,0.0,평시,완도
2023-12-11,12.2,10.728571428571428,1.4714285714285715,0.5,False,0.0,평시,완도
2023-12-12,12.3,10.608571428571429,1.6914285714285722,0.10000000000000142,False,0.0,평시,완도
2023-12-13,12.4,10.46,1.9399999999999995,0.09999999999999964,False,0.0,평시,완도
2023-12-14,12.5,10.254285714285714,2.2457142857142856,0.09999999999999964,False,2.0,주의보,완도
2023-12-15,12.7,9.942857142857145,2.7571428571428545,0.1999999999999993,False,2.0,주의보,완도
2023-12-16,12.0,9.634285714285713,2.3657142857142865,-0.6999999999999993,False,2.0,주의보,완도
2023-12-17,10.8,9.368571428571428,1.4314285714285724,-1.1999999999999993,False,0.0,평시,완도
2023-12-18,9.5,9.16285714285714,0.33714285714285985,-1.3000000000000007,False,0.0,평시,완도
2023-12-19,8.9,8.922857142857142,-0.022857142857141355,-0.5999999999999996,False,0.0,평시,완도
2023-12-20,8.6,8.64857142857143,-0.04857142857142982,-0.3000000000000007,False,0.0,평시,완도
2023-12-21,8.0,8.414285714285715,-0.4142857142857146,-0.5999999999999996,False,0.0,평시,완도
2023-12-22,7.4,8.234285714285713,-0.8342857142857127,-0.5999999999999996,False,0.0,평시,완도
2023-12-23,6.7,8.048571428571428,-1.3485714285714279,-0.7000000000000002,False,0.0,평시,완도
2023-12-24,6.6,7.8428571428571425,-1.2428571428571429,-0.10000000000000053,False,0.0,평시,완도
2023-12-25,6.8,7.637142857142858,-0.8371428571428581,0.20000000000000018,False,0.0,평시,완도
2023-12-26,7.3,7.491428571428571,-0.19142857142857128,0.5,False,0.0,평시,완도
2023-12-27,8.2,7.422857142857142,0.7771428571428576,0.8999999999999995,False,0.0,평시,완도
2023-12-28,8.7,7.354285714285713,1.345714285714286,0.5,False,0.0,평시,완도
2023-12-29,8.9,7.272222222222221,1.627777777777779,0.20000000000000107,False,0.0,평시,완도
2023-12-30,9.1,7.277777777777778,1.822222222222222,0.1999999999999993,False,0.0,평시,완도
2023-12-31,9.1,7.302777777777779,1.7972222222222207,0.0,False,0.0,평시,완도
2024-01-01,8.9,7.336111111111112,1.5638888888888882,-0.1999999999999993,False,0.0,평시,완도
2024-01-02,9.1,7.358333333333334,1.7416666666666654,0.1999999999999993,False,0.0,평시,완도
2024-01-03,9.0,7.352777777777779,1.6472222222222213,-0.09999999999999964,False,0.0,평시,완도
2024-01-04,8.7,7.322222222222223,1.3777777777777764,-0.3000000000000007,False,0.0,평시,완도
2024-01-05,8.6,7.297142857142857,1.3028571428571425,-0.09999999999999964,False,0.0,평시,완도
2024-01-06,8.6,7.1885714285714295,1.4114285714285701,0.0,False,0.0,평시,완도
2024-01-07,8.3,7.054285714285714,1.2457142857142864,-0.29999999999999893,False,0.0,평시,완도
2024-01-08,7.7,6.914285714285715,0.7857142857142856,-0.6000000000000005,False,0.0,평시,완도
2024-01-09,7.4,6.8028571428571425,0.5971428571428579,-0.2999999999999998,False,0.0,평시,완도
2024-01-10,7.5,6.765714285714286,0.734285714285714,0.09999999999999964,False,0.0,평시,완도
2024-01-11,7.6,6.811428571428571,0.7885714285714283,0.09999999999999964,False,0.0,평시,완도
2024-01-12,8.2,6.917142857142857,1.282857142857142,0.5999999999999996,False,0.0,평시,완도
2024-01-13,8.3,7.031428571428571,1.2685714285714296,0.10000000000000142,False,0.0,평시,완도
2024-01-14,8.5,7.145714285714285,1.354285714285715,0.1999999999999993,False,0.0,평시,완도
2024-01-15,8.6,7.234285714285715,1.3657142857142848,0.09999999999999964,False,0.0,평시,완도
2024-01-16,8.3,7.288571428571429,1.0114285714285716,-0.29999999999999893,False,0.0,평시,완도
2024-01-17,8.5,7.268571428571429,1.2314285714285713,0.1999999999999993,False,0.0,평시,완도
2024-01-18,8.6,7.194285714285714,1.4057142857142857,0.09999999999999964,False,0.0,평시,완도
2024-01-19,8.7,7.1171428571428565,1.5828571428571427,0.09999999999999964,False,0.0,평시,완도
2024-01-20,8.3,7.0771428571428565,1.2228571428571442,-0.3999999999999986,False,0.0,평시,완도
2024-01-21,8.1,7.034285714285714,1.0657142857142858,-0.20000000000000107,False,0.0,평시,완도
2024-01-22,7.7,6.999999999999999,0.7000000000000011,-0.39999999999999947,False,0.0,평시,완도
2024-01-23,7.0,6.991428571428571,0.008571428571428896,-0.7000000000000002,False,0.0,평시,완도
2024-01-24,6.2,7.0,-0.7999999999999998,-0.7999999999999998,False,0.0,평시,완도
2024-01-25,6.0,6.991428571428572,-0.991428571428572,-0.20000000000000018,False,0.0,평시,완도
2024-01-26,6.3,6.931428571428572,-0.6314285714285726,0.2999999999999998,False,0.0,평시,완도
2024-01-27,6.8,6.851428571428571,-0.0514285714285716,0.5,False,0.0,평시,완도
2024-01-28,7.2,6.828571428571428,0.3714285714285719,0.40000000000000036,False,0.0,평시,완도
2024-01-29,7.4,6.8742857142857146,0.5257142857142858,0.20000000000000018,False,0.0,평시,완도
2024-01-30,7.6,6.897142857142858,0.702857142857142,0.1999999999999993,False,0.0,평시,완도
2024-01-31,7.9,6.897142857142858,1.0028571428571427,0.3000000000000007,False,0.0,평시,완도
2024-02-01,8.1,6.902857142857143,1.1971428571428566,0.1999999999999993,False,0.0,평시,완도
2024-02-02,8.1,6.920000000000001,1.1799999999999988,0.0,False,0.0,평시,완도
2024-02-03,8.2,6.917142857142858,1.2828571428571411,0.09999999999999964,False,0.0,평시,완도
2024-02-04,8.1,6.897142857142858,1.202857142857142,-0.09999999999999964,False,0.0,평시,완도
2024-02-05,8.1,6.817142857142856,1.2828571428571438,0.0,False,0.0,평시,완도
2024-02-06,7.9,6.722857142857143,1.177142857142857,-0.1999999999999993,False,0.0,평시,완도
2024-02-07,7.7,6.648571428571429,1.0514285714285716,-0.20000000000000018,False,0.0,평시,완도
2024-02-08,7.5,6.6257142857142854,0.8742857142857146,-0.20000000000000018,False,0.0,평시,완도
2024-02-09,7.5,6.691428571428573,0.8085714285714269,0.0,False,0.0,평시,완도
2024-02-10,7.7,6.8428571428571425,0.8571428571428577,0.20000000000000018,False,0.0,평시,완도
2024-02-11,8.0,7.034285714285714,0.9657142857142862,0.2999999999999998,False,0.0,평시,완도
2024-02-12,8.6,7.24,1.3599999999999994,0.5999999999999996,False,0.0,평시,완도
2024-02-13,9.3,7.411428571428573,1.888571428571428,0.7000000000000011,False,0.0,평시,완도
2024-02-14,10.3,7.54857142857143,2.751428571428571,1.0,False,2.0,주의보,완도
2024-02-15,10.6,7.628571428571427,2.9714285714285724,0.29999999999999893,False,2.0,주의보,완도
2024-02-16,9.9,7.682857142857144,2.217142857142856,-0.6999999999999993,False,2.0,주의보,완도
2024-02-17,9.9,7.6571428571428575,2.242857142857143,0.0,False,2.0,주의보,완도
2024-02-18,10.1,7.594285714285714,2.5057142857142853,0.1999999999999993,False,2.0,주의보,완도
2024-02-19,11.2,7.551428571428572,3.6485714285714277,1.0999999999999996,False,3.0,경보,완도
2024-02-20,10.8,7.5457142857142845,3.2542857142857162,-0.3999999999999986,False,3.0,경보,완도
2024-02-21,10.4,7.545714285714286,2.854285714285714,-0.40000000000000036,False,2.0,주의보,완도
2024-02-22,9.9,7.565714285714286,2.3342857142857145,-0.5,False,2.0,주의보,완도
2024-02-23,9.7,7.5771428571428565,2.1228571428571428,-0.20000000000000107,False,2.0,주의보,완도
2024-02-24,9.5,7.648571428571429,1.8514285714285714,-0.1999999999999993,False,0.0,평시,완도
2024-02-25,9.4,7.754285714285714,1.6457142857142868,-0.09999999999999964,False,0.0,평시,완도
2024-02-26,9.7,7.927777777777779,1.7722222222222204,0.29999999999999893,False,0.0,평시,완도
2024-02-27,10.0,8.030555555555557,1.9694444444444432,0.3000000000000007,False,0.0,평시,완도
2024-02-28,10.3,8.15,2.1500000000000004,0.3000000000000007,False,2.0,주의보,완도
2024-02-29,10.3,8.286111111111111,2.0138888888888893,0.0,False,2.0,주의보,완도
2024-03-01,9.5,8.286111111111111,1.2138888888888886,-0.8000000000000007,False,0.0,평시,완도
2024-03-02,9.0,8.430555555555555,0.5694444444444446,-0.5,False,0.0,평시,완도
2024-03-03,8.9,8.569444444444445,0.3305555555555557,-0.09999999999999964,False,0.0,평시,완도
2024-03-04,8.9,8.697222222222221,0.20277777777777928,0.0,False,0.0,평시,완도
2024-03-05,9.1,8.782857142857143,0.3171428571428567,0.1999999999999993,False,0.0,평시,완도
2024-03-06,9.3,8.968571428571428,0.33142857142857274,0.20000000000000107,False,0.0,평시,완도
2024-03-07,9.7,9.197142857142858,0.5028571428571418,0.3999999999999986,False,0.0,평시,완도
2024-03-08,9.5,9.459999999999999,0.040000000000000924,-0.1999999999999993,False,0.0,평시,완도
2024-03-09,9.4,9.731428571428571,-0.33142857142857096,-0.09999999999999964,False,0.0,평시,완도
2024-03-10,9.5,9.98,-0.4800000000000004,0.09999999999999964,False,0.0,평시,완도
2024-03-11,9.7,10.208571428571426,-0.5085714285714271,0.1999999999999993,False,0.0,평시,완도
2024-03-12,9.8,10.44,-0.6399999999999988,0.10000000000000142,False,0.0,평시,완도
2024-03-13,10.4,10.651428571428571,-0.2514285714285709,0.5999999999999996,False,0.0,평시,완도
2024-03-14,10.5,10.782857142857145,-0.2828571428571447,0.09999999999999964,False,0.0,평시,완도
2024-03-15,10.9,10.845714285714287,0.05428571428571338,0.40000000000000036,False,0.0,평시,완도
2024-03-16,11.3,10.877142857142857,0.4228571428571435,0.40000000000000036,False,0.0,평시,완도
2024-03-17,11.8,10.894285714285715,0.9057142857142857,0.5,False,0.0,평시,완도
2024-03-18,11.7,10.9,0.7999999999999989,-0.10000000000000142,False,0.0,평시,완도
2024-03-19,11.8,10.899999999999999,0.9000000000000021,0.10000000000000142,False,0.0,평시,완도
2024-03-20,11.4,10.95142857142857,0.4485714285714302,-0.40000000000000036,False,0.0,평시,완도
2024-03-21,11.0,11.074285714285713,-0.07428571428571296,-0.40000000000000036,False,0.0,평시,완도
2024-03-22,11.2,11.257142857142858,-0.057142857142858716,0.1999999999999993,False,0.0,평시,완도
2024-03-23,12.3,11.482857142857142,0.8171428571428585,1.1000000000000014,False,0.0,평시,완도
2024-03-24,12.5,11.711428571428572,0.7885714285714283,0.1999999999999993,False,0.0,평시,완도
2024-03-25,12.0,11.897142857142857,0.1028571428571432,-0.5,False,0.0,평시,완도
2024-03-26,11.8,12.037142857142857,-0.23714285714285666,-0.1999999999999993,False,0.0,평시,완도
2024-03-27,11.9,12.13529411764706,-0.23529411764705976,0.09999999999999964,False,0.0,평시,완도
2024-03-28,12.2,12.252941176470591,-0.0529411764705916,0.29999999999999893,False,0.0,평시,완도
2024-03-29,12.3,12.350000000000003,-0.05000000000000249,0.10000000000000142,False,0.0,평시,완도
2024-03-30,12.6,12.423529411764704,0.17647058823529527,0.29999999999999893,False,0.0,평시,완도
2024-03-31,12.9,12.53235294117647,0.36764705882353077,0.3000000000000007,False,0.0,평시,완도
2024-04-01,13.3,12.694117647058825,0.6058823529411761,0.40000000000000036,False,0.0,평시,완도
2024-04-02,13.7,12.918181818181818,0.7818181818181813,0.3999999999999986,False,0.0,평시,완도
2024-04-03,14.0,13.090909090909092,0.9090909090909083,0.3000000000000007,False,0.0,평시,완도
2024-04-04,14.0,13.261290322580646,0.7387096774193544,0.0,False,0.0,평시,완도
2024-04-05,14.1,13.431034482758621,0.6689655172413786,0.09999999999999964,False,0.0,평시,완도
2024-04-06,14.1,13.592592592592593,0.5074074074074062,0.0,False,0.0,평시,완도
2024-04-07,14.3,13.764000000000001,0.5359999999999996,0.20000000000000107,False,0.0,평시,완도
2024-04-08,14.5,13.969565217391308,0.5304347826086921,0.1999999999999993,False,0.0,평시,완도
2024-04-09,14.5,14.109090909090911,0.3909090909090889,0.0,False,0.0,평시,완도
2024-04-10,14.8,14.290476190476191,0.5095238095238095,0.3000000000000007,False,0.0,평시,완도
2024-04-11,14.7,14.414285714285716,0.2857142857142829,-0.10000000000000142,False,0.0,평시,완도
2024-04-12,15.0,14.576190476190478,0.4238095238095223,0.3000000000000007,False,0.0,평시,완도
2024-04-13,15.8,14.766666666666667,1.0333333333333332,0.8000000000000007,False,0.0,평시,완도
2024-04-14,16.3,14.91428571428572,1.3857142857142808,0.5,False,0.0,평시,완도
2024-04-15,16.6,15.052380952380956,1.5476190476190457,0.3000000000000007,False,0.0,평시,완도
2024-04-16,17.0,15.185714285714287,1.8142857142857132,0.3999999999999986,False,0.0,평시,완도
2024-04-17,16.6,15.328571428571427,1.271428571428574,-0.3999999999999986,False,0.0,평시,완도
2024-04-18,16.8,15.48181818181818,1.3181818181818201,0.1999999999999993,False,0.0,평시,완도
2024-04-19,16.9,15.617391304347823,1.2826086956521756,0.09999999999999787,False,0.0,평시,완도
2024-04-20,16.9,15.720833333333337,1.1791666666666618,0.0,False,0.0,평시,완도
2024-04-21,16.7,15.880769230769229,0.8192307692307708,-0.1999999999999993,False,0.0,평시,완도
2024-04-22,16.9,15.982142857142858,0.9178571428571409,0.1999999999999993,False,0.0,평시,완도
2024-04-23,16.7,16.07,0.629999999999999,-0.1999999999999993,False,0.0,평시,완도
2024-04-24,16.7,16.109375,0.5906249999999993,0.0,False,0.0,평시,완도
2024-04-25,16.7,16.209090909090907,0.49090909090909207,0.0,False,0.0,평시,완도
2024-04-26,17.1,16.279411764705884,0.8205882352941174,0.40000000000000213,False,0.0,평시,완도
2024-04-27,17.5,16.323529411764707,1.1764705882352935,0.3999999999999986,False,0.0,평시,완도
2024-04-28,18.0,16.329411764705885,1.6705882352941153,0.5,False,0.0,평시,완도
2024-04-29,18.0,16.33823529411765,1.6617647058823515,0.0,False,0.0,평시,완도
2024-04-30,17.9,16.36176470588235,1.5382352941176478,-0.10000000000000142,False,0.0,평시,완도
2024-05-01,17.6,16.42941176470588,1.1705882352941224,-0.29999999999999716,False,0.0,평시,완도
2024-05-02,17.8,16.491176470588233,1.308823529411768,0.1999999999999993,False,0.0,평시,완도
2024-05-03,18.3,16.558823529411768,1.7411764705882327,0.5,False,0.0,평시,완도
2024-05-04,18.6,16.65142857142857,1.9485714285714302,0.3000000000000007,False,0.0,평시,완도
2024-05-05,18.9,16.74,2.16,0.29999999999999716,False,2.0,주의보,완도
2024-05-06,18.4,16.888571428571424,1.5114285714285742,-0.5,False,0.0,평시,완도
2024-05-07,18.2,17.042857142857144,1.1571428571428548,-0.1999999999999993,False,0.0,평시,완도
2024-05-08,17.9,17.171428571428574,0.7285714285714242,-0.3000000000000007,False,0.0,평시,완도
2024-05-09,18.1,17.28571428571429,0.8142857142857132,0.20000000000000284,False,0.0,평시,완도
2024-05-10,18.4,17.431428571428576,0.9685714285714226,0.29999999999999716,False,0.0,평시,완도
2024-05-11,18.7,17.58857142857143,1.1114285714285685,0.3000000000000007,False,0.0,평시,완도
2024-05-12,18.9,17.754285714285714,1.1457142857142841,0.1999999999999993,False,0.0,평시,완도
2024-05-13,18.5,17.86857142857143,0.6314285714285717,-0.3999999999999986,False,0.0,평시,완도
2024-05-14,18.9,17.965714285714288,0.9342857142857106,0.3999999999999986,False,0.0,평시,완도
2024-05-15,18.8,18.065714285714286,0.7342857142857149,-0.09999999999999787,False,0.0,평시,완도
2024-05-16,18.2,18.182857142857145,0.01714285714285424,-0.6000000000000014,False,0.0,평시,완도
2024-05-17,18.1,18.30857142857143,-0.20857142857142819,-0.09999999999999787,False,0.0,평시,완도
2024-05-18,18.8,18.425714285714285,0.37428571428571544,0.6999999999999993,False,0.0,평시,완도
2024-05-19,19.5,18.561764705882357,0.9382352941176428,0.6999999999999993,False,0.0,평시,완도
2024-05-20,19.9,18.736363636363635,1.163636363636364,0.3999999999999986,False,0.0,평시,완도
2024-05-21,20.1,18.896875,1.203125,0.20000000000000284,False,0.0,평시,완도
2024-05-22,20.4,19.09677419354839,1.3032258064516071,0.29999999999999716,False,0.0,평시,완도
2024-05-23,20.8,19.28333333333334,1.5166666666666622,0.40000000000000213,False,0.0,평시,완도
2024-05-24,20.8,19.44827586206896,1.3517241379310398,0.0,False,0.0,평시,완도
2024-05-25,21.0,19.61785714285714,1.3821428571428598,0.1999999999999993,False,0.0,평시,완도
2024-05-26,20.5,19.77142857142857,0.7285714285714313,-0.5,False,0.0,평시,완도
2024-05-27,20.4,19.892857142857142,0.5071428571428562,-0.10000000000000142,False,0.0,평시,완도
2024-05-28,20.3,20.032142857142855,0.2678571428571459,-0.09999999999999787,False,0.0,평시,완도
2024-05-29,20.8,20.148275862068967,0.6517241379310335,0.5,False,0.0,평시,완도
2024-05-30,21.2,20.256666666666668,0.9433333333333316,0.3999999999999986,False,0.0,평시,완도
2024-05-31,21.2,20.358064516129033,0.8419354838709658,0.0,False,0.0,평시,완도
2024-06-01,21.0,20.45625,0.5437499999999993,-0.1999999999999993,False,0.0,평시,완도
2024-06-02,20.7,20.509090909090908,0.19090909090909136,-0.3000000000000007,False,0.0,평시,완도
2024-06-03,20.9,20.576470588235296,0.32352941176470296,0.1999999999999993,False,0.0,평시,완도
2024-06-04,21.4,20.659999999999997,0.740000000000002,0.5,False,0.0,평시,완도
2024-06-05,21.5,20.76857142857143,0.7314285714285695,0.10000000000000142,False,0.0,평시,완도
2024-06-06,21.2,20.9,0.3000000000000007,-0.3000000000000007,False,0.0,평시,완도
2024-06-07,21.2,21.04857142857143,0.1514285714285677,0.0,False,0.0,평시,완도
2024-06-08,21.1,21.21714285714286,-0.11714285714285921,-0.09999999999999787,False,0.0,평시,완도
2024-06-09,21.3,21.42571428571429,-0.1257142857142881,0.1999999999999993,False,0.0,평시,완도
2024-06-10,21.6,21.63142857142857,-0.03142857142857025,0.3000000000000007,False,0.0,평시,완도
2024-06-11,22.0,21.814285714285717,0.18571428571428328,0.3999999999999986,False,0.0,평시,완도
2024-06-12,22.4,21.965714285714288,0.4342857142857106,0.3999999999999986,False,0.0,평시,완도
2024-06-13,23.0,22.08,0.9200000000000017,0.6000000000000014,False,0.0,평시,완도
2024-06-14,23.4,22.15714285714286,1.2428571428571402,0.3999999999999986,False,0.0,평시,완도
2024-06-15,24.1,22.21142857142857,1.8885714285714315,0.7000000000000028,False,0.0,평시,완도
2024-06-16,24.0,22.285714285714285,1.7142857142857153,-0.10000000000000142,False,0.0,평시,완도
2024-06-17,23.3,22.374285714285712,0.9257142857142888,-0.6999999999999993,False,0.0,평시,완도
2024-06-18,23.3,22.47714285714286,0.8228571428571421,0.0,False,0.0,평시,완도
2024-06-19,23.6,22.585714285714285,1.014285714285716,0.3000000000000007,False,0.0,평시,완도
2024-06-20,23.5,22.702857142857145,0.7971428571428554,-0.10000000000000142,False,0.0,평시,완도
2024-06-21,23.2,22.83142857142857,0.36857142857142833,-0.3000000000000007,False,0.0,평시,완도
2024-06-22,23.2,22.919999999999998,0.28000000000000114,0.0,False,0.0,평시,완도
2024-06-23,22.8,22.98857142857143,-0.1885714285714286,-0.3999999999999986,False,0.0,평시,완도
2024-06-24,22.7,23.057142857142853,-0.3571428571428541,-0.10000000000000142,False,0.0,평시,완도
2024-06-25,22.7,23.12857142857143,-0.4285714285714306,0.0,False,0.0,평시,완도
2024-06-26,22.8,23.225714285714286,-0.42571428571428527,0.10000000000000142,False,0.0,평시,완도
2024-06-27,22.5,23.33142857142857,-0.831428571428571,-0.3000000000000007,False,0.0,평시,완도
2024-06-28,22.5,23.474285714285713,-0.9742857142857133,0.0,False,0.0,평시,완도
2024-06-29,23.1,23.71428571428571,-0.6142857142857103,0.6000000000000014,False,0.0,평시,완도
2024-06-30,23.2,23.939999999999998,-0.7399999999999984,0.09999999999999787,False,0.0,평시,완도
2024-07-01,23.0,24.137142857142855,-1.1371428571428552,-0.1999999999999993,False,0.0,평시,완도
2024-07-02,23.9,24.319999999999997,-0.41999999999999815,0.8999999999999986,False,0.0,평시,완도
2024-07-03,24.4,24.48285714285714,-0.08285714285714008,0.5,False,0.0,평시,완도
2024-07-04,24.4,24.62285714285714,-0.22285714285714064,0.0,False,0.0,평시,완도
2024-07-05,24.6,24.705714285714283,-0.10571428571428143,0.20000000000000284,False,0.0,평시,완도
2024-07-06,24.7,24.697142857142858,0.002857142857141781,0.09999999999999787,False,0.0,평시,완도
2024-07-07,24.3,24.685714285714287,-0.3857142857142861,-0.3999999999999986,False,0.0,평시,완도
2024-07-08,23.7,24.677142857142858,-0.9771428571428586,-0.6000000000000014,False,0.0,평시,완도
2024-07-09,23.5,24.66,-1.1600000000000001,-0.1999999999999993,False,0.0,평시,완도
2024-07-10,23.5,24.614285714285714,-1.1142857142857139,0.0,False,0.0,평시,완도
2024-07-11,22.9,24.57428571428571,-1.6742857142857126,-0.6000000000000014,False,0.0,평시,완도
2024-07-12,23.1,24.531428571428574,-1.4314285714285724,0.20000000000000284,False,0.0,평시,완도
2024-07-13,23.4,24.502857142857142,-1.1028571428571432,0.29999999999999716,False,0.0,평시,완도
2024-07-14,23.8,24.49428571428572,-0.6942857142857193,0.40000000000000213,False,0.0,평시,완도
2024-07-15,23.5,24.49142857142857,-0.9914285714285711,-0.3000000000000007,False,0.0,평시,완도
2024-07-16,23.1,24.5,-1.3999999999999986,-0.3999999999999986,False,0.0,평시,완도
2024-07-17,23.4,24.565714285714286,-1.1657142857142873,0.29999999999999716,False,0.0,평시,완도
2024-07-18,23.7,24.665714285714284,-0.9657142857142844,0.3000000000000007,False,0.0,평시,완도
2024-07-19,23.6,24.794285714285714,-1.1942857142857122,-0.09999999999999787,False,0.0,평시,완도
2024-07-20,23.6,24.93142857142857,-1.3314285714285674,0.0,False,0.0,평시,완도
2024-07-21,24.0,25.06571428571429,-1.0657142857142894,0.3999999999999986,False,0.0,평시,완도
2024-07-22,24.3,25.208571428571428,-0.9085714285714275,0.3000000000000007,False,0.0,평시,완도
2024-07-23,24.7,25.388571428571428,-0.6885714285714286,0.3999999999999986,False,0.0,평시,완도
2024-07-24,25.0,25.59714285714286,-0.5971428571428596,0.3000000000000007,False,0.0,평시,완도
2024-07-25,25.2,25.802857142857142,-0.6028571428571432,0.1999999999999993,False,0.0,평시,완도
2024-07-26,25.1,26.017142857142858,-0.9171428571428564,-0.09999999999999787,False,0.0,평시,완도
2024-07-27,25.4,26.222857142857137,-0.8228571428571385,0.29999999999999716,False,0.0,평시,완도
2024-07-28,26.0,26.431428571428572,-0.4314285714285724,0.6000000000000014,False,0.0,평시,완도
2024-07-29,26.3,26.657142857142855,-0.3571428571428541,0.3000000000000007,False,0.0,평시,완도
2024-07-30,26.2,26.86285714285714,-0.6628571428571419,-0.10000000000000142,False,0.0,평시,완도
2024-07-31,26.7,27.00857142857143,-0.3085714285714296,0.5,False,0.0,평시,완도
2024-08-01,27.0,27.122857142857146,-0.12285714285714633,0.3000000000000007,False,0.0,평시,완도
2024-08-02,26.7,27.245714285714286,-0.5457142857142863,-0.3000000000000007,False,0.0,평시,완도
2024-08-03,26.6,27.380000000000003,-0.7800000000000011,-0.09999999999999787,False,0.0,평시,완도
2024-08-04,26.7,27.494285714285716,-0.7942857142857171,0.09999999999999787,False,0.0,평시,완도
2024-08-05,26.9,27.56285714285714,-0.6628571428571419,0.1999999999999993,False,0.0,평시,완도
2024-08-06,26.9,27.568571428571428,-0.668571428571429,0.0,False,0.0,평시,완도
2024-08-07,26.9,27.528571428571425,-0.6285714285714263,0.0,False,0.0,평시,완도
2024-08-08,26.8,27.419999999999998,-0.6199999999999974,-0.09999999999999787,False,0.0,평시,완도
2024-08-09,26.7,27.274285714285718,-0.5742857142857183,-0.10000000000000142,False,0.0,평시,완도
2024-08-10,27.3,27.120000000000005,0.17999999999999616,0.6000000000000014,False,0.0,평시,완도
2024-08-11,27.2,26.98571428571429,0.2142857142857082,-0.10000000000000142,False,0.0,평시,완도
2024-08-12,28.0,26.900000000000002,1.0999999999999979,0.8000000000000007,False,2.0,주의보,완도
2024-08-13,28.2,26.825714285714287,1.374285714285712,0.1999999999999993,False,2.0,주의보,완도
2024-08-14,28.5,26.782857142857143,1.717142857142857,0.3000000000000007,True,3.0,경보,완도
2024-08-15,29.2,26.834285714285716,2.365714285714283,0.6999999999999993,True,3.0,경보,완도
2024-08-16,28.5,26.88529411764706,1.6147058823529399,-0.6999999999999993,True,3.0,경보,완도
2024-08-17,28.4,26.933333333333334,1.466666666666665,-0.10000000000000142,True,3.0,경보,완도
2024-08-18,28.3,26.95625,1.34375,-0.09999999999999787,True,3.0,경보,완도
2024-08-19,,26.996875,,,False,,판정불가,완도
2024-08-20,,27.046875,,,False,,판정불가,완도
2024-08-21,,27.08125,,,False,,판정불가,완도
2024-08-22,28.2,27.053125,1.1468749999999979,,False,2.0,주의보,완도
2024-08-23,28.0,27.027272727272727,0.9727272727272727,-0.1999999999999993,False,2.0,주의보,완도
2024-08-24,28.2,27.014705882352942,1.1852941176470573,0.1999999999999993,True,3.0,경보,완도
2024-08-25,28.3,26.98857142857143,1.3114285714285714,0.10000000000000142,True,3.0,경보,완도
2024-08-26,28.6,26.90857142857143,1.6914285714285704,0.3000000000000007,True,3.0,경보,완도
2024-08-27,28.8,26.834285714285716,1.9657142857142844,0.1999999999999993,True,3.0,경보,완도
2024-08-28,28.9,26.794285714285717,2.1057142857142814,0.09999999999999787,True,3.0,경보,완도
2024-08-29,28.8,26.765714285714285,2.0342857142857156,-0.09999999999999787,True,3.0,경보,완도
2024-08-30,28.7,26.7,2.0,-0.10000000000000142,True,3.0,경보,완도
2024-08-31,28.3,26.711764705882352,1.5882352941176485,-0.3999999999999986,True,3.0,경보,완도
2024-09-01,28.2,26.751515151515154,1.4484848484848456,-0.10000000000000142,True,3.0,경보,완도
2024-09-02,28.2,26.784374999999997,1.4156250000000021,0.0,True,3.0,경보,완도
2024-09-03,27.9,26.796774193548384,1.103225806451615,-0.3000000000000007,False,0.0,평시,완도
2024-09-04,27.7,26.783333333333328,0.9166666666666714,-0.1999999999999993,False,0.0,평시,완도
2024-09-05,27.8,26.75862068965517,1.04137931034483,0.10000000000000142,False,0.0,평시,완도
2024-09-06,27.8,26.848148148148145,0.9518518518518562,0.0,False,0.0,평시,완도
2024-09-07,27.8,26.823076923076922,0.9769230769230788,0.0,False,0.0,평시,완도
2024-09-08,27.9,26.792,1.107999999999997,0.09999999999999787,False,0.0,평시,완도
2024-09-09,28.3,26.76666666666667,1.5333333333333314,0.40000000000000213,False,2.0,주의보,완도
2024-09-10,28.7,26.817391304347826,1.8826086956521735,0.3999999999999986,False,2.0,주의보,완도
2024-09-11,29.0,26.872727272727275,2.127272727272725,0.3000000000000007,True,3.0,경보,완도
2024-09-12,28.8,26.97619047619048,1.823809523809519,-0.1999999999999993,True,3.0,경보,완도
2024-09-13,29.3,27.0,2.3000000000000007,0.5,True,3.0,경보,완도
2024-09-14,29.5,27.04285714285714,2.457142857142859,0.1999999999999993,True,3.0,경보,완도
2024-09-15,29.4,27.057142857142853,2.342857142857145,-0.10000000000000142,True,3.0,경보,완도
2024-09-16,29.2,27.095238095238095,2.1047619047619044,-0.1999999999999993,True,3.0,경보,완도
2024-09-17,29.1,26.931818181818183,2.168181818181818,-0.09999999999999787,True,3.0,경보,완도
2024-09-18,29.1,26.708695652173912,2.3913043478260896,0.0,True,3.0,경보,완도
2024-09-19,29.2,26.425,2.7749999999999986,0.09999999999999787,True,3.0,경보,완도
2024-09-20,28.7,26.12,2.5799999999999983,-0.5,True,3.0,경보,완도
2024-09-21,28.2,25.718518518518515,2.4814814814814845,-0.5,True,3.0,경보,완도
2024-09-22,27.4,25.348275862068967,2.051724137931032,-0.8000000000000007,False,2.0,주의보,완도
2024-09-23,26.8,25.032258064516125,1.7677419354838761,-0.5999999999999979,False,0.0,평시,완도
2024-09-24,26.3,24.815625,1.484375,-0.5,False,0.0,평시,완도
2024-09-25,26.3,24.684848484848487,1.6151515151515135,0.0,False,0.0,평시,완도
2024-09-26,26.5,24.61176470588235,1.8882352941176492,0.1999999999999993,False,0.0,평시,완도
2024-09-27,26.6,24.545714285714286,2.054285714285715,0.10000000000000142,False,2.0,주의보,완도
2024-09-28,26.5,24.52,1.9800000000000004,-0.10000000000000142,False,0.0,평시,완도
2024-09-29,26.4,24.474285714285713,1.9257142857142853,-0.10000000000000142,False,0.0,평시,완도
2024-09-30,26.2,24.37142857142857,1.8285714285714292,-0.1999999999999993,False,0.0,평시,완도
2024-10-01,26.0,24.23428571428571,1.7657142857142887,-0.1999999999999993,False,0.0,평시,완도
2024-10-02,24.9,24.060000000000002,0.8399999999999963,-1.1000000000000014,False,0.0,평시,완도
2024-10-03,23.6,23.845714285714287,-0.24571428571428555,-1.2999999999999972,False,0.0,평시,완도
2024-10-04,23.1,23.608571428571427,-0.5085714285714253,-0.5,False,0.0,평시,완도
2024-10-05,23.3,23.345714285714287,-0.04571428571428626,0.1999999999999993,False,0.0,평시,완도
2024-10-06,23.3,23.1,0.1999999999999993,0.0,False,0.0,평시,완도
2024-10-07,22.8,22.88285714285714,-0.08285714285714008,-0.5,False,0.0,평시,완도
2024-10-08,22.6,22.665714285714287,-0.06571428571428584,-0.1999999999999993,False,0.0,평시,완도
2024-10-09,22.6,22.465714285714288,0.13428571428571345,0.0,False,0.0,평시,완도
2024-10-10,22.5,22.30857142857143,0.1914285714285704,-0.10000000000000142,False,0.0,평시,완도
2024-10-11,22.5,22.211428571428574,0.2885714285714265,0.0,False,0.0,평시,완도
2024-10-12,22.4,22.142857142857142,0.25714285714285623,-0.10000000000000142,False,0.0,평시,완도
2024-10-13,22.5,22.097142857142856,0.4028571428571439,0.10000000000000142,False,0.0,평시,완도
2024-10-14,22.4,21.98,0.41999999999999815,-0.10000000000000142,False,0.0,평시,완도
2024-10-15,22.6,21.791428571428572,0.8085714285714296,0.20000000000000284,False,0.0,평시,완도
2024-10-16,22.9,21.574285714285715,1.3257142857142838,0.29999999999999716,False,0.0,평시,완도
2024-10-17,22.9,21.271428571428572,1.6285714285714263,0.0,False,0.0,평시,완도
2024-10-18,22.8,20.87142857142857,1.9285714285714306,-0.09999999999999787,False,0.0,평시,완도
2024-10-19,23.0,20.46857142857143,2.5314285714285703,0.1999999999999993,False,2.0,주의보,완도
2024-10-20,21.8,20.06857142857143,1.7314285714285695,-1.1999999999999993,False,0.0,평시,완도
2024-10-21,20.9,19.731428571428573,1.1685714285714255,-0.9000000000000021,False,0.0,평시,완도
2024-10-22,21.1,19.468571428571426,1.6314285714285752,0.20000000000000284,False,0.0,평시,완도
2024-10-23,20.9,19.242857142857144,1.6571428571428548,-0.20000000000000284,False,0.0,평시,완도
2024-10-24,20.4,19.097142857142856,1.3028571428571425,-0.5,False,0.0,평시,완도
2024-10-25,19.8,18.99142857142857,0.8085714285714296,-0.5999999999999979,False,0.0,평시,완도
2024-10-26,19.5,18.874285714285712,0.6257142857142881,-0.3000000000000007,False,0.0,평시,완도
2024-10-27,19.8,18.75142857142857,1.0485714285714316,0.3000000000000007,False,0.0,평시,완도
2024-10-28,20.0,18.645714285714284,1.3542857142857159,0.1999999999999993,False,0.0,평시,완도
2024-10-29,20.0,18.554285714285715,1.4457142857142848,0.0,False,0.0,평시,완도
2024-10-30,20.1,18.45142857142857,1.648571428571433,0.10000000000000142,False,0.0,평시,완도
2024-10-31,20.1,18.337142857142855,1.762857142857147,0.0,False,0.0,평시,완도
2024-11-01,19.8,18.27142857142857,1.528571428571432,-0.3000000000000007,False,0.0,평시,완도
2024-11-02,19.6,18.20857142857143,1.3914285714285697,-0.1999999999999993,False,0.0,평시,완도
2024-11-03,20.0,18.12857142857143,1.87142857142857,0.3999999999999986,False,0.0,평시,완도
2024-11-04,20.0,18.002857142857142,1.9971428571428582,0.0,False,0.0,평시,완도
2024-11-05,19.3,17.837142857142858,1.4628571428571426,-0.6999999999999993,False,0.0,평시,완도
2024-11-06,18.3,17.642857142857142,0.6571428571428584,-1.0,False,0.0,평시,완도
2024-11-07,17.5,17.425714285714285,0.07428571428571473,-0.8000000000000007,False,0.0,평시,완도
2024-11-08,17.3,17.13714285714286,0.16285714285714192,-0.1999999999999993,False,0.0,평시,완도
2024-11-09,17.2,16.825714285714284,0.37428571428571544,-0.10000000000000142,False,0.0,평시,완도
2024-11-10,17.3,16.505714285714287,0.7942857142857136,0.10000000000000142,False,0.0,평시,완도
2024-11-11,17.3,16.217142857142854,1.0828571428571472,0.0,False,0.0,평시,완도
2024-11-12,17.6,15.974285714285712,1.6257142857142899,0.3000000000000007,False,0.0,평시,완도
2024-11-13,17.7,15.768571428571429,1.9314285714285706,0.09999999999999787,False,0.0,평시,완도
2024-11-14,17.8,15.571428571428571,2.2285714285714295,0.10000000000000142,False,2.0,주의보,완도
2024-11-15,18.1,15.334285714285713,2.7657142857142887,0.3000000000000007,False,2.0,주의보,완도
2024-11-16,18.4,15.094285714285713,3.305714285714286,0.29999999999999716,False,3.0,경보,완도
2024-11-17,18.3,14.90285714285714,3.3971428571428604,-0.09999999999999787,False,3.0,경보,완도
2024-11-18,16.4,14.737142857142857,1.662857142857142,-1.9000000000000021,False,0.0,평시,완도
2024-11-19,15.5,14.557142857142855,0.9428571428571448,-0.8999999999999986,False,0.0,평시,완도
2024-11-20,15.3,14.360000000000001,0.9399999999999995,-0.1999999999999993,False,0.0,평시,완도
2024-11-21,15.1,14.148571428571428,0.951428571428572,-0.20000000000000107,False,0.0,평시,완도
2024-11-22,14.9,14.000000000000002,0.8999999999999986,-0.1999999999999993,False,0.0,평시,완도
2024-11-23,14.4,13.868571428571428,0.531428571428572,-0.5,False,0.0,평시,완도
2024-11-24,13.9,13.682857142857141,0.21714285714285886,-0.5,False,0.0,평시,완도
2024-11-25,13.8,13.471428571428572,0.3285714285714292,-0.09999999999999964,False,0.0,평시,완도
2024-11-26,13.6,13.245714285714286,0.3542857142857141,-0.20000000000000107,False,0.0,평시,완도
2024-11-27,13.0,12.994285714285716,0.005714285714283562,-0.5999999999999996,False,0.0,평시,완도
2024-11-28,12.5,12.72,-0.22000000000000064,-0.5,False,0.0,평시,완도
2024-11-29,12.2,12.434285714285716,-0.23428571428571665,-0.3000000000000007,False,0.0,평시,완도
2024-11-30,12.3,12.151428571428571,0.14857142857142946,0.10000000000000142,False,0.0,평시,완도
2024-12-01,12.5,11.882857142857143,0.6171428571428574,0.1999999999999993,False,0.0,평시,완도
2024-12-02,12.7,11.61142857142857,1.088571428571429,0.1999999999999993,False,0.0,평시,완도
2024-12-03,12.7,11.342857142857143,1.3571428571428559,0.0,False,0.0,평시,완도
2024-12-04,12.2,11.13142857142857,1.0685714285714294,-0.5,False,0.0,평시,완도
2024-12-05,12.0,10.991428571428571,1.008571428571429,-0.1999999999999993,False,0.0,평시,완도
2024-12-06,11.8,10.914285714285713,0.8857142857142879,-0.1999999999999993,False,0.0,평시,완도
2024-12-07,11.4,10.871428571428572,0.5285714285714285,-0.40000000000000036,False,0.0,평시,완도
2024-12-08,10.9,10.871428571428572,0.02857142857142847,-0.5,False,0.0,평시,완도
2024-12-09,10.5,10.862857142857145,-0.36285714285714477,-0.40000000000000036,False,0.0,평시,완도
2024-12-10,10.2,10.831428571428573,-0.6314285714285734,-0.3000000000000007,False,0.0,평시,완도
2024-12-11,10.1,10.728571428571428,-0.6285714285714281,-0.09999999999999964,False,0.0,평시,완도
2024-12-12,9.7,10.608571428571429,-0.9085714285714293,-0.40000000000000036,False,0.0,평시,완도
2024-12-13,9.5,10.46,-0.9600000000000009,-0.1999999999999993,False,0.0,평시,완도
2024-12-14,9.4,10.254285714285714,-0.8542857142857141,-0.09999999999999964,False,0.0,평시,완도
2024-12-15,9.5,9.942857142857145,-0.44285714285714484,0.09999999999999964,False,0.0,평시,완도
2024-12-16,9.7,9.634285714285713,0.06571428571428584,0.1999999999999993,False,0.0,평시,완도
2024-12-17,10.0,9.368571428571428,0.6314285714285717,0.3000000000000007,False,0.0,평시,완도
2024-12-18,9.8,9.16285714285714,0.6371428571428606,-0.1999999999999993,False,0.0,평시,완도
2024-12-19,9.3,8.922857142857142,0.377142857142859,-0.5,False,0.0,평시,완도
2024-12-20,8.9,8.64857142857143,0.2514285714285709,-0.40000000000000036,False,0.0,평시,완도
2024-12-21,8.6,8.414285714285715,0.18571428571428505,-0.3000000000000007,False,0.0,평시,완도
2024-12-22,8.3,8.234285714285713,0.06571428571428761,-0.29999999999999893,False,0.0,평시,완도
2024-12-23,7.8,8.048571428571428,-0.24857142857142822,-0.5000000000000009,False,0.0,평시,완도
2024-12-24,7.6,7.8428571428571425,-0.24285714285714288,-0.20000000000000018,False,0.0,평시,완도
2024-12-25,7.4,7.637142857142858,-0.23714285714285754,-0.1999999999999993,False,0.0,평시,완도
2024-12-26,7.4,7.491428571428571,-0.09142857142857075,0.0,False,0.0,평시,완도
2024-12-27,7.1,7.422857142857142,-0.32285714285714207,-0.3000000000000007,False,0.0,평시,완도
2024-12-28,6.9,7.354285714285713,-0.45428571428571285,-0.1999999999999993,False,0.0,평시,완도
2024-12-29,7.0,7.272222222222221,-0.27222222222222126,0.09999999999999964,False,0.0,평시,완도
2024-12-30,7.3,7.277777777777778,0.022222222222222143,0.2999999999999998,False,0.0,평시,완도
2024-12-31,7.5,7.302777777777779,0.19722222222222108,0.20000000000000018,False,0.0,평시,완도
2025-01-01,8.3,7.336111111111112,0.9638888888888886,0.8000000000000007,False,0.0,평시,완도
2025-01-02,8.2,7.358333333333334,0.841666666666665,-0.10000000000000142,False,0.0,평시,완도
2025-01-03,8.1,7.352777777777779,0.7472222222222209,-0.09999999999999964,False,0.0,평시,완도
2025-01-04,8.1,7.322222222222223,0.7777777777777768,0.0,False,0.0,평시,완도
2025-01-05,8.1,7.297142857142857,0.8028571428571425,0.0,False,0.0,평시,완도
2025-01-06,8.1,7.1885714285714295,0.9114285714285701,0.0,False,0.0,평시,완도
2025-01-07,7.8,7.054285714285714,0.7457142857142856,-0.2999999999999998,False,0.0,평시,완도
2025-01-08,7.5,6.914285714285715,0.5857142857142854,-0.2999999999999998,False,0.0,평시,완도
2025-01-09,7.0,6.8028571428571425,0.1971428571428575,-0.5,False,0.0,평시,완도
2025-01-10,6.3,6.765714285714286,-0.4657142857142862,-0.7000000000000002,False,0.0,평시,완도
2025-01-11,6.1,6.811428571428571,-0.7114285714285717,-0.20000000000000018,False,0.0,평시,완도
2025-01-12,6.1,6.917142857142857,-0.8171428571428576,0.0,False,0.0,평시,완도
2025-01-13,6.3,7.031428571428571,-0.7314285714285713,0.20000000000000018,False,0.0,평시,완도
2025-01-14,6.9,7.145714285714285,-0.24571428571428466,0.6000000000000005,False,0.0,평시,완도
2025-01-15,7.2,7.234285714285715,-0.0342857142857147,0.2999999999999998,False,0.0,평시,완도
2025-01-16,7.1,7.288571428571429,-0.1885714285714295,-0.10000000000000053,False,0.0,평시,완도
2025-01-17,7.4,7.268571428571429,0.13142857142857167,0.3000000000000007,False,0.0,평시,완도
2025-01-18,7.3,7.194285714285714,0.10571428571428587,-0.10000000000000053,False,0.0,평시,완도
2025-01-19,7.4,7.1171428571428565,0.2828571428571438,0.10000000000000053,False,0.0,평시,완도
2025-01-20,7.6,7.0771428571428565,0.5228571428571431,0.1999999999999993,False,0.0,평시,완도
2025-01-21,7.6,7.034285714285714,0.5657142857142858,0.0,False,0.0,평시,완도
2025-01-22,7.4,6.999999999999999,0.40000000000000124,-0.1999999999999993,False,0.0,평시,완도
2025-01-23,7.2,6.991428571428571,0.20857142857142907,-0.20000000000000018,False,0.0,평시,완도
2025-01-24,7.2,7.0,0.20000000000000018,0.0,False,0.0,평시,완도
2025-01-25,7.4,6.991428571428572,0.40857142857142836,0.20000000000000018,False,0.0,평시,완도
2025-01-26,7.6,6.931428571428572,0.6685714285714273,0.1999999999999993,False,0.0,평시,완도
2025-01-27,7.3,6.851428571428571,0.4485714285714284,-0.2999999999999998,False,0.0,평시,완도
2025-01-28,6.8,6.828571428571428,-0.02857142857142847,-0.5,False,0.0,평시,완도
2025-01-29,6.5,6.8742857142857146,-0.37428571428571455,-0.2999999999999998,False,0.0,평시,완도
2025-01-30,6.5,6.897142857142858,-0.3971428571428577,0.0,False,0.0,평시,완도
2025-01-31,6.8,6.897142857142858,-0.09714285714285786,0.2999999999999998,False,0.0,평시,완도
2025-02-01,7.0,6.902857142857143,0.09714285714285698,0.20000000000000018,False,0.0,평시,완도
2025-02-02,7.3,6.920000000000001,0.379999999999999,0.2999999999999998,False,0.0,평시,완도
2025-02-03,7.2,6.917142857142858,0.28285714285714203,-0.09999999999999964,False,0.0,평시,완도
2025-02-04,6.6,6.897142857142858,-0.29714285714285804,-0.6000000000000005,False,0.0,평시,완도
2025-02-05,5.8,6.817142857142856,-1.017142857142856,-0.7999999999999998,False,0.0,평시,완도
2025-02-06,5.2,6.722857142857143,-1.5228571428571431,-0.5999999999999996,False,0.0,평시,완도
2025-02-07,4.8,6.648571428571429,-1.8485714285714288,-0.40000000000000036,False,0.0,평시,완도
2025-02-08,4.7,6.6257142857142854,-1.9257142857142853,-0.09999999999999964,False,0.0,평시,완도
2025-02-09,4.5,6.691428571428573,-2.191428571428573,-0.20000000000000018,False,0.0,평시,완도
2025-02-10,4.3,6.8428571428571425,-2.5428571428571427,-0.20000000000000018,False,0.0,평시,완도
2025-02-11,4.5,7.034285714285714,-2.534285714285714,0.20000000000000018,False,0.0,평시,완도
2025-02-12,5.3,7.24,-1.9400000000000004,0.7999999999999998,False,0.0,평시,완도
2025-02-13,5.5,7.411428571428573,-1.9114285714285728,0.20000000000000018,False,0.0,평시,완도
2025-02-14,5.7,7.54857142857143,-1.8485714285714296,0.20000000000000018,False,0.0,평시,완도
2025-02-15,6.3,7.628571428571427,-1.3285714285714274,0.5999999999999996,False,0.0,평시,완도
2025-02-16,6.6,7.682857142857144,-1.0828571428571445,0.2999999999999998,False,0.0,평시,완도
2025-02-17,6.8,7.6571428571428575,-0.8571428571428577,0.20000000000000018,False,0.0,평시,완도
2025-02-18,6.4,7.594285714285714,-1.194285714285714,-0.39999999999999947,False,0.0,평시,완도
2025-02-19,6.1,7.551428571428572,-1.451428571428572,-0.3000000000000007,False,0.0,평시,완도
2025-02-20,5.9,7.5457142857142845,-1.6457142857142841,-0.1999999999999993,False,0.0,평시,완도
2025-02-21,5.6,7.545714285714286,-1.9457142857142866,-0.3000000000000007,False,0.0,평시,완도
2025-02-22,5.4,7.565714285714286,-2.1657142857142855,-0.1999999999999993,False,0.0,평시,완도
2025-02-23,5.2,7.5771428571428565,-2.3771428571428563,-0.20000000000000018,False,0.0,평시,완도
2025-02-24,5.1,7.648571428571429,-2.548571428571429,-0.10000000000000053,False,0.0,평시,완도
2025-02-25,5.2,7.754285714285714,-2.5542857142857134,0.10000000000000053,False,0.0,평시,완도
2025-02-26,5.6,7.927777777777779,-2.3277777777777793,0.39999999999999947,False,0.0,평시,완도
2025-02-27,5.9,8.030555555555557,-2.1305555555555564,0.3000000000000007,False,0.0,평시,완도
2025-02-28,6.7,8.15,-1.4500000000000002,0.7999999999999998,False,0.0,평시,완도
2025-03-01,7.1,8.286111111111111,-1.1861111111111118,0.39999999999999947,False,0.0,평시,완도
2025-03-02,7.5,8.430555555555555,-0.9305555555555554,0.40000000000000036,False,0.0,평시,완도
2025-03-03,7.5,8.569444444444445,-1.0694444444444446,0.0,False,0.0,평시,완도
2025-03-04,7.0,8.697222222222221,-1.697222222222221,-0.5,False,0.0,평시,완도
2025-03-05,7.2,8.782857142857143,-1.5828571428571427,0.20000000000000018,False,0.0,평시,완도
2025-03-06,7.5,8.968571428571428,-1.468571428571428,0.2999999999999998,False,0.0,평시,완도
2025-03-07,7.7,9.197142857142858,-1.4971428571428573,0.20000000000000018,False,0.0,평시,완도
2025-03-08,8.0,9.459999999999999,-1.459999999999999,0.2999999999999998,False,0.0,평시,완도
2025-03-09,8.2,9.731428571428571,-1.531428571428572,0.1999999999999993,False,0.0,평시,완도
2025-03-10,8.6,9.98,-1.3800000000000008,0.40000000000000036,False,0.0,평시,완도
2025-03-11,9.0,10.208571428571426,-1.2085714285714264,0.40000000000000036,False,0.0,평시,완도
2025-03-12,9.3,10.44,-1.1399999999999988,0.3000000000000007,False,0.0,평시,완도
2025-03-13,9.4,10.651428571428571,-1.251428571428571,0.09999999999999964,False,0.0,평시,완도
2025-03-14,9.8,10.782857142857145,-0.982857142857144,0.40000000000000036,False,0.0,평시,완도
2025-03-15,9.8,10.845714285714287,-1.0457142857142863,0.0,False,0.0,평시,완도
2025-03-16,9.3,10.877142857142857,-1.5771428571428565,-0.5,False,0.0,평시,완도
2025-03-17,8.5,10.894285714285715,-2.394285714285715,-0.8000000000000007,False,0.0,평시,완도
2025-03-18,8.2,10.9,-2.700000000000001,-0.3000000000000007,False,0.0,평시,완도
2025-03-19,8.0,10.899999999999999,-2.8999999999999986,-0.1999999999999993,False,0.0,평시,완도
2025-03-20,8.5,10.95142857142857,-2.45142857142857,0.5,False,0.0,평시,완도
2025-03-21,9.4,11.074285714285713,-1.6742857142857126,0.9000000000000004,False,0.0,평시,완도
2025-03-22,10.4,11.257142857142858,-0.8571428571428577,1.0,False,0.0,평시,완도
2025-03-23,11.3,11.482857142857142,-0.1828571428571415,0.9000000000000004,False,0.0,평시,완도
2025-03-24,12.2,11.711428571428572,0.48857142857142755,0.8999999999999986,False,0.0,평시,완도
2025-03-25,12.5,11.897142857142857,0.6028571428571432,0.3000000000000007,False,0.0,평시,완도
2025-03-26,12.6,12.037142857142857,0.5628571428571423,0.09999999999999964,False,0.0,평시,완도
2025-03-27,12.7,12.13529411764706,0.5647058823529392,0.09999999999999964,False,0.0,평시,완도
2025-03-28,11.5,12.252941176470591,-0.7529411764705909,-1.1999999999999993,False,0.0,평시,완도
2025-03-29,10.5,12.350000000000003,-1.8500000000000032,-1.0,False,0.0,평시,완도
2025-03-30,9.8,12.423529411764704,-2.6235294117647037,-0.6999999999999993,False,0.0,평시,완도
2025-03-31,10.1,12.53235294117647,-2.43235294117647,0.29999999999999893,False,0.0,평시,완도
2025-04-01,10.6,12.694117647058825,-2.094117647058825,0.5,False,0.0,평시,완도
2025-04-02,10.9,12.918181818181818,-2.0181818181818176,0.3000000000000007,False,0.0,평시,완도
2025-04-03,11.2,13.090909090909092,-1.8909090909090924,0.29999999999999893,False,0.0,평시,완도
2025-04-04,11.7,13.261290322580646,-1.5612903225806463,0.5,False,0.0,평시,완도
2025-04-05,12.3,13.431034482758621,-1.1310344827586203,0.6000000000000014,False,0.0,평시,완도
2025-04-06,12.6,13.592592592592593,-0.9925925925925938,0.29999999999999893,False,0.0,평시,완도
2025-04-07,,13.764000000000001,,,False,,판정불가,완도
2025-04-08,,13.969565217391308,,,False,,판정불가,완도
2025-04-09,,14.109090909090911,,,False,,판정불가,완도
2025-04-10,,14.290476190476191,,,False,,판정불가,완도
2025-04-11,,14.414285714285716,,,False,,판정불가,완도
2025-04-12,,14.576190476190478,,,False,,판정불가,완도
2025-04-13,,14.766666666666667,,,False,,판정불가,완도
2025-04-14,,14.91428571428572,,,False,,판정불가,완도
2025-04-15,,15.052380952380956,,,False,,판정불가,완도
2025-04-16,,15.185714285714287,,,False,,판정불가,완도
2025-04-17,,15.328571428571427,,,False,,판정불가,완도
2025-04-18,,15.48181818181818,,,False,,판정불가,완도
2025-04-19,,15.617391304347823,,,False,,판정불가,완도
2025-04-20,,15.720833333333337,,,False,,판정불가,완도
2025-04-21,,15.880769230769229,,,False,,판정불가,완도
2025-04-22,,15.982142857142858,,,False,,판정불가,완도
2025-04-23,,16.07,,,False,,판정불가,완도
2025-04-24,16.4,16.109375,0.2906249999999986,,False,0.0,평시,완도
2025-04-25,15.6,16.209090909090907,-0.6090909090909076,-0.7999999999999989,False,0.0,평시,완도
2025-04-26,15.3,16.279411764705884,-0.9794117647058833,-0.29999999999999893,False,0.0,평시,완도
2025-04-27,15.4,16.323529411764707,-0.9235294117647062,0.09999999999999964,False,0.0,평시,완도
2025-04-28,15.8,16.329411764705885,-0.529411764705884,0.40000000000000036,False,0.0,평시,완도
2025-04-29,15.4,16.33823529411765,-0.9382352941176482,-0.40000000000000036,False,0.0,평시,완도
2025-04-30,15.6,16.36176470588235,-0.7617647058823511,0.1999999999999993,False,0.0,평시,완도
2025-05-01,15.9,16.42941176470588,-0.5294117647058787,0.3000000000000007,False,0.0,평시,완도
2025-05-02,15.5,16.491176470588233,-0.9911764705882327,-0.40000000000000036,False,0.0,평시,완도
2025-05-03,15.5,16.558823529411768,-1.058823529411768,0.0,False,0.0,평시,완도
2025-05-04,15.5,16.65142857142857,-1.1514285714285712,0.0,False,0.0,평시,완도
2025-05-05,15.4,16.74,-1.339999999999998,-0.09999999999999964,False,0.0,평시,완도
2025-05-06,15.2,16.888571428571424,-1.688571428571425,-0.20000000000000107,False,0.0,평시,완도
2025-05-07,15.3,17.042857142857144,-1.7428571428571438,0.10000000000000142,False,0.0,평시,완도
2025-05-08,15.9,17.171428571428574,-1.271428571428574,0.5999999999999996,False,0.0,평시,완도
2025-05-09,16.1,17.28571428571429,-1.1857142857142868,0.20000000000000107,False,0.0,평시,완도
2025-05-10,15.9,17.431428571428576,-1.5314285714285756,-0.20000000000000107,False,0.0,평시,완도
2025-05-11,15.7,17.58857142857143,-1.8885714285714315,-0.20000000000000107,False,0.0,평시,완도
2025-05-12,16.1,17.754285714285714,-1.654285714285713,0.40000000000000213,False,0.0,평시,완도
2025-05-13,16.7,17.86857142857143,-1.168571428571429,0.5999999999999979,False,0.0,평시,완도
2025-05-14,17.3,17.965714285714288,-0.6657142857142873,0.6000000000000014,False,0.0,평시,완도
2025-05-15,17.6,18.065714285714286,-0.4657142857142844,0.3000000000000007,False,0.0,평시,완도
2025-05-16,17.5,18.182857142857145,-0.682857142857145,-0.10000000000000142,False,0.0,평시,완도
2025-05-17,17.7,18.30857142857143,-0.6085714285714303,0.1999999999999993,False,0.0,평시,완도
2025-05-18,17.7,18.425714285714285,-0.725714285714286,0.0,False,0.0,평시,완도
2025-05-19,18.2,18.561764705882357,-0.3617647058823579,0.5,False,0.0,평시,완도
2025-05-20,18.8,18.736363636363635,0.06363636363636616,0.6000000000000014,False,0.0,평시,완도
2025-05-21,19.1,18.896875,0.203125,0.3000000000000007,False,0.0,평시,완도
2025-05-22,19.1,19.09677419354839,0.0032258064516099694,0.0,False,0.0,평시,완도
2025-05-23,19.0,19.28333333333334,-0.28333333333333854,-0.10000000000000142,False,0.0,평시,완도
2025-05-24,18.2,19.44827586206896,-1.2482758620689616,-0.8000000000000007,False,0.0,평시,완도
2025-05-25,18.1,19.61785714285714,-1.5178571428571388,-0.09999999999999787,False,0.0,평시,완도
2025-05-26,18.5,19.77142857142857,-1.2714285714285687,0.3999999999999986,False,0.0,평시,완도
2025-05-27,18.8,19.892857142857142,-1.0928571428571416,0.3000000000000007,False,0.0,평시,완도
2025-05-28,18.9,20.032142857142855,-1.1321428571428562,0.09999999999999787,False,0.0,평시,완도
2025-05-29,19.3,20.148275862068967,-0.8482758620689665,0.40000000000000213,False,0.0,평시,완도
2025-05-30,19.6,20.256666666666668,-0.6566666666666663,0.3000000000000007,False,0.0,평시,완도
2025-05-31,19.7,20.358064516129033,-0.6580645161290342,0.09999999999999787,False,0.0,평시,완도
2025-06-01,19.6,20.45625,-0.8562499999999993,-0.09999999999999787,False,0.0,평시,완도
2025-06-02,19.9,20.509090909090908,-0.6090909090909093,0.29999999999999716,False,0.0,평시,완도
2025-06-03,19.9,20.576470588235296,-0.676470588235297,0.0,False,0.0,평시,완도
2025-06-04,19.8,20.659999999999997,-0.8599999999999959,-0.09999999999999787,False,0.0,평시,완도
2025-06-05,19.8,20.76857142857143,-0.9685714285714297,0.0,False,0.0,평시,완도
2025-06-06,20.2,20.9,-0.6999999999999993,0.3999999999999986,False,0.0,평시,완도
2025-06-07,20.5,21.04857142857143,-0.5485714285714316,0.3000000000000007,False,0.0,평시,완도
2025-06-08,21.0,21.21714285714286,-0.21714285714286063,0.5,False,0.0,평시,완도
2025-06-09,21.2,21.42571428571429,-0.22571428571428953,0.1999999999999993,False,0.0,평시,완도
2025-06-10,21.2,21.63142857142857,-0.4314285714285724,0.0,False,0.0,평시,완도
2025-06-11,21.2,21.814285714285717,-0.6142857142857174,0.0,False,0.0,평시,완도
2025-06-12,21.2,21.965714285714288,-0.7657142857142887,0.0,False,0.0,평시,완도
2025-06-13,21.1,22.08,-0.9799999999999969,-0.09999999999999787,False,0.0,평시,완도
2025-06-14,21.3,22.15714285714286,-0.8571428571428577,0.1999999999999993,False,0.0,평시,완도
2025-06-15,21.2,22.21142857142857,-1.0114285714285707,-0.10000000000000142,False,0.0,평시,완도
2025-06-16,21.5,22.285714285714285,-0.7857142857142847,0.3000000000000007,False,0.0,평시,완도
2025-06-17,21.5,22.374285714285712,-0.8742857142857119,0.0,False,0.0,평시,완도
2025-06-18,21.9,22.47714285714286,-0.5771428571428601,0.3999999999999986,False,0.0,평시,완도
2025-06-19,22.5,22.585714285714285,-0.08571428571428541,0.6000000000000014,False,0.0,평시,완도
2025-06-20,22.9,22.702857142857145,0.19714285714285396,0.3999999999999986,False,0.0,평시,완도
2025-06-21,22.7,22.83142857142857,-0.13142857142857167,-0.1999999999999993,False,0.0,평시,완도
2025-06-22,22.1,22.919999999999998,-0.8199999999999967,-0.5999999999999979,False,0.0,평시,완도
2025-06-23,22.3,22.98857142857143,-0.6885714285714286,0.1999999999999993,False,0.0,평시,완도
2025-06-24,22.2,23.057142857142853,-0.8571428571428541,-0.10000000000000142,False,0.0,평시,완도
2025-06-25,21.9,23.12857142857143,-1.2285714285714313,-0.3000000000000007,False,0.0,평시,완도
2025-06-26,22.0,23.225714285714286,-1.225714285714286,0.10000000000000142,False,0.0,평시,완도
2025-06-27,22.3,23.33142857142857,-1.0314285714285703,0.3000000000000007,False,0.0,평시,완도
2025-06-28,22.7,23.474285714285713,-0.774285714285714,0.3999999999999986,False,0.0,평시,완도
2025-06-29,23.1,23.71428571428571,-0.6142857142857103,0.40000000000000213,False,0.0,평시,완도
2025-06-30,23.9,23.939999999999998,-0.03999999999999915,0.7999999999999972,False,0.0,평시,완도
2025-07-01,24.4,24.137142857142855,0.26285714285714334,0.5,False,0.0,평시,완도
2025-07-02,25.1,24.319999999999997,0.7800000000000047,0.7000000000000028,False,0.0,평시,완도
2025-07-03,25.1,24.48285714285714,0.6171428571428628,0.0,False,0.0,평시,완도
2025-07-04,25.3,24.62285714285714,0.6771428571428615,0.1999999999999993,False,0.0,평시,완도
2025-07-05,25.5,24.705714285714283,0.7942857142857171,0.1999999999999993,False,0.0,평시,완도
2025-07-06,25.8,24.697142857142858,1.1028571428571432,0.3000000000000007,False,0.0,평시,완도
2025-07-07,25.4,24.685714285714287,0.7142857142857117,-0.40000000000000213,False,0.0,평시,완도
2025-07-08,26.0,24.677142857142858,1.322857142857142,0.6000000000000014,False,0.0,평시,완도
2025-07-09,26.5,24.66,1.8399999999999999,0.5,False,0.0,평시,완도
2025-07-10,26.4,24.614285714285714,1.7857142857142847,-0.10000000000000142,False,0.0,평시,완도
2025-07-11,26.2,24.57428571428571,1.625714285714288,-0.1999999999999993,False,0.0,평시,완도
2025-07-12,26.1,24.531428571428574,1.5685714285714276,-0.09999999999999787,False,0.0,평시,완도
2025-07-13,25.4,24.502857142857142,0.8971428571428568,-0.7000000000000028,False,0.0,평시,완도
2025-07-14,24.8,24.49428571428572,0.3057142857142807,-0.5999999999999979,False,0.0,평시,완도
2025-07-15,24.7,24.49142857142857,0.20857142857142819,-0.10000000000000142,False,0.0,평시,완도
2025-07-16,24.7,24.5,0.1999999999999993,0.0,False,0.0,평시,완도
2025-07-17,25.0,24.565714285714286,0.43428571428571416,0.3000000000000007,False,0.0,평시,완도
2025-07-18,25.2,24.665714285714284,0.5342857142857156,0.1999999999999993,False,0.0,평시,완도
2025-07-19,25.8,24.794285714285714,1.0057142857142871,0.6000000000000014,False,0.0,평시,완도
2025-07-20,26.8,24.93142857142857,1.8685714285714319,1.0,False,0.0,평시,완도
2025-07-21,27.3,25.06571428571429,2.2342857142857113,0.5,False,2.0,주의보,완도
2025-07-22,27.6,25.208571428571428,2.3914285714285732,0.3000000000000007,False,2.0,주의보,완도
2025-07-23,27.6,25.388571428571428,2.2114285714285735,0.0,False,2.0,주의보,완도
2025-07-24,27.6,25.59714285714286,2.002857142857142,0.0,False,2.0,주의보,완도
2025-07-25,27.8,25.802857142857142,1.9971428571428582,0.1999999999999993,False,0.0,평시,완도
2025-07-26,28.1,26.017142857142858,2.0828571428571436,0.3000000000000007,False,2.0,주의보,완도
2025-07-27,28.2,26.222857142857137,1.9771428571428622,0.09999999999999787,False,2.0,주의보,완도
2025-07-28,28.3,26.431428571428572,1.8685714285714283,0.10000000000000142,True,3.0,경보,완도
2025-07-29,28.4,26.657142857142855,1.7428571428571438,0.09999999999999787,True,3.0,경보,완도
2025-07-30,28.5,26.86285714285714,1.6371428571428588,0.10000000000000142,True,3.0,경보,완도
2025-07-31,28.8,27.00857142857143,1.7914285714285718,0.3000000000000007,True,3.0,경보,완도
2025-08-01,29.1,27.122857142857146,1.977142857142855,0.3000000000000007,True,3.0,경보,완도
2025-08-02,29.5,27.245714285714286,2.2542857142857144,0.3999999999999986,True,3.0,경보,완도
2025-08-03,29.5,27.380000000000003,2.1199999999999974,0.0,True,3.0,경보,완도
2025-08-04,29.2,27.494285714285716,1.7057142857142829,-0.3000000000000007,True,3.0,경보,완도
2025-08-05,29.1,27.56285714285714,1.537142857142861,-0.09999999999999787,True,3.0,경보,완도
2025-08-06,28.8,27.568571428571428,1.231428571428573,-0.3000000000000007,True,3.0,경보,완도
2025-08-07,28.4,27.528571428571425,0.8714285714285737,-0.40000000000000213,True,3.0,경보,완도
2025-08-08,27.9,27.419999999999998,0.4800000000000004,-0.5,False,0.0,평시,완도
2025-08-09,27.4,27.274285714285718,0.125714285714281,-0.5,False,0.0,평시,완도
2025-08-10,26.8,27.120000000000005,-0.32000000000000384,-0.5999999999999979,False,0.0,평시,완도
2025-08-11,26.2,26.98571428571429,-0.7857142857142918,-0.6000000000000014,False,0.0,평시,완도
2025-08-12,25.2,26.900000000000002,-1.7000000000000028,-1.0,False,0.0,평시,완도
2025-08-13,25.2,26.825714285714287,-1.625714285714288,0.0,False,0.0,평시,완도
2025-08-14,25.7,26.782857142857143,-1.0828571428571436,0.5,False,0.0,평시,완도
2025-08-15,26.1,26.834285714285716,-0.7342857142857149,0.40000000000000213,False,0.0,평시,완도
2025-08-16,26.4,26.88529411764706,-0.48529411764706154,0.29999999999999716,False,0.0,평시,완도
2025-08-17,26.6,26.933333333333334,-0.33333333333333215,0.20000000000000284,False,0.0,평시,완도
2025-08-18,27.2,26.95625,0.24374999999999858,0.5999999999999979,False,0.0,평시,완도
2025-08-19,27.3,26.996875,0.3031250000000014,0.10000000000000142,False,0.0,평시,완도
2025-08-20,27.0,27.046875,-0.046875,-0.3000000000000007,False,0.0,평시,완도
2025-08-21,27.0,27.08125,-0.08125000000000071,0.0,False,0.0,평시,완도
2025-08-22,26.5,27.053125,-0.5531250000000014,-0.5,False,0.0,평시,완도
2025-08-23,26.3,27.027272727272727,-0.7272727272727266,-0.1999999999999993,False,0.0,평시,완도
2025-08-24,26.3,27.014705882352942,-0.7147058823529413,0.0,False,0.0,평시,완도
2025-08-25,26.2,26.98857142857143,-0.78857142857143,-0.10000000000000142,False,0.0,평시,완도
2025-08-26,25.9,26.90857142857143,-1.0085714285714324,-0.3000000000000007,False,0.0,평시,완도
2025-08-27,25.7,26.834285714285716,-1.134285714285717,-0.1999999999999993,False,0.0,평시,완도
2025-08-28,26.0,26.794285714285717,-0.7942857142857171,0.3000000000000007,False,0.0,평시,완도
2025-08-29,26.2,26.765714285714285,-0.5657142857142858,0.1999999999999993,False,0.0,평시,완도
2025-08-30,26.3,26.7,-0.3999999999999986,0.10000000000000142,False,0.0,평시,완도
2025-08-31,26.9,26.711764705882352,0.1882352941176464,0.5999999999999979,False,0.0,평시,완도
2025-09-01,27.1,26.751515151515154,0.34848484848484773,0.20000000000000284,False,0.0,평시,완도
2025-09-02,27.6,26.784374999999997,0.8156250000000043,0.5,False,0.0,평시,완도
2025-09-03,26.8,26.796774193548384,0.003225806451617075,-0.8000000000000007,False,0.0,평시,완도
2025-09-04,27.2,26.783333333333328,0.4166666666666714,0.3999999999999986,False,0.0,평시,완도
2025-09-05,27.0,26.75862068965517,0.24137931034482918,-0.1999999999999993,False,0.0,평시,완도
2025-09-06,26.8,26.848148148148145,-0.04814814814814383,-0.1999999999999993,False,0.0,평시,완도
2025-09-07,26.3,26.823076923076922,-0.5230769230769212,-0.5,False,0.0,평시,완도
2025-09-08,25.7,26.792,-1.0920000000000023,-0.6000000000000014,False,0.0,평시,완도
2025-09-09,24.8,26.76666666666667,-1.9666666666666686,-0.8999999999999986,False,0.0,평시,완도
2025-09-10,24.1,26.817391304347826,-2.7173913043478244,-0.6999999999999993,False,0.0,평시,완도
2025-09-11,24.0,26.872727272727275,-2.872727272727275,-0.10000000000000142,False,0.0,평시,완도
2025-09-12,23.8,26.97619047619048,-3.176190476190481,-0.1999999999999993,False,0.0,평시,완도
2025-09-13,24.1,27.0,-2.8999999999999986,0.3000000000000007,False,0.0,평시,완도
2025-09-14,24.2,27.04285714285714,-2.8428571428571416,0.09999999999999787,False,0.0,평시,완도
2025-09-15,24.6,27.057142857142853,-2.457142857142852,0.40000000000000213,False,0.0,평시,완도
2025-09-16,25.0,27.095238095238095,-2.095238095238095,0.3999999999999986,False,0.0,평시,완도
2025-09-17,25.3,26.931818181818183,-1.6318181818181827,0.3000000000000007,False,0.0,평시,완도
2025-09-18,24.6,26.708695652173912,-2.1086956521739104,-0.6999999999999993,False,0.0,평시,완도
2025-09-19,24.6,26.425,-1.8249999999999993,0.0,False,0.0,평시,완도
2025-09-20,24.4,26.12,-1.7200000000000024,-0.20000000000000284,False,0.0,평시,완도
2025-09-21,23.9,25.718518518518515,-1.8185185185185162,-0.5,False,0.0,평시,완도
2025-09-22,23.6,25.348275862068967,-1.7482758620689651,-0.29999999999999716,False,0.0,평시,완도
2025-09-23,23.4,25.032258064516125,-1.632258064516126,-0.20000000000000284,False,0.0,평시,완도
2025-09-24,23.5,24.815625,-1.3156250000000007,0.10000000000000142,False,0.0,평시,완도
2025-09-25,23.5,24.684848484848487,-1.1848484848484873,0.0,False,0.0,평시,완도
2025-09-26,23.4,24.61176470588235,-1.2117647058823522,-0.10000000000000142,False,0.0,평시,완도
2025-09-27,23.5,24.545714285714286,-1.0457142857142863,0.10000000000000142,False,0.0,평시,완도
2025-09-28,23.7,24.52,-0.8200000000000003,0.1999999999999993,False,0.0,평시,완도
2025-09-29,23.8,24.474285714285713,-0.6742857142857126,0.10000000000000142,False,0.0,평시,완도
2025-09-30,23.5,24.37142857142857,-0.8714285714285701,-0.3000000000000007,False,0.0,평시,완도
2025-10-01,23.5,24.23428571428571,-0.7342857142857113,0.0,False,0.0,평시,완도
2025-10-02,23.3,24.060000000000002,-0.7600000000000016,-0.1999999999999993,False,0.0,평시,완도
2025-10-03,22.5,23.845714285714287,-1.345714285714287,-0.8000000000000007,False,0.0,평시,완도
2025-10-04,22.5,23.608571428571427,-1.1085714285714268,0.0,False,0.0,평시,완도
2025-10-05,23.0,23.345714285714287,-0.345714285714287,0.5,False,0.0,평시,완도
2025-10-06,23.4,23.1,0.29999999999999716,0.3999999999999986,False,0.0,평시,완도
2025-10-07,23.6,22.88285714285714,0.7171428571428606,0.20000000000000284,False,0.0,평시,완도
2025-10-08,23.5,22.665714285714287,0.8342857142857127,-0.10000000000000142,False,0.0,평시,완도
2025-10-09,23.6,22.465714285714288,1.1342857142857135,0.10000000000000142,False,0.0,평시,완도
2025-10-10,23.4,22.30857142857143,1.091428571428569,-0.20000000000000284,False,0.0,평시,완도
2025-10-11,23.5,22.211428571428574,1.2885714285714265,0.10000000000000142,False,0.0,평시,완도
2025-10-12,23.7,22.142857142857142,1.557142857142857,0.1999999999999993,False,0.0,평시,완도
2025-10-13,23.9,22.097142857142856,1.8028571428571425,0.1999999999999993,False,0.0,평시,완도
2025-10-14,24.1,21.98,2.120000000000001,0.20000000000000284,False,2.0,주의보,완도
2025-10-15,23.5,21.791428571428572,1.7085714285714282,-0.6000000000000014,False,0.0,평시,완도
2025-10-16,23.3,21.574285714285715,1.725714285714286,-0.1999999999999993,False,0.0,평시,완도
2025-10-17,23.1,21.271428571428572,1.8285714285714292,-0.1999999999999993,False,0.0,평시,완도
2025-10-18,22.9,20.87142857142857,2.0285714285714285,-0.20000000000000284,False,2.0,주의보,완도
2025-10-19,22.3,20.46857142857143,1.831428571428571,-0.5999999999999979,False,0.0,평시,완도
2025-10-20,21.6,20.06857142857143,1.5314285714285703,-0.6999999999999993,False,0.0,평시,완도
2025-10-21,20.7,19.731428571428573,0.9685714285714262,-0.9000000000000021,False,0.0,평시,완도
2025-10-22,20.2,19.468571428571426,0.7314285714285731,-0.5,False,0.0,평시,완도
2025-10-23,20.4,19.242857142857144,1.1571428571428548,0.1999999999999993,False,0.0,평시,완도
2025-10-24,20.4,19.097142857142856,1.3028571428571425,0.0,False,0.0,평시,완도
2025-10-25,20.5,18.99142857142857,1.508571428571429,0.10000000000000142,False,0.0,평시,완도
2025-10-26,20.2,18.874285714285712,1.3257142857142874,-0.3000000000000007,False,0.0,평시,완도
2025-10-27,19.6,18.75142857142857,0.8485714285714323,-0.5999999999999979,False,0.0,평시,완도
2025-10-28,18.6,18.645714285714284,-0.04571428571428271,-1.0,False,0.0,평시,완도
2025-10-29,17.8,18.554285714285715,-0.7542857142857144,-0.8000000000000007,False,0.0,평시,완도
2025-10-30,17.5,18.45142857142857,-0.9514285714285684,-0.3000000000000007,False,0.0,평시,완도
2025-10-31,17.4,18.337142857142855,-0.937142857142856,-0.10000000000000142,False,0.0,평시,완도
2025-11-01,17.5,18.27142857142857,-0.7714285714285687,0.10000000000000142,False,0.0,평시,완도
2025-11-02,17.3,18.20857142857143,-0.908571428571431,-0.1999999999999993,False,0.0,평시,완도
2025-11-03,16.8,18.12857142857143,-1.3285714285714292,-0.5,False,0.0,평시,완도
2025-11-04,17.0,18.002857142857142,-1.0028571428571418,0.1999999999999993,False,0.0,평시,완도
2025-11-05,17.6,17.837142857142858,-0.23714285714285666,0.6000000000000014,False,0.0,평시,완도
2025-11-06,17.9,17.642857142857142,0.25714285714285623,0.29999999999999716,False,0.0,평시,완도
2025-11-07,18.0,17.425714285714285,0.5742857142857147,0.10000000000000142,False,0.0,평시,완도
2025-11-08,18.0,17.13714285714286,0.8628571428571412,0.0,False,0.0,평시,완도
2025-11-09,17.7,16.825714285714284,0.8742857142857154,-0.3000000000000007,False,0.0,평시,완도
2025-11-10,17.4,16.505714285714287,0.8942857142857115,-0.3000000000000007,False,0.0,평시,완도
2025-11-11,16.7,16.217142857142854,0.48285714285714576,-0.6999999999999993,False,0.0,평시,완도
2025-11-12,16.0,15.974285714285712,0.025714285714288465,-0.6999999999999993,False,0.0,평시,완도
2025-11-13,15.5,15.768571428571429,-0.2685714285714287,-0.5,False,0.0,평시,완도
2025-11-14,15.5,15.571428571428571,-0.07142857142857117,0.0,False,0.0,평시,완도
2025-11-15,15.3,15.334285714285713,-0.03428571428571203,-0.1999999999999993,False,0.0,평시,완도
2025-11-16,15.2,15.094285714285713,0.10571428571428676,-0.10000000000000142,False,0.0,평시,완도
2025-11-17,15.1,14.90285714285714,0.19714285714285928,-0.09999999999999964,False,0.0,평시,완도
2025-11-18,14.4,14.737142857142857,-0.3371428571428563,-0.6999999999999993,False,0.0,평시,완도
2025-11-19,14.0,14.557142857142855,-0.5571428571428552,-0.40000000000000036,False,0.0,평시,완도
2025-11-20,14.0,14.360000000000001,-0.3600000000000012,0.0,False,0.0,평시,완도
2025-11-21,14.1,14.148571428571428,-0.048571428571428044,0.09999999999999964,False,0.0,평시,완도
2025-11-22,14.2,14.000000000000002,0.1999999999999975,0.09999999999999964,False,0.0,평시,완도
2025-11-23,14.3,13.868571428571428,0.4314285714285724,0.10000000000000142,False,0.0,평시,완도
2025-11-24,14.6,13.682857142857141,0.9171428571428581,0.29999999999999893,False,0.0,평시,완도
2025-11-25,14.5,13.471428571428572,1.0285714285714285,-0.09999999999999964,False,0.0,평시,완도
2025-11-26,13.9,13.245714285714286,0.6542857142857148,-0.5999999999999996,False,0.0,평시,완도
2025-11-27,13.4,12.994285714285716,0.4057142857142839,-0.5,False,0.0,평시,완도
2025-11-28,12.8,12.72,0.08000000000000007,-0.5999999999999996,False,0.0,평시,완도
2025-11-29,12.3,12.434285714285716,-0.13428571428571523,-0.5,False,0.0,평시,완도
2025-11-30,12.6,12.151428571428571,0.4485714285714284,0.29999999999999893,False,0.0,평시,완도
2025-12-01,13.0,11.882857142857143,1.1171428571428574,0.40000000000000036,False,0.0,평시,완도
2025-12-02,12.5,11.61142857142857,0.8885714285714297,-0.5,False,0.0,평시,완도
2025-12-03,11.8,11.342857142857143,0.4571428571428573,-0.6999999999999993,False,0.0,평시,완도
2025-12-04,11.3,11.13142857142857,0.16857142857143081,-0.5,False,0.0,평시,완도
2025-12-05,11.2,10.991428571428571,0.20857142857142819,-0.10000000000000142,False,0.0,평시,완도
2025-12-06,11.0,10.914285714285713,0.08571428571428719,-0.1999999999999993,False,0.0,평시,완도
2025-12-07,11.4,10.871428571428572,0.5285714285714285,0.40000000000000036,False,0.0,평시,완도
2025-12-08,11.7,10.871428571428572,0.8285714285714274,0.29999999999999893,False,0.0,평시,완도
2025-12-09,11.2,10.862857142857145,0.3371428571428545,-0.5,False,0.0,평시,완도
2025-12-10,11.0,10.831428571428573,0.16857142857142726,-0.1999999999999993,False,0.0,평시,완도
2025-12-11,11.1,10.728571428571428,0.3714285714285719,0.09999999999999964,False,0.0,평시,완도
2025-12-12,10.7,10.608571428571429,0.09142857142857075,-0.40000000000000036,False,0.0,평시,완도
2025-12-13,10.2,10.46,-0.26000000000000156,-0.5,False,0.0,평시,완도
2025-12-14,9.7,10.254285714285714,-0.5542857142857152,-0.5,False,0.0,평시,완도
2025-12-15,9.6,9.942857142857145,-0.3428571428571452,-0.09999999999999964,False,0.0,평시,완도
2025-12-16,9.6,9.634285714285713,-0.03428571428571381,0.0,False,0.0,평시,완도
2025-12-17,9.8,9.368571428571428,0.4314285714285724,0.20000000000000107,False,0.0,평시,완도
2025-12-18,9.8,9.16285714285714,0.6371428571428606,0.0,False,0.0,평시,완도
2025-12-19,9.9,8.922857142857142,0.9771428571428586,0.09999999999999964,False,0.0,평시,완도
2025-12-20,10.4,8.64857142857143,1.751428571428571,0.5,False,0.0,평시,완도
2025-12-21,10.4,8.414285714285715,1.9857142857142858,0.0,False,0.0,평시,완도
2025-12-22,9.6,8.234285714285713,1.3657142857142865,-0.8000000000000007,False,0.0,평시,완도
2025-12-23,9.5,8.048571428571428,1.451428571428572,-0.09999999999999964,False,0.0,평시,완도
2025-12-24,9.8,7.8428571428571425,1.9571428571428582,0.3000000000000007,False,0.0,평시,완도
2025-12-25,9.5,7.637142857142858,1.862857142857142,-0.3000000000000007,False,0.0,평시,완도
2025-12-26,8.5,7.491428571428571,1.008571428571429,-1.0,False,0.0,평시,완도
2025-12-27,7.6,7.422857142857142,0.17714285714285793,-0.9000000000000004,False,0.0,평시,완도
2025-12-28,7.4,7.354285714285713,0.04571428571428715,-0.1999999999999993,False,0.0,평시,완도
2025-12-29,7.6,7.272222222222221,0.3277777777777784,0.1999999999999993,False,0.0,평시,완도
2025-12-30,7.9,7.277777777777778,0.6222222222222227,0.3000000000000007,False,0.0,평시,완도
2025-12-31,7.6,7.302777777777779,0.2972222222222207,-0.3000000000000007,False,0.0,평시,완도
2026-01-01,6.8,7.336111111111112,-0.5361111111111123,-0.7999999999999998,False,0.0,평시,완도
2021-01-01,5.6,6.955555555555557,-1.355555555555557,,False,0.0,평시,여수
2021-01-02,6.0,6.841666666666667,-0.8416666666666668,0.40000000000000036,False,0.0,평시,여수
2021-01-03,6.3,6.727777777777778,-0.42777777777777803,0.2999999999999998,False,0.0,평시,여수
2021-01-04,5.8,6.6194444444444445,-0.8194444444444446,-0.5,False,0.0,평시,여수
2021-01-05,5.6,6.522857142857143,-0.9228571428571435,-0.20000000000000018,False,0.0,평시,여수
2021-01-06,5.1,6.4142857142857155,-1.3142857142857158,-0.5,False,0.0,평시,여수
2021-01-07,4.4,6.271428571428571,-1.871428571428571,-0.6999999999999993,False,0.0,평시,여수
2021-01-08,4.1,6.148571428571429,-2.048571428571429,-0.3000000000000007,False,0.0,평시,여수
2021-01-09,3.4,6.042857142857144,-2.6428571428571437,-0.6999999999999997,False,0.0,평시,여수
2021-01-10,3.4,5.991428571428572,-2.591428571428572,0.0,False,0.0,평시,여수
2021-01-11,3.6,5.988571428571428,-2.3885714285714283,0.20000000000000018,False,0.0,평시,여수
2021-01-12,4.1,6.065714285714285,-1.9657142857142853,0.49999999999999956,False,0.0,평시,여수
2021-01-13,4.5,6.145714285714286,-1.645714285714286,0.40000000000000036,False,0.0,평시,여수
2021-01-14,4.9,6.208571428571428,-1.3085714285714278,0.40000000000000036,False,0.0,평시,여수
2021-01-15,5.8,6.2457142857142856,-0.44571428571428573,0.8999999999999995,False,0.0,평시,여수
2021-01-16,6.6,6.285714285714286,0.31428571428571406,0.7999999999999998,False,0.0,평시,여수
2021-01-17,5.8,6.251428571428571,-0.45142857142857107,-0.7999999999999998,False,0.0,평시,여수
2021-01-18,5.3,6.177142857142858,-0.8771428571428581,-0.5,False,0.0,평시,여수
2021-01-19,5.4,6.074285714285714,-0.6742857142857135,0.10000000000000053,False,0.0,평시,여수
2021-01-20,5.0,6.014285714285714,-1.0142857142857142,-0.40000000000000036,False,0.0,평시,여수
2021-01-21,5.0,6.008571428571428,-1.008571428571428,0.0,False,0.0,평시,여수
2021-01-22,5.2,5.985714285714286,-0.7857142857142856,0.20000000000000018,False,0.0,평시,여수
2021-01-23,5.5,5.974285714285714,-0.4742857142857142,0.2999999999999998,False,0.0,평시,여수
2021-01-24,5.5,5.977142857142857,-0.47714285714285687,0.0,False,0.0,평시,여수
2021-01-25,5.8,5.9799999999999995,-0.17999999999999972,0.2999999999999998,False,0.0,평시,여수
2021-01-26,6.0,5.945714285714287,0.05428571428571338,0.20000000000000018,False,0.0,평시,여수
2021-01-27,6.2,5.8828571428571435,0.3171428571428567,0.20000000000000018,False,0.0,평시,여수
2021-01-28,6.6,5.822857142857143,0.7771428571428567,0.39999999999999947,False,0.0,평시,여수
2021-01-29,6.3,5.848571428571428,0.45142857142857196,-0.2999999999999998,False,0.0,평시,여수
2021-01-30,5.8,5.885714285714286,-0.0857142857142863,-0.5,False,0.0,평시,여수
2021-01-31,5.9,5.914285714285714,-0.014285714285713347,0.10000000000000053,False,0.0,평시,여수
2021-02-01,6.5,5.92,0.5800000000000001,0.5999999999999996,False,0.0,평시,여수
2021-02-02,6.9,5.931428571428572,0.968571428571428,0.40000000000000036,False,0.0,평시,여수
2021-02-03,6.6,5.951428571428571,0.6485714285714286,-0.3000000000000007,False,0.0,평시,여수
2021-02-04,6.4,5.977142857142857,0.4228571428571435,-0.1999999999999993,False,0.0,평시,여수
2021-02-05,6.2,5.9542857142857155,0.24571428571428466,-0.20000000000000018,False,0.0,평시,여수
2021-02-06,6.3,5.888571428571429,0.41142857142857103,0.09999999999999964,False,0.0,평시,여수
2021-02-07,6.7,5.851428571428571,0.8485714285714288,0.40000000000000036,False,0.0,평시,여수
2021-02-08,6.8,5.862857142857142,0.9371428571428577,0.09999999999999964,False,0.0,평시,여수
2021-02-09,6.2,5.917142857142857,0.2828571428571429,-0.5999999999999996,False,0.0,평시,여수
2021-02-10,5.9,6.025714285714285,-0.12571428571428456,-0.2999999999999998,False,0.0,평시,여수
2021-02-11,6.3,6.171428571428572,0.12857142857142811,0.39999999999999947,False,0.0,평시,여수
2021-02-12,6.6,6.354285714285714,0.24571428571428555,0.2999999999999998,False,0.0,평시,여수
2021-02-13,7.2,6.531428571428571,0.668571428571429,0.6000000000000005,False,0.0,평시,여수
2021-02-14,7.7,6.637142857142858,1.0628571428571423,0.5,False,0.0,평시,여수
2021-02-15,8.1,6.685714285714286,1.4142857142857137,0.39999999999999947,False,0.0,평시,여수
2021-02-16,7.9,6.751428571428573,1.1485714285714277,-0.1999999999999993,False,0.0,평시,여수
2021-02-17,6.7,6.788571428571429,-0.08857142857142897,-1.2000000000000002,False,0.0,평시,여수
2021-02-18,5.7,6.765714285714286,-1.0657142857142858,-1.0,False,0.0,평시,여수
2021-02-19,5.8,6.714285714285714,-0.9142857142857146,0.09999999999999964,False,0.0,평시,여수
2021-02-20,6.5,6.714285714285714,-0.2142857142857144,0.7000000000000002,False,0.0,평시,여수
2021-02-21,7.3,6.702857142857143,0.597142857142857,0.7999999999999998,False,0.0,평시,여수
2021-02-22,8.2,6.725714285714287,1.4742857142857124,0.8999999999999995,False,0.0,평시,여수
2021-02-23,8.4,6.734285714285714,1.6657142857142864,0.20000000000000107,False,0.0,평시,여수
2021-02-24,7.8,6.7771428571428585,1.0228571428571414,-0.6000000000000005,False,0.0,평시,여수
2021-02-25,7.8,6.848571428571429,0.9514285714285711,0.0,False,0.0,평시,여수
2021-02-26,7.7,7.008333333333334,0.6916666666666664,-0.09999999999999964,False,0.0,평시,여수
2021-02-27,7.9,7.0777777777777775,0.8222222222222229,0.20000000000000018,False,0.0,평시,여수
2021-02-28,7.7,7.205555555555555,0.49444444444444535,-0.20000000000000018,False,0.0,평시,여수
2021-03-01,8.1,7.341666666666665,0.7583333333333346,0.39999999999999947,False,0.0,평시,여수
2021-03-02,8.7,7.474999999999998,1.2250000000000014,0.5999999999999996,False,0.0,평시,여수
2021-03-03,8.8,7.588888888888887,1.211111111111114,0.10000000000000142,False,0.0,평시,여수
2021-03-04,8.8,7.716666666666665,1.0833333333333357,0.0,False,0.0,평시,여수
2021-03-05,8.8,7.808571428571429,0.991428571428572,0.0,False,0.0,평시,여수
2021-03-06,9.0,7.977142857142857,1.0228571428571431,0.1999999999999993,False,0.0,평시,여수
2021-03-07,9.0,8.19142857142857,0.8085714285714296,0.0,False,0.0,평시,여수
2021-03-08,9.2,8.442857142857141,0.757142857142858,0.1999999999999993,False,0.0,평시,여수
2021-03-09,9.6,8.714285714285714,0.8857142857142861,0.40000000000000036,False,0.0,평시,여수
2021-03-10,10.0,8.982857142857144,1.017142857142856,0.40000000000000036,False,0.0,평시,여수
2021-03-11,10.2,9.245714285714286,0.9542857142857137,0.1999999999999993,False,0.0,평시,여수
2021-03-12,10.4,9.505714285714287,0.8942857142857132,0.20000000000000107,False,0.0,평시,여수
2021-03-13,10.4,9.771428571428572,0.6285714285714281,0.0,False,0.0,평시,여수
2021-03-14,10.7,10.008571428571429,0.6914285714285704,0.29999999999999893,False,0.0,평시,여수
2021-03-15,11.1,10.205714285714285,0.894285714285715,0.40000000000000036,False,0.0,평시,여수
2021-03-16,11.6,10.342857142857143,1.2571428571428562,0.5,False,0.0,평시,여수
2021-03-17,11.7,10.434285714285714,1.2657142857142851,0.09999999999999964,False,0.0,평시,여수
2021-03-18,12.0,10.505714285714285,1.4942857142857147,0.3000000000000007,False,0.0,평시,여수
2021-03-19,12.3,10.565714285714284,1.7342857142857167,0.3000000000000007,False,0.0,평시,여수
2021-03-20,12.3,10.617142857142857,1.6828571428571433,0.0,False,0.0,평시,여수
2021-03-21,12.0,10.694285714285714,1.305714285714286,-0.3000000000000007,False,0.0,평시,여수
2021-03-22,11.4,10.802857142857144,0.5971428571428561,-0.5999999999999996,False,0.0,평시,여수
2021-03-23,11.5,10.965714285714284,0.5342857142857156,0.09999999999999964,False,0.0,평시,여수
2021-03-24,11.7,11.177142857142856,0.5228571428571431,0.1999999999999993,False,0.0,평시,여수
2021-03-25,12.1,11.4,0.6999999999999993,0.40000000000000036,False,0.0,평시,여수
2021-03-26,12.6,11.608571428571427,0.9914285714285729,0.5,False,0.0,평시,여수
2021-03-27,12.9,11.785714285714286,1.1142857142857139,0.3000000000000007,False,0.0,평시,여수
2021-03-28,13.1,11.934285714285716,1.1657142857142837,0.1999999999999993,False,0.0,평시,여수
2021-03-29,13.2,12.07142857142857,1.12857142857143,0.09999999999999964,False,0.0,평시,여수
2021-03-30,13.2,12.199999999999998,1.0000000000000018,0.0,False,0.0,평시,여수
2021-03-31,13.3,12.308571428571428,0.9914285714285729,0.10000000000000142,False,0.0,평시,여수
2021-04-01,13.2,12.417142857142856,0.7828571428571429,-0.10000000000000142,False,0.0,평시,여수
2021-04-02,13.2,12.545714285714284,0.6542857142857148,0.0,False,0.0,평시,여수
2021-04-03,13.2,12.688571428571427,0.5114285714285725,0.0,False,0.0,평시,여수
2021-04-04,13.2,12.837142857142856,0.362857142857143,0.0,False,0.0,평시,여수
2021-04-05,13.2,13.005714285714287,0.19428571428571217,0.0,False,0.0,평시,여수
2021-04-06,13.5,13.177142857142854,0.3228571428571456,0.3000000000000007,False,0.0,평시,여수
2021-04-07,13.7,13.36,0.33999999999999986,0.1999999999999993,False,0.0,평시,여수
2021-04-08,14.3,13.557142857142859,0.742857142857142,0.6000000000000014,False,0.0,평시,여수
2021-04-09,14.6,13.745714285714286,0.8542857142857141,0.29999999999999893,False,0.0,평시,여수
2021-04-10,14.5,13.940000000000001,0.5599999999999987,-0.09999999999999964,False,0.0,평시,여수
2021-04-11,14.5,14.094285714285714,0.4057142857142857,0.0,False,0.0,평시,여수
2021-04-12,14.4,14.202857142857143,0.1971428571428575,-0.09999999999999964,False,0.0,평시,여수
2021-04-13,14.5,14.294285714285715,0.20571428571428463,0.09999999999999964,False,0.0,평시,여수
2021-04-14,14.1,14.4,-0.3000000000000007,-0.40000000000000036,False,0.0,평시,여수
2021-04-15,14.1,14.494117647058822,-0.39411764705882213,0.0,False,0.0,평시,여수
2021-04-16,14.3,14.624242424242425,-0.3242424242424242,0.20000000000000107,False,0.0,평시,여수
2021-04-17,14.7,14.75,-0.05000000000000071,0.3999999999999986,False,0.0,평시,여수
2021-04-18,,14.896875,,,False,,판정불가,여수
2021-04-19,,15.065625,,,False,,판정불가,여수
2021-04-20,,15.225000000000001,,,False,,판정불가,여수
2021-04-21,14.8,15.371875000000001,-0.5718750000000004,,False,0.0,평시,여수
2021-04-22,15.1,15.500000000000002,-0.40000000000000213,0.29999999999999893,False,0.0,평시,여수
2021-04-23,15.3,15.588235294117647,-0.28823529411764603,0.20000000000000107,False,0.0,평시,여수
2021-04-24,15.4,15.668571428571427,-0.2685714285714269,0.09999999999999964,False,0.0,평시,여수
2021-04-25,15.9,15.808571428571428,0.09142857142857252,0.5,False,0.0,평시,여수
2021-04-26,16.1,15.94285714285714,0.1571428571428619,0.20000000000000107,False,0.0,평시,여수
2021-04-27,16.1,16.057142857142853,0.042857142857148034,0.0,False,0.0,평시,여수
2021-04-28,16.1,16.16,-0.05999999999999872,0.0,False,0.0,평시,여수
2021-04-29,16.4,16.237142857142857,0.16285714285714192,0.29999999999999716,False,0.0,평시,여수
2021-04-30,16.5,16.334285714285713,0.16571428571428726,0.10000000000000142,False,0.0,평시,여수
2021-05-01,16.3,16.43428571428571,-0.1342857142857099,-0.1999999999999993,False,0.0,평시,여수
2021-05-02,16.0,16.528571428571425,-0.5285714285714249,-0.3000000000000007,False,0.0,평시,여수
2021-05-03,16.3,16.62857142857143,-0.3285714285714292,0.3000000000000007,False,0.0,평시,여수
2021-05-04,16.6,16.748571428571427,-0.1485714285714259,0.3000000000000007,False,0.0,평시,여수
2021-05-05,16.9,16.862857142857145,0.03714285714285381,0.29999999999999716,False,0.0,평시,여수
2021-05-06,17.0,17.014705882352942,-0.014705882352942012,0.10000000000000142,False,0.0,평시,여수
2021-05-07,17.4,17.151515151515152,0.2484848484848463,0.3999999999999986,False,0.0,평시,여수
2021-05-08,17.6,17.3,0.3000000000000007,0.20000000000000284,False,0.0,평시,여수
2021-05-09,17.8,17.445161290322584,0.3548387096774164,0.1999999999999993,False,0.0,평시,여수
2021-05-10,17.9,17.613333333333337,0.28666666666666174,0.09999999999999787,False,0.0,평시,여수
2021-05-11,17.7,17.817241379310346,-0.11724137931034662,-0.1999999999999993,False,0.0,평시,여수
2021-05-12,17.6,18.05,-0.4499999999999993,-0.09999999999999787,False,0.0,평시,여수
2021-05-13,18.0,18.203571428571426,-0.20357142857142563,0.3999999999999986,False,0.0,평시,여수
2021-05-14,18.5,18.36428571428571,0.13571428571428967,0.5,False,0.0,평시,여수
2021-05-15,18.6,18.525,0.07500000000000284,0.10000000000000142,False,0.0,평시,여수
2021-05-16,18.7,18.685714285714283,0.014285714285716011,0.09999999999999787,False,0.0,평시,여수
2021-05-17,18.8,18.83214285714286,-0.03214285714285836,0.10000000000000142,False,0.0,평시,여수
2021-05-18,19.1,18.964285714285715,0.13571428571428612,0.3000000000000007,False,0.0,평시,여수
2021-05-19,19.3,19.107142857142858,0.19285714285714306,0.1999999999999993,False,0.0,평시,여수
2021-05-20,19.4,19.285714285714285,0.11428571428571388,0.09999999999999787,False,0.0,평시,여수
2021-05-21,19.1,19.478571428571424,-0.3785714285714228,-0.29999999999999716,False,0.0,평시,여수
2021-05-22,19.3,19.67142857142857,-0.3714285714285701,0.1999999999999993,False,0.0,평시,여수
2021-05-23,19.8,19.842857142857145,-0.04285714285714448,0.5,False,0.0,평시,여수
2021-05-24,20.2,19.98214285714286,0.2178571428571381,0.3999999999999986,False,0.0,평시,여수
2021-05-25,20.1,20.125,-0.02499999999999858,-0.09999999999999787,False,0.0,평시,여수
2021-05-26,19.8,20.24285714285714,-0.4428571428571395,-0.3000000000000007,False,0.0,평시,여수
2021-05-27,19.5,20.332142857142856,-0.8321428571428555,-0.3000000000000007,False,0.0,평시,여수
2021-05-28,19.4,20.400000000000002,-1.0000000000000036,-0.10000000000000142,False,0.0,평시,여수
2021-05-29,19.4,20.45714285714286,-1.0571428571428605,0.0,False,0.0,평시,여수
2021-05-30,19.7,20.514285714285712,-0.8142857142857132,0.3000000000000007,False,0.0,평시,여수
2021-05-31,20.1,20.62857142857143,-0.5285714285714285,0.40000000000000213,False,0.0,평시,여수
2021-06-01,20.2,20.73448275862069,-0.5344827586206904,0.09999999999999787,False,0.0,평시,여수
2021-06-02,20.5,20.836666666666666,-0.336666666666666,0.3000000000000007,False,0.0,평시,여수
2021-06-03,20.5,20.916129032258066,-0.4161290322580662,0.0,False,0.0,평시,여수
2021-06-04,20.6,20.978125,-0.37812499999999716,0.10000000000000142,False,0.0,평시,여수
2021-06-05,21.1,21.033333333333335,0.06666666666666643,0.5,False,0.0,평시,여수
2021-06-06,21.5,21.102941176470587,0.397058823529413,0.3999999999999986,False,0.0,평시,여수
2021-06-07,21.9,21.16857142857143,0.7314285714285695,0.3999999999999986,False,0.0,평시,여수
2021-06-08,22.1,21.265714285714285,0.8342857142857163,0.20000000000000284,False,0.0,평시,여수
2021-06-09,22.4,21.374285714285715,1.0257142857142831,0.29999999999999716,False,0.0,평시,여수
2021-06-10,22.4,21.50857142857143,0.8914285714285697,0.0,False,0.0,평시,여수
2021-06-11,22.3,21.654285714285713,0.6457142857142877,-0.09999999999999787,False,0.0,평시,여수
2021-06-12,22.1,21.805714285714288,0.2942857142857136,-0.1999999999999993,False,0.0,평시,여수
2021-06-13,22.1,21.98,0.120000000000001,0.0,False,0.0,평시,여수
2021-06-14,22.4,22.111428571428572,0.2885714285714265,0.29999999999999716,False,0.0,평시,여수
2021-06-15,22.3,22.21428571428572,0.08571428571428186,-0.09999999999999787,False,0.0,평시,여수
2021-06-16,22.0,22.31714285714286,-0.3171428571428585,-0.3000000000000007,False,0.0,평시,여수
2021-06-17,21.7,22.42571428571429,-0.7257142857142895,-0.3000000000000007,False,0.0,평시,여수
2021-06-18,21.8,22.545714285714286,-0.7457142857142856,0.10000000000000142,False,0.0,평시,여수
2021-06-19,22.0,22.665714285714287,-0.6657142857142873,0.1999999999999993,False,0.0,평시,여수
2021-06-20,22.5,22.768571428571427,-0.2685714285714269,0.5,False,0.0,평시,여수
2021-06-21,23.0,22.888571428571428,0.1114285714285721,0.5,False,0.0,평시,여수
2021-06-22,23.0,22.985714285714284,0.014285714285716011,0.0,False,0.0,평시,여수
2021-06-23,23.4,23.06285714285714,0.3371428571428581,0.3999999999999986,False,0.0,평시,여수
2021-06-24,23.6,23.134285714285717,0.4657142857142844,0.20000000000000284,False,0.0,평시,여수
2021-06-25,23.6,23.18857142857143,0.4114285714285728,0.0,False,0.0,평시,여수
2021-06-26,23.7,23.257142857142856,0.44285714285714306,0.09999999999999787,False,0.0,평시,여수
2021-06-27,23.7,23.32857142857143,0.3714285714285701,0.0,False,0.0,평시,여수
2021-06-28,23.8,23.391428571428573,0.4085714285714275,0.10000000000000142,False,0.0,평시,여수
2021-06-29,24.0,23.48857142857143,0.5114285714285707,0.1999999999999993,False,0.0,평시,여수
2021-06-30,24.2,23.58857142857143,0.6114285714285685,0.1999999999999993,False,0.0,평시,여수
2021-07-01,24.4,23.697142857142858,0.7028571428571411,0.1999999999999993,False,0.0,평시,여수
2021-07-02,24.8,23.84285714285714,0.9571428571428591,0.40000000000000213,False,0.0,평시,여수
2021-07-03,24.7,23.997142857142858,0.7028571428571411,-0.10000000000000142,False,0.0,평시,여수
2021-07-04,24.7,24.114285714285714,0.5857142857142854,0.0,False,0.0,평시,여수
2021-07-05,24.5,24.197142857142858,0.3028571428571425,-0.1999999999999993,False,0.0,평시,여수
2021-07-06,24.3,24.25142857142857,0.048571428571431596,-0.1999999999999993,False,0.0,평시,여수
2021-07-07,24.3,24.297142857142855,0.002857142857145334,0.0,False,0.0,평시,여수
2021-07-08,24.5,24.34857142857143,0.15142857142857125,0.1999999999999993,False,0.0,평시,여수
2021-07-09,24.7,24.357142857142858,0.34285714285714164,0.1999999999999993,False,0.0,평시,여수
2021-07-10,25.1,24.33142857142857,0.7685714285714305,0.40000000000000213,False,0.0,평시,여수
2021-07-11,25.0,24.322857142857146,0.6771428571428544,-0.10000000000000142,False,0.0,평시,여수
2021-07-12,25.2,24.377142857142857,0.8228571428571421,0.1999999999999993,False,0.0,평시,여수
2021-07-13,25.7,24.43714285714286,1.2628571428571398,0.5,False,0.0,평시,여수
2021-07-14,25.9,24.502857142857142,1.3971428571428568,0.1999999999999993,False,0.0,평시,여수
2021-07-15,26.0,24.531428571428574,1.4685714285714262,0.10000000000000142,False,0.0,평시,여수
2021-07-16,25.8,24.57714285714286,1.2228571428571406,-0.1999999999999993,False,0.0,평시,여수
2021-07-17,25.4,24.59714285714286,0.8028571428571389,-0.40000000000000213,False,0.0,평시,여수
2021-07-18,25.7,24.640000000000004,1.0599999999999952,0.3000000000000007,False,0.0,평시,여수
2021-07-19,25.9,24.682857142857145,1.2171428571428535,0.1999999999999993,False,0.0,평시,여수
2021-07-20,26.0,24.751428571428573,1.2485714285714273,0.10000000000000142,False,0.0,평시,여수
2021-07-21,26.4,24.848571428571425,1.5514285714285734,0.3999999999999986,False,0.0,평시,여수
2021-07-22,26.5,24.942857142857143,1.557142857142857,0.10000000000000142,False,0.0,평시,여수
2021-07-23,26.6,25.02,1.5800000000000018,0.10000000000000142,False,0.0,평시,여수
2021-07-24,26.7,25.145714285714288,1.5542857142857116,0.09999999999999787,False,0.0,평시,여수
2021-07-25,26.8,25.274285714285714,1.5257142857142867,0.10000000000000142,False,0.0,평시,여수
2021-07-26,27.1,25.40571428571429,1.6942857142857122,0.3000000000000007,False,0.0,평시,여수
2021-07-27,27.3,25.554285714285715,1.7457142857142856,0.1999999999999993,False,0.0,평시,여수
2021-07-28,27.7,25.674285714285716,2.025714285714283,0.3999999999999986,False,2.0,주의보,여수
2021-07-29,28.3,25.82,2.4800000000000004,0.6000000000000014,False,2.0,주의보,여수
2021-07-30,28.7,25.997142857142858,2.702857142857141,0.3999999999999986,False,2.0,주의보,여수
2021-07-31,29.0,26.16857142857143,2.831428571428571,0.3000000000000007,True,3.0,경보,여수
2021-08-01,29.5,26.34285714285714,3.1571428571428584,0.5,True,3.0,경보,여수
2021-08-02,29.7,26.525714285714287,3.1742857142857126,0.1999999999999993,True,3.0,경보,여수
2021-08-03,29.8,26.705714285714283,3.094285714285718,0.10000000000000142,True,3.0,경보,여수
2021-08-04,30.3,26.90285714285714,3.3971428571428604,0.5,True,3.0,경보,여수
2021-08-05,30.7,27.129411764705882,3.5705882352941174,0.3999999999999986,True,3.0,경보,여수
2021-08-06,30.9,27.293939393939393,3.6060606060606055,0.1999999999999993,True,3.0,경보,여수
2021-08-07,30.8,27.403125000000003,3.396874999999998,-0.09999999999999787,True,3.0,경보,여수
2021-08-08,29.9,27.41290322580645,2.4870967741935495,-0.9000000000000021,True,3.0,경보,여수
2021-08-09,29.1,27.313333333333336,1.7866666666666653,-0.7999999999999972,True,3.0,경보,여수
2021-08-10,29.0,27.124137931034486,1.8758620689655139,-0.10000000000000142,True,3.0,경보,여수
2021-08-11,28.7,26.889285714285716,1.8107142857142833,-0.3000000000000007,True,3.0,경보,여수
2021-08-12,28.5,26.632142857142863,1.8678571428571367,-0.1999999999999993,True,3.0,경보,여수
2021-08-13,28.1,26.46428571428572,1.6357142857142826,-0.3999999999999986,True,3.0,경보,여수
2021-08-14,27.5,26.37142857142857,1.12857142857143,-0.6000000000000014,False,0.0,평시,여수
2021-08-15,27.2,26.339285714285715,0.860714285714284,-0.3000000000000007,False,0.0,평시,여수
2021-08-16,27.0,26.375,0.625,-0.1999999999999993,False,0.0,평시,여수
2021-08-17,27.1,26.475,0.625,0.10000000000000142,False,0.0,평시,여수
2021-08-18,27.5,26.532142857142855,0.9678571428571452,0.3999999999999986,False,0.0,평시,여수
2021-08-19,27.5,26.575,0.9250000000000007,0.0,False,0.0,평시,여수
2021-08-20,27.6,26.62857142857143,0.9714285714285715,0.10000000000000142,False,0.0,평시,여수
2021-08-21,27.3,26.632142857142856,0.6678571428571445,-0.3000000000000007,False,0.0,평시,여수
2021-08-22,26.9,26.639285714285712,0.2607142857142861,-0.40000000000000213,False,0.0,평시,여수
2021-08-23,27.0,26.64642857142857,0.3535714285714313,0.10000000000000142,False,0.0,평시,여수
2021-08-24,26.9,26.625,0.2749999999999986,-0.10000000000000142,False,0.0,평시,여수
2021-08-25,26.8,26.632142857142856,0.16785714285714448,-0.09999999999999787,False,0.0,평시,여수
2021-08-26,26.8,26.58214285714286,0.21785714285714164,0.0,False,0.0,평시,여수
2021-08-27,27.2,26.485714285714288,0.7142857142857117,0.3999999999999986,False,0.0,평시,여수
2021-08-28,27.5,26.414285714285715,1.0857142857142854,0.3000000000000007,False,0.0,평시,여수
2021-08-29,27.6,26.339285714285715,1.2607142857142861,0.10000000000000142,False,0.0,평시,여수
2021-08-30,28.1,26.246428571428567,1.8535714285714349,0.5,False,2.0,주의보,여수
2021-08-31,28.4,26.12142857142857,2.2785714285714285,0.29999999999999716,False,2.0,주의보,여수
2021-09-01,28.2,26.12222222222222,2.0777777777777793,-0.1999999999999993,True,3.0,경보,여수
2021-09-02,27.7,26.123076923076926,1.576923076923073,-0.5,False,0.0,평시,여수
2021-09-03,27.2,26.136,1.064,-0.5,False,0.0,평시,여수
2021-09-04,26.9,26.243999999999996,0.6560000000000024,-0.3000000000000007,False,0.0,평시,여수
2021-09-05,26.1,26.34,-0.23999999999999844,-0.7999999999999972,False,0.0,평시,여수
2021-09-06,25.5,26.504166666666663,-1.0041666666666629,-0.6000000000000014,False,0.0,평시,여수
2021-09-07,25.2,26.73478260869565,-1.5347826086956502,-0.3000000000000007,False,0.0,평시,여수
2021-09-08,25.1,26.72083333333333,-1.62083333333333,-0.09999999999999787,False,0.0,평시,여수
2021-09-09,25.1,26.76,-1.6600000000000001,0.0,False,0.0,평시,여수
2021-09-10,25.1,26.780769230769234,-1.6807692307692328,0.0,False,0.0,평시,여수
2021-09-11,25.2,26.72307692307692,-1.5230769230769212,0.09999999999999787,False,0.0,평시,여수
2021-09-12,25.3,26.669230769230772,-1.3692307692307715,0.10000000000000142,False,0.0,평시,여수
2021-09-13,25.0,26.54814814814815,-1.548148148148151,-0.3000000000000007,False,0.0,평시,여수
2021-09-14,24.4,26.442857142857147,-2.042857142857148,-0.6000000000000014,False,0.0,평시,여수
2021-09-15,24.1,26.435714285714287,-2.3357142857142854,-0.29999999999999716,False,0.0,평시,여수
2021-09-16,23.8,26.42142857142857,-2.62142857142857,-0.3000000000000007,False,0.0,평시,여수
2021-09-17,23.5,26.389285714285712,-2.8892857142857125,-0.3000000000000007,False,0.0,평시,여수
2021-09-18,23.6,26.268965517241377,-2.668965517241375,0.10000000000000142,False,0.0,평시,여수
2021-09-19,24.0,26.116666666666667,-2.116666666666667,0.3999999999999986,False,0.0,평시,여수
2021-09-20,23.9,25.94516129032258,-2.045161290322582,-0.10000000000000142,False,0.0,평시,여수
2021-09-21,24.1,25.715625,-1.6156249999999979,0.20000000000000284,False,0.0,평시,여수
2021-09-22,24.2,25.454545454545453,-1.254545454545454,0.09999999999999787,False,0.0,평시,여수
2021-09-23,24.2,25.202941176470585,-1.0029411764705856,0.0,False,0.0,평시,여수
2021-09-24,24.2,24.99142857142857,-0.7914285714285718,0.0,False,0.0,평시,여수
2021-09-25,24.0,24.837142857142855,-0.8371428571428545,-0.1999999999999993,False,0.0,평시,여수
2021-09-26,23.7,24.725714285714282,-1.0257142857142831,-0.3000000000000007,False,0.0,평시,여수
2021-09-27,23.7,24.651428571428575,-0.9514285714285755,0.0,False,0.0,평시,여수
2021-09-28,23.5,24.625714285714285,-1.1257142857142846,-0.1999999999999993,False,0.0,평시,여수
2021-09-29,23.6,24.60285714285714,-1.0028571428571382,0.10000000000000142,False,0.0,평시,여수
2021-09-30,23.7,24.554285714285715,-0.8542857142857159,0.09999999999999787,False,0.0,평시,여수
2021-10-01,23.9,24.468571428571426,-0.5685714285714276,0.1999999999999993,False,0.0,평시,여수
2021-10-02,24.2,24.359999999999996,-0.1599999999999966,0.3000000000000007,False,0.0,평시,여수
2021-10-03,24.5,24.228571428571424,0.2714285714285758,0.3000000000000007,False,0.0,평시,여수
2021-10-04,24.7,24.051428571428566,0.648571428571433,0.1999999999999993,False,0.0,평시,여수
2021-10-05,24.9,23.845714285714283,1.0542857142857152,0.1999999999999993,False,0.0,평시,여수
2021-10-06,25.0,23.622857142857143,1.3771428571428572,0.10000000000000142,False,0.0,평시,여수
2021-10-07,25.0,23.388571428571424,1.6114285714285757,0.0,False,0.0,평시,여수
2021-10-08,25.0,23.15714285714286,1.8428571428571416,0.0,False,0.0,평시,여수
2021-10-09,24.8,22.917142857142856,1.8828571428571443,-0.1999999999999993,False,0.0,평시,여수
2021-10-10,24.8,22.705714285714286,2.0942857142857143,0.0,False,2.0,주의보,여수
2021-10-11,24.7,22.54,2.16,-0.10000000000000142,False,2.0,주의보,여수
2021-10-12,24.0,22.402857142857144,1.597142857142856,-0.6999999999999993,False,0.0,평시,여수
2021-10-13,23.5,22.29714285714286,1.202857142857141,-0.5,False,0.0,평시,여수
2021-10-14,23.5,22.168571428571433,1.3314285714285674,0.0,False,0.0,평시,여수
2021-10-15,23.4,22.008571428571432,1.3914285714285661,-0.10000000000000142,False,0.0,평시,여수
2021-10-16,23.1,21.837142857142858,1.2628571428571433,-0.29999999999999716,False,0.0,평시,여수
2021-10-17,21.4,21.597142857142856,-0.1971428571428575,-1.7000000000000028,False,0.0,평시,여수
2021-10-18,20.6,21.282857142857143,-0.6828571428571415,-0.7999999999999972,False,0.0,평시,여수
2021-10-19,20.2,20.937142857142852,-0.7371428571428531,-0.40000000000000213,False,0.0,평시,여수
2021-10-20,19.5,20.577142857142857,-1.0771428571428565,-0.6999999999999993,False,0.0,평시,여수
2021-10-21,19.3,20.251428571428566,-0.9514285714285649,-0.1999999999999993,False,0.0,평시,여수
2021-10-22,18.9,19.968571428571426,-1.0685714285714276,-0.40000000000000213,False,0.0,평시,여수
2021-10-23,18.5,19.714285714285715,-1.2142857142857153,-0.3999999999999986,False,0.0,평시,여수
2021-10-24,18.5,19.522857142857145,-1.022857142857145,0.0,False,0.0,평시,여수
2021-10-25,18.6,19.380000000000003,-0.7800000000000011,0.10000000000000142,False,0.0,평시,여수
2021-10-26,18.6,19.257142857142856,-0.6571428571428548,0.0,False,0.0,평시,여수
2021-10-27,18.6,19.134285714285713,-0.534285714285712,0.0,False,0.0,평시,여수
2021-10-28,18.4,19.03142857142857,-0.6314285714285717,-0.20000000000000284,False,0.0,평시,여수
2021-10-29,18.3,18.92571428571429,-0.6257142857142881,-0.09999999999999787,False,0.0,평시,여수
2021-10-30,18.2,18.81142857142857,-0.6114285714285721,-0.10000000000000142,False,0.0,평시,여수
2021-10-31,18.2,18.685714285714287,-0.48571428571428754,0.0,False,0.0,평시,여수
2021-11-01,18.1,18.568571428571428,-0.4685714285714262,-0.09999999999999787,False,0.0,평시,여수
2021-11-02,17.9,18.445714285714285,-0.5457142857142863,-0.20000000000000284,False,0.0,평시,여수
2021-11-03,17.7,18.302857142857146,-0.6028571428571468,-0.1999999999999993,False,0.0,평시,여수
2021-11-04,17.6,18.122857142857146,-0.5228571428571449,-0.09999999999999787,False,0.0,평시,여수
2021-11-05,17.7,17.937142857142856,-0.23714285714285666,0.09999999999999787,False,0.0,평시,여수
2021-11-06,17.6,17.75142857142857,-0.1514285714285677,-0.09999999999999787,False,0.0,평시,여수
2021-11-07,17.5,17.560000000000002,-0.060000000000002274,-0.10000000000000142,False,0.0,평시,여수
2021-11-08,17.3,17.334285714285716,-0.034285714285715585,-0.1999999999999993,False,0.0,평시,여수
2021-11-09,16.6,17.085714285714285,-0.485714285714284,-0.6999999999999993,False,0.0,평시,여수
2021-11-10,15.8,16.837142857142858,-1.0371428571428574,-0.8000000000000007,False,0.0,평시,여수
2021-11-11,15.3,16.602857142857143,-1.3028571428571425,-0.5,False,0.0,평시,여수
2021-11-12,14.9,16.36857142857143,-1.468571428571428,-0.40000000000000036,False,0.0,평시,여수
2021-11-13,14.6,16.139999999999997,-1.5399999999999974,-0.3000000000000007,False,0.0,평시,여수
2021-11-14,14.6,15.917142857142855,-1.317142857142855,0.0,False,0.0,평시,여수
2021-11-15,14.6,15.657142857142857,-1.057142857142857,0.0,False,0.0,평시,여수
2021-11-16,14.6,15.382857142857143,-0.7828571428571429,0.0,False,0.0,평시,여수
2021-11-17,14.5,15.151428571428573,-0.651428571428573,-0.09999999999999964,False,0.0,평시,여수
2021-11-18,14.5,14.945714285714287,-0.4457142857142866,0.0,False,0.0,평시,여수
2021-11-19,14.6,14.757142857142858,-0.15714285714285836,0.09999999999999964,False,0.0,평시,여수
2021-11-20,14.8,14.551428571428572,0.2485714285714291,0.20000000000000107,False,0.0,평시,여수
2021-11-21,14.9,14.34,0.5600000000000005,0.09999999999999964,False,0.0,평시,여수
2021-11-22,14.7,14.182857142857141,0.5171428571428578,-0.20000000000000107,False,0.0,평시,여수
2021-11-23,13.8,14.065714285714284,-0.26571428571428335,-0.8999999999999986,False,0.0,평시,여수
2021-11-24,13.2,13.905714285714286,-0.7057142857142864,-0.6000000000000014,False,0.0,평시,여수
2021-11-25,12.9,13.702857142857141,-0.8028571428571407,-0.29999999999999893,False,0.0,평시,여수
2021-11-26,12.9,13.491428571428571,-0.5914285714285707,0.0,False,0.0,평시,여수
2021-11-27,12.6,13.262857142857143,-0.6628571428571437,-0.3000000000000007,False,0.0,평시,여수
2021-11-28,12.4,12.982857142857144,-0.5828571428571436,-0.1999999999999993,False,0.0,평시,여수
2021-11-29,12.3,12.662857142857142,-0.3628571428571412,-0.09999999999999964,False,0.0,평시,여수
2021-11-30,12.4,12.348571428571429,0.0514285714285716,0.09999999999999964,False,0.0,평시,여수
2021-12-01,11.8,12.04,-0.23999999999999844,-0.5999999999999996,False,0.0,평시,여수
2021-12-02,10.8,11.754285714285714,-0.9542857142857137,-1.0,False,0.0,평시,여수
2021-12-03,10.8,11.468571428571428,-0.6685714285714273,0.0,False,0.0,평시,여수
2021-12-04,10.8,11.231428571428571,-0.4314285714285706,0.0,False,0.0,평시,여수
2021-12-05,10.7,11.059999999999999,-0.35999999999999943,-0.10000000000000142,False,0.0,평시,여수
2021-12-06,10.9,10.942857142857143,-0.042857142857142705,0.20000000000000107,False,0.0,평시,여수
2021-12-07,11.3,10.848571428571429,0.45142857142857196,0.40000000000000036,False,0.0,평시,여수
2021-12-08,11.3,10.78857142857143,0.5114285714285707,0.0,False,0.0,평시,여수
2021-12-09,11.3,10.748571428571429,0.5514285714285716,0.0,False,0.0,평시,여수
2021-12-10,11.3,10.665714285714285,0.6342857142857152,0.0,False,0.0,평시,여수
2021-12-11,11.3,10.520000000000001,0.7799999999999994,0.0,False,0.0,평시,여수
2021-12-12,11.4,10.342857142857143,1.057142857142857,0.09999999999999964,False,0.0,평시,여수
2021-12-13,10.4,10.185714285714285,0.2142857142857153,-1.0,False,0.0,평시,여수
2021-12-14,9.6,9.98,-0.3800000000000008,-0.8000000000000007,False,0.0,평시,여수
2021-12-15,9.4,9.694285714285714,-0.2942857142857136,-0.1999999999999993,False,0.0,평시,여수
2021-12-16,9.7,9.365714285714285,0.3342857142857145,0.29999999999999893,False,0.0,평시,여수
2021-12-17,9.5,9.105714285714283,0.3942857142857168,-0.1999999999999993,False,0.0,평시,여수
2021-12-18,8.5,8.894285714285713,-0.39428571428571324,-1.0,False,0.0,평시,여수
2021-12-19,8.2,8.69142857142857,-0.4914285714285711,-0.3000000000000007,False,0.0,평시,여수
2021-12-20,8.4,8.44,-0.03999999999999915,0.20000000000000107,False,0.0,평시,여수
2021-12-21,8.6,8.231428571428571,0.36857142857142833,0.1999999999999993,False,0.0,평시,여수
2021-12-22,8.8,8.074285714285713,0.7257142857142878,0.20000000000000107,False,0.0,평시,여수
2021-12-23,8.9,7.905714285714286,0.9942857142857147,0.09999999999999964,False,0.0,평시,여수
2021-12-24,9.1,7.702857142857142,1.3971428571428577,0.1999999999999993,False,0.0,평시,여수
2021-12-25,8.5,7.534285714285714,0.9657142857142862,-0.5999999999999996,False,0.0,평시,여수
2021-12-26,7.1,7.411428571428573,-0.31142857142857316,-1.4000000000000004,False,0.0,평시,여수
2021-12-27,6.6,7.351428571428571,-0.7514285714285718,-0.5,False,0.0,평시,여수
2021-12-28,7.2,7.268571428571429,-0.0685714285714285,0.6000000000000005,False,0.0,평시,여수
2021-12-29,7.5,7.150000000000001,0.34999999999999876,0.2999999999999998,False,0.0,평시,여수
2021-12-30,7.7,7.086111111111112,0.613888888888888,0.20000000000000018,False,0.0,평시,여수
2021-12-31,6.8,7.041666666666667,-0.24166666666666714,-0.9000000000000004,False,0.0,평시,여수
2022-01-01,6.0,6.955555555555557,-0.9555555555555566,-0.7999999999999998,False,0.0,평시,여수
2022-01-02,6.4,6.841666666666667,-0.44166666666666643,0.40000000000000036,False,0.0,평시,여수
2022-01-03,6.6,6.727777777777778,-0.1277777777777782,0.1999999999999993,False,0.0,평시,여수
2022-01-04,7.0,6.6194444444444445,0.38055555555555554,0.40000000000000036,False,0.0,평시,여수
2022-01-05,7.0,6.522857142857143,0.47714285714285687,0.0,False,0.0,평시,여수
2022-01-06,7.3,6.4142857142857155,0.8857142857142843,0.2999999999999998,False,0.0,평시,여수
2022-01-07,7.0,6.271428571428571,0.7285714285714286,-0.2999999999999998,False,0.0,평시,여수
2022-01-08,6.9,6.148571428571429,0.7514285714285718,-0.09999999999999964,False,0.0,평시,여수
2022-01-09,6.9,6.042857142857144,0.8571428571428568,0.0,False,0.0,평시,여수
2022-01-10,6.9,5.991428571428572,0.9085714285714284,0.0,False,0.0,평시,여수
2022-01-11,6.5,5.988571428571428,0.5114285714285716,-0.40000000000000036,False,0.0,평시,여수
2022-01-12,5.0,6.065714285714285,-1.065714285714285,-1.5,False,0.0,평시,여수
2022-01-13,5.7,6.145714285714286,-0.44571428571428573,0.7000000000000002,False,0.0,평시,여수
2022-01-14,5.7,6.208571428571428,-0.508571428571428,0.0,False,0.0,평시,여수
2022-01-15,5.9,6.2457142857142856,-0.3457142857142852,0.20000000000000018,False,0.0,평시,여수
2022-01-16,5.9,6.285714285714286,-0.38571428571428523,0.0,False,0.0,평시,여수
2022-01-17,5.5,6.251428571428571,-0.7514285714285709,-0.40000000000000036,False,0.0,평시,여수
2022-01-18,5.0,6.177142857142858,-1.177142857142858,-0.5,False,0.0,평시,여수
2022-01-19,5.0,6.074285714285714,-1.0742857142857138,0.0,False,0.0,평시,여수
2022-01-20,5.0,6.014285714285714,-1.0142857142857142,0.0,False,0.0,평시,여수
2022-01-21,5.0,6.008571428571428,-1.008571428571428,0.0,False,0.0,평시,여수
2022-01-22,5.3,5.985714285714286,-0.6857142857142859,0.2999999999999998,False,0.0,평시,여수
2022-01-23,5.7,5.974285714285714,-0.274285714285714,0.40000000000000036,False,0.0,평시,여수
2022-01-24,5.8,5.977142857142857,-0.17714285714285705,0.09999999999999964,False,0.0,평시,여수
2022-01-25,5.8,5.9799999999999995,-0.17999999999999972,0.0,False,0.0,평시,여수
2022-01-26,5.8,5.945714285714287,-0.1457142857142868,0.0,False,0.0,평시,여수
2022-01-27,5.9,5.8828571428571435,0.017142857142856904,0.10000000000000053,False,0.0,평시,여수
2022-01-28,6.0,5.822857142857143,0.17714285714285705,0.09999999999999964,False,0.0,평시,여수
2022-01-29,5.8,5.848571428571428,-0.048571428571428044,-0.20000000000000018,False,0.0,평시,여수
2022-01-30,5.6,5.885714285714286,-0.2857142857142865,-0.20000000000000018,False,0.0,평시,여수
2022-01-31,5.3,5.914285714285714,-0.6142857142857139,-0.2999999999999998,False,0.0,평시,여수
2022-02-01,5.4,5.92,-0.5199999999999996,0.10000000000000053,False,0.0,평시,여수
2022-02-02,5.7,5.931428571428572,-0.2314285714285722,0.2999999999999998,False,0.0,평시,여수
2022-02-03,5.6,5.951428571428571,-0.3514285714285714,-0.10000000000000053,False,0.0,평시,여수
2022-02-04,5.6,5.977142857142857,-0.3771428571428572,0.0,False,0.0,평시,여수
2022-02-05,5.7,5.9542857142857155,-0.25428571428571534,0.10000000000000053,False,0.0,평시,여수
2022-02-06,5.3,5.888571428571429,-0.588571428571429,-0.40000000000000036,False,0.0,평시,여수
2022-02-07,5.1,5.851428571428571,-0.7514285714285718,-0.20000000000000018,False,0.0,평시,여수
2022-02-08,5.4,5.862857142857142,-0.46285714285714175,0.3000000000000007,False,0.0,평시,여수
2022-02-09,5.5,5.917142857142857,-0.41714285714285726,0.09999999999999964,False,0.0,평시,여수
2022-02-10,5.8,6.025714285714285,-0.2257142857142851,0.2999999999999998,False,0.0,평시,여수
2022-02-11,5.8,6.171428571428572,-0.3714285714285719,0.0,False,0.0,평시,여수
2022-02-12,5.9,6.354285714285714,-0.45428571428571374,0.10000000000000053,False,0.0,평시,여수
2022-02-13,6.2,6.531428571428571,-0.33142857142857096,0.2999999999999998,False,0.0,평시,여수
2022-02-14,6.5,6.637142857142858,-0.1371428571428579,0.2999999999999998,False,0.0,평시,여수
2022-02-15,6.5,6.685714285714286,-0.18571428571428594,0.0,False,0.0,평시,여수
2022-02-16,6.0,6.751428571428573,-0.7514285714285727,-0.5,False,0.0,평시,여수
2022-02-17,5.3,6.788571428571429,-1.4885714285714293,-0.7000000000000002,False,0.0,평시,여수
2022-02-18,5.2,6.765714285714286,-1.5657142857142858,-0.09999999999999964,False,0.0,평시,여수
2022-02-19,5.6,6.714285714285714,-1.1142857142857148,0.39999999999999947,False,0.0,평시,여수
2022-02-20,5.8,6.714285714285714,-0.9142857142857146,0.20000000000000018,False,0.0,평시,여수
2022-02-21,5.8,6.702857142857143,-0.902857142857143,0.0,False,0.0,평시,여수
2022-02-22,5.5,6.725714285714287,-1.2257142857142869,-0.2999999999999998,False,0.0,평시,여수
2022-02-23,5.4,6.734285714285714,-1.3342857142857136,-0.09999999999999964,False,0.0,평시,여수
2022-02-24,4.7,6.7771428571428585,-2.0771428571428583,-0.7000000000000002,False,0.0,평시,여수
2022-02-25,4.5,6.848571428571429,-2.3485714285714288,-0.20000000000000018,False,0.0,평시,여수
2022-02-26,5.4,7.008333333333334,-1.6083333333333334,0.9000000000000004,False,0.0,평시,여수
2022-02-27,6.3,7.0777777777777775,-0.7777777777777777,0.8999999999999995,False,0.0,평시,여수
2022-02-28,6.3,7.205555555555555,-0.905555555555555,0.0,False,0.0,평시,여수
2022-03-01,6.7,7.341666666666665,-0.6416666666666648,0.40000000000000036,False,0.0,평시,여수
2022-03-02,6.9,7.474999999999998,-0.5749999999999975,0.20000000000000018,False,0.0,평시,여수
2022-03-03,7.1,7.588888888888887,-0.48888888888888715,0.1999999999999993,False,0.0,평시,여수
2022-03-04,7.5,7.716666666666665,-0.216666666666665,0.40000000000000036,False,0.0,평시,여수
2022-03-05,7.8,7.808571428571429,-0.008571428571428896,0.2999999999999998,False,0.0,평시,여수
2022-03-06,7.6,7.977142857142857,-0.3771428571428572,-0.20000000000000018,False,0.0,평시,여수
2022-03-07,7.5,8.19142857142857,-0.6914285714285704,-0.09999999999999964,False,0.0,평시,여수
2022-03-08,7.7,8.442857142857141,-0.7428571428571411,0.20000000000000018,False,0.0,평시,여수
2022-03-09,8.0,8.714285714285714,-0.7142857142857135,0.2999999999999998,False,0.0,평시,여수
2022-03-10,8.3,8.982857142857144,-0.6828571428571433,0.3000000000000007,False,0.0,평시,여수
2022-03-11,8.5,9.245714285714286,-0.7457142857142856,0.1999999999999993,False,0.0,평시,여수
2022-03-12,8.9,9.505714285714287,-0.6057142857142868,0.40000000000000036,False,0.0,평시,여수
2022-03-13,9.9,9.771428571428572,0.12857142857142811,1.0,False,0.0,평시,여수
2022-03-14,10.0,10.008571428571429,-0.008571428571428896,0.09999999999999964,False,0.0,평시,여수
2022-03-15,9.9,10.205714285714285,-0.3057142857142843,-0.09999999999999964,False,0.0,평시,여수
2022-03-16,10.2,10.342857142857143,-0.14285714285714413,0.29999999999999893,False,0.0,평시,여수
2022-03-17,10.5,10.434285714285714,0.06571428571428584,0.3000000000000007,False,0.0,평시,여수
2022-03-18,10.4,10.505714285714285,-0.10571428571428498,-0.09999999999999964,False,0.0,평시,여수
2022-03-19,10.2,10.565714285714284,-0.36571428571428477,-0.20000000000000107,False,0.0,평시,여수
2022-03-20,9.9,10.617142857142857,-0.7171428571428571,-0.29999999999999893,False,0.0,평시,여수
2022-03-21,9.7,10.694285714285714,-0.9942857142857147,-0.20000000000000107,False,0.0,평시,여수
2022-03-22,9.9,10.802857142857144,-0.9028571428571439,0.20000000000000107,False,0.0,평시,여수
2022-03-23,10.0,10.965714285714284,-0.9657142857142844,0.09999999999999964,False,0.0,평시,여수
2022-03-24,10.1,11.177142857142856,-1.0771428571428565,0.09999999999999964,False,0.0,평시,여수
2022-03-25,10.4,11.4,-1.0,0.3000000000000007,False,0.0,평시,여수
2022-03-26,11.0,11.608571428571427,-0.6085714285714268,0.5999999999999996,False,0.0,평시,여수
2022-03-27,11.3,11.785714285714286,-0.48571428571428577,0.3000000000000007,False,0.0,평시,여수
2022-03-28,11.4,11.934285714285716,-0.5342857142857156,0.09999999999999964,False,0.0,평시,여수
2022-03-29,11.5,12.07142857142857,-0.5714285714285694,0.09999999999999964,False,0.0,평시,여수
2022-03-30,11.7,12.199999999999998,-0.4999999999999982,0.1999999999999993,False,0.0,평시,여수
2022-03-31,11.9,12.308571428571428,-0.4085714285714275,0.20000000000000107,False,0.0,평시,여수
2022-04-01,12.0,12.417142857142856,-0.41714285714285637,0.09999999999999964,False,0.0,평시,여수
2022-04-02,12.1,12.545714285714284,-0.44571428571428484,0.09999999999999964,False,0.0,평시,여수
2022-04-03,12.2,12.688571428571427,-0.48857142857142755,0.09999999999999964,False,0.0,평시,여수
2022-04-04,12.3,12.837142857142856,-0.5371428571428556,0.10000000000000142,False,0.0,평시,여수
2022-04-05,12.5,13.005714285714287,-0.5057142857142871,0.1999999999999993,False,0.0,평시,여수
2022-04-06,12.6,13.177142857142854,-0.5771428571428547,0.09999999999999964,False,0.0,평시,여수
2022-04-07,13.0,13.36,-0.35999999999999943,0.40000000000000036,False,0.0,평시,여수
2022-04-08,13.2,13.557142857142859,-0.3571428571428594,0.1999999999999993,False,0.0,평시,여수
2022-04-09,13.8,13.745714285714286,0.05428571428571516,0.6000000000000014,False,0.0,평시,여수
2022-04-10,14.1,13.940000000000001,0.15999999999999837,0.29999999999999893,False,0.0,평시,여수
2022-04-11,14.2,14.094285714285714,0.10571428571428498,0.09999999999999964,False,0.0,평시,여수
2022-04-12,14.4,14.202857142857143,0.1971428571428575,0.20000000000000107,False,0.0,평시,여수
2022-04-13,15.2,14.294285714285715,0.9057142857142839,0.7999999999999989,False,0.0,평시,여수
2022-04-14,14.9,14.4,0.5,-0.29999999999999893,False,0.0,평시,여수
2022-04-15,14.9,14.494117647058822,0.4058823529411786,0.0,False,0.0,평시,여수
2022-04-16,15.0,14.624242424242425,0.37575757575757507,0.09999999999999964,False,0.0,평시,여수
2022-04-17,14.9,14.75,0.15000000000000036,-0.09999999999999964,False,0.0,평시,여수
2022-04-18,14.9,14.896875,0.0031250000000007105,0.0,False,0.0,평시,여수
2022-04-19,15.0,15.065625,-0.06562500000000071,0.09999999999999964,False,0.0,평시,여수
2022-04-20,15.2,15.225000000000001,-0.02500000000000213,0.1999999999999993,False,0.0,평시,여수
2022-04-21,15.3,15.371875000000001,-0.07187500000000036,0.10000000000000142,False,0.0,평시,여수
2022-04-22,15.3,15.500000000000002,-0.20000000000000107,0.0,False,0.0,평시,여수
2022-04-23,15.6,15.588235294117647,0.0117647058823529,0.29999999999999893,False,0.0,평시,여수
2022-04-24,16.0,15.668571428571427,0.33142857142857274,0.40000000000000036,False,0.0,평시,여수
2022-04-25,16.5,15.808571428571428,0.6914285714285722,0.5,False,0.0,평시,여수
2022-04-26,16.8,15.94285714285714,0.8571428571428612,0.3000000000000007,False,0.0,평시,여수
2022-04-27,16.8,16.057142857142853,0.7428571428571473,0.0,False,0.0,평시,여수
2022-04-28,16.9,16.16,0.7399999999999984,0.09999999999999787,False,0.0,평시,여수
2022-04-29,16.6,16.237142857142857,0.36285714285714477,-0.29999999999999716,False,0.0,평시,여수
2022-04-30,16.4,16.334285714285713,0.06571428571428584,-0.20000000000000284,False,0.0,평시,여수
2022-05-01,16.3,16.43428571428571,-0.1342857142857099,-0.09999999999999787,False,0.0,평시,여수
2022-05-02,16.3,16.528571428571425,-0.2285714285714242,0.0,False,0.0,평시,여수
2022-05-03,16.4,16.62857142857143,-0.2285714285714313,0.09999999999999787,False,0.0,평시,여수
2022-05-04,16.6,16.748571428571427,-0.1485714285714259,0.20000000000000284,False,0.0,평시,여수
2022-05-05,17.0,16.862857142857145,0.13714285714285523,0.3999999999999986,False,0.0,평시,여수
2022-05-06,17.4,17.014705882352942,0.38529411764705657,0.3999999999999986,False,0.0,평시,여수
2022-05-07,17.7,17.151515151515152,0.548484848484847,0.3000000000000007,False,0.0,평시,여수
2022-05-08,18.2,17.3,0.8999999999999986,0.5,False,0.0,평시,여수
2022-05-09,18.1,17.445161290322584,0.6548387096774171,-0.09999999999999787,False,0.0,평시,여수
2022-05-10,17.9,17.613333333333337,0.28666666666666174,-0.20000000000000284,False,0.0,평시,여수
2022-05-11,17.8,17.817241379310346,-0.017241379310345195,-0.09999999999999787,False,0.0,평시,여수
2022-05-12,18.1,18.05,0.05000000000000071,0.3000000000000007,False,0.0,평시,여수
2022-05-13,18.6,18.203571428571426,0.3964285714285758,0.5,False,0.0,평시,여수
2022-05-14,18.5,18.36428571428571,0.13571428571428967,-0.10000000000000142,False,0.0,평시,여수
2022-05-15,18.2,18.525,-0.3249999999999993,-0.3000000000000007,False,0.0,평시,여수
2022-05-16,18.1,18.685714285714283,-0.5857142857142819,-0.09999999999999787,False,0.0,평시,여수
2022-05-17,18.1,18.83214285714286,-0.7321428571428577,0.0,False,0.0,평시,여수
2022-05-18,18.3,18.964285714285715,-0.6642857142857146,0.1999999999999993,False,0.0,평시,여수
2022-05-19,18.5,19.107142857142858,-0.6071428571428577,0.1999999999999993,False,0.0,평시,여수
2022-05-20,18.5,19.285714285714285,-0.7857142857142847,0.0,False,0.0,평시,여수
2022-05-21,18.6,19.478571428571424,-0.8785714285714228,0.10000000000000142,False,0.0,평시,여수
2022-05-22,19.3,19.67142857142857,-0.3714285714285701,0.6999999999999993,False,0.0,평시,여수
2022-05-23,19.9,19.842857142857145,0.05714285714285339,0.5999999999999979,False,0.0,평시,여수
2022-05-24,20.0,19.98214285714286,0.017857142857138797,0.10000000000000142,False,0.0,평시,여수
2022-05-25,20.3,20.125,0.1750000000000007,0.3000000000000007,False,0.0,평시,여수
2022-05-26,20.6,20.24285714285714,0.3571428571428612,0.3000000000000007,False,0.0,평시,여수
2022-05-27,20.6,20.332142857142856,0.2678571428571459,0.0,False,0.0,평시,여수
2022-05-28,20.9,20.400000000000002,0.49999999999999645,0.29999999999999716,False,0.0,평시,여수
2022-05-29,20.8,20.45714285714286,0.34285714285714164,-0.09999999999999787,False,0.0,평시,여수
2022-05-30,20.8,20.514285714285712,0.28571428571428825,0.0,False,0.0,평시,여수
2022-05-31,20.6,20.62857142857143,-0.02857142857142847,-0.1999999999999993,False,0.0,평시,여수
2022-06-01,20.9,20.73448275862069,0.1655172413793089,0.29999999999999716,False,0.0,평시,여수
2022-06-02,20.9,20.836666666666666,0.06333333333333258,0.0,False,0.0,평시,여수
2022-06-03,21.0,20.916129032258066,0.08387096774193381,0.10000000000000142,False,0.0,평시,여수
2022-06-04,21.3,20.978125,0.32187500000000213,0.3000000000000007,False,0.0,평시,여수
2022-06-05,21.1,21.033333333333335,0.06666666666666643,-0.1999999999999993,False,0.0,평시,여수
2022-06-06,20.5,21.102941176470587,-0.602941176470587,-0.6000000000000014,False,0.0,평시,여수
2022-06-07,20.3,21.16857142857143,-0.8685714285714283,-0.1999999999999993,False,0.0,평시,여수
2022-06-08,20.1,21.265714285714285,-1.1657142857142837,-0.1999999999999993,False,0.0,평시,여수
2022-06-09,20.4,21.374285714285715,-0.9742857142857169,0.29999999999999716,False,0.0,평시,여수
2022-06-10,20.9,21.50857142857143,-0.6085714285714303,0.5,False,0.0,평시,여수
2022-06-11,21.2,21.654285714285713,-0.45428571428571374,0.3000000000000007,False,0.0,평시,여수
2022-06-12,21.5,21.805714285714288,-0.3057142857142878,0.3000000000000007,False,0.0,평시,여수
2022-06-13,21.4,21.98,-0.5800000000000018,-0.10000000000000142,False,0.0,평시,여수
2022-06-14,21.0,22.111428571428572,-1.111428571428572,-0.3999999999999986,False,0.0,평시,여수
2022-06-15,20.9,22.21428571428572,-1.3142857142857203,-0.10000000000000142,False,0.0,평시,여수
2022-06-16,21.3,22.31714285714286,-1.0171428571428578,0.40000000000000213,False,0.0,평시,여수
2022-06-17,21.7,22.42571428571429,-0.7257142857142895,0.3999999999999986,False,0.0,평시,여수
2022-06-18,21.9,22.545714285714286,-0.6457142857142877,0.1999999999999993,False,0.0,평시,여수
2022-06-19,22.4,22.665714285714287,-0.2657142857142887,0.5,False,0.0,평시,여수
2022-06-20,22.8,22.768571428571427,0.031428571428573804,0.40000000000000213,False,0.0,평시,여수
2022-06-21,23.0,22.888571428571428,0.1114285714285721,0.1999999999999993,False,0.0,평시,여수
2022-06-22,23.7,22.985714285714284,0.7142857142857153,0.6999999999999993,False,0.0,평시,여수
2022-06-23,24.3,23.06285714285714,1.2371428571428602,0.6000000000000014,False,0.0,평시,여수
2022-06-24,24.4,23.134285714285717,1.2657142857142816,0.09999999999999787,False,0.0,평시,여수
2022-06-25,24.2,23.18857142857143,1.0114285714285707,-0.1999999999999993,False,0.0,평시,여수
2022-06-26,24.4,23.257142857142856,1.1428571428571423,0.1999999999999993,False,0.0,평시,여수
2022-06-27,24.6,23.32857142857143,1.2714285714285722,0.20000000000000284,False,0.0,평시,여수
2022-06-28,24.7,23.391428571428573,1.308571428571426,0.09999999999999787,False,0.0,평시,여수
2022-06-29,24.8,23.48857142857143,1.3114285714285714,0.10000000000000142,False,0.0,평시,여수
2022-06-30,24.9,23.58857142857143,1.3114285714285678,0.09999999999999787,False,0.0,평시,여수
2022-07-01,24.9,23.697142857142858,1.202857142857141,0.0,False,0.0,평시,여수
2022-07-02,24.8,23.84285714285714,0.9571428571428591,-0.09999999999999787,False,0.0,평시,여수
2022-07-03,24.6,23.997142857142858,0.6028571428571432,-0.1999999999999993,False,0.0,평시,여수
2022-07-04,24.4,24.114285714285714,0.2857142857142847,-0.20000000000000284,False,0.0,평시,여수
2022-07-05,24.6,24.197142857142858,0.4028571428571439,0.20000000000000284,False,0.0,평시,여수
2022-07-06,24.8,24.25142857142857,0.5485714285714316,0.1999999999999993,False,0.0,평시,여수
2022-07-07,26.0,24.297142857142855,1.7028571428571446,1.1999999999999993,False,0.0,평시,여수
2022-07-08,26.9,24.34857142857143,2.55142857142857,0.8999999999999986,False,2.0,주의보,여수
2022-07-09,26.7,24.357142857142858,2.3428571428571416,-0.1999999999999993,False,2.0,주의보,여수
2022-07-10,26.0,24.33142857142857,1.668571428571429,-0.6999999999999993,False,0.0,평시,여수
2022-07-11,26.1,24.322857142857146,1.7771428571428558,0.10000000000000142,False,0.0,평시,여수
2022-07-12,25.9,24.377142857142857,1.5228571428571414,-0.20000000000000284,False,0.0,평시,여수
2022-07-13,25.8,24.43714285714286,1.3628571428571412,-0.09999999999999787,False,0.0,평시,여수
2022-07-14,25.6,24.502857142857142,1.0971428571428596,-0.1999999999999993,False,0.0,평시,여수
2022-07-15,26.0,24.531428571428574,1.4685714285714262,0.3999999999999986,False,0.0,평시,여수
2022-07-16,25.7,24.57714285714286,1.1228571428571392,-0.3000000000000007,False,0.0,평시,여수
2022-07-17,25.8,24.59714285714286,1.202857142857141,0.10000000000000142,False,0.0,평시,여수
2022-07-18,25.1,24.640000000000004,0.4599999999999973,-0.6999999999999993,False,0.0,평시,여수
2022-07-19,24.9,24.682857142857145,0.21714285714285353,-0.20000000000000284,False,0.0,평시,여수
2022-07-20,24.5,24.751428571428573,-0.25142857142857267,-0.3999999999999986,False,0.0,평시,여수
2022-07-21,25.3,24.848571428571425,0.4514285714285755,0.8000000000000007,False,0.0,평시,여수
2022-07-22,25.4,24.942857142857143,0.4571428571428555,0.09999999999999787,False,0.0,평시,여수
2022-07-23,25.0,25.02,-0.019999999999999574,-0.3999999999999986,False,0.0,평시,여수
2022-07-24,25.7,25.145714285714288,0.5542857142857116,0.6999999999999993,False,0.0,평시,여수
2022-07-25,25.9,25.274285714285714,0.6257142857142846,0.1999999999999993,False,0.0,평시,여수
2022-07-26,25.5,25.40571428571429,0.09428571428571075,-0.3999999999999986,False,0.0,평시,여수
2022-07-27,25.3,25.554285714285715,-0.25428571428571445,-0.1999999999999993,False,0.0,평시,여수
2022-07-28,25.4,25.674285714285716,-0.2742857142857176,0.09999999999999787,False,0.0,평시,여수
2022-07-29,25.2,25.82,-0.620000000000001,-0.1999999999999993,False,0.0,평시,여수
2022-07-30,25.3,25.997142857142858,-0.6971428571428575,0.10000000000000142,False,0.0,평시,여수
2022-07-31,25.3,26.16857142857143,-0.8685714285714283,0.0,False,0.0,평시,여수
2022-08-01,25.5,26.34285714285714,-0.8428571428571416,0.1999999999999993,False,0.0,평시,여수
2022-08-02,26.1,26.525714285714287,-0.42571428571428527,0.6000000000000014,False,0.0,평시,여수
2022-08-03,26.1,26.705714285714283,-0.6057142857142814,0.0,False,0.0,평시,여수
2022-08-04,26.5,26.90285714285714,-0.40285714285714036,0.3999999999999986,False,0.0,평시,여수
2022-08-05,27.2,27.129411764705882,0.0705882352941174,0.6999999999999993,False,0.0,평시,여수
2022-08-06,27.7,27.293939393939393,0.40606060606060623,0.5,False,0.0,평시,여수
2022-08-07,28.1,27.403125000000003,0.6968749999999986,0.40000000000000213,False,2.0,주의보,여수
2022-08-08,28.6,27.41290322580645,1.1870967741935523,0.5,False,2.0,주의보,여수
2022-08-09,28.7,27.313333333333336,1.3866666666666632,0.09999999999999787,True,3.0,경보,여수
2022-08-10,28.5,27.124137931034486,1.3758620689655139,-0.1999999999999993,True,3.0,경보,여수
2022-08-11,27.9,26.889285714285716,1.0107142857142826,-0.6000000000000014,False,0.0,평시,여수
2022-08-12,27.2,26.632142857142863,0.567857142857136,-0.6999999999999993,False,0.0,평시,여수
2022-08-13,26.7,26.46428571428572,0.23571428571428044,-0.5,False,0.0,평시,여수
2022-08-14,26.6,26.37142857142857,0.2285714285714313,-0.09999999999999787,False,0.0,평시,여수
2022-08-15,26.5,26.339285714285715,0.1607142857142847,-0.10000000000000142,False,0.0,평시,여수
2022-08-16,26.6,26.375,0.22500000000000142,0.10000000000000142,False,0.0,평시,여수
2022-08-17,25.9,26.475,-0.5750000000000028,-0.7000000000000028,False,0.0,평시,여수
2022-08-18,25.5,26.532142857142855,-1.0321428571428548,-0.3999999999999986,False,0.0,평시,여수
2022-08-19,25.4,26.575,-1.1750000000000007,-0.10000000000000142,False,0.0,평시,여수
2022-08-20,25.9,26.62857142857143,-0.7285714285714313,0.5,False,0.0,평시,여수
2022-08-21,24.9,26.632142857142856,-1.7321428571428577,-1.0,False,0.0,평시,여수
2022-08-22,25.1,26.639285714285712,-1.539285714285711,0.20000000000000284,False,0.0,평시,여수
2022-08-23,25.7,26.64642857142857,-0.9464285714285694,0.5999999999999979,False,0.0,평시,여수
2022-08-24,24.8,26.625,-1.8249999999999993,-0.8999999999999986,False,0.0,평시,여수
2022-08-25,24.7,26.632142857142856,-1.932142857142857,-0.10000000000000142,False,0.0,평시,여수
2022-08-26,24.8,26.58214285714286,-1.7821428571428584,0.10000000000000142,False,0.0,평시,여수
2022-08-27,24.7,26.485714285714288,-1.7857142857142883,-0.10000000000000142,False,0.0,평시,여수
2022-08-28,24.4,26.414285714285715,-2.014285714285716,-0.3000000000000007,False,0.0,평시,여수
2022-08-29,23.9,26.339285714285715,-2.4392857142857167,-0.5,False,0.0,평시,여수
2022-08-30,23.6,26.246428571428567,-2.646428571428565,-0.29999999999999716,False,0.0,평시,여수
2022-08-31,23.4,26.12142857142857,-2.7214285714285715,-0.20000000000000284,False,0.0,평시,여수
2022-09-01,23.4,26.12222222222222,-2.7222222222222214,0.0,False,0.0,평시,여수
2022-09-02,23.1,26.123076923076926,-3.0230769230769248,-0.29999999999999716,False,0.0,평시,여수
2022-09-03,22.8,26.136,-3.3359999999999985,-0.3000000000000007,False,0.0,평시,여수
2022-09-04,,26.243999999999996,,,False,,판정불가,여수
2022-09-05,,26.34,,,False,,판정불가,여수
2022-09-06,,26.504166666666663,,,False,,판정불가,여수
2022-09-07,,26.73478260869565,,,False,,판정불가,여수
2022-09-08,,26.72083333333333,,,False,,판정불가,여수
2022-09-09,,26.76,,,False,,판정불가,여수
2022-09-10,,26.780769230769234,,,False,,판정불가,여수
2022-09-11,,26.72307692307692,,,False,,판정불가,여수
2022-09-12,,26.669230769230772,,,False,,판정불가,여수
2022-09-13,,26.54814814814815,,,False,,판정불가,여수
2022-09-14,,26.442857142857147,,,False,,판정불가,여수
2022-09-15,,26.435714285714287,,,False,,판정불가,여수
2022-09-16,,26.42142857142857,,,False,,판정불가,여수
2022-09-17,,26.389285714285712,,,False,,판정불가,여수
2022-09-18,,26.268965517241377,,,False,,판정불가,여수
2022-09-19,,26.116666666666667,,,False,,판정불가,여수
2022-09-20,,25.94516129032258,,,False,,판정불가,여수
2022-09-21,24.3,25.715625,-1.4156249999999986,,False,0.0,평시,여수
2022-09-22,24.0,25.454545454545453,-1.4545454545454533,-0.3000000000000007,False,0.0,평시,여수
2022-09-23,24.0,25.202941176470585,-1.2029411764705848,0.0,False,0.0,평시,여수
2022-09-24,23.6,24.99142857142857,-1.3914285714285697,-0.3999999999999986,False,0.0,평시,여수
2022-09-25,23.2,24.837142857142855,-1.6371428571428552,-0.40000000000000213,False,0.0,평시,여수
2022-09-26,23.0,24.725714285714282,-1.7257142857142824,-0.1999999999999993,False,0.0,평시,여수
2022-09-27,23.1,24.651428571428575,-1.5514285714285734,0.10000000000000142,False,0.0,평시,여수
2022-09-28,23.2,24.625714285714285,-1.4257142857142853,0.09999999999999787,False,0.0,평시,여수
2022-09-29,23.3,24.60285714285714,-1.302857142857139,0.10000000000000142,False,0.0,평시,여수
2022-09-30,23.5,24.554285714285715,-1.0542857142857152,0.1999999999999993,False,0.0,평시,여수
2022-10-01,23.7,24.468571428571426,-0.7685714285714269,0.1999999999999993,False,0.0,평시,여수
2022-10-02,23.9,24.359999999999996,-0.4599999999999973,0.1999999999999993,False,0.0,평시,여수
2022-10-03,24.2,24.228571428571424,-0.028571428571424917,0.3000000000000007,False,0.0,평시,여수
2022-10-04,24.3,24.051428571428566,0.24857142857143444,0.10000000000000142,False,0.0,평시,여수
2022-10-05,23.9,23.845714285714283,0.05428571428571516,-0.40000000000000213,False,0.0,평시,여수
2022-10-06,23.5,23.622857142857143,-0.12285714285714278,-0.3999999999999986,False,0.0,평시,여수
2022-10-07,22.8,23.388571428571424,-0.5885714285714236,-0.6999999999999993,False,0.0,평시,여수
2022-10-08,22.3,23.15714285714286,-0.8571428571428577,-0.5,False,0.0,평시,여수
2022-10-09,21.5,22.917142857142856,-1.4171428571428564,-0.8000000000000007,False,0.0,평시,여수
2022-10-10,20.8,22.705714285714286,-1.9057142857142857,-0.6999999999999993,False,0.0,평시,여수
2022-10-11,19.9,22.54,-2.6400000000000006,-0.9000000000000021,False,0.0,평시,여수
2022-10-12,19.6,22.402857142857144,-2.8028571428571425,-0.29999999999999716,False,0.0,평시,여수
2022-10-13,19.6,22.29714285714286,-2.6971428571428575,0.0,False,0.0,평시,여수
2022-10-14,19.6,22.168571428571433,-2.568571428571431,0.0,False,0.0,평시,여수
2022-10-15,19.9,22.008571428571432,-2.108571428571434,0.29999999999999716,False,0.0,평시,여수
2022-10-16,20.1,21.837142857142858,-1.7371428571428567,0.20000000000000284,False,0.0,평시,여수
2022-10-17,20.0,21.597142857142856,-1.597142857142856,-0.10000000000000142,False,0.0,평시,여수
2022-10-18,19.1,21.282857142857143,-2.1828571428571415,-0.8999999999999986,False,0.0,평시,여수
2022-10-19,18.5,20.937142857142852,-2.4371428571428524,-0.6000000000000014,False,0.0,평시,여수
2022-10-20,18.3,20.577142857142857,-2.277142857142856,-0.1999999999999993,False,0.0,평시,여수
2022-10-21,18.3,20.251428571428566,-1.9514285714285649,0.0,False,0.0,평시,여수
2022-10-22,18.6,19.968571428571426,-1.3685714285714248,0.3000000000000007,False,0.0,평시,여수
2022-10-23,18.7,19.714285714285715,-1.014285714285716,0.09999999999999787,False,0.0,평시,여수
2022-10-24,18.3,19.522857142857145,-1.2228571428571442,-0.3999999999999986,False,0.0,평시,여수
2022-10-25,17.8,19.380000000000003,-1.5800000000000018,-0.5,False,0.0,평시,여수
2022-10-26,17.5,19.257142857142856,-1.7571428571428562,-0.3000000000000007,False,0.0,평시,여수
2022-10-27,17.6,19.134285714285713,-1.534285714285712,0.10000000000000142,False,0.0,평시,여수
2022-10-28,17.8,19.03142857142857,-1.2314285714285695,0.1999999999999993,False,0.0,평시,여수
2022-10-29,17.9,18.92571428571429,-1.0257142857142902,0.09999999999999787,False,0.0,평시,여수
2022-10-30,17.8,18.81142857142857,-1.0114285714285707,-0.09999999999999787,False,0.0,평시,여수
2022-10-31,17.6,18.685714285714287,-1.0857142857142854,-0.1999999999999993,False,0.0,평시,여수
2022-11-01,17.6,18.568571428571428,-0.9685714285714262,0.0,False,0.0,평시,여수
2022-11-02,17.6,18.445714285714285,-0.8457142857142834,0.0,False,0.0,평시,여수
2022-11-03,17.6,18.302857142857146,-0.7028571428571446,0.0,False,0.0,평시,여수
2022-11-04,17.1,18.122857142857146,-1.022857142857145,-0.5,False,0.0,평시,여수
2022-11-05,16.2,17.937142857142856,-1.7371428571428567,-0.9000000000000021,False,0.0,평시,여수
2022-11-06,15.8,17.75142857142857,-1.9514285714285684,-0.3999999999999986,False,0.0,평시,여수
2022-11-07,15.8,17.560000000000002,-1.7600000000000016,0.0,False,0.0,평시,여수
2022-11-08,15.8,17.334285714285716,-1.5342857142857156,0.0,False,0.0,평시,여수
2022-11-09,15.9,17.085714285714285,-1.185714285714285,0.09999999999999964,False,0.0,평시,여수
2022-11-10,16.0,16.837142857142858,-0.8371428571428581,0.09999999999999964,False,0.0,평시,여수
2022-11-11,16.2,16.602857142857143,-0.4028571428571439,0.1999999999999993,False,0.0,평시,여수
2022-11-12,16.4,16.36857142857143,0.03142857142857025,0.1999999999999993,False,0.0,평시,여수
2022-11-13,16.6,16.139999999999997,0.4600000000000044,0.20000000000000284,False,0.0,평시,여수
2022-11-14,16.2,15.917142857142855,0.2828571428571447,-0.40000000000000213,False,0.0,평시,여수
2022-11-15,15.7,15.657142857142857,0.042857142857142705,-0.5,False,0.0,평시,여수
2022-11-16,15.4,15.382857142857143,0.017142857142857792,-0.29999999999999893,False,0.0,평시,여수
2022-11-17,15.2,15.151428571428573,0.04857142857142627,-0.20000000000000107,False,0.0,평시,여수
2022-11-18,15.1,14.945714285714287,0.15428571428571303,-0.09999999999999964,False,0.0,평시,여수
2022-11-19,14.9,14.757142857142858,0.14285714285714235,-0.1999999999999993,False,0.0,평시,여수
2022-11-20,15.0,14.551428571428572,0.4485714285714284,0.09999999999999964,False,0.0,평시,여수
2022-11-21,15.0,14.34,0.6600000000000001,0.0,False,0.0,평시,여수
2022-11-22,15.1,14.182857142857141,0.9171428571428581,0.09999999999999964,False,0.0,평시,여수
2022-11-23,15.1,14.065714285714284,1.0342857142857156,0.0,False,0.0,평시,여수
2022-11-24,15.0,13.905714285714286,1.0942857142857143,-0.09999999999999964,False,0.0,평시,여수
2022-11-25,14.9,13.702857142857141,1.1971428571428593,-0.09999999999999964,False,0.0,평시,여수
2022-11-26,15.0,13.491428571428571,1.508571428571429,0.09999999999999964,False,0.0,평시,여수
2022-11-27,14.8,13.262857142857143,1.5371428571428574,-0.1999999999999993,False,0.0,평시,여수
2022-11-28,14.8,12.982857142857144,1.8171428571428567,0.0,False,0.0,평시,여수
2022-11-29,15.1,12.662857142857142,2.4371428571428577,0.29999999999999893,False,2.0,주의보,여수
2022-11-30,14.0,12.348571428571429,1.6514285714285712,-1.0999999999999996,False,0.0,평시,여수
2022-12-01,12.5,12.04,0.46000000000000085,-1.5,False,0.0,평시,여수
2022-12-02,11.8,11.754285714285714,0.04571428571428626,-0.6999999999999993,False,0.0,평시,여수
2022-12-03,11.6,11.468571428571428,0.13142857142857167,-0.20000000000000107,False,0.0,평시,여수
2022-12-04,11.3,11.231428571428571,0.0685714285714294,-0.29999999999999893,False,0.0,평시,여수
2022-12-05,10.9,11.059999999999999,-0.15999999999999837,-0.40000000000000036,False,0.0,평시,여수
2022-12-06,10.4,10.942857142857143,-0.5428571428571427,-0.5,False,0.0,평시,여수
2022-12-07,10.2,10.848571428571429,-0.6485714285714295,-0.20000000000000107,False,0.0,평시,여수
2022-12-08,10.3,10.78857142857143,-0.4885714285714293,0.10000000000000142,False,0.0,평시,여수
2022-12-09,10.4,10.748571428571429,-0.34857142857142875,0.09999999999999964,False,0.0,평시,여수
2022-12-10,10.6,10.665714285714285,-0.06571428571428584,0.1999999999999993,False,0.0,평시,여수
2022-12-11,10.5,10.520000000000001,-0.02000000000000135,-0.09999999999999964,False,0.0,평시,여수
2022-12-12,10.3,10.342857142857143,-0.042857142857142705,-0.1999999999999993,False,0.0,평시,여수
2022-12-13,10.1,10.185714285714285,-0.08571428571428541,-0.20000000000000107,False,0.0,평시,여수
2022-12-14,9.4,9.98,-0.5800000000000001,-0.6999999999999993,False,0.0,평시,여수
2022-12-15,8.8,9.694285714285714,-0.8942857142857132,-0.5999999999999996,False,0.0,평시,여수
2022-12-16,8.4,9.365714285714285,-0.9657142857142844,-0.40000000000000036,False,0.0,평시,여수
2022-12-17,8.1,9.105714285714283,-1.0057142857142836,-0.3000000000000007,False,0.0,평시,여수
2022-12-18,7.3,8.894285714285713,-1.5942857142857134,-0.7999999999999998,False,0.0,평시,여수
2022-12-19,6.9,8.69142857142857,-1.79142857142857,-0.39999999999999947,False,0.0,평시,여수
2022-12-20,7.0,8.44,-1.4399999999999995,0.09999999999999964,False,0.0,평시,여수
2022-12-21,7.1,8.231428571428571,-1.1314285714285717,0.09999999999999964,False,0.0,평시,여수
2022-12-22,7.7,8.074285714285713,-0.3742857142857128,0.6000000000000005,False,0.0,평시,여수
2022-12-23,7.4,7.905714285714286,-0.5057142857142853,-0.2999999999999998,False,0.0,평시,여수
2022-12-24,7.1,7.702857142857142,-0.6028571428571423,-0.3000000000000007,False,0.0,평시,여수
2022-12-25,7.0,7.534285714285714,-0.5342857142857138,-0.09999999999999964,False,0.0,평시,여수
2022-12-26,7.0,7.411428571428573,-0.4114285714285728,0.0,False,0.0,평시,여수
2022-12-27,7.0,7.351428571428571,-0.3514285714285714,0.0,False,0.0,평시,여수
2022-12-28,6.9,7.268571428571429,-0.36857142857142833,-0.09999999999999964,False,0.0,평시,여수
2022-12-29,6.7,7.150000000000001,-0.45000000000000107,-0.20000000000000018,False,0.0,평시,여수
2022-12-30,6.5,7.086111111111112,-0.5861111111111121,-0.20000000000000018,False,0.0,평시,여수
2022-12-31,6.4,7.041666666666667,-0.6416666666666666,-0.09999999999999964,False,0.0,평시,여수
2023-01-01,6.3,6.955555555555557,-0.6555555555555568,-0.10000000000000053,False,0.0,평시,여수
2023-01-02,5.7,6.841666666666667,-1.1416666666666666,-0.5999999999999996,False,0.0,평시,여수
2023-01-03,5.1,6.727777777777778,-1.6277777777777782,-0.6000000000000005,False,0.0,평시,여수
2023-01-04,4.5,6.6194444444444445,-2.1194444444444445,-0.5999999999999996,False,0.0,평시,여수
2023-01-05,4.7,6.522857142857143,-1.822857142857143,0.20000000000000018,False,0.0,평시,여수
2023-01-06,5.3,6.4142857142857155,-1.1142857142857157,0.5999999999999996,False,0.0,평시,여수
2023-01-07,5.8,6.271428571428571,-0.47142857142857153,0.5,False,0.0,평시,여수
2023-01-08,6.1,6.148571428571429,-0.04857142857142893,0.2999999999999998,False,0.0,평시,여수
2023-01-09,6.3,6.042857142857144,0.25714285714285623,0.20000000000000018,False,0.0,평시,여수
2023-01-10,6.3,5.991428571428572,0.30857142857142783,0.0,False,0.0,평시,여수
2023-01-11,6.5,5.988571428571428,0.5114285714285716,0.20000000000000018,False,0.0,평시,여수
2023-01-12,6.9,6.065714285714285,0.8342857142857154,0.40000000000000036,False,0.0,평시,여수
2023-01-13,7.5,6.145714285714286,1.354285714285714,0.5999999999999996,False,0.0,평시,여수
2023-01-14,8.0,6.208571428571428,1.7914285714285718,0.5,False,0.0,평시,여수
2023-01-15,8.0,6.2457142857142856,1.7542857142857144,0.0,False,0.0,평시,여수
2023-01-16,6.8,6.285714285714286,0.5142857142857142,-1.2000000000000002,False,0.0,평시,여수
2023-01-17,5.9,6.251428571428571,-0.35142857142857054,-0.8999999999999995,False,0.0,평시,여수
2023-01-18,5.7,6.177142857142858,-0.47714285714285776,-0.20000000000000018,False,0.0,평시,여수
2023-01-19,5.7,6.074285714285714,-0.37428571428571367,0.0,False,0.0,평시,여수
2023-01-20,5.8,6.014285714285714,-0.2142857142857144,0.09999999999999964,False,0.0,평시,여수
2023-01-21,5.8,6.008571428571428,-0.20857142857142819,0.0,False,0.0,평시,여수
2023-01-22,5.8,5.985714285714286,-0.18571428571428594,0.0,False,0.0,평시,여수
2023-01-23,6.0,5.974285714285714,0.0257142857142858,0.20000000000000018,False,0.0,평시,여수
2023-01-24,5.9,5.977142857142857,-0.07714285714285651,-0.09999999999999964,False,0.0,평시,여수
2023-01-25,4.8,5.9799999999999995,-1.1799999999999997,-1.1000000000000005,False,0.0,평시,여수
2023-01-26,4.6,5.945714285714287,-1.345714285714287,-0.20000000000000018,False,0.0,평시,여수
2023-01-27,5.0,5.8828571428571435,-0.8828571428571435,0.40000000000000036,False,0.0,평시,여수
2023-01-28,4.7,5.822857142857143,-1.1228571428571428,-0.2999999999999998,False,0.0,평시,여수
2023-01-29,4.7,5.848571428571428,-1.1485714285714277,0.0,False,0.0,평시,여수
2023-01-30,4.8,5.885714285714286,-1.0857142857142863,0.09999999999999964,False,0.0,평시,여수
2023-01-31,4.9,5.914285714285714,-1.0142857142857133,0.10000000000000053,False,0.0,평시,여수
2023-02-01,5.3,5.92,-0.6200000000000001,0.39999999999999947,False,0.0,평시,여수
2023-02-02,5.4,5.931428571428572,-0.531428571428572,0.10000000000000053,False,0.0,평시,여수
2023-02-03,5.4,5.951428571428571,-0.5514285714285707,0.0,False,0.0,평시,여수
2023-02-04,5.1,5.977142857142857,-0.8771428571428572,-0.3000000000000007,False,0.0,평시,여수
2023-02-05,5.1,5.9542857142857155,-0.8542857142857159,0.0,False,0.0,평시,여수
2023-02-06,5.2,5.888571428571429,-0.6885714285714286,0.10000000000000053,False,0.0,평시,여수
2023-02-07,5.5,5.851428571428571,-0.3514285714285714,0.2999999999999998,False,0.0,평시,여수
2023-02-08,6.1,5.862857142857142,0.23714285714285754,0.5999999999999996,False,0.0,평시,여수
2023-02-09,6.1,5.917142857142857,0.18285714285714239,0.0,False,0.0,평시,여수
2023-02-10,6.3,6.025714285714285,0.2742857142857149,0.20000000000000018,False,0.0,평시,여수
2023-02-11,6.3,6.171428571428572,0.12857142857142811,0.0,False,0.0,평시,여수
2023-02-12,6.6,6.354285714285714,0.24571428571428555,0.2999999999999998,False,0.0,평시,여수
2023-02-13,6.8,6.531428571428571,0.2685714285714287,0.20000000000000018,False,0.0,평시,여수
2023-02-14,6.9,6.637142857142858,0.26285714285714246,0.10000000000000053,False,0.0,평시,여수
2023-02-15,7.0,6.685714285714286,0.31428571428571406,0.09999999999999964,False,0.0,평시,여수
2023-02-16,6.9,6.751428571428573,0.1485714285714277,-0.09999999999999964,False,0.0,평시,여수
2023-02-17,6.9,6.788571428571429,0.11142857142857121,0.0,False,0.0,평시,여수
2023-02-18,7.1,6.765714285714286,0.33428571428571363,0.1999999999999993,False,0.0,평시,여수
2023-02-19,7.4,6.714285714285714,0.6857142857142859,0.3000000000000007,False,0.0,평시,여수
2023-02-20,7.1,6.714285714285714,0.38571428571428523,-0.3000000000000007,False,0.0,평시,여수
2023-02-21,6.7,6.702857142857143,-0.0028571428571426694,-0.39999999999999947,False,0.0,평시,여수
2023-02-22,6.9,6.725714285714287,0.1742857142857135,0.20000000000000018,False,0.0,평시,여수
2023-02-23,7.7,6.734285714285714,0.9657142857142862,0.7999999999999998,False,0.0,평시,여수
2023-02-24,8.0,6.7771428571428585,1.2228571428571415,0.2999999999999998,False,0.0,평시,여수
2023-02-25,8.0,6.848571428571429,1.1514285714285712,0.0,False,0.0,평시,여수
2023-02-26,7.5,7.008333333333334,0.49166666666666625,-0.5,False,0.0,평시,여수
2023-02-27,7.6,7.0777777777777775,0.5222222222222221,0.09999999999999964,False,0.0,평시,여수
2023-02-28,7.9,7.205555555555555,0.6944444444444455,0.3000000000000007,False,0.0,평시,여수
2023-03-01,8.3,7.341666666666665,0.9583333333333357,0.40000000000000036,False,0.0,평시,여수
2023-03-02,7.7,7.474999999999998,0.2250000000000023,-0.6000000000000005,False,0.0,평시,여수
2023-03-03,7.5,7.588888888888887,-0.0888888888888868,-0.20000000000000018,False,0.0,평시,여수
2023-03-04,7.7,7.716666666666665,-0.01666666666666483,0.20000000000000018,False,0.0,평시,여수
2023-03-05,8.2,7.808571428571429,0.39142857142857057,0.4999999999999991,False,0.0,평시,여수
2023-03-06,8.8,7.977142857142857,0.8228571428571438,0.6000000000000014,False,0.0,평시,여수
2023-03-07,9.2,8.19142857142857,1.008571428571429,0.3999999999999986,False,0.0,평시,여수
2023-03-08,9.6,8.442857142857141,1.1571428571428584,0.40000000000000036,False,0.0,평시,여수
2023-03-09,10.1,8.714285714285714,1.3857142857142861,0.5,False,0.0,평시,여수
2023-03-10,10.6,8.982857142857144,1.6171428571428557,0.5,False,0.0,평시,여수
2023-03-11,10.9,9.245714285714286,1.6542857142857148,0.3000000000000007,False,0.0,평시,여수
2023-03-12,11.1,9.505714285714287,1.5942857142857125,0.1999999999999993,False,0.0,평시,여수
2023-03-13,10.5,9.771428571428572,0.7285714285714278,-0.5999999999999996,False,0.0,평시,여수
2023-03-14,10.4,10.008571428571429,0.39142857142857146,-0.09999999999999964,False,0.0,평시,여수
2023-03-15,10.7,10.205714285714285,0.49428571428571466,0.29999999999999893,False,0.0,평시,여수
2023-03-16,11.2,10.342857142857143,0.8571428571428559,0.5,False,0.0,평시,여수
2023-03-17,11.5,10.434285714285714,1.0657142857142858,0.3000000000000007,False,0.0,평시,여수
2023-03-18,11.6,10.505714285714285,1.0942857142857143,0.09999999999999964,False,0.0,평시,여수
2023-03-19,11.5,10.565714285714284,0.9342857142857159,-0.09999999999999964,False,0.0,평시,여수
2023-03-20,11.7,10.617142857142857,1.0828571428571419,0.1999999999999993,False,0.0,평시,여수
2023-03-21,11.9,10.694285714285714,1.2057142857142864,0.20000000000000107,False,0.0,평시,여수
2023-03-22,12.1,10.802857142857144,1.2971428571428554,0.1999999999999993,False,0.0,평시,여수
2023-03-23,12.3,10.965714285714284,1.3342857142857163,0.20000000000000107,False,0.0,평시,여수
2023-03-24,12.4,11.177142857142856,1.2228571428571442,0.09999999999999964,False,0.0,평시,여수
2023-03-25,12.5,11.4,1.0999999999999996,0.09999999999999964,False,0.0,평시,여수
2023-03-26,12.6,11.608571428571427,0.9914285714285729,0.09999999999999964,False,0.0,평시,여수
2023-03-27,12.7,11.785714285714286,0.9142857142857128,0.09999999999999964,False,0.0,평시,여수
2023-03-28,12.7,11.934285714285716,0.7657142857142833,0.0,False,0.0,평시,여수
2023-03-29,13.0,12.07142857142857,0.9285714285714306,0.3000000000000007,False,0.0,평시,여수
2023-03-30,13.3,12.199999999999998,1.1000000000000032,0.3000000000000007,False,0.0,평시,여수
2023-03-31,13.7,12.308571428571428,1.3914285714285715,0.3999999999999986,False,0.0,평시,여수
2023-04-01,14.0,12.417142857142856,1.5828571428571436,0.3000000000000007,False,0.0,평시,여수
2023-04-02,14.4,12.545714285714284,1.8542857142857159,0.40000000000000036,False,0.0,평시,여수
2023-04-03,14.4,12.688571428571427,1.7114285714285735,0.0,False,0.0,평시,여수
2023-04-04,14.4,12.837142857142856,1.562857142857144,0.0,False,0.0,평시,여수
2023-04-05,14.5,13.005714285714287,1.4942857142857129,0.09999999999999964,False,0.0,평시,여수
2023-04-06,14.3,13.177142857142854,1.1228571428571463,-0.1999999999999993,False,0.0,평시,여수
2023-04-07,14.2,13.36,0.8399999999999999,-0.10000000000000142,False,0.0,평시,여수
2023-04-08,13.9,13.557142857142859,0.34285714285714164,-0.29999999999999893,False,0.0,평시,여수
2023-04-09,13.8,13.745714285714286,0.05428571428571516,-0.09999999999999964,False,0.0,평시,여수
2023-04-10,14.0,13.940000000000001,0.05999999999999872,0.1999999999999993,False,0.0,평시,여수
2023-04-11,14.4,14.094285714285714,0.30571428571428605,0.40000000000000036,False,0.0,평시,여수
2023-04-12,14.6,14.202857142857143,0.3971428571428568,0.1999999999999993,False,0.0,평시,여수
2023-04-13,14.7,14.294285714285715,0.4057142857142839,0.09999999999999964,False,0.0,평시,여수
2023-04-14,14.9,14.4,0.5,0.20000000000000107,False,0.0,평시,여수
2023-04-15,15.1,14.494117647058822,0.6058823529411779,0.1999999999999993,False,0.0,평시,여수
2023-04-16,15.0,14.624242424242425,0.37575757575757507,-0.09999999999999964,False,0.0,평시,여수
2023-04-17,15.1,14.75,0.34999999999999964,0.09999999999999964,False,0.0,평시,여수
2023-04-18,15.2,14.896875,0.30312499999999964,0.09999999999999964,False,0.0,평시,여수
2023-04-19,15.3,15.065625,0.234375,0.10000000000000142,False,0.0,평시,여수
2023-04-20,15.5,15.225000000000001,0.2749999999999986,0.1999999999999993,False,0.0,평시,여수
2023-04-21,15.9,15.371875000000001,0.5281249999999993,0.40000000000000036,False,0.0,평시,여수
2023-04-22,16.1,15.500000000000002,0.5999999999999996,0.20000000000000107,False,0.0,평시,여수
2023-04-23,15.8,15.588235294117647,0.21176470588235397,-0.3000000000000007,False,0.0,평시,여수
2023-04-24,15.4,15.668571428571427,-0.2685714285714269,-0.40000000000000036,False,0.0,평시,여수
2023-04-25,15.1,15.808571428571428,-0.7085714285714282,-0.3000000000000007,False,0.0,평시,여수
2023-04-26,14.9,15.94285714285714,-1.0428571428571392,-0.1999999999999993,False,0.0,평시,여수
2023-04-27,14.9,16.057142857142853,-1.157142857142853,0.0,False,0.0,평시,여수
2023-04-28,15.6,16.16,-0.5600000000000005,0.6999999999999993,False,0.0,평시,여수
2023-04-29,16.1,16.237142857142857,-0.13714285714285523,0.5000000000000018,False,0.0,평시,여수
2023-04-30,15.9,16.334285714285713,-0.4342857142857124,-0.20000000000000107,False,0.0,평시,여수
2023-05-01,16.3,16.43428571428571,-0.1342857142857099,0.40000000000000036,False,0.0,평시,여수
2023-05-02,16.7,16.528571428571425,0.17142857142857437,0.3999999999999986,False,0.0,평시,여수
2023-05-03,17.0,16.62857142857143,0.3714285714285701,0.3000000000000007,False,0.0,평시,여수
2023-05-04,16.8,16.748571428571427,0.05142857142857338,-0.1999999999999993,False,0.0,평시,여수
2023-05-05,16.9,16.862857142857145,0.03714285714285381,0.09999999999999787,False,0.0,평시,여수
2023-05-06,17.0,17.014705882352942,-0.014705882352942012,0.10000000000000142,False,0.0,평시,여수
2023-05-07,16.6,17.151515151515152,-0.5515151515151508,-0.3999999999999986,False,0.0,평시,여수
2023-05-08,16.2,17.3,-1.1000000000000014,-0.40000000000000213,False,0.0,평시,여수
2023-05-09,16.4,17.445161290322584,-1.0451612903225858,0.1999999999999993,False,0.0,평시,여수
2023-05-10,16.7,17.613333333333337,-0.9133333333333375,0.3000000000000007,False,0.0,평시,여수
2023-05-11,17.2,17.817241379310346,-0.6172413793103466,0.5,False,0.0,평시,여수
2023-05-12,17.6,18.05,-0.4499999999999993,0.40000000000000213,False,0.0,평시,여수
2023-05-13,17.8,18.203571428571426,-0.4035714285714249,0.1999999999999993,False,0.0,평시,여수
2023-05-14,18.0,18.36428571428571,-0.3642857142857103,0.1999999999999993,False,0.0,평시,여수
2023-05-15,18.4,18.525,-0.125,0.3999999999999986,False,0.0,평시,여수
2023-05-16,18.9,18.685714285714283,0.2142857142857153,0.5,False,0.0,평시,여수
2023-05-17,19.2,18.83214285714286,0.3678571428571402,0.3000000000000007,False,0.0,평시,여수
2023-05-18,19.1,18.964285714285715,0.13571428571428612,-0.09999999999999787,False,0.0,평시,여수
2023-05-19,18.8,19.107142857142858,-0.30714285714285694,-0.3000000000000007,False,0.0,평시,여수
2023-05-20,18.9,19.285714285714285,-0.3857142857142861,0.09999999999999787,False,0.0,평시,여수
2023-05-21,19.5,19.478571428571424,0.021428571428575793,0.6000000000000014,False,0.0,평시,여수
2023-05-22,19.6,19.67142857142857,-0.0714285714285694,0.10000000000000142,False,0.0,평시,여수
2023-05-23,19.4,19.842857142857145,-0.4428571428571466,-0.20000000000000284,False,0.0,평시,여수
2023-05-24,19.5,19.98214285714286,-0.4821428571428612,0.10000000000000142,False,0.0,평시,여수
2023-05-25,19.8,20.125,-0.3249999999999993,0.3000000000000007,False,0.0,평시,여수
2023-05-26,20.1,20.24285714285714,-0.1428571428571388,0.3000000000000007,False,0.0,평시,여수
2023-05-27,20.3,20.332142857142856,-0.03214285714285481,0.1999999999999993,False,0.0,평시,여수
2023-05-28,20.8,20.400000000000002,0.3999999999999986,0.5,False,0.0,평시,여수
2023-05-29,20.9,20.45714285714286,0.4428571428571395,0.09999999999999787,False,0.0,평시,여수
2023-05-30,20.6,20.514285714285712,0.08571428571428896,-0.29999999999999716,False,0.0,평시,여수
2023-05-31,20.5,20.62857142857143,-0.1285714285714299,-0.10000000000000142,False,0.0,평시,여수
2023-06-01,20.2,20.73448275862069,-0.5344827586206904,-0.3000000000000007,False,0.0,평시,여수
2023-06-02,20.1,20.836666666666666,-0.7366666666666646,-0.09999999999999787,False,0.0,평시,여수
2023-06-03,21.0,20.916129032258066,0.08387096774193381,0.8999999999999986,False,0.0,평시,여수
2023-06-04,21.3,20.978125,0.32187500000000213,0.3000000000000007,False,0.0,평시,여수
2023-06-05,21.2,21.033333333333335,0.1666666666666643,-0.10000000000000142,False,0.0,평시,여수
2023-06-06,21.1,21.102941176470587,-0.0029411764705855603,-0.09999999999999787,False,0.0,평시,여수
2023-06-07,21.2,21.16857142857143,0.03142857142857025,0.09999999999999787,False,0.0,평시,여수
2023-06-08,21.3,21.265714285714285,0.034285714285715585,0.10000000000000142,False,0.0,평시,여수
2023-06-09,21.4,21.374285714285715,0.025714285714283136,0.09999999999999787,False,0.0,평시,여수
2023-06-10,21.7,21.50857142857143,0.1914285714285704,0.3000000000000007,False,0.0,평시,여수
2023-06-11,21.9,21.654285714285713,0.24571428571428555,0.1999999999999993,False,0.0,평시,여수
2023-06-12,22.2,21.805714285714288,0.39428571428571146,0.3000000000000007,False,0.0,평시,여수
2023-06-13,22.8,21.98,0.8200000000000003,0.6000000000000014,False,0.0,평시,여수
2023-06-14,22.8,22.111428571428572,0.6885714285714286,0.0,False,0.0,평시,여수
2023-06-15,23.1,22.21428571428572,0.8857142857142826,0.3000000000000007,False,0.0,평시,여수
2023-06-16,23.2,22.31714285714286,0.8828571428571408,0.09999999999999787,False,0.0,평시,여수
2023-06-17,23.2,22.42571428571429,0.7742857142857105,0.0,False,0.0,평시,여수
2023-06-18,23.2,22.545714285714286,0.654285714285713,0.0,False,0.0,평시,여수
2023-06-19,23.3,22.665714285714287,0.6342857142857135,0.10000000000000142,False,0.0,평시,여수
2023-06-20,23.2,22.768571428571427,0.4314285714285724,-0.10000000000000142,False,0.0,평시,여수
2023-06-21,22.8,22.888571428571428,-0.08857142857142719,-0.3999999999999986,False,0.0,평시,여수
2023-06-22,22.8,22.985714285714284,-0.18571428571428328,0.0,False,0.0,평시,여수
2023-06-23,23.2,23.06285714285714,0.1371428571428588,0.3999999999999986,False,0.0,평시,여수
2023-06-24,23.3,23.134285714285717,0.1657142857142837,0.10000000000000142,False,0.0,평시,여수
2023-06-25,23.1,23.18857142857143,-0.08857142857142719,-0.1999999999999993,False,0.0,평시,여수
2023-06-26,23.0,23.257142857142856,-0.25714285714285623,-0.10000000000000142,False,0.0,평시,여수
2023-06-27,23.4,23.32857142857143,0.0714285714285694,0.3999999999999986,False,0.0,평시,여수
2023-06-28,23.4,23.391428571428573,0.008571428571425344,0.0,False,0.0,평시,여수
2023-06-29,23.5,23.48857142857143,0.011428571428570677,0.10000000000000142,False,0.0,평시,여수
2023-06-30,23.7,23.58857142857143,0.11142857142856855,0.1999999999999993,False,0.0,평시,여수
2023-07-01,23.4,23.697142857142858,-0.29714285714285893,-0.3000000000000007,False,0.0,평시,여수
2023-07-02,23.4,23.84285714285714,-0.44285714285714306,0.0,False,0.0,평시,여수
2023-07-03,23.3,23.997142857142858,-0.6971428571428575,-0.09999999999999787,False,0.0,평시,여수
2023-07-04,23.2,24.114285714285714,-0.9142857142857146,-0.10000000000000142,False,0.0,평시,여수
2023-07-05,23.4,24.197142857142858,-0.7971428571428589,0.1999999999999993,False,0.0,평시,여수
2023-07-06,23.7,24.25142857142857,-0.5514285714285698,0.3000000000000007,False,0.0,평시,여수
2023-07-07,23.3,24.297142857142855,-0.9971428571428547,-0.3999999999999986,False,0.0,평시,여수
2023-07-08,22.7,24.34857142857143,-1.6485714285714295,-0.6000000000000014,False,0.0,평시,여수
2023-07-09,22.5,24.357142857142858,-1.8571428571428577,-0.1999999999999993,False,0.0,평시,여수
2023-07-10,22.6,24.33142857142857,-1.7314285714285695,0.10000000000000142,False,0.0,평시,여수
2023-07-11,23.2,24.322857142857146,-1.1228571428571463,0.5999999999999979,False,0.0,평시,여수
2023-07-12,23.5,24.377142857142857,-0.8771428571428572,0.3000000000000007,False,0.0,평시,여수
2023-07-13,23.0,24.43714285714286,-1.4371428571428595,-0.5,False,0.0,평시,여수
2023-07-14,23.9,24.502857142857142,-0.6028571428571432,0.8999999999999986,False,0.0,평시,여수
2023-07-15,23.8,24.531428571428574,-0.7314285714285731,-0.09999999999999787,False,0.0,평시,여수
2023-07-16,23.6,24.57714285714286,-0.9771428571428586,-0.1999999999999993,False,0.0,평시,여수
2023-07-17,23.6,24.59714285714286,-0.9971428571428582,0.0,False,0.0,평시,여수
2023-07-18,23.4,24.640000000000004,-1.2400000000000055,-0.20000000000000284,False,0.0,평시,여수
2023-07-19,23.6,24.682857142857145,-1.0828571428571436,0.20000000000000284,False,0.0,평시,여수
2023-07-20,23.4,24.751428571428573,-1.351428571428574,-0.20000000000000284,False,0.0,평시,여수
2023-07-21,23.1,24.848571428571425,-1.7485714285714238,-0.29999999999999716,False,0.0,평시,여수
2023-07-22,23.2,24.942857142857143,-1.7428571428571438,0.09999999999999787,False,0.0,평시,여수
2023-07-23,23.8,25.02,-1.2199999999999989,0.6000000000000014,False,0.0,평시,여수
2023-07-24,24.2,25.145714285714288,-0.9457142857142884,0.3999999999999986,False,0.0,평시,여수
2023-07-25,23.6,25.274285714285714,-1.6742857142857126,-0.5999999999999979,False,0.0,평시,여수
2023-07-26,23.1,25.40571428571429,-2.305714285714288,-0.5,False,0.0,평시,여수
2023-07-27,23.1,25.554285714285715,-2.4542857142857137,0.0,False,0.0,평시,여수
2023-07-28,23.7,25.674285714285716,-1.9742857142857169,0.5999999999999979,False,0.0,평시,여수
2023-07-29,23.8,25.82,-2.0199999999999996,0.10000000000000142,False,0.0,평시,여수
2023-07-30,24.0,25.997142857142858,-1.9971428571428582,0.1999999999999993,False,0.0,평시,여수
2023-07-31,23.9,26.16857142857143,-2.2685714285714305,-0.10000000000000142,False,0.0,평시,여수
2023-08-01,23.9,26.34285714285714,-2.442857142857143,0.0,False,0.0,평시,여수
2023-08-02,24.0,26.525714285714287,-2.5257142857142867,0.10000000000000142,False,0.0,평시,여수
2023-08-03,24.3,26.705714285714283,-2.405714285714282,0.3000000000000007,False,0.0,평시,여수
2023-08-04,24.4,26.90285714285714,-2.502857142857142,0.09999999999999787,False,0.0,평시,여수
2023-08-05,24.4,27.129411764705882,-2.7294117647058833,0.0,False,0.0,평시,여수
2023-08-06,24.6,27.293939393939393,-2.6939393939393916,0.20000000000000284,False,0.0,평시,여수
2023-08-07,24.6,27.403125000000003,-2.8031250000000014,0.0,False,0.0,평시,여수
2023-08-08,,27.41290322580645,,,False,,판정불가,여수
2023-08-09,,27.313333333333336,,,False,,판정불가,여수
2023-08-10,,27.124137931034486,,,False,,판정불가,여수
2023-08-11,,26.889285714285716,,,False,,판정불가,여수
2023-08-12,,26.632142857142863,,,False,,판정불가,여수
2023-08-13,,26.46428571428572,,,False,,판정불가,여수
2023-08-14,,26.37142857142857,,,False,,판정불가,여수
2023-08-15,,26.339285714285715,,,False,,판정불가,여수
2023-08-16,,26.375,,,False,,판정불가,여수
2023-08-17,,26.475,,,False,,판정불가,여수
2023-08-18,,26.532142857142855,,,False,,판정불가,여수
2023-08-19,,26.575,,,False,,판정불가,여수
2023-08-20,,26.62857142857143,,,False,,판정불가,여수
2023-08-21,,26.632142857142856,,,False,,판정불가,여수
2023-08-22,,26.639285714285712,,,False,,판정불가,여수
2023-08-23,,26.64642857142857,,,False,,판정불가,여수
2023-08-24,,26.625,,,False,,판정불가,여수
2023-08-25,,26.632142857142856,,,False,,판정불가,여수
2023-08-26,,26.58214285714286,,,False,,판정불가,여수
2023-08-27,,26.485714285714288,,,False,,판정불가,여수
2023-08-28,,26.414285714285715,,,False,,판정불가,여수
2023-08-29,,26.339285714285715,,,False,,판정불가,여수
2023-08-30,,26.246428571428567,,,False,,판정불가,여수
2023-08-31,,26.12142857142857,,,False,,판정불가,여수
2023-09-01,,26.12222222222222,,,False,,판정불가,여수
2023-09-02,,26.123076923076926,,,False,,판정불가,여수
2023-09-03,,26.136,,,False,,판정불가,여수
2023-09-04,,26.243999999999996,,,False,,판정불가,여수
2023-09-05,,26.34,,,False,,판정불가,여수
2023-09-06,,26.504166666666663,,,False,,판정불가,여수
2023-09-07,27.7,26.73478260869565,0.9652173913043498,,False,0.0,평시,여수
2023-09-08,27.4,26.72083333333333,0.6791666666666671,-0.3000000000000007,False,0.0,평시,여수
2023-09-09,27.6,26.76,0.8399999999999999,0.20000000000000284,False,0.0,평시,여수
2023-09-10,27.7,26.780769230769234,0.9192307692307651,0.09999999999999787,False,0.0,평시,여수
2023-09-11,27.8,26.72307692307692,1.0769230769230802,0.10000000000000142,False,0.0,평시,여수
2023-09-12,27.9,26.669230769230772,1.2307692307692264,0.09999999999999787,False,0.0,평시,여수
2023-09-13,27.8,26.54814814814815,1.2518518518518498,-0.09999999999999787,False,0.0,평시,여수
2023-09-14,27.6,26.442857142857147,1.1571428571428548,-0.1999999999999993,False,0.0,평시,여수
2023-09-15,27.2,26.435714285714287,0.7642857142857125,-0.40000000000000213,False,0.0,평시,여수
2023-09-16,27.2,26.42142857142857,0.7785714285714285,0.0,False,0.0,평시,여수
2023-09-17,27.1,26.389285714285712,0.710714285714289,-0.09999999999999787,False,0.0,평시,여수
2023-09-18,27.2,26.268965517241377,0.9310344827586228,0.09999999999999787,False,0.0,평시,여수
2023-09-19,27.2,26.116666666666667,1.0833333333333321,0.0,False,0.0,평시,여수
2023-09-20,27.1,25.94516129032258,1.1548387096774206,-0.09999999999999787,False,0.0,평시,여수
2023-09-21,26.8,25.715625,1.0843750000000014,-0.3000000000000007,False,0.0,평시,여수
2023-09-22,26.5,25.454545454545453,1.0454545454545467,-0.3000000000000007,False,0.0,평시,여수
2023-09-23,26.2,25.202941176470585,0.9970588235294144,-0.3000000000000007,False,0.0,평시,여수
2023-09-24,25.5,24.99142857142857,0.5085714285714289,-0.6999999999999993,False,0.0,평시,여수
2023-09-25,25.3,24.837142857142855,0.4628571428571462,-0.1999999999999993,False,0.0,평시,여수
2023-09-26,25.5,24.725714285714282,0.7742857142857176,0.1999999999999993,False,0.0,평시,여수
2023-09-27,25.6,24.651428571428575,0.9485714285714266,0.10000000000000142,False,0.0,평시,여수
2023-09-28,25.8,24.625714285714285,1.1742857142857162,0.1999999999999993,False,0.0,평시,여수
2023-09-29,25.8,24.60285714285714,1.197142857142861,0.0,False,0.0,평시,여수
2023-09-30,25.6,24.554285714285715,1.0457142857142863,-0.1999999999999993,False,0.0,평시,여수
2023-10-01,25.1,24.468571428571426,0.6314285714285752,-0.5,False,0.0,평시,여수
2023-10-02,24.6,24.359999999999996,0.24000000000000554,-0.5,False,0.0,평시,여수
2023-10-03,24.1,24.228571428571424,-0.12857142857142279,-0.5,False,0.0,평시,여수
2023-10-04,23.7,24.051428571428566,-0.351428571428567,-0.40000000000000213,False,0.0,평시,여수
2023-10-05,23.2,23.845714285714283,-0.6457142857142841,-0.5,False,0.0,평시,여수
2023-10-06,22.5,23.622857142857143,-1.1228571428571428,-0.6999999999999993,False,0.0,평시,여수
2023-10-07,22.2,23.388571428571424,-1.188571428571425,-0.3000000000000007,False,0.0,평시,여수
2023-10-08,21.8,23.15714285714286,-1.3571428571428577,-0.3999999999999986,False,0.0,평시,여수
2023-10-09,21.7,22.917142857142856,-1.217142857142857,-0.10000000000000142,False,0.0,평시,여수
2023-10-10,21.5,22.705714285714286,-1.2057142857142864,-0.1999999999999993,False,0.0,평시,여수
2023-10-11,21.7,22.54,-0.8399999999999999,0.1999999999999993,False,0.0,평시,여수
2023-10-12,21.6,22.402857142857144,-0.8028571428571425,-0.09999999999999787,False,0.0,평시,여수
2023-10-13,21.7,22.29714285714286,-0.5971428571428596,0.09999999999999787,False,0.0,평시,여수
2023-10-14,21.7,22.168571428571433,-0.4685714285714333,0.0,False,0.0,평시,여수
2023-10-15,21.5,22.008571428571432,-0.5085714285714324,-0.1999999999999993,False,0.0,평시,여수
2023-10-16,21.3,21.837142857142858,-0.5371428571428574,-0.1999999999999993,False,0.0,평시,여수
2023-10-17,20.9,21.597142857142856,-0.6971428571428575,-0.40000000000000213,False,0.0,평시,여수
2023-10-18,20.8,21.282857142857143,-0.4828571428571422,-0.09999999999999787,False,0.0,평시,여수
2023-10-19,20.7,20.937142857142852,-0.2371428571428531,-0.10000000000000142,False,0.0,평시,여수
2023-10-20,20.4,20.577142857142857,-0.17714285714285793,-0.3000000000000007,False,0.0,평시,여수
2023-10-21,19.4,20.251428571428566,-0.851428571428567,-1.0,False,0.0,평시,여수
2023-10-22,18.9,19.968571428571426,-1.0685714285714276,-0.5,False,0.0,평시,여수
2023-10-23,18.8,19.714285714285715,-0.9142857142857146,-0.09999999999999787,False,0.0,평시,여수
2023-10-24,18.9,19.522857142857145,-0.6228571428571463,0.09999999999999787,False,0.0,평시,여수
2023-10-25,19.1,19.380000000000003,-0.28000000000000114,0.20000000000000284,False,0.0,평시,여수
2023-10-26,19.4,19.257142857142856,0.14285714285714235,0.29999999999999716,False,0.0,평시,여수
2023-10-27,19.5,19.134285714285713,0.36571428571428655,0.10000000000000142,False,0.0,평시,여수
2023-10-28,19.4,19.03142857142857,0.36857142857142833,-0.10000000000000142,False,0.0,평시,여수
2023-10-29,19.4,18.92571428571429,0.47428571428570976,0.0,False,0.0,평시,여수
2023-10-30,19.3,18.81142857142857,0.4885714285714293,-0.09999999999999787,False,0.0,평시,여수
2023-10-31,19.3,18.685714285714287,0.6142857142857139,0.0,False,0.0,평시,여수
2023-11-01,19.2,18.568571428571428,0.6314285714285717,-0.10000000000000142,False,0.0,평시,여수
2023-11-02,19.4,18.445714285714285,0.9542857142857137,0.1999999999999993,False,0.0,평시,여수
2023-11-03,19.5,18.302857142857146,1.197142857142854,0.10000000000000142,False,0.0,평시,여수
2023-11-04,19.6,18.122857142857146,1.477142857142855,0.10000000000000142,False,0.0,평시,여수
2023-11-05,19.8,17.937142857142856,1.8628571428571448,0.1999999999999993,False,0.0,평시,여수
2023-11-06,19.7,17.75142857142857,1.9485714285714302,-0.10000000000000142,False,0.0,평시,여수
2023-11-07,18.6,17.560000000000002,1.0399999999999991,-1.0999999999999979,False,0.0,평시,여수
2023-11-08,17.9,17.334285714285716,0.5657142857142823,-0.7000000000000028,False,0.0,평시,여수
2023-11-09,17.8,17.085714285714285,0.7142857142857153,-0.09999999999999787,False,0.0,평시,여수
2023-11-10,17.8,16.837142857142858,0.9628571428571426,0.0,False,0.0,평시,여수
2023-11-11,16.9,16.602857142857143,0.2971428571428554,-0.9000000000000021,False,0.0,평시,여수
2023-11-12,15.8,16.36857142857143,-0.5685714285714276,-1.0999999999999979,False,0.0,평시,여수
2023-11-13,14.7,16.139999999999997,-1.4399999999999977,-1.1000000000000014,False,0.0,평시,여수
2023-11-14,14.2,15.917142857142855,-1.7171428571428553,-0.5,False,0.0,평시,여수
2023-11-15,14.0,15.657142857142857,-1.6571428571428566,-0.1999999999999993,False,0.0,평시,여수
2023-11-16,13.9,15.382857142857143,-1.4828571428571422,-0.09999999999999964,False,0.0,평시,여수
2023-11-17,13.8,15.151428571428573,-1.3514285714285723,-0.09999999999999964,False,0.0,평시,여수
2023-11-18,13.1,14.945714285714287,-1.845714285714287,-0.7000000000000011,False,0.0,평시,여수
2023-11-19,12.6,14.757142857142858,-2.1571428571428584,-0.5,False,0.0,평시,여수
2023-11-20,12.8,14.551428571428572,-1.751428571428571,0.20000000000000107,False,0.0,평시,여수
2023-11-21,12.6,14.34,-1.7400000000000002,-0.20000000000000107,False,0.0,평시,여수
2023-11-22,12.7,14.182857142857141,-1.4828571428571422,0.09999999999999964,False,0.0,평시,여수
2023-11-23,13.0,14.065714285714284,-1.065714285714284,0.3000000000000007,False,0.0,평시,여수
2023-11-24,12.9,13.905714285714286,-1.0057142857142853,-0.09999999999999964,False,0.0,평시,여수
2023-11-25,12.0,13.702857142857141,-1.702857142857141,-0.9000000000000004,False,0.0,평시,여수
2023-11-26,11.7,13.491428571428571,-1.7914285714285718,-0.3000000000000007,False,0.0,평시,여수
2023-11-27,11.8,13.262857142857143,-1.4628571428571426,0.10000000000000142,False,0.0,평시,여수
2023-11-28,11.8,12.982857142857144,-1.1828571428571433,0.0,False,0.0,평시,여수
2023-11-29,11.8,12.662857142857142,-0.8628571428571412,0.0,False,0.0,평시,여수
2023-11-30,11.3,12.348571428571429,-1.048571428571428,-0.5,False,0.0,평시,여수
2023-12-01,10.7,12.04,-1.3399999999999999,-0.6000000000000014,False,0.0,평시,여수
2023-12-02,10.0,11.754285714285714,-1.7542857142857144,-0.6999999999999993,False,0.0,평시,여수
2023-12-03,10.1,11.468571428571428,-1.3685714285714283,0.09999999999999964,False,0.0,평시,여수
2023-12-04,10.4,11.231428571428571,-0.831428571428571,0.3000000000000007,False,0.0,평시,여수
2023-12-05,10.3,11.059999999999999,-0.759999999999998,-0.09999999999999964,False,0.0,평시,여수
2023-12-06,10.3,10.942857142857143,-0.6428571428571423,0.0,False,0.0,평시,여수
2023-12-07,10.2,10.848571428571429,-0.6485714285714295,-0.10000000000000142,False,0.0,평시,여수
2023-12-08,10.1,10.78857142857143,-0.6885714285714304,-0.09999999999999964,False,0.0,평시,여수
2023-12-09,10.3,10.748571428571429,-0.4485714285714284,0.20000000000000107,False,0.0,평시,여수
2023-12-10,10.8,10.665714285714285,0.13428571428571523,0.5,False,0.0,평시,여수
2023-12-11,11.1,10.520000000000001,0.5799999999999983,0.29999999999999893,False,0.0,평시,여수
2023-12-12,11.2,10.342857142857143,0.8571428571428559,0.09999999999999964,False,0.0,평시,여수
2023-12-13,11.3,10.185714285714285,1.1142857142857157,0.10000000000000142,False,0.0,평시,여수
2023-12-14,11.3,9.98,1.3200000000000003,0.0,False,0.0,평시,여수
2023-12-15,11.4,9.694285714285714,1.7057142857142864,0.09999999999999964,False,0.0,평시,여수
2023-12-16,11.5,9.365714285714285,2.1342857142857152,0.09999999999999964,False,2.0,주의보,여수
2023-12-17,10.3,9.105714285714283,1.1942857142857175,-1.1999999999999993,False,0.0,평시,여수
2023-12-18,9.3,8.894285714285713,0.40571428571428747,-1.0,False,0.0,평시,여수
2023-12-19,8.9,8.69142857142857,0.20857142857142996,-0.40000000000000036,False,0.0,평시,여수
2023-12-20,8.7,8.44,0.2599999999999998,-0.20000000000000107,False,0.0,평시,여수
2023-12-21,8.1,8.231428571428571,-0.13142857142857167,-0.5999999999999996,False,0.0,평시,여수
2023-12-22,7.0,8.074285714285713,-1.074285714285713,-1.0999999999999996,False,0.0,평시,여수
2023-12-23,6.3,7.905714285714286,-1.6057142857142859,-0.7000000000000002,False,0.0,평시,여수
2023-12-24,6.4,7.702857142857142,-1.3028571428571416,0.10000000000000053,False,0.0,평시,여수
2023-12-25,6.4,7.534285714285714,-1.1342857142857135,0.0,False,0.0,평시,여수
2023-12-26,6.7,7.411428571428573,-0.7114285714285726,0.2999999999999998,False,0.0,평시,여수
2023-12-27,7.1,7.351428571428571,-0.2514285714285718,0.39999999999999947,False,0.0,평시,여수
2023-12-28,7.7,7.268571428571429,0.4314285714285715,0.6000000000000005,False,0.0,평시,여수
2023-12-29,7.8,7.150000000000001,0.6499999999999986,0.09999999999999964,False,0.0,평시,여수
2023-12-30,7.8,7.086111111111112,0.7138888888888877,0.0,False,0.0,평시,여수
2023-12-31,8.1,7.041666666666667,1.0583333333333327,0.2999999999999998,False,0.0,평시,여수
2024-01-01,8.3,6.955555555555557,1.344444444444444,0.20000000000000107,False,0.0,평시,여수
2024-01-02,8.3,6.841666666666667,1.458333333333334,0.0,False,0.0,평시,여수
2024-01-03,8.4,6.727777777777778,1.6722222222222225,0.09999999999999964,False,0.0,평시,여수
2024-01-04,8.4,6.6194444444444445,1.780555555555556,0.0,False,0.0,평시,여수
2024-01-05,8.0,6.522857142857143,1.4771428571428569,-0.40000000000000036,False,0.0,평시,여수
2024-01-06,8.0,6.4142857142857155,1.5857142857142845,0.0,False,0.0,평시,여수
2024-01-07,7.8,6.271428571428571,1.5285714285714285,-0.20000000000000018,False,0.0,평시,여수
2024-01-08,6.8,6.148571428571429,0.6514285714285712,-1.0,False,0.0,평시,여수
2024-01-09,6.5,6.042857142857144,0.4571428571428564,-0.2999999999999998,False,0.0,평시,여수
2024-01-10,6.6,5.991428571428572,0.6085714285714277,0.09999999999999964,False,0.0,평시,여수
2024-01-11,6.9,5.988571428571428,0.9114285714285719,0.3000000000000007,False,0.0,평시,여수
2024-01-12,7.3,6.065714285714285,1.2342857142857149,0.39999999999999947,False,0.0,평시,여수
2024-01-13,7.6,6.145714285714286,1.4542857142857137,0.2999999999999998,False,0.0,평시,여수
2024-01-14,7.7,6.208571428571428,1.491428571428572,0.10000000000000053,False,0.0,평시,여수
2024-01-15,8.0,6.2457142857142856,1.7542857142857144,0.2999999999999998,False,0.0,평시,여수
2024-01-16,7.3,6.285714285714286,1.0142857142857142,-0.7000000000000002,False,0.0,평시,여수
2024-01-17,7.4,6.251428571428571,1.1485714285714295,0.10000000000000053,False,0.0,평시,여수
2024-01-18,7.6,6.177142857142858,1.4228571428571417,0.1999999999999993,False,0.0,평시,여수
2024-01-19,7.5,6.074285714285714,1.4257142857142862,-0.09999999999999964,False,0.0,평시,여수
2024-01-20,7.3,6.014285714285714,1.2857142857142856,-0.20000000000000018,False,0.0,평시,여수
2024-01-21,7.0,6.008571428571428,0.991428571428572,-0.2999999999999998,False,0.0,평시,여수
2024-01-22,6.8,5.985714285714286,0.8142857142857141,-0.20000000000000018,False,0.0,평시,여수
2024-01-23,6.3,5.974285714285714,0.3257142857142856,-0.5,False,0.0,평시,여수
2024-01-24,6.2,5.977142857142857,0.2228571428571433,-0.09999999999999964,False,0.0,평시,여수
2024-01-25,5.5,5.9799999999999995,-0.47999999999999954,-0.7000000000000002,False,0.0,평시,여수
2024-01-26,6.1,5.945714285714287,0.15428571428571303,0.5999999999999996,False,0.0,평시,여수
2024-01-27,5.8,5.8828571428571435,-0.08285714285714363,-0.2999999999999998,False,0.0,평시,여수
2024-01-28,5.9,5.822857142857143,0.0771428571428574,0.10000000000000053,False,0.0,평시,여수
2024-01-29,5.8,5.848571428571428,-0.048571428571428044,-0.10000000000000053,False,0.0,평시,여수
2024-01-30,6.0,5.885714285714286,0.11428571428571388,0.20000000000000018,False,0.0,평시,여수
2024-01-31,6.3,5.914285714285714,0.3857142857142861,0.2999999999999998,False,0.0,평시,여수
2024-02-01,6.6,5.92,0.6799999999999997,0.2999999999999998,False,0.0,평시,여수
2024-02-02,6.7,5.931428571428572,0.7685714285714278,0.10000000000000053,False,0.0,평시,여수
2024-02-03,6.5,5.951428571428571,0.5485714285714289,-0.20000000000000018,False,0.0,평시,여수
2024-02-04,6.6,5.977142857142857,0.6228571428571428,0.09999999999999964,False,0.0,평시,여수
2024-02-05,6.5,5.9542857142857155,0.5457142857142845,-0.09999999999999964,False,0.0,평시,여수
2024-02-06,6.6,5.888571428571429,0.7114285714285709,0.09999999999999964,False,0.0,평시,여수
2024-02-07,6.6,5.851428571428571,0.7485714285714282,0.0,False,0.0,평시,여수
2024-02-08,6.5,5.862857142857142,0.6371428571428579,-0.09999999999999964,False,0.0,평시,여수
2024-02-09,6.6,5.917142857142857,0.6828571428571424,0.09999999999999964,False,0.0,평시,여수
2024-02-10,6.7,6.025714285714285,0.6742857142857153,0.10000000000000053,False,0.0,평시,여수
2024-02-11,6.9,6.171428571428572,0.7285714285714286,0.20000000000000018,False,0.0,평시,여수
2024-02-12,7.1,6.354285714285714,0.7457142857142856,0.1999999999999993,False,0.0,평시,여수
2024-02-13,7.6,6.531428571428571,1.0685714285714285,0.5,False,0.0,평시,여수
2024-02-14,8.0,6.637142857142858,1.362857142857142,0.40000000000000036,False,0.0,평시,여수
2024-02-15,8.4,6.685714285714286,1.7142857142857144,0.40000000000000036,False,0.0,평시,여수
2024-02-16,8.4,6.751428571428573,1.6485714285714277,0.0,False,0.0,평시,여수
2024-02-17,8.5,6.788571428571429,1.7114285714285709,0.09999999999999964,False,0.0,평시,여수
2024-02-18,8.7,6.765714285714286,1.9342857142857133,0.1999999999999993,False,0.0,평시,여수
2024-02-19,9.4,6.714285714285714,2.685714285714286,0.7000000000000011,False,2.0,주의보,여수
2024-02-20,9.7,6.714285714285714,2.985714285714285,0.29999999999999893,False,2.0,주의보,여수
2024-02-21,9.6,6.702857142857143,2.897142857142857,-0.09999999999999964,False,2.0,주의보,여수
2024-02-22,8.8,6.725714285714287,2.074285714285714,-0.7999999999999989,False,2.0,주의보,여수
2024-02-23,8.5,6.734285714285714,1.765714285714286,-0.3000000000000007,False,0.0,평시,여수
2024-02-24,8.3,6.7771428571428585,1.5228571428571422,-0.1999999999999993,False,0.0,평시,여수
2024-02-25,8.2,6.848571428571429,1.3514285714285705,-0.10000000000000142,False,0.0,평시,여수
2024-02-26,8.3,7.008333333333334,1.291666666666667,0.10000000000000142,False,0.0,평시,여수
2024-02-27,8.5,7.0777777777777775,1.4222222222222225,0.1999999999999993,False,0.0,평시,여수
2024-02-28,8.5,7.205555555555555,1.2944444444444452,0.0,False,0.0,평시,여수
2024-02-29,8.7,7.341666666666665,1.3583333333333343,0.1999999999999993,False,0.0,평시,여수
2024-03-01,8.4,7.341666666666665,1.0583333333333353,-0.29999999999999893,False,0.0,평시,여수
2024-03-02,7.6,7.474999999999998,0.12500000000000178,-0.8000000000000007,False,0.0,평시,여수
2024-03-03,7.6,7.588888888888887,0.011111111111112848,0.0,False,0.0,평시,여수
2024-03-04,7.8,7.716666666666665,0.08333333333333481,0.20000000000000018,False,0.0,평시,여수
2024-03-05,7.9,7.808571428571429,0.09142857142857164,0.10000000000000053,False,0.0,평시,여수
2024-03-06,8.1,7.977142857142857,0.12285714285714278,0.1999999999999993,False,0.0,평시,여수
2024-03-07,8.5,8.19142857142857,0.3085714285714296,0.40000000000000036,False,0.0,평시,여수
2024-03-08,8.3,8.442857142857141,-0.14285714285714057,-0.1999999999999993,False,0.0,평시,여수
2024-03-09,8.2,8.714285714285714,-0.5142857142857142,-0.10000000000000142,False,0.0,평시,여수
2024-03-10,8.4,8.982857142857144,-0.5828571428571436,0.20000000000000107,False,0.0,평시,여수
2024-03-11,8.9,9.245714285714286,-0.3457142857142852,0.5,False,0.0,평시,여수
2024-03-12,9.4,9.505714285714287,-0.10571428571428676,0.5,False,0.0,평시,여수
2024-03-13,9.7,9.771428571428572,-0.07142857142857295,0.29999999999999893,False,0.0,평시,여수
2024-03-14,9.9,10.008571428571429,-0.10857142857142854,0.20000000000000107,False,0.0,평시,여수
2024-03-15,10.1,10.205714285714285,-0.10571428571428498,0.1999999999999993,False,0.0,평시,여수
2024-03-16,10.6,10.342857142857143,0.25714285714285623,0.5,False,0.0,평시,여수
2024-03-17,11.3,10.434285714285714,0.8657142857142865,0.7000000000000011,False,0.0,평시,여수
2024-03-18,11.3,10.505714285714285,0.7942857142857154,0.0,False,0.0,평시,여수
2024-03-19,11.1,10.565714285714284,0.5342857142857156,-0.20000000000000107,False,0.0,평시,여수
2024-03-20,10.5,10.617142857142857,-0.11714285714285744,-0.5999999999999996,False,0.0,평시,여수
2024-03-21,10.4,10.694285714285714,-0.2942857142857136,-0.09999999999999964,False,0.0,평시,여수
2024-03-22,10.6,10.802857142857144,-0.20285714285714462,0.1999999999999993,False,0.0,평시,여수
2024-03-23,11.0,10.965714285714284,0.034285714285715585,0.40000000000000036,False,0.0,평시,여수
2024-03-24,11.6,11.177142857142856,0.4228571428571435,0.5999999999999996,False,0.0,평시,여수
2024-03-25,11.5,11.4,0.09999999999999964,-0.09999999999999964,False,0.0,평시,여수
2024-03-26,11.4,11.608571428571427,-0.2085714285714264,-0.09999999999999964,False,0.0,평시,여수
2024-03-27,11.6,11.785714285714286,-0.18571428571428683,0.1999999999999993,False,0.0,평시,여수
2024-03-28,11.8,11.934285714285716,-0.13428571428571523,0.20000000000000107,False,0.0,평시,여수
2024-03-29,12.0,12.07142857142857,-0.0714285714285694,0.1999999999999993,False,0.0,평시,여수
2024-03-30,12.2,12.199999999999998,1.7763568394002505e-15,0.1999999999999993,False,0.0,평시,여수
2024-03-31,12.4,12.308571428571428,0.09142857142857252,0.20000000000000107,False,0.0,평시,여수
2024-04-01,12.6,12.417142857142856,0.18285714285714327,0.1999999999999993,False,0.0,평시,여수
2024-04-02,12.9,12.545714285714284,0.35428571428571587,0.3000000000000007,False,0.0,평시,여수
2024-04-03,13.0,12.688571428571427,0.31142857142857316,0.09999999999999964,False,0.0,평시,여수
2024-04-04,13.1,12.837142857142856,0.26285714285714334,0.09999999999999964,False,0.0,평시,여수
2024-04-05,13.2,13.005714285714287,0.19428571428571217,0.09999999999999964,False,0.0,평시,여수
2024-04-06,13.5,13.177142857142854,0.3228571428571456,0.3000000000000007,False,0.0,평시,여수
2024-04-07,13.6,13.36,0.2400000000000002,0.09999999999999964,False,0.0,평시,여수
2024-04-08,14.0,13.557142857142859,0.4428571428571413,0.40000000000000036,False,0.0,평시,여수
2024-04-09,14.0,13.745714285714286,0.25428571428571445,0.0,False,0.0,평시,여수
2024-04-10,14.0,13.940000000000001,0.05999999999999872,0.0,False,0.0,평시,여수
2024-04-11,14.2,14.094285714285714,0.10571428571428498,0.1999999999999993,False,0.0,평시,여수
2024-04-12,14.2,14.202857142857143,-0.0028571428571435575,0.0,False,0.0,평시,여수
2024-04-13,14.6,14.294285714285715,0.3057142857142843,0.40000000000000036,False,0.0,평시,여수
2024-04-14,15.1,14.4,0.6999999999999993,0.5,False,0.0,평시,여수
2024-04-15,15.2,14.494117647058822,0.7058823529411775,0.09999999999999964,False,0.0,평시,여수
2024-04-16,15.4,14.624242424242425,0.7757575757575754,0.20000000000000107,False,0.0,평시,여수
2024-04-17,15.9,14.75,1.1500000000000004,0.5,False,0.0,평시,여수
2024-04-18,16.2,14.896875,1.3031249999999996,0.29999999999999893,False,0.0,평시,여수
2024-04-19,16.8,15.065625,1.734375,0.6000000000000014,False,0.0,평시,여수
2024-04-20,16.7,15.225000000000001,1.4749999999999979,-0.10000000000000142,False,0.0,평시,여수
2024-04-21,16.2,15.371875000000001,0.8281249999999982,-0.5,False,0.0,평시,여수
2024-04-22,16.0,15.500000000000002,0.4999999999999982,-0.1999999999999993,False,0.0,평시,여수
2024-04-23,15.9,15.588235294117647,0.3117647058823536,-0.09999999999999964,False,0.0,평시,여수
2024-04-24,16.2,15.668571428571427,0.531428571428572,0.29999999999999893,False,0.0,평시,여수
2024-04-25,16.5,15.808571428571428,0.6914285714285722,0.3000000000000007,False,0.0,평시,여수
2024-04-26,16.8,15.94285714285714,0.8571428571428612,0.3000000000000007,False,0.0,평시,여수
2024-04-27,17.0,16.057142857142853,0.9428571428571466,0.1999999999999993,False,0.0,평시,여수
2024-04-28,17.4,16.16,1.2399999999999984,0.3999999999999986,False,0.0,평시,여수
2024-04-29,17.4,16.237142857142857,1.162857142857142,0.0,False,0.0,평시,여수
2024-04-30,17.2,16.334285714285713,0.8657142857142865,-0.1999999999999993,False,0.0,평시,여수
2024-05-01,17.3,16.43428571428571,0.8657142857142901,0.10000000000000142,False,0.0,평시,여수
2024-05-02,17.2,16.528571428571425,0.6714285714285744,-0.10000000000000142,False,0.0,평시,여수
2024-05-03,17.6,16.62857142857143,0.9714285714285715,0.40000000000000213,False,0.0,평시,여수
2024-05-04,18.0,16.748571428571427,1.2514285714285727,0.3999999999999986,False,0.0,평시,여수
2024-05-05,18.1,16.862857142857145,1.2371428571428567,0.10000000000000142,False,0.0,평시,여수
2024-05-06,18.3,17.014705882352942,1.2852941176470587,0.1999999999999993,False,0.0,평시,여수
2024-05-07,18.3,17.151515151515152,1.1484848484848484,0.0,False,0.0,평시,여수
2024-05-08,18.0,17.3,0.6999999999999993,-0.3000000000000007,False,0.0,평시,여수
2024-05-09,18.0,17.445161290322584,0.5548387096774157,0.0,False,0.0,평시,여수
2024-05-10,18.1,17.613333333333337,0.4866666666666646,0.10000000000000142,False,0.0,평시,여수
2024-05-11,18.5,17.817241379310346,0.6827586206896541,0.3999999999999986,False,0.0,평시,여수
2024-05-12,18.6,18.05,0.5500000000000007,0.10000000000000142,False,0.0,평시,여수
2024-05-13,18.5,18.203571428571426,0.2964285714285744,-0.10000000000000142,False,0.0,평시,여수
2024-05-14,18.9,18.36428571428571,0.5357142857142883,0.3999999999999986,False,0.0,평시,여수
2024-05-15,19.4,18.525,0.875,0.5,False,0.0,평시,여수
2024-05-16,18.9,18.685714285714283,0.2142857142857153,-0.5,False,0.0,평시,여수
2024-05-17,19.0,18.83214285714286,0.16785714285714093,0.10000000000000142,False,0.0,평시,여수
2024-05-18,19.2,18.964285714285715,0.235714285714284,0.1999999999999993,False,0.0,평시,여수
2024-05-19,19.8,19.107142857142858,0.6928571428571431,0.6000000000000014,False,0.0,평시,여수
2024-05-20,20.2,19.285714285714285,0.9142857142857146,0.3999999999999986,False,0.0,평시,여수
2024-05-21,20.4,19.478571428571424,0.9214285714285744,0.1999999999999993,False,0.0,평시,여수
2024-05-22,20.4,19.67142857142857,0.7285714285714278,0.0,False,0.0,평시,여수
2024-05-23,20.5,19.842857142857145,0.6571428571428548,0.10000000000000142,False,0.0,평시,여수
2024-05-24,20.8,19.98214285714286,0.8178571428571395,0.3000000000000007,False,0.0,평시,여수
2024-05-25,20.9,20.125,0.7749999999999986,0.09999999999999787,False,0.0,평시,여수
2024-05-26,20.7,20.24285714285714,0.45714285714285907,-0.1999999999999993,False,0.0,평시,여수
2024-05-27,20.5,20.332142857142856,0.16785714285714448,-0.1999999999999993,False,0.0,평시,여수
2024-05-28,20.5,20.400000000000002,0.09999999999999787,0.0,False,0.0,평시,여수
2024-05-29,20.8,20.45714285714286,0.34285714285714164,0.3000000000000007,False,0.0,평시,여수
2024-05-30,21.0,20.514285714285712,0.48571428571428754,0.1999999999999993,False,0.0,평시,여수
2024-05-31,21.2,20.62857142857143,0.5714285714285694,0.1999999999999993,False,0.0,평시,여수
2024-06-01,21.4,20.73448275862069,0.6655172413793089,0.1999999999999993,False,0.0,평시,여수
2024-06-02,21.3,20.836666666666666,0.4633333333333347,-0.09999999999999787,False,0.0,평시,여수
2024-06-03,21.6,20.916129032258066,0.6838709677419352,0.3000000000000007,False,0.0,평시,여수
2024-06-04,21.9,20.978125,0.921875,0.29999999999999716,False,0.0,평시,여수
2024-06-05,21.9,21.033333333333335,0.8666666666666636,0.0,False,0.0,평시,여수
2024-06-06,21.7,21.102941176470587,0.5970588235294123,-0.1999999999999993,False,0.0,평시,여수
2024-06-07,21.4,21.16857142857143,0.23142857142856954,-0.3000000000000007,False,0.0,평시,여수
2024-06-08,21.4,21.265714285714285,0.13428571428571345,0.0,False,0.0,평시,여수
2024-06-09,21.4,21.374285714285715,0.025714285714283136,0.0,False,0.0,평시,여수
2024-06-10,21.7,21.50857142857143,0.1914285714285704,0.3000000000000007,False,0.0,평시,여수
2024-06-11,22.2,21.654285714285713,0.5457142857142863,0.5,False,0.0,평시,여수
2024-06-12,22.5,21.805714285714288,0.6942857142857122,0.3000000000000007,False,0.0,평시,여수
2024-06-13,22.8,21.98,0.8200000000000003,0.3000000000000007,False,0.0,평시,여수
2024-06-14,23.3,22.111428571428572,1.1885714285714286,0.5,False,0.0,평시,여수
2024-06-15,23.9,22.21428571428572,1.6857142857142797,0.5999999999999979,False,0.0,평시,여수
2024-06-16,24.6,22.31714285714286,2.282857142857143,0.7000000000000028,False,2.0,주의보,여수
2024-06-17,24.0,22.42571428571429,1.5742857142857112,-0.6000000000000014,False,0.0,평시,여수
2024-06-18,23.8,22.545714285714286,1.2542857142857144,-0.1999999999999993,False,0.0,평시,여수
2024-06-19,23.7,22.665714285714287,1.034285714285712,-0.10000000000000142,False,0.0,평시,여수
2024-06-20,23.7,22.768571428571427,0.9314285714285724,0.0,False,0.0,평시,여수
2024-06-21,23.4,22.888571428571428,0.5114285714285707,-0.3000000000000007,False,0.0,평시,여수
2024-06-22,23.5,22.985714285714284,0.514285714285716,0.10000000000000142,False,0.0,평시,여수
2024-06-23,23.3,23.06285714285714,0.2371428571428602,-0.1999999999999993,False,0.0,평시,여수
2024-06-24,23.7,23.134285714285717,0.5657142857142823,0.3999999999999986,False,0.0,평시,여수
2024-06-25,23.3,23.18857142857143,0.1114285714285721,-0.3999999999999986,False,0.0,평시,여수
2024-06-26,22.8,23.257142857142856,-0.4571428571428555,-0.5,False,0.0,평시,여수
2024-06-27,22.5,23.32857142857143,-0.8285714285714292,-0.3000000000000007,False,0.0,평시,여수
2024-06-28,22.2,23.391428571428573,-1.191428571428574,-0.3000000000000007,False,0.0,평시,여수
2024-06-29,22.5,23.48857142857143,-0.9885714285714293,0.3000000000000007,False,0.0,평시,여수
2024-06-30,22.9,23.58857142857143,-0.6885714285714322,0.3999999999999986,False,0.0,평시,여수
2024-07-01,23.2,23.697142857142858,-0.4971428571428582,0.3000000000000007,False,0.0,평시,여수
2024-07-02,23.6,23.84285714285714,-0.24285714285714022,0.40000000000000213,False,0.0,평시,여수
2024-07-03,23.9,23.997142857142858,-0.09714285714285964,0.29999999999999716,False,0.0,평시,여수
2024-07-04,24.2,24.114285714285714,0.08571428571428541,0.3000000000000007,False,0.0,평시,여수
2024-07-05,24.5,24.197142857142858,0.3028571428571425,0.3000000000000007,False,0.0,평시,여수
2024-07-06,24.6,24.25142857142857,0.3485714285714323,0.10000000000000142,False,0.0,평시,여수
2024-07-07,24.8,24.297142857142855,0.5028571428571453,0.1999999999999993,False,0.0,평시,여수
2024-07-08,24.4,24.34857142857143,0.051428571428569825,-0.40000000000000213,False,0.0,평시,여수
2024-07-09,23.9,24.357142857142858,-0.45714285714285907,-0.5,False,0.0,평시,여수
2024-07-10,23.9,24.33142857142857,-0.4314285714285724,0.0,False,0.0,평시,여수
2024-07-11,23.7,24.322857142857146,-0.6228571428571463,-0.1999999999999993,False,0.0,평시,여수
2024-07-12,23.3,24.377142857142857,-1.0771428571428565,-0.3999999999999986,False,0.0,평시,여수
2024-07-13,23.3,24.43714285714286,-1.1371428571428588,0.0,False,0.0,평시,여수
2024-07-14,22.7,24.502857142857142,-1.8028571428571425,-0.6000000000000014,False,0.0,평시,여수
2024-07-15,22.5,24.531428571428574,-2.031428571428574,-0.1999999999999993,False,0.0,평시,여수
2024-07-16,23.0,24.57714285714286,-1.57714285714286,0.5,False,0.0,평시,여수
2024-07-17,23.5,24.59714285714286,-1.0971428571428596,0.5,False,0.0,평시,여수
2024-07-18,24.1,24.640000000000004,-0.5400000000000027,0.6000000000000014,False,0.0,평시,여수
2024-07-19,23.9,24.682857142857145,-0.7828571428571465,-0.20000000000000284,False,0.0,평시,여수
2024-07-20,23.4,24.751428571428573,-1.351428571428574,-0.5,False,0.0,평시,여수
2024-07-21,23.4,24.848571428571425,-1.4485714285714266,0.0,False,0.0,평시,여수
2024-07-22,23.5,24.942857142857143,-1.442857142857143,0.10000000000000142,False,0.0,평시,여수
2024-07-23,23.7,25.02,-1.3200000000000003,0.1999999999999993,False,0.0,평시,여수
2024-07-24,23.6,25.145714285714288,-1.5457142857142863,-0.09999999999999787,False,0.0,평시,여수
2024-07-25,23.4,25.274285714285714,-1.8742857142857154,-0.20000000000000284,False,0.0,평시,여수
2024-07-26,23.7,25.40571428571429,-1.70571428571429,0.3000000000000007,False,0.0,평시,여수
2024-07-27,24.2,25.554285714285715,-1.3542857142857159,0.5,False,0.0,평시,여수
2024-07-28,24.2,25.674285714285716,-1.4742857142857169,0.0,False,0.0,평시,여수
2024-07-29,24.6,25.82,-1.2199999999999989,0.40000000000000213,False,0.0,평시,여수
2024-07-30,24.9,25.997142857142858,-1.0971428571428596,0.29999999999999716,False,0.0,평시,여수
2024-07-31,24.7,26.16857142857143,-1.4685714285714297,-0.1999999999999993,False,0.0,평시,여수
2024-08-01,24.4,26.34285714285714,-1.942857142857143,-0.3000000000000007,False,0.0,평시,여수
2024-08-02,24.3,26.525714285714287,-2.225714285714286,-0.09999999999999787,False,0.0,평시,여수
2024-08-03,24.2,26.705714285714283,-2.5057142857142836,-0.10000000000000142,False,0.0,평시,여수
2024-08-04,24.0,26.90285714285714,-2.9028571428571404,-0.1999999999999993,False,0.0,평시,여수
2024-08-05,24.1,27.129411764705882,-3.0294117647058805,0.10000000000000142,False,0.0,평시,여수
2024-08-06,24.4,27.293939393939393,-2.8939393939393945,0.29999999999999716,False,0.0,평시,여수
2024-08-07,24.9,27.403125000000003,-2.5031250000000043,0.5,False,0.0,평시,여수
2024-08-08,25.2,27.41290322580645,-2.21290322580645,0.3000000000000007,False,0.0,평시,여수
2024-08-09,25.0,27.313333333333336,-2.313333333333336,-0.1999999999999993,False,0.0,평시,여수
2024-08-10,25.1,27.124137931034486,-2.0241379310344847,0.10000000000000142,False,0.0,평시,여수
2024-08-11,24.9,26.889285714285716,-1.9892857142857174,-0.20000000000000284,False,0.0,평시,여수
2024-08-12,24.7,26.632142857142863,-1.932142857142864,-0.1999999999999993,False,0.0,평시,여수
2024-08-13,24.7,26.46428571428572,-1.7642857142857196,0.0,False,0.0,평시,여수
2024-08-14,24.8,26.37142857142857,-1.5714285714285694,0.10000000000000142,False,0.0,평시,여수
2024-08-15,26.1,26.339285714285715,-0.23928571428571388,1.3000000000000007,False,0.0,평시,여수
2024-08-16,27.1,26.375,0.7250000000000014,1.0,False,0.0,평시,여수
2024-08-17,28.2,26.475,1.7249999999999979,1.0999999999999979,False,2.0,주의보,여수
2024-08-18,28.3,26.532142857142855,1.767857142857146,0.10000000000000142,False,2.0,주의보,여수
2024-08-19,28.4,26.575,1.8249999999999993,0.09999999999999787,True,3.0,경보,여수
2024-08-20,28.4,26.62857142857143,1.7714285714285687,0.0,True,3.0,경보,여수
2024-08-21,28.6,26.632142857142856,1.9678571428571452,0.20000000000000284,True,3.0,경보,여수
2024-08-22,29.0,26.639285714285712,2.3607142857142875,0.3999999999999986,True,3.0,경보,여수
2024-08-23,29.0,26.64642857142857,2.3535714285714313,0.0,True,3.0,경보,여수
2024-08-24,29.2,26.625,2.5749999999999993,0.1999999999999993,True,3.0,경보,여수
2024-08-25,29.3,26.632142857142856,2.6678571428571445,0.10000000000000142,True,3.0,경보,여수
2024-08-26,29.3,26.58214285714286,2.7178571428571416,0.0,True,3.0,경보,여수
2024-08-27,29.2,26.485714285714288,2.7142857142857117,-0.10000000000000142,True,3.0,경보,여수
2024-08-28,29.0,26.414285714285715,2.5857142857142854,-0.1999999999999993,True,3.0,경보,여수
2024-08-29,28.8,26.339285714285715,2.4607142857142854,-0.1999999999999993,True,3.0,경보,여수
2024-08-30,28.4,26.246428571428567,2.153571428571432,-0.40000000000000213,True,3.0,경보,여수
2024-08-31,28.5,26.12142857142857,2.37857142857143,0.10000000000000142,True,3.0,경보,여수
2024-09-01,28.9,26.12222222222222,2.7777777777777786,0.3999999999999986,True,3.0,경보,여수
2024-09-02,28.9,26.123076923076926,2.7769230769230724,0.0,True,3.0,경보,여수
2024-09-03,28.7,26.136,2.564,-0.1999999999999993,True,3.0,경보,여수
2024-09-04,28.4,26.243999999999996,2.1560000000000024,-0.3000000000000007,True,3.0,경보,여수
2024-09-05,28.5,26.34,2.16,0.10000000000000142,True,3.0,경보,여수
2024-09-06,28.6,26.504166666666663,2.0958333333333385,0.10000000000000142,True,3.0,경보,여수
2024-09-07,28.7,26.73478260869565,1.9652173913043498,0.09999999999999787,True,3.0,경보,여수
2024-09-08,28.7,26.72083333333333,1.9791666666666679,0.0,True,3.0,경보,여수
2024-09-09,28.9,26.76,2.139999999999997,0.1999999999999993,True,3.0,경보,여수
2024-09-10,28.9,26.780769230769234,2.1192307692307644,0.0,True,3.0,경보,여수
2024-09-11,29.1,26.72307692307692,2.376923076923081,0.20000000000000284,True,3.0,경보,여수
2024-09-12,29.3,26.669230769230772,2.6307692307692285,0.1999999999999993,True,3.0,경보,여수
2024-09-13,29.5,26.54814814814815,2.951851851851849,0.1999999999999993,True,3.0,경보,여수
2024-09-14,29.7,26.442857142857147,3.2571428571428527,0.1999999999999993,True,3.0,경보,여수
2024-09-15,30.0,26.435714285714287,3.564285714285713,0.3000000000000007,True,3.0,경보,여수
2024-09-16,29.8,26.42142857142857,3.37857142857143,-0.1999999999999993,True,3.0,경보,여수
2024-09-17,29.8,26.389285714285712,3.4107142857142883,0.0,True,3.0,경보,여수
2024-09-18,30.0,26.268965517241377,3.7310344827586235,0.1999999999999993,True,3.0,경보,여수
2024-09-19,30.0,26.116666666666667,3.883333333333333,0.0,True,3.0,경보,여수
2024-09-20,29.8,25.94516129032258,3.85483870967742,-0.1999999999999993,True,3.0,경보,여수
2024-09-21,29.2,25.715625,3.484375,-0.6000000000000014,True,3.0,경보,여수
2024-09-22,28.3,25.454545454545453,2.8454545454545475,-0.8999999999999986,True,3.0,경보,여수
2024-09-23,27.5,25.202941176470585,2.297058823529415,-0.8000000000000007,False,2.0,주의보,여수
2024-09-24,26.8,24.99142857142857,1.8085714285714296,-0.6999999999999993,False,0.0,평시,여수
2024-09-25,26.7,24.837142857142855,1.8628571428571448,-0.10000000000000142,False,0.0,평시,여수
2024-09-26,26.9,24.725714285714282,2.174285714285716,0.1999999999999993,False,2.0,주의보,여수
2024-09-27,26.9,24.651428571428575,2.248571428571424,0.0,False,2.0,주의보,여수
2024-09-28,26.9,24.625714285714285,2.274285714285714,0.0,False,2.0,주의보,여수
2024-09-29,26.6,24.60285714285714,1.9971428571428618,-0.29999999999999716,False,0.0,평시,여수
2024-09-30,26.4,24.554285714285715,1.8457142857142834,-0.20000000000000284,False,0.0,평시,여수
2024-10-01,26.3,24.468571428571426,1.8314285714285745,-0.09999999999999787,False,0.0,평시,여수
2024-10-02,25.5,24.359999999999996,1.1400000000000041,-0.8000000000000007,False,0.0,평시,여수
2024-10-03,24.6,24.228571428571424,0.3714285714285772,-0.8999999999999986,False,0.0,평시,여수
2024-10-04,23.9,24.051428571428566,-0.1514285714285677,-0.7000000000000028,False,0.0,평시,여수
2024-10-05,23.8,23.845714285714283,-0.04571428571428271,-0.09999999999999787,False,0.0,평시,여수
2024-10-06,23.6,23.622857142857143,-0.022857142857141355,-0.1999999999999993,False,0.0,평시,여수
2024-10-07,23.1,23.388571428571424,-0.2885714285714229,-0.5,False,0.0,평시,여수
2024-10-08,22.8,23.15714285714286,-0.35714285714285765,-0.3000000000000007,False,0.0,평시,여수
2024-10-09,22.8,22.917142857142856,-0.11714285714285566,0.0,False,0.0,평시,여수
2024-10-10,22.6,22.705714285714286,-0.10571428571428498,-0.1999999999999993,False,0.0,평시,여수
2024-10-11,22.6,22.54,0.060000000000002274,0.0,False,0.0,평시,여수
2024-10-12,22.7,22.402857142857144,0.2971428571428554,0.09999999999999787,False,0.0,평시,여수
2024-10-13,22.9,22.29714285714286,0.6028571428571396,0.1999999999999993,False,0.0,평시,여수
2024-10-14,22.8,22.168571428571433,0.6314285714285681,-0.09999999999999787,False,0.0,평시,여수
2024-10-15,22.8,22.008571428571432,0.7914285714285683,0.0,False,0.0,평시,여수
2024-10-16,23.0,21.837142857142858,1.162857142857142,0.1999999999999993,False,0.0,평시,여수
2024-10-17,23.0,21.597142857142856,1.402857142857144,0.0,False,0.0,평시,여수
2024-10-18,22.8,21.282857142857143,1.5171428571428578,-0.1999999999999993,False,0.0,평시,여수
2024-10-19,23.0,20.937142857142852,2.0628571428571476,0.1999999999999993,False,2.0,주의보,여수
2024-10-20,22.2,20.577142857142857,1.6228571428571428,-0.8000000000000007,False,0.0,평시,여수
2024-10-21,21.4,20.251428571428566,1.148571428571433,-0.8000000000000007,False,0.0,평시,여수
2024-10-22,21.2,19.968571428571426,1.231428571428573,-0.1999999999999993,False,0.0,평시,여수
2024-10-23,21.0,19.714285714285715,1.2857142857142847,-0.1999999999999993,False,0.0,평시,여수
2024-10-24,20.4,19.522857142857145,0.8771428571428537,-0.6000000000000014,False,0.0,평시,여수
2024-10-25,20.2,19.380000000000003,0.8199999999999967,-0.1999999999999993,False,0.0,평시,여수
2024-10-26,20.1,19.257142857142856,0.8428571428571452,-0.09999999999999787,False,0.0,평시,여수
2024-10-27,20.4,19.134285714285713,1.2657142857142851,0.29999999999999716,False,0.0,평시,여수
2024-10-28,20.4,19.03142857142857,1.3685714285714283,0.0,False,0.0,평시,여수
2024-10-29,20.2,18.92571428571429,1.2742857142857105,-0.1999999999999993,False,0.0,평시,여수
2024-10-30,20.1,18.81142857142857,1.28857142857143,-0.09999999999999787,False,0.0,평시,여수
2024-10-31,20.0,18.685714285714287,1.3142857142857132,-0.10000000000000142,False,0.0,평시,여수
2024-11-01,19.8,18.568571428571428,1.231428571428573,-0.1999999999999993,False,0.0,평시,여수
2024-11-02,19.5,18.445714285714285,1.0542857142857152,-0.3000000000000007,False,0.0,평시,여수
2024-11-03,19.6,18.302857142857146,1.2971428571428554,0.10000000000000142,False,0.0,평시,여수
2024-11-04,19.6,18.122857142857146,1.477142857142855,0.0,False,0.0,평시,여수
2024-11-05,19.1,17.937142857142856,1.1628571428571455,-0.5,False,0.0,평시,여수
2024-11-06,18.0,17.75142857142857,0.24857142857143089,-1.1000000000000014,False,0.0,평시,여수
2024-11-07,17.4,17.560000000000002,-0.1600000000000037,-0.6000000000000014,False,0.0,평시,여수
2024-11-08,17.5,17.334285714285716,0.1657142857142837,0.10000000000000142,False,0.0,평시,여수
2024-11-09,17.8,17.085714285714285,0.7142857142857153,0.3000000000000007,False,0.0,평시,여수
2024-11-10,17.9,16.837142857142858,1.0628571428571405,0.09999999999999787,False,0.0,평시,여수
2024-11-11,17.8,16.602857142857143,1.1971428571428575,-0.09999999999999787,False,0.0,평시,여수
2024-11-12,18.0,16.36857142857143,1.6314285714285717,0.1999999999999993,False,0.0,평시,여수
2024-11-13,18.0,16.139999999999997,1.860000000000003,0.0,False,0.0,평시,여수
2024-11-14,18.0,15.917142857142855,2.0828571428571454,0.0,False,2.0,주의보,여수
2024-11-15,18.1,15.657142857142857,2.442857142857145,0.10000000000000142,False,2.0,주의보,여수
2024-11-16,18.1,15.382857142857143,2.717142857142859,0.0,False,2.0,주의보,여수
2024-11-17,18.1,15.151428571428573,2.9485714285714284,0.0,False,2.0,주의보,여수
2024-11-18,16.9,14.945714285714287,1.954285714285712,-1.2000000000000028,False,0.0,평시,여수
2024-11-19,16.0,14.757142857142858,1.242857142857142,-0.8999999999999986,False,0.0,평시,여수
2024-11-20,15.8,14.551428571428572,1.248571428571429,-0.1999999999999993,False,0.0,평시,여수
2024-11-21,15.6,14.34,1.2599999999999998,-0.20000000000000107,False,0.0,평시,여수
2024-11-22,15.5,14.182857142857141,1.3171428571428585,-0.09999999999999964,False,0.0,평시,여수
2024-11-23,15.0,14.065714285714284,0.9342857142857159,-0.5,False,0.0,평시,여수
2024-11-24,14.8,13.905714285714286,0.894285714285715,-0.1999999999999993,False,0.0,평시,여수
2024-11-25,14.8,13.702857142857141,1.0971428571428596,0.0,False,0.0,평시,여수
2024-11-26,14.6,13.491428571428571,1.1085714285714285,-0.20000000000000107,False,0.0,평시,여수
2024-11-27,13.8,13.262857142857143,0.5371428571428574,-0.7999999999999989,False,0.0,평시,여수
2024-11-28,12.9,12.982857142857144,-0.08285714285714363,-0.9000000000000004,False,0.0,평시,여수
2024-11-29,12.5,12.662857142857142,-0.16285714285714192,-0.40000000000000036,False,0.0,평시,여수
2024-11-30,12.3,12.348571428571429,-0.048571428571428044,-0.1999999999999993,False,0.0,평시,여수
2024-12-01,12.2,12.04,0.16000000000000014,-0.10000000000000142,False,0.0,평시,여수
2024-12-02,12.4,11.754285714285714,0.6457142857142859,0.20000000000000107,False,0.0,평시,여수
2024-12-03,12.5,11.468571428571428,1.031428571428572,0.09999999999999964,False,0.0,평시,여수
2024-12-04,12.1,11.231428571428571,0.8685714285714283,-0.40000000000000036,False,0.0,평시,여수
2024-12-05,11.9,11.059999999999999,0.8400000000000016,-0.1999999999999993,False,0.0,평시,여수
2024-12-06,11.7,10.942857142857143,0.7571428571428562,-0.20000000000000107,False,0.0,평시,여수
2024-12-07,11.4,10.848571428571429,0.5514285714285716,-0.29999999999999893,False,0.0,평시,여수
2024-12-08,10.8,10.78857142857143,0.011428571428570677,-0.5999999999999996,False,0.0,평시,여수
2024-12-09,10.1,10.748571428571429,-0.6485714285714295,-0.7000000000000011,False,0.0,평시,여수
2024-12-10,9.9,10.665714285714285,-0.7657142857142851,-0.1999999999999993,False,0.0,평시,여수
2024-12-11,9.8,10.520000000000001,-0.7200000000000006,-0.09999999999999964,False,0.0,평시,여수
2024-12-12,9.7,10.342857142857143,-0.6428571428571441,-0.10000000000000142,False,0.0,평시,여수
2024-12-13,9.4,10.185714285714285,-0.7857142857142847,-0.29999999999999893,False,0.0,평시,여수
2024-12-14,9.1,9.98,-0.8800000000000008,-0.3000000000000007,False,0.0,평시,여수
2024-12-15,8.8,9.694285714285714,-0.8942857142857132,-0.29999999999999893,False,0.0,평시,여수
2024-12-16,8.9,9.365714285714285,-0.4657142857142844,0.09999999999999964,False,0.0,평시,여수
2024-12-17,9.0,9.105714285714283,-0.10571428571428321,0.09999999999999964,False,0.0,평시,여수
2024-12-18,9.0,8.894285714285713,0.10571428571428676,0.0,False,0.0,평시,여수
2024-12-19,8.4,8.69142857142857,-0.29142857142857004,-0.5999999999999996,False,0.0,평시,여수
2024-12-20,8.2,8.44,-0.2400000000000002,-0.20000000000000107,False,0.0,평시,여수
2024-12-21,8.2,8.231428571428571,-0.03142857142857203,0.0,False,0.0,평시,여수
2024-12-22,7.8,8.074285714285713,-0.27428571428571313,-0.39999999999999947,False,0.0,평시,여수
2024-12-23,7.2,7.905714285714286,-0.7057142857142855,-0.5999999999999996,False,0.0,평시,여수
2024-12-24,7.0,7.702857142857142,-0.702857142857142,-0.20000000000000018,False,0.0,평시,여수
2024-12-25,6.8,7.534285714285714,-0.734285714285714,-0.20000000000000018,False,0.0,평시,여수
2024-12-26,6.9,7.411428571428573,-0.5114285714285725,0.10000000000000053,False,0.0,평시,여수
2024-12-27,7.0,7.351428571428571,-0.3514285714285714,0.09999999999999964,False,0.0,평시,여수
2024-12-28,6.7,7.268571428571429,-0.5685714285714285,-0.2999999999999998,False,0.0,평시,여수
2024-12-29,6.8,7.150000000000001,-0.3500000000000014,0.09999999999999964,False,0.0,평시,여수
2024-12-30,7.0,7.086111111111112,-0.08611111111111214,0.20000000000000018,False,0.0,평시,여수
2024-12-31,7.0,7.041666666666667,-0.04166666666666696,0.0,False,0.0,평시,여수
2025-01-01,7.2,6.955555555555557,0.24444444444444358,0.20000000000000018,False,0.0,평시,여수
2025-01-02,7.2,6.841666666666667,0.3583333333333334,0.0,False,0.0,평시,여수
2025-01-03,7.1,6.727777777777778,0.3722222222222218,-0.10000000000000053,False,0.0,평시,여수
2025-01-04,7.1,6.6194444444444445,0.4805555555555552,0.0,False,0.0,평시,여수
2025-01-05,7.0,6.522857142857143,0.47714285714285687,-0.09999999999999964,False,0.0,평시,여수
2025-01-06,7.1,6.4142857142857155,0.6857142857142842,0.09999999999999964,False,0.0,평시,여수
2025-01-07,7.3,6.271428571428571,1.0285714285714285,0.20000000000000018,False,0.0,평시,여수
2025-01-08,7.1,6.148571428571429,0.9514285714285711,-0.20000000000000018,False,0.0,평시,여수
2025-01-09,6.7,6.042857142857144,0.6571428571428566,-0.39999999999999947,False,0.0,평시,여수
2025-01-10,5.3,5.991428571428572,-0.6914285714285722,-1.4000000000000004,False,0.0,평시,여수
2025-01-11,5.0,5.988571428571428,-0.9885714285714284,-0.2999999999999998,False,0.0,평시,여수
2025-01-12,5.3,6.065714285714285,-0.7657142857142851,0.2999999999999998,False,0.0,평시,여수
2025-01-13,5.7,6.145714285714286,-0.44571428571428573,0.40000000000000036,False,0.0,평시,여수
2025-01-14,5.9,6.208571428571428,-0.30857142857142783,0.20000000000000018,False,0.0,평시,여수
2025-01-15,6.0,6.2457142857142856,-0.24571428571428555,0.09999999999999964,False,0.0,평시,여수
2025-01-16,6.0,6.285714285714286,-0.2857142857142856,0.0,False,0.0,평시,여수
2025-01-17,6.1,6.251428571428571,-0.15142857142857125,0.09999999999999964,False,0.0,평시,여수
2025-01-18,6.2,6.177142857142858,0.022857142857142243,0.10000000000000053,False,0.0,평시,여수
2025-01-19,6.4,6.074285714285714,0.3257142857142865,0.20000000000000018,False,0.0,평시,여수
2025-01-20,6.7,6.014285714285714,0.6857142857142859,0.2999999999999998,False,0.0,평시,여수
2025-01-21,6.8,6.008571428571428,0.7914285714285718,0.09999999999999964,False,0.0,평시,여수
2025-01-22,7.0,5.985714285714286,1.0142857142857142,0.20000000000000018,False,0.0,평시,여수
2025-01-23,7.0,5.974285714285714,1.0257142857142858,0.0,False,0.0,평시,여수
2025-01-24,7.1,5.977142857142857,1.1228571428571428,0.09999999999999964,False,0.0,평시,여수
2025-01-25,7.1,5.9799999999999995,1.12,0.0,False,0.0,평시,여수
2025-01-26,7.1,5.945714285714287,1.154285714285713,0.0,False,0.0,평시,여수
2025-01-27,7.0,5.8828571428571435,1.1171428571428565,-0.09999999999999964,False,0.0,평시,여수
2025-01-28,6.5,5.822857142857143,0.677142857142857,-0.5,False,0.0,평시,여수
2025-01-29,6.3,5.848571428571428,0.45142857142857196,-0.20000000000000018,False,0.0,평시,여수
2025-01-30,6.1,5.885714285714286,0.21428571428571352,-0.20000000000000018,False,0.0,평시,여수
2025-01-31,6.0,5.914285714285714,0.0857142857142863,-0.09999999999999964,False,0.0,평시,여수
2025-02-01,6.1,5.92,0.17999999999999972,0.09999999999999964,False,0.0,평시,여수
2025-02-02,6.2,5.931428571428572,0.2685714285714278,0.10000000000000053,False,0.0,평시,여수
2025-02-03,6.8,5.951428571428571,0.8485714285714288,0.5999999999999996,False,0.0,평시,여수
2025-02-04,6.2,5.977142857142857,0.2228571428571433,-0.5999999999999996,False,0.0,평시,여수
2025-02-05,5.8,5.9542857142857155,-0.1542857142857157,-0.40000000000000036,False,0.0,평시,여수
2025-02-06,5.6,5.888571428571429,-0.28857142857142914,-0.20000000000000018,False,0.0,평시,여수
2025-02-07,5.4,5.851428571428571,-0.45142857142857107,-0.1999999999999993,False,0.0,평시,여수
2025-02-08,4.3,5.862857142857142,-1.5628571428571423,-1.1000000000000005,False,0.0,평시,여수
2025-02-09,4.2,5.917142857142857,-1.717142857142857,-0.09999999999999964,False,0.0,평시,여수
2025-02-10,4.9,6.025714285714285,-1.1257142857142846,0.7000000000000002,False,0.0,평시,여수
2025-02-11,5.0,6.171428571428572,-1.1714285714285717,0.09999999999999964,False,0.0,평시,여수
2025-02-12,5.0,6.354285714285714,-1.354285714285714,0.0,False,0.0,평시,여수
2025-02-13,5.0,6.531428571428571,-1.5314285714285711,0.0,False,0.0,평시,여수
2025-02-14,5.3,6.637142857142858,-1.337142857142858,0.2999999999999998,False,0.0,평시,여수
2025-02-15,5.5,6.685714285714286,-1.185714285714286,0.20000000000000018,False,0.0,평시,여수
2025-02-16,5.6,6.751428571428573,-1.151428571428573,0.09999999999999964,False,0.0,평시,여수
2025-02-17,5.9,6.788571428571429,-0.8885714285714288,0.3000000000000007,False,0.0,평시,여수
2025-02-18,5.3,6.765714285714286,-1.4657142857142862,-0.6000000000000005,False,0.0,평시,여수
2025-02-19,5.3,6.714285714285714,-1.4142857142857146,0.0,False,0.0,평시,여수
2025-02-20,5.0,6.714285714285714,-1.7142857142857144,-0.2999999999999998,False,0.0,평시,여수
2025-02-21,4.2,6.702857142857143,-2.5028571428571427,-0.7999999999999998,False,0.0,평시,여수
2025-02-22,4.3,6.725714285714287,-2.425714285714287,0.09999999999999964,False,0.0,평시,여수
2025-02-23,4.8,6.734285714285714,-1.9342857142857142,0.5,False,0.0,평시,여수
2025-02-24,4.1,6.7771428571428585,-2.677142857142859,-0.7000000000000002,False,0.0,평시,여수
2025-02-25,4.3,6.848571428571429,-2.548571428571429,0.20000000000000018,False,0.0,평시,여수
2025-02-26,4.9,7.008333333333334,-2.1083333333333334,0.6000000000000005,False,0.0,평시,여수
2025-02-27,5.3,7.0777777777777775,-1.7777777777777777,0.39999999999999947,False,0.0,평시,여수
2025-02-28,5.7,7.205555555555555,-1.5055555555555546,0.40000000000000036,False,0.0,평시,여수
2025-03-01,6.1,7.341666666666665,-1.2416666666666654,0.39999999999999947,False,0.0,평시,여수
2025-03-02,6.4,7.474999999999998,-1.0749999999999975,0.3000000000000007,False,0.0,평시,여수
2025-03-03,6.5,7.588888888888887,-1.0888888888888868,0.09999999999999964,False,0.0,평시,여수
2025-03-04,5.9,7.716666666666665,-1.8166666666666647,-0.5999999999999996,False,0.0,평시,여수
2025-03-05,5.9,7.808571428571429,-1.9085714285714284,0.0,False,0.0,평시,여수
2025-03-06,6.2,7.977142857142857,-1.7771428571428567,0.2999999999999998,False,0.0,평시,여수
2025-03-07,6.5,8.19142857142857,-1.6914285714285704,0.2999999999999998,False,0.0,평시,여수
2025-03-08,7.0,8.442857142857141,-1.4428571428571413,0.5,False,0.0,평시,여수
2025-03-09,7.3,8.714285714285714,-1.4142857142857137,0.2999999999999998,False,0.0,평시,여수
2025-03-10,7.7,8.982857142857144,-1.2828571428571438,0.40000000000000036,False,0.0,평시,여수
2025-03-11,8.0,9.245714285714286,-1.2457142857142856,0.2999999999999998,False,0.0,평시,여수
2025-03-12,8.3,9.505714285714287,-1.2057142857142864,0.3000000000000007,False,0.0,평시,여수
2025-03-13,8.6,9.771428571428572,-1.1714285714285726,0.29999999999999893,False,0.0,평시,여수
2025-03-14,8.9,10.008571428571429,-1.1085714285714285,0.3000000000000007,False,0.0,평시,여수
2025-03-15,9.1,10.205714285714285,-1.105714285714285,0.1999999999999993,False,0.0,평시,여수
2025-03-16,8.9,10.342857142857143,-1.442857142857143,-0.1999999999999993,False,0.0,평시,여수
2025-03-17,8.3,10.434285714285714,-2.1342857142857135,-0.5999999999999996,False,0.0,평시,여수
2025-03-18,8.1,10.505714285714285,-2.4057142857142857,-0.20000000000000107,False,0.0,평시,여수
2025-03-19,7.8,10.565714285714284,-2.7657142857142842,-0.2999999999999998,False,0.0,평시,여수
2025-03-20,7.9,10.617142857142857,-2.717142857142857,0.10000000000000053,False,0.0,평시,여수
2025-03-21,8.4,10.694285714285714,-2.2942857142857136,0.5,False,0.0,평시,여수
2025-03-22,9.0,10.802857142857144,-1.8028571428571443,0.5999999999999996,False,0.0,평시,여수
2025-03-23,9.5,10.965714285714284,-1.4657142857142844,0.5,False,0.0,평시,여수
2025-03-24,10.2,11.177142857142856,-0.9771428571428569,0.6999999999999993,False,0.0,평시,여수
2025-03-25,10.7,11.4,-0.7000000000000011,0.5,False,0.0,평시,여수
2025-03-26,11.0,11.608571428571427,-0.6085714285714268,0.3000000000000007,False,0.0,평시,여수
2025-03-27,11.2,11.785714285714286,-0.5857142857142872,0.1999999999999993,False,0.0,평시,여수
2025-03-28,11.2,11.934285714285716,-0.7342857142857167,0.0,False,0.0,평시,여수
2025-03-29,10.6,12.07142857142857,-1.4714285714285698,-0.5999999999999996,False,0.0,평시,여수
2025-03-30,10.1,12.199999999999998,-2.099999999999998,-0.5,False,0.0,평시,여수
2025-03-31,9.9,12.308571428571428,-2.4085714285714275,-0.1999999999999993,False,0.0,평시,여수
2025-04-01,10.2,12.417142857142856,-2.217142857142857,0.29999999999999893,False,0.0,평시,여수
2025-04-02,10.5,12.545714285714284,-2.0457142857142845,0.3000000000000007,False,0.0,평시,여수
2025-04-03,10.7,12.688571428571427,-1.9885714285714275,0.1999999999999993,False,0.0,평시,여수
2025-04-04,11.0,12.837142857142856,-1.8371428571428563,0.3000000000000007,False,0.0,평시,여수
2025-04-05,11.4,13.005714285714287,-1.6057142857142868,0.40000000000000036,False,0.0,평시,여수
2025-04-06,11.6,13.177142857142854,-1.5771428571428547,0.1999999999999993,False,0.0,평시,여수
2025-04-07,11.9,13.36,-1.459999999999999,0.3000000000000007,False,0.0,평시,여수
2025-04-08,12.5,13.557142857142859,-1.0571428571428587,0.5999999999999996,False,0.0,평시,여수
2025-04-09,12.9,13.745714285714286,-0.8457142857142852,0.40000000000000036,False,0.0,평시,여수
2025-04-10,13.3,13.940000000000001,-0.6400000000000006,0.40000000000000036,False,0.0,평시,여수
2025-04-11,13.6,14.094285714285714,-0.49428571428571466,0.29999999999999893,False,0.0,평시,여수
2025-04-12,13.8,14.202857142857143,-0.40285714285714214,0.20000000000000107,False,0.0,평시,여수
2025-04-13,13.3,14.294285714285715,-0.9942857142857147,-0.5,False,0.0,평시,여수
2025-04-14,12.8,14.4,-1.5999999999999996,-0.5,False,0.0,평시,여수
2025-04-15,12.4,14.494117647058822,-2.0941176470588214,-0.40000000000000036,False,0.0,평시,여수
2025-04-16,12.6,14.624242424242425,-2.0242424242424253,0.1999999999999993,False,0.0,평시,여수
2025-04-17,13.0,14.75,-1.75,0.40000000000000036,False,0.0,평시,여수
2025-04-18,13.4,14.896875,-1.4968749999999993,0.40000000000000036,False,0.0,평시,여수
2025-04-19,14.1,15.065625,-0.9656250000000011,0.6999999999999993,False,0.0,평시,여수
2025-04-20,14.3,15.225000000000001,-0.9250000000000007,0.20000000000000107,False,0.0,평시,여수
2025-04-21,14.3,15.371875000000001,-1.0718750000000004,0.0,False,0.0,평시,여수
2025-04-22,14.6,15.500000000000002,-0.9000000000000021,0.29999999999999893,False,0.0,평시,여수
2025-04-23,14.8,15.588235294117647,-0.788235294117646,0.20000000000000107,False,0.0,평시,여수
2025-04-24,15.3,15.668571428571427,-0.36857142857142655,0.5,False,0.0,평시,여수
2025-04-25,15.3,15.808571428571428,-0.5085714285714271,0.0,False,0.0,평시,여수
2025-04-26,15.1,15.94285714285714,-0.8428571428571399,-0.20000000000000107,False,0.0,평시,여수
2025-04-27,15.3,16.057142857142853,-0.7571428571428527,0.20000000000000107,False,0.0,평시,여수
2025-04-28,15.4,16.16,-0.7599999999999998,0.09999999999999964,False,0.0,평시,여수
2025-04-29,15.3,16.237142857142857,-0.937142857142856,-0.09999999999999964,False,0.0,평시,여수
2025-04-30,15.4,16.334285714285713,-0.9342857142857124,0.09999999999999964,False,0.0,평시,여수
2025-05-01,15.7,16.43428571428571,-0.7342857142857113,0.29999999999999893,False,0.0,평시,여수
2025-05-02,15.8,16.528571428571425,-0.7285714285714242,0.10000000000000142,False,0.0,평시,여수
2025-05-03,15.8,16.62857142857143,-0.8285714285714292,0.0,False,0.0,평시,여수
2025-05-04,15.6,16.748571428571427,-1.1485714285714277,-0.20000000000000107,False,0.0,평시,여수
2025-05-05,15.8,16.862857142857145,-1.062857142857144,0.20000000000000107,False,0.0,평시,여수
2025-05-06,15.6,17.014705882352942,-1.4147058823529424,-0.20000000000000107,False,0.0,평시,여수
2025-05-07,15.6,17.151515151515152,-1.5515151515151526,0.0,False,0.0,평시,여수
2025-05-08,15.9,17.3,-1.4000000000000004,0.3000000000000007,False,0.0,평시,여수
2025-05-09,,17.445161290322584,,,False,,판정불가,여수
2025-05-10,,17.613333333333337,,,False,,판정불가,여수
2025-05-11,,17.817241379310346,,,False,,판정불가,여수
2025-05-12,,18.05,,,False,,판정불가,여수
2025-05-13,,18.203571428571426,,,False,,판정불가,여수
2025-05-14,,18.36428571428571,,,False,,판정불가,여수
2025-05-15,,18.525,,,False,,판정불가,여수
2025-05-16,,18.685714285714283,,,False,,판정불가,여수
2025-05-17,,18.83214285714286,,,False,,판정불가,여수
2025-05-18,,18.964285714285715,,,False,,판정불가,여수
2025-05-19,,19.107142857142858,,,False,,판정불가,여수
2025-05-20,,19.285714285714285,,,False,,판정불가,여수
2025-05-21,,19.478571428571424,,,False,,판정불가,여수
2025-05-22,,19.67142857142857,,,False,,판정불가,여수
2025-05-23,,19.842857142857145,,,False,,판정불가,여수
2025-05-24,,19.98214285714286,,,False,,판정불가,여수
2025-05-25,,20.125,,,False,,판정불가,여수
2025-05-26,,20.24285714285714,,,False,,판정불가,여수
2025-05-27,,20.332142857142856,,,False,,판정불가,여수
2025-05-28,,20.400000000000002,,,False,,판정불가,여수
2025-05-29,,20.45714285714286,,,False,,판정불가,여수
2025-05-30,,20.514285714285712,,,False,,판정불가,여수
2025-05-31,,20.62857142857143,,,False,,판정불가,여수
2025-06-01,,20.73448275862069,,,False,,판정불가,여수
2025-06-02,,20.836666666666666,,,False,,판정불가,여수
2025-06-03,,20.916129032258066,,,False,,판정불가,여수
2025-06-04,20.2,20.978125,-0.7781249999999993,,False,0.0,평시,여수
2025-06-05,20.4,21.033333333333335,-0.6333333333333364,0.1999999999999993,False,0.0,평시,여수
2025-06-06,20.6,21.102941176470587,-0.5029411764705856,0.20000000000000284,False,0.0,평시,여수
2025-06-07,20.5,21.16857142857143,-0.668571428571429,-0.10000000000000142,False,0.0,평시,여수
2025-06-08,20.6,21.265714285714285,-0.6657142857142837,0.10000000000000142,False,0.0,평시,여수
2025-06-09,20.6,21.374285714285715,-0.774285714285714,0.0,False,0.0,평시,여수
2025-06-10,20.8,21.50857142857143,-0.7085714285714282,0.1999999999999993,False,0.0,평시,여수
2025-06-11,21.1,21.654285714285713,-0.5542857142857116,0.3000000000000007,False,0.0,평시,여수
2025-06-12,21.2,21.805714285714288,-0.6057142857142885,0.09999999999999787,False,0.0,평시,여수
2025-06-13,21.0,21.98,-0.9800000000000004,-0.1999999999999993,False,0.0,평시,여수
2025-06-14,20.9,22.111428571428572,-1.2114285714285735,-0.10000000000000142,False,0.0,평시,여수
2025-06-15,20.6,22.21428571428572,-1.6142857142857174,-0.29999999999999716,False,0.0,평시,여수
2025-06-16,21.2,22.31714285714286,-1.1171428571428592,0.5999999999999979,False,0.0,평시,여수
2025-06-17,21.5,22.42571428571429,-0.9257142857142888,0.3000000000000007,False,0.0,평시,여수
2025-06-18,21.6,22.545714285714286,-0.9457142857142848,0.10000000000000142,False,0.0,평시,여수
2025-06-19,21.7,22.665714285714287,-0.965714285714288,0.09999999999999787,False,0.0,평시,여수
2025-06-20,21.7,22.768571428571427,-1.0685714285714276,0.0,False,0.0,평시,여수
2025-06-21,22.4,22.888571428571428,-0.4885714285714293,0.6999999999999993,False,0.0,평시,여수
2025-06-22,22.0,22.985714285714284,-0.985714285714284,-0.3999999999999986,False,0.0,평시,여수
2025-06-23,21.7,23.06285714285714,-1.3628571428571412,-0.3000000000000007,False,0.0,평시,여수
2025-06-24,21.3,23.134285714285717,-1.8342857142857163,-0.3999999999999986,False,0.0,평시,여수
2025-06-25,21.5,23.18857142857143,-1.6885714285714286,0.1999999999999993,False,0.0,평시,여수
2025-06-26,21.9,23.257142857142856,-1.3571428571428577,0.3999999999999986,False,0.0,평시,여수
2025-06-27,22.2,23.32857142857143,-1.12857142857143,0.3000000000000007,False,0.0,평시,여수
2025-06-28,22.4,23.391428571428573,-0.9914285714285747,0.1999999999999993,False,0.0,평시,여수
2025-06-29,22.6,23.48857142857143,-0.8885714285714279,0.20000000000000284,False,0.0,평시,여수
2025-06-30,22.7,23.58857142857143,-0.8885714285714315,0.09999999999999787,False,0.0,평시,여수
2025-07-01,22.6,23.697142857142858,-1.097142857142856,-0.09999999999999787,False,0.0,평시,여수
2025-07-02,22.5,23.84285714285714,-1.3428571428571416,-0.10000000000000142,False,0.0,평시,여수
2025-07-03,22.8,23.997142857142858,-1.1971428571428575,0.3000000000000007,False,0.0,평시,여수
2025-07-04,23.7,24.114285714285714,-0.4142857142857146,0.8999999999999986,False,0.0,평시,여수
2025-07-05,24.6,24.197142857142858,0.4028571428571439,0.9000000000000021,False,0.0,평시,여수
2025-07-06,25.4,24.25142857142857,1.1485714285714295,0.7999999999999972,False,0.0,평시,여수
2025-07-07,24.1,24.297142857142855,-0.19714285714285396,-1.2999999999999972,False,0.0,평시,여수
2025-07-08,22.9,24.34857142857143,-1.4485714285714302,-1.2000000000000028,False,0.0,평시,여수
2025-07-09,23.2,24.357142857142858,-1.1571428571428584,0.3000000000000007,False,0.0,평시,여수
2025-07-10,23.3,24.33142857142857,-1.0314285714285703,0.10000000000000142,False,0.0,평시,여수
2025-07-11,24.0,24.322857142857146,-0.3228571428571456,0.6999999999999993,False,0.0,평시,여수
2025-07-12,24.0,24.377142857142857,-0.3771428571428572,0.0,False,0.0,평시,여수
2025-07-13,24.1,24.43714285714286,-0.3371428571428581,0.10000000000000142,False,0.0,평시,여수
2025-07-14,24.1,24.502857142857142,-0.40285714285714036,0.0,False,0.0,평시,여수
2025-07-15,25.0,24.531428571428574,0.4685714285714262,0.8999999999999986,False,0.0,평시,여수
2025-07-16,25.0,24.57714285714286,0.42285714285713993,0.0,False,0.0,평시,여수
2025-07-17,24.9,24.59714285714286,0.30285714285713894,-0.10000000000000142,False,0.0,평시,여수
2025-07-18,24.7,24.640000000000004,0.05999999999999517,-0.1999999999999993,False,0.0,평시,여수
2025-07-19,25.2,24.682857142857145,0.5171428571428542,0.5,False,0.0,평시,여수
2025-07-20,25.3,24.751428571428573,0.548571428571428,0.10000000000000142,False,0.0,평시,여수
2025-07-21,25.5,24.848571428571425,0.6514285714285748,0.1999999999999993,False,0.0,평시,여수
2025-07-22,26.2,24.942857142857143,1.2571428571428562,0.6999999999999993,False,0.0,평시,여수
2025-07-23,26.4,25.02,1.379999999999999,0.1999999999999993,False,0.0,평시,여수
2025-07-24,26.4,25.145714285714288,1.254285714285711,0.0,False,0.0,평시,여수
2025-07-25,26.6,25.274285714285714,1.3257142857142874,0.20000000000000284,False,0.0,평시,여수
2025-07-26,26.8,25.40571428571429,1.3942857142857115,0.1999999999999993,False,0.0,평시,여수
2025-07-27,27.1,25.554285714285715,1.5457142857142863,0.3000000000000007,False,0.0,평시,여수
2025-07-28,27.2,25.674285714285716,1.5257142857142831,0.09999999999999787,False,0.0,평시,여수
2025-07-29,27.5,25.82,1.6799999999999997,0.3000000000000007,False,0.0,평시,여수
2025-07-30,27.8,25.997142857142858,1.8028571428571425,0.3000000000000007,False,0.0,평시,여수
2025-07-31,27.9,26.16857142857143,1.7314285714285695,0.09999999999999787,False,0.0,평시,여수
2025-08-01,28.1,26.34285714285714,1.7571428571428598,0.20000000000000284,False,2.0,주의보,여수
2025-08-02,28.3,26.525714285714287,1.774285714285714,0.1999999999999993,False,2.0,주의보,여수
2025-08-03,28.6,26.705714285714283,1.8942857142857186,0.3000000000000007,True,3.0,경보,여수
2025-08-04,29.1,26.90285714285714,2.197142857142861,0.5,True,3.0,경보,여수
2025-08-05,29.4,27.129411764705882,2.2705882352941167,0.29999999999999716,True,3.0,경보,여수
2025-08-06,29.4,27.293939393939393,2.1060606060606055,0.0,True,3.0,경보,여수
2025-08-07,29.3,27.403125000000003,1.8968749999999979,-0.09999999999999787,True,3.0,경보,여수
2025-08-08,28.5,27.41290322580645,1.0870967741935509,-0.8000000000000007,True,3.0,경보,여수
2025-08-09,27.9,27.313333333333336,0.5866666666666625,-0.6000000000000014,False,0.0,평시,여수
2025-08-10,26.6,27.124137931034486,-0.5241379310344847,-1.2999999999999972,False,0.0,평시,여수
2025-08-11,25.7,26.889285714285716,-1.1892857142857167,-0.9000000000000021,False,0.0,평시,여수
2025-08-12,25.0,26.632142857142863,-1.6321428571428633,-0.6999999999999993,False,0.0,평시,여수
2025-08-13,24.7,26.46428571428572,-1.7642857142857196,-0.3000000000000007,False,0.0,평시,여수
2025-08-14,25.1,26.37142857142857,-1.2714285714285687,0.40000000000000213,False,0.0,평시,여수
2025-08-15,25.2,26.339285714285715,-1.139285714285716,0.09999999999999787,False,0.0,평시,여수
2025-08-16,25.3,26.375,-1.0749999999999993,0.10000000000000142,False,0.0,평시,여수
2025-08-17,25.4,26.475,-1.0750000000000028,0.09999999999999787,False,0.0,평시,여수
2025-08-18,25.0,26.532142857142855,-1.5321428571428548,-0.3999999999999986,False,0.0,평시,여수
2025-08-19,25.1,26.575,-1.4749999999999979,0.10000000000000142,False,0.0,평시,여수
2025-08-20,25.1,26.62857142857143,-1.5285714285714285,0.0,False,0.0,평시,여수
2025-08-21,24.8,26.632142857142856,-1.8321428571428555,-0.3000000000000007,False,0.0,평시,여수
2025-08-22,25.2,26.639285714285712,-1.4392857142857132,0.3999999999999986,False,0.0,평시,여수
2025-08-23,25.8,26.64642857142857,-0.846428571428568,0.6000000000000014,False,0.0,평시,여수
2025-08-24,25.8,26.625,-0.8249999999999993,0.0,False,0.0,평시,여수
2025-08-25,25.7,26.632142857142856,-0.9321428571428569,-0.10000000000000142,False,0.0,평시,여수
2025-08-26,25.7,26.58214285714286,-0.8821428571428598,0.0,False,0.0,평시,여수
2025-08-27,25.3,26.485714285714288,-1.1857142857142868,-0.3999999999999986,False,0.0,평시,여수
2025-08-28,24.9,26.414285714285715,-1.514285714285716,-0.40000000000000213,False,0.0,평시,여수
2025-08-29,24.5,26.339285714285715,-1.8392857142857153,-0.3999999999999986,False,0.0,평시,여수
2025-08-30,24.7,26.246428571428567,-1.5464285714285673,0.1999999999999993,False,0.0,평시,여수
2025-08-31,24.4,26.12142857142857,-1.7214285714285715,-0.3000000000000007,False,0.0,평시,여수
2025-09-01,23.9,26.12222222222222,-2.2222222222222214,-0.5,False,0.0,평시,여수
2025-09-02,24.3,26.123076923076926,-1.8230769230769255,0.40000000000000213,False,0.0,평시,여수
2025-09-03,24.2,26.136,-1.936,-0.10000000000000142,False,0.0,평시,여수
2025-09-04,24.4,26.243999999999996,-1.8439999999999976,0.1999999999999993,False,0.0,평시,여수
2025-09-05,24.1,26.34,-2.2399999999999984,-0.29999999999999716,False,0.0,평시,여수
2025-09-06,24.9,26.504166666666663,-1.6041666666666643,0.7999999999999972,False,0.0,평시,여수
2025-09-07,25.8,26.73478260869565,-0.9347826086956488,0.9000000000000021,False,0.0,평시,여수
2025-09-08,25.6,26.72083333333333,-1.12083333333333,-0.1999999999999993,False,0.0,평시,여수
2025-09-09,,26.76,,,False,,판정불가,여수
2025-09-10,,26.780769230769234,,,False,,판정불가,여수
2025-09-11,24.0,26.72307692307692,-2.7230769230769205,,False,0.0,평시,여수
2025-09-12,23.9,26.669230769230772,-2.7692307692307736,-0.10000000000000142,False,0.0,평시,여수
2025-09-13,24.0,26.54814814814815,-2.548148148148151,0.10000000000000142,False,0.0,평시,여수
2025-09-14,24.2,26.442857142857147,-2.2428571428571473,0.1999999999999993,False,0.0,평시,여수
2025-09-15,24.1,26.435714285714287,-2.3357142857142854,-0.09999999999999787,False,0.0,평시,여수
2025-09-16,24.2,26.42142857142857,-2.2214285714285715,0.09999999999999787,False,0.0,평시,여수
2025-09-17,24.9,26.389285714285712,-1.4892857142857139,0.6999999999999993,False,0.0,평시,여수
2025-09-18,25.1,26.268965517241377,-1.168965517241375,0.20000000000000284,False,0.0,평시,여수
2025-09-19,24.8,26.116666666666667,-1.3166666666666664,-0.3000000000000007,False,0.0,평시,여수
2025-09-20,24.6,25.94516129032258,-1.3451612903225794,-0.1999999999999993,False,0.0,평시,여수
2025-09-21,24.4,25.715625,-1.3156250000000007,-0.20000000000000284,False,0.0,평시,여수
2025-09-22,24.1,25.454545454545453,-1.3545454545454518,-0.29999999999999716,False,0.0,평시,여수
2025-09-23,23.9,25.202941176470585,-1.3029411764705863,-0.20000000000000284,False,0.0,평시,여수
2025-09-24,23.8,24.99142857142857,-1.1914285714285704,-0.09999999999999787,False,0.0,평시,여수
2025-09-25,23.8,24.837142857142855,-1.0371428571428538,0.0,False,0.0,평시,여수
2025-09-26,23.8,24.725714285714282,-0.9257142857142817,0.0,False,0.0,평시,여수
2025-09-27,23.9,24.651428571428575,-0.7514285714285762,0.09999999999999787,False,0.0,평시,여수
2025-09-28,24.0,24.625714285714285,-0.6257142857142846,0.10000000000000142,False,0.0,평시,여수
2025-09-29,23.9,24.60285714285714,-0.7028571428571411,-0.10000000000000142,False,0.0,평시,여수
2025-09-30,24.0,24.554285714285715,-0.5542857142857152,0.10000000000000142,False,0.0,평시,여수
2025-10-01,24.0,24.468571428571426,-0.4685714285714262,0.0,False,0.0,평시,여수
2025-10-02,24.0,24.359999999999996,-0.3599999999999959,0.0,False,0.0,평시,여수
2025-10-03,23.8,24.228571428571424,-0.4285714285714235,-0.1999999999999993,False,0.0,평시,여수
2025-10-04,23.6,24.051428571428566,-0.45142857142856485,-0.1999999999999993,False,0.0,평시,여수
2025-10-05,23.8,23.845714285714283,-0.04571428571428271,0.1999999999999993,False,0.0,평시,여수
2025-10-06,24.0,23.622857142857143,0.3771428571428572,0.1999999999999993,False,0.0,평시,여수
2025-10-07,23.9,23.388571428571424,0.5114285714285742,-0.10000000000000142,False,0.0,평시,여수
2025-10-08,23.9,23.15714285714286,0.7428571428571402,0.0,False,0.0,평시,여수
2025-10-09,23.6,22.917142857142856,0.682857142857145,-0.29999999999999716,False,0.0,평시,여수
2025-10-10,23.3,22.705714285714286,0.5942857142857143,-0.3000000000000007,False,0.0,평시,여수
2025-10-11,23.2,22.54,0.6600000000000001,-0.10000000000000142,False,0.0,평시,여수
2025-10-12,23.3,22.402857142857144,0.8971428571428568,0.10000000000000142,False,0.0,평시,여수
2025-10-13,23.5,22.29714285714286,1.202857142857141,0.1999999999999993,False,0.0,평시,여수
2025-10-14,23.6,22.168571428571433,1.4314285714285688,0.10000000000000142,False,0.0,평시,여수
2025-10-15,23.4,22.008571428571432,1.3914285714285661,-0.20000000000000284,False,0.0,평시,여수
2025-10-16,23.2,21.837142857142858,1.3628571428571412,-0.1999999999999993,False,0.0,평시,여수
2025-10-17,23.2,21.597142857142856,1.6028571428571432,0.0,False,0.0,평시,여수
2025-10-18,23.2,21.282857142857143,1.9171428571428564,0.0,False,0.0,평시,여수
2025-10-19,22.8,20.937142857142852,1.8628571428571483,-0.3999999999999986,False,0.0,평시,여수
2025-10-20,22.4,20.577142857142857,1.822857142857142,-0.40000000000000213,False,0.0,평시,여수
2025-10-21,21.8,20.251428571428566,1.5485714285714351,-0.5999999999999979,False,0.0,평시,여수
2025-10-22,21.3,19.968571428571426,1.3314285714285745,-0.5,False,0.0,평시,여수
2025-10-23,21.1,19.714285714285715,1.3857142857142861,-0.1999999999999993,False,0.0,평시,여수
2025-10-24,21.0,19.522857142857145,1.477142857142855,-0.10000000000000142,False,0.0,평시,여수
2025-10-25,20.9,19.380000000000003,1.519999999999996,-0.10000000000000142,False,0.0,평시,여수
2025-10-26,20.7,19.257142857142856,1.442857142857143,-0.1999999999999993,False,0.0,평시,여수
2025-10-27,20.0,19.134285714285713,0.8657142857142865,-0.6999999999999993,False,0.0,평시,여수
2025-10-28,19.2,19.03142857142857,0.16857142857142904,-0.8000000000000007,False,0.0,평시,여수
2025-10-29,18.8,18.92571428571429,-0.1257142857142881,-0.3999999999999986,False,0.0,평시,여수
2025-10-30,18.4,18.81142857142857,-0.4114285714285728,-0.40000000000000213,False,0.0,평시,여수
2025-10-31,18.4,18.685714285714287,-0.28571428571428825,0.0,False,0.0,평시,여수
2025-11-01,18.2,18.568571428571428,-0.36857142857142833,-0.1999999999999993,False,0.0,평시,여수
2025-11-02,17.9,18.445714285714285,-0.5457142857142863,-0.3000000000000007,False,0.0,평시,여수
2025-11-03,17.3,18.302857142857146,-1.0028571428571453,-0.5999999999999979,False,0.0,평시,여수
2025-11-04,17.2,18.122857142857146,-0.922857142857147,-0.10000000000000142,False,0.0,평시,여수
2025-11-05,17.5,17.937142857142856,-0.43714285714285595,0.3000000000000007,False,0.0,평시,여수
2025-11-06,17.7,17.75142857142857,-0.051428571428569825,0.1999999999999993,False,0.0,평시,여수
2025-11-07,17.9,17.560000000000002,0.3399999999999963,0.1999999999999993,False,0.0,평시,여수
2025-11-08,17.9,17.334285714285716,0.5657142857142823,0.0,False,0.0,평시,여수
2025-11-09,17.7,17.085714285714285,0.6142857142857139,-0.1999999999999993,False,0.0,평시,여수
2025-11-10,17.5,16.837142857142858,0.6628571428571419,-0.1999999999999993,False,0.0,평시,여수
2025-11-11,17.0,16.602857142857143,0.3971428571428568,-0.5,False,0.0,평시,여수
2025-11-12,16.5,16.36857142857143,0.13142857142857167,-0.5,False,0.0,평시,여수
2025-11-13,16.2,16.139999999999997,0.060000000000002274,-0.3000000000000007,False,0.0,평시,여수
2025-11-14,16.0,15.917142857142855,0.0828571428571454,-0.1999999999999993,False,0.0,평시,여수
2025-11-15,15.8,15.657142857142857,0.14285714285714413,-0.1999999999999993,False,0.0,평시,여수
2025-11-16,15.8,15.382857142857143,0.41714285714285815,0.0,False,0.0,평시,여수
2025-11-17,15.6,15.151428571428573,0.4485714285714266,-0.20000000000000107,False,0.0,평시,여수
2025-11-18,14.5,14.945714285714287,-0.4457142857142866,-1.0999999999999996,False,0.0,평시,여수
2025-11-19,13.9,14.757142857142858,-0.8571428571428577,-0.5999999999999996,False,0.0,평시,여수
2025-11-20,13.6,14.551428571428572,-0.951428571428572,-0.3000000000000007,False,0.0,평시,여수
2025-11-21,13.7,14.34,-0.6400000000000006,0.09999999999999964,False,0.0,평시,여수
2025-11-22,13.6,14.182857142857141,-0.5828571428571419,-0.09999999999999964,False,0.0,평시,여수
2025-11-23,13.7,14.065714285714284,-0.36571428571428477,0.09999999999999964,False,0.0,평시,여수
2025-11-24,13.9,13.905714285714286,-0.005714285714285339,0.20000000000000107,False,0.0,평시,여수
2025-11-25,14.0,13.702857142857141,0.29714285714285893,0.09999999999999964,False,0.0,평시,여수
2025-11-26,13.7,13.491428571428571,0.20857142857142819,-0.3000000000000007,False,0.0,평시,여수
2025-11-27,13.4,13.262857142857143,0.137142857142857,-0.29999999999999893,False,0.0,평시,여수
2025-11-28,12.8,12.982857142857144,-0.18285714285714327,-0.5999999999999996,False,0.0,평시,여수
2025-11-29,12.5,12.662857142857142,-0.16285714285714192,-0.3000000000000007,False,0.0,평시,여수
2025-11-30,12.6,12.348571428571429,0.2514285714285709,0.09999999999999964,False,0.0,평시,여수
2025-12-01,12.8,12.04,0.7600000000000016,0.20000000000000107,False,0.0,평시,여수
2025-12-02,12.4,11.754285714285714,0.6457142857142859,-0.40000000000000036,False,0.0,평시,여수
2025-12-03,11.9,11.468571428571428,0.4314285714285724,-0.5,False,0.0,평시,여수
2025-12-04,11.0,11.231428571428571,-0.23142857142857132,-0.9000000000000004,False,0.0,평시,여수
2025-12-05,10.9,11.059999999999999,-0.15999999999999837,-0.09999999999999964,False,0.0,평시,여수
2025-12-06,10.9,10.942857142857143,-0.042857142857142705,0.0,False,0.0,평시,여수
2025-12-07,11.2,10.848571428571429,0.35142857142857054,0.29999999999999893,False,0.0,평시,여수
2025-12-08,11.5,10.78857142857143,0.71142857142857,0.3000000000000007,False,0.0,평시,여수
2025-12-09,11.2,10.748571428571429,0.4514285714285702,-0.3000000000000007,False,0.0,평시,여수
2025-12-10,11.0,10.665714285714285,0.3342857142857145,-0.1999999999999993,False,0.0,평시,여수
2025-12-11,10.8,10.520000000000001,0.27999999999999936,-0.1999999999999993,False,0.0,평시,여수
2025-12-12,10.7,10.342857142857143,0.3571428571428559,-0.10000000000000142,False,0.0,평시,여수
2025-12-13,10.1,10.185714285714285,-0.08571428571428541,-0.5999999999999996,False,0.0,평시,여수
2025-12-14,9.8,9.98,-0.17999999999999972,-0.29999999999999893,False,0.0,평시,여수
2025-12-15,9.4,9.694285714285714,-0.2942857142857136,-0.40000000000000036,False,0.0,평시,여수
2025-12-16,9.3,9.365714285714285,-0.06571428571428406,-0.09999999999999964,False,0.0,평시,여수
2025-12-17,9.5,9.105714285714283,0.3942857142857168,0.1999999999999993,False,0.0,평시,여수
2025-12-18,9.4,8.894285714285713,0.5057142857142871,-0.09999999999999964,False,0.0,평시,여수
2025-12-19,9.4,8.69142857142857,0.70857142857143,0.0,False,0.0,평시,여수
2025-12-20,9.9,8.44,1.4600000000000009,0.5,False,0.0,평시,여수
2025-12-21,9.8,8.231428571428571,1.5685714285714294,-0.09999999999999964,False,0.0,평시,여수
2025-12-22,9.4,8.074285714285713,1.3257142857142874,-0.40000000000000036,False,0.0,평시,여수
2025-12-23,9.2,7.905714285714286,1.2942857142857136,-0.20000000000000107,False,0.0,평시,여수
2025-12-24,9.5,7.702857142857142,1.797142857142858,0.3000000000000007,False,0.0,평시,여수
2025-12-25,9.3,7.534285714285714,1.765714285714287,-0.1999999999999993,False,0.0,평시,여수
2025-12-26,8.2,7.411428571428573,0.7885714285714265,-1.1000000000000014,False,0.0,평시,여수
2025-12-27,7.4,7.351428571428571,0.04857142857142893,-0.7999999999999989,False,0.0,평시,여수
2025-12-28,7.4,7.268571428571429,0.13142857142857167,0.0,False,0.0,평시,여수
2025-12-29,7.6,7.150000000000001,0.4499999999999984,0.1999999999999993,False,0.0,평시,여수
2025-12-30,7.9,7.086111111111112,0.8138888888888882,0.3000000000000007,False,0.0,평시,여수
2025-12-31,7.9,7.041666666666667,0.8583333333333334,0.0,False,0.0,평시,여수
2026-01-01,7.6,6.955555555555557,0.644444444444443,-0.3000000000000007,False,0.0,평시,여수
2021-01-01,11.9,12.21111111111111,-0.31111111111111,,False,0.0,평시,통영
2021-01-02,11.9,12.11111111111111,-0.21111111111111036,0.0,False,0.0,평시,통영
2021-01-03,11.9,12.02222222222222,-0.12222222222222001,0.0,False,0.0,평시,통영
2021-01-04,11.8,11.927777777777777,-0.12777777777777644,-0.09999999999999964,False,0.0,평시,통영
2021-01-05,11.8,11.825714285714287,-0.02571428571428669,0.0,False,0.0,평시,통영
2021-01-06,11.8,11.762857142857143,0.037142857142857366,0.0,False,0.0,평시,통영
2021-01-07,11.6,11.702857142857143,-0.1028571428571432,-0.20000000000000107,False,0.0,평시,통영
2021-01-08,11.4,11.645714285714284,-0.24571428571428378,-0.1999999999999993,False,0.0,평시,통영
2021-01-09,11.2,11.579999999999998,-0.379999999999999,-0.20000000000000107,False,0.0,평시,통영
2021-01-10,11.1,11.517142857142856,-0.41714285714285637,-0.09999999999999964,False,0.0,평시,통영
2021-01-11,11.1,11.47142857142857,-0.3714285714285701,0.0,False,0.0,평시,통영
2021-01-12,11.1,11.44857142857143,-0.34857142857143053,0.0,False,0.0,평시,통영
2021-01-13,10.9,11.428571428571427,-0.5285714285714267,-0.1999999999999993,False,0.0,평시,통영
2021-01-14,10.9,11.402857142857142,-0.5028571428571418,0.0,False,0.0,평시,통영
2021-01-15,11.1,11.371428571428572,-0.27142857142857224,0.1999999999999993,False,0.0,평시,통영
2021-01-16,11.3,11.334285714285715,-0.03428571428571381,0.20000000000000107,False,0.0,평시,통영
2021-01-17,11.3,11.291428571428572,0.008571428571428896,0.0,False,0.0,평시,통영
2021-01-18,11.2,11.234285714285715,-0.034285714285715585,-0.10000000000000142,False,0.0,평시,통영
2021-01-19,11.1,11.16,-0.0600000000000005,-0.09999999999999964,False,0.0,평시,통영
2021-01-20,11.0,11.091428571428573,-0.09142857142857252,-0.09999999999999964,False,0.0,평시,통영
2021-01-21,11.0,11.022857142857145,-0.022857142857144908,0.0,False,0.0,평시,통영
2021-01-22,10.9,10.965714285714286,-0.06571428571428584,-0.09999999999999964,False,0.0,평시,통영
2021-01-23,11.0,10.92,0.08000000000000007,0.09999999999999964,False,0.0,평시,통영
2021-01-24,11.1,10.877142857142855,0.2228571428571442,0.09999999999999964,False,0.0,평시,통영
2021-01-25,11.2,10.834285714285715,0.36571428571428477,0.09999999999999964,False,0.0,평시,통영
2021-01-26,11.2,10.785714285714286,0.4142857142857128,0.0,False,0.0,평시,통영
2021-01-27,11.1,10.731428571428573,0.36857142857142655,-0.09999999999999964,False,0.0,평시,통영
2021-01-28,11.1,10.694285714285714,0.4057142857142857,0.0,False,0.0,평시,통영
2021-01-29,10.9,10.657142857142857,0.24285714285714377,-0.1999999999999993,False,0.0,평시,통영
2021-01-30,11.0,10.617142857142856,0.38285714285714434,0.09999999999999964,False,0.0,평시,통영
2021-01-31,11.1,10.582857142857142,0.5171428571428578,0.09999999999999964,False,0.0,평시,통영
2021-02-01,11.2,10.554285714285715,0.6457142857142841,0.09999999999999964,False,0.0,평시,통영
2021-02-02,11.1,10.534285714285716,0.5657142857142841,-0.09999999999999964,False,0.0,평시,통영
2021-02-03,11.0,10.525714285714287,0.4742857142857133,-0.09999999999999964,False,0.0,평시,통영
2021-02-04,11.1,10.508571428571429,0.5914285714285707,0.09999999999999964,False,0.0,평시,통영
2021-02-05,11.0,10.491428571428571,0.5085714285714289,-0.09999999999999964,False,0.0,평시,통영
2021-02-06,11.1,10.482857142857144,0.6171428571428557,0.09999999999999964,False,0.0,평시,통영
2021-02-07,11.1,10.485714285714284,0.6142857142857157,0.0,False,0.0,평시,통영
2021-02-08,11.1,10.494285714285715,0.605714285714285,0.0,False,0.0,평시,통영
2021-02-09,11.0,10.51142857142857,0.4885714285714293,-0.09999999999999964,False,0.0,평시,통영
2021-02-10,11.0,10.540000000000001,0.4599999999999991,0.0,False,0.0,평시,통영
2021-02-11,11.0,10.585714285714287,0.4142857142857128,0.0,False,0.0,평시,통영
2021-02-12,11.0,10.634285714285713,0.36571428571428655,0.0,False,0.0,평시,통영
2021-02-13,11.2,10.677142857142856,0.5228571428571431,0.1999999999999993,False,0.0,평시,통영
2021-02-14,11.2,10.705714285714286,0.4942857142857129,0.0,False,0.0,평시,통영
2021-02-15,11.2,10.731428571428571,0.468571428571428,0.0,False,0.0,평시,통영
2021-02-16,11.1,10.757142857142858,0.34285714285714164,-0.09999999999999964,False,0.0,평시,통영
2021-02-17,10.9,10.771428571428572,0.12857142857142811,-0.1999999999999993,False,0.0,평시,통영
2021-02-18,10.7,10.76,-0.0600000000000005,-0.20000000000000107,False,0.0,평시,통영
2021-02-19,10.6,10.737142857142857,-0.137142857142857,-0.09999999999999964,False,0.0,평시,통영
2021-02-20,10.8,10.714285714285715,0.08571428571428541,0.20000000000000107,False,0.0,평시,통영
2021-02-21,10.9,10.685714285714287,0.21428571428571352,0.09999999999999964,False,0.0,평시,통영
2021-02-22,10.9,10.654285714285715,0.24571428571428555,0.0,False,0.0,평시,통영
2021-02-23,11.0,10.614285714285716,0.38571428571428434,0.09999999999999964,False,0.0,평시,통영
2021-02-24,11.1,10.577142857142857,0.5228571428571431,0.09999999999999964,False,0.0,평시,통영
2021-02-25,11.1,10.557142857142857,0.5428571428571427,0.0,False,0.0,평시,통영
2021-02-26,11.1,10.569444444444443,0.5305555555555568,0.0,False,0.0,평시,통영
2021-02-27,11.1,10.569444444444445,0.530555555555555,0.0,False,0.0,평시,통영
2021-02-28,11.0,10.580555555555556,0.4194444444444443,-0.09999999999999964,False,0.0,평시,통영
2021-03-01,11.0,10.6,0.40000000000000036,0.0,False,0.0,평시,통영
2021-03-02,11.0,10.625000000000002,0.3749999999999982,0.0,False,0.0,평시,통영
2021-03-03,11.0,10.647222222222222,0.35277777777777786,0.0,False,0.0,평시,통영
2021-03-04,11.1,10.669444444444444,0.43055555555555536,0.09999999999999964,False,0.0,평시,통영
2021-03-05,11.1,10.682857142857143,0.41714285714285637,0.0,False,0.0,평시,통영
2021-03-06,11.3,10.717142857142857,0.5828571428571436,0.20000000000000107,False,0.0,평시,통영
2021-03-07,11.3,10.762857142857143,0.5371428571428574,0.0,False,0.0,평시,통영
2021-03-08,11.4,10.817142857142859,0.5828571428571419,0.09999999999999964,False,0.0,평시,통영
2021-03-09,11.4,10.885714285714286,0.5142857142857142,0.0,False,0.0,평시,통영
2021-03-10,11.5,10.962857142857143,0.5371428571428574,0.09999999999999964,False,0.0,평시,통영
2021-03-11,11.6,11.045714285714284,0.5542857142857152,0.09999999999999964,False,0.0,평시,통영
2021-03-12,11.6,11.128571428571428,0.47142857142857153,0.0,False,0.0,평시,통영
2021-03-13,11.6,11.217142857142859,0.3828571428571408,0.0,False,0.0,평시,통영
2021-03-14,11.8,11.297142857142859,0.5028571428571418,0.20000000000000107,False,0.0,평시,통영
2021-03-15,11.9,11.371428571428572,0.5285714285714285,0.09999999999999964,False,0.0,평시,통영
2021-03-16,12.1,11.437142857142858,0.6628571428571419,0.1999999999999993,False,0.0,평시,통영
2021-03-17,12.1,11.488571428571428,0.6114285714285721,0.0,False,0.0,평시,통영
2021-03-18,12.2,11.537142857142856,0.6628571428571437,0.09999999999999964,False,0.0,평시,통영
2021-03-19,12.3,11.588571428571427,0.7114285714285735,0.10000000000000142,False,0.0,평시,통영
2021-03-20,12.2,11.639999999999999,0.5600000000000005,-0.10000000000000142,False,0.0,평시,통영
2021-03-21,12.2,11.697142857142856,0.5028571428571436,0.0,False,0.0,평시,통영
2021-03-22,12.1,11.76,0.33999999999999986,-0.09999999999999964,False,0.0,평시,통영
2021-03-23,12.1,11.82857142857143,0.27142857142857046,0.0,False,0.0,평시,통영
2021-03-24,12.1,11.92,0.17999999999999972,0.0,False,0.0,평시,통영
2021-03-25,12.3,12.005714285714287,0.2942857142857136,0.20000000000000107,False,0.0,평시,통영
2021-03-26,12.4,12.09142857142857,0.3085714285714296,0.09999999999999964,False,0.0,평시,통영
2021-03-27,12.5,12.171428571428573,0.3285714285714274,0.09999999999999964,False,0.0,평시,통영
2021-03-28,12.6,12.257142857142858,0.34285714285714164,0.09999999999999964,False,0.0,평시,통영
2021-03-29,12.8,12.340000000000002,0.4599999999999991,0.20000000000000107,False,0.0,평시,통영
2021-03-30,12.9,12.422857142857143,0.47714285714285687,0.09999999999999964,False,0.0,평시,통영
2021-03-31,12.9,12.497142857142858,0.40285714285714214,0.0,False,0.0,평시,통영
2021-04-01,12.9,12.580000000000002,0.3199999999999985,0.0,False,0.0,평시,통영
2021-04-02,13.0,12.648571428571428,0.3514285714285723,0.09999999999999964,False,0.0,평시,통영
2021-04-03,13.1,12.722857142857142,0.3771428571428572,0.09999999999999964,False,0.0,평시,통영
2021-04-04,13.0,12.8,0.1999999999999993,-0.09999999999999964,False,0.0,평시,통영
2021-04-05,13.1,12.871428571428574,0.22857142857142598,0.09999999999999964,False,0.0,평시,통영
2021-04-06,13.2,12.945714285714287,0.25428571428571267,0.09999999999999964,False,0.0,평시,통영
2021-04-07,13.2,13.017142857142858,0.1828571428571415,0.0,False,0.0,평시,통영
2021-04-08,13.3,13.1,0.20000000000000107,0.10000000000000142,False,0.0,평시,통영
2021-04-09,13.4,13.197142857142856,0.20285714285714462,0.09999999999999964,False,0.0,평시,통영
2021-04-10,13.4,13.285714285714286,0.11428571428571388,0.0,False,0.0,평시,통영
2021-04-11,13.5,13.354285714285716,0.14571428571428413,0.09999999999999964,False,0.0,평시,통영
2021-04-12,13.5,13.422857142857143,0.07714285714285651,0.0,False,0.0,평시,통영
2021-04-13,13.6,13.485714285714286,0.11428571428571388,0.09999999999999964,False,0.0,평시,통영
2021-04-14,13.6,13.557142857142857,0.042857142857142705,0.0,False,0.0,평시,통영
2021-04-15,13.6,13.617142857142857,-0.017142857142857792,0.0,False,0.0,평시,통영
2021-04-16,13.8,13.67142857142857,0.1285714285714299,0.20000000000000107,False,0.0,평시,통영
2021-04-17,14.0,13.737142857142857,0.26285714285714334,0.1999999999999993,False,0.0,평시,통영
2021-04-18,14.0,13.831428571428573,0.16857142857142726,0.0,False,0.0,평시,통영
2021-04-19,14.1,13.937142857142858,0.16285714285714192,0.09999999999999964,False,0.0,평시,통영
2021-04-20,14.3,14.025714285714288,0.27428571428571225,0.20000000000000107,False,0.0,평시,통영
2021-04-21,14.6,14.102857142857143,0.49714285714285644,0.29999999999999893,False,0.0,평시,통영
2021-04-22,14.9,14.177142857142858,0.7228571428571424,0.3000000000000007,False,0.0,평시,통영
2021-04-23,14.7,14.248571428571429,0.4514285714285702,-0.20000000000000107,False,0.0,평시,통영
2021-04-24,14.6,14.317142857142857,0.2828571428571429,-0.09999999999999964,False,0.0,평시,통영
2021-04-25,14.7,14.38,0.3199999999999985,0.09999999999999964,False,0.0,평시,통영
2021-04-26,14.7,14.428571428571429,0.27142857142857046,0.0,False,0.0,평시,통영
2021-04-27,14.7,14.494285714285713,0.2057142857142864,0.0,False,0.0,평시,통영
2021-04-28,14.7,14.557142857142859,0.14285714285714057,0.0,False,0.0,평시,통영
2021-04-29,14.8,14.622857142857141,0.1771428571428597,0.10000000000000142,False,0.0,평시,통영
2021-04-30,14.9,14.702857142857141,0.19714285714285928,0.09999999999999964,False,0.0,평시,통영
2021-05-01,14.9,14.771428571428572,0.12857142857142811,0.0,False,0.0,평시,통영
2021-05-02,14.9,14.825714285714286,0.07428571428571473,0.0,False,0.0,평시,통영
2021-05-03,15.2,14.902857142857144,0.2971428571428554,0.29999999999999893,False,0.0,평시,통영
2021-05-04,15.2,14.985714285714286,0.21428571428571352,0.0,False,0.0,평시,통영
2021-05-05,15.4,15.068571428571428,0.33142857142857274,0.20000000000000107,False,0.0,평시,통영
2021-05-06,15.6,15.145714285714282,0.4542857142857173,0.1999999999999993,False,0.0,평시,통영
2021-05-07,15.6,15.217142857142857,0.38285714285714256,0.0,False,0.0,평시,통영
2021-05-08,15.7,15.299999999999997,0.40000000000000213,0.09999999999999964,False,0.0,평시,통영
2021-05-09,15.6,15.391428571428573,0.2085714285714264,-0.09999999999999964,False,0.0,평시,통영
2021-05-10,15.7,15.471428571428572,0.22857142857142776,0.09999999999999964,False,0.0,평시,통영
2021-05-11,15.7,15.557142857142857,0.14285714285714235,0.0,False,0.0,평시,통영
2021-05-12,15.7,15.66285714285714,0.03714285714285914,0.0,False,0.0,평시,통영
2021-05-13,15.9,15.762857142857142,0.1371428571428588,0.20000000000000107,False,0.0,평시,통영
2021-05-14,16.2,15.851428571428574,0.3485714285714252,0.29999999999999893,False,0.0,평시,통영
2021-05-15,16.4,15.945714285714287,0.45428571428571196,0.1999999999999993,False,0.0,평시,통영
2021-05-16,16.2,16.051428571428573,0.1485714285714259,-0.1999999999999993,False,0.0,평시,통영
2021-05-17,16.2,16.145714285714288,0.054285714285711606,0.0,False,0.0,평시,통영
2021-05-18,16.2,16.242857142857147,-0.042857142857148034,0.0,False,0.0,평시,통영
2021-05-19,16.5,16.345714285714287,0.15428571428571303,0.3000000000000007,False,0.0,평시,통영
2021-05-20,16.7,16.437142857142856,0.26285714285714334,0.1999999999999993,False,0.0,평시,통영
2021-05-21,16.7,16.53142857142857,0.16857142857142904,0.0,False,0.0,평시,통영
2021-05-22,16.7,16.611428571428572,0.08857142857142719,0.0,False,0.0,평시,통영
2021-05-23,16.8,16.677142857142858,0.12285714285714278,0.10000000000000142,False,0.0,평시,통영
2021-05-24,16.8,16.765714285714285,0.034285714285715585,0.0,False,0.0,평시,통영
2021-05-25,16.8,16.845714285714287,-0.04571428571428626,0.0,False,0.0,평시,통영
2021-05-26,16.8,16.922857142857143,-0.12285714285714278,0.0,False,0.0,평시,통영
2021-05-27,16.6,17.017142857142854,-0.4171428571428528,-0.1999999999999993,False,0.0,평시,통영
2021-05-28,16.5,17.134285714285713,-0.6342857142857135,-0.10000000000000142,False,0.0,평시,통영
2021-05-29,16.8,17.265714285714285,-0.4657142857142844,0.3000000000000007,False,0.0,평시,통영
2021-05-30,17.0,17.39428571428571,-0.39428571428571146,0.1999999999999993,False,0.0,평시,통영
2021-05-31,17.2,17.517142857142858,-0.3171428571428585,0.1999999999999993,False,0.0,평시,통영
2021-06-01,17.5,17.634285714285717,-0.134285714285717,0.3000000000000007,False,0.0,평시,통영
2021-06-02,17.8,17.731428571428577,0.06857142857142406,0.3000000000000007,False,0.0,평시,통영
2021-06-03,17.9,17.82571428571429,0.07428571428570763,0.09999999999999787,False,0.0,평시,통영
2021-06-04,18.0,17.90571428571429,0.09428571428571075,0.10000000000000142,False,0.0,평시,통영
2021-06-05,18.2,17.98,0.21999999999999886,0.1999999999999993,False,0.0,평시,통영
2021-06-06,18.3,18.07428571428571,0.22571428571428953,0.10000000000000142,False,0.0,평시,통영
2021-06-07,18.2,18.157142857142862,0.042857142857137376,-0.10000000000000142,False,0.0,평시,통영
2021-06-08,18.5,18.240000000000002,0.259999999999998,0.3000000000000007,False,0.0,평시,통영
2021-06-09,18.8,18.331428571428567,0.4685714285714333,0.3000000000000007,False,0.0,평시,통영
2021-06-10,18.6,18.42285714285714,0.1771428571428615,-0.1999999999999993,False,0.0,평시,통영
2021-06-11,18.3,18.52,-0.21999999999999886,-0.3000000000000007,False,0.0,평시,통영
2021-06-12,18.6,18.637142857142855,-0.03714285714285381,0.3000000000000007,False,0.0,평시,통영
2021-06-13,18.2,18.742857142857144,-0.5428571428571445,-0.40000000000000213,False,0.0,평시,통영
2021-06-14,18.4,18.83142857142857,-0.4314285714285724,0.1999999999999993,False,0.0,평시,통영
2021-06-15,18.5,18.914285714285718,-0.41428571428571814,0.10000000000000142,False,0.0,평시,통영
2021-06-16,18.8,19.014285714285716,-0.2142857142857153,0.3000000000000007,False,0.0,평시,통영
2021-06-17,18.6,19.12,-0.5199999999999996,-0.1999999999999993,False,0.0,평시,통영
2021-06-18,18.9,19.234285714285715,-0.3342857142857163,0.29999999999999716,False,0.0,평시,통영
2021-06-19,19.3,19.31428571428571,-0.014285714285708906,0.40000000000000213,False,0.0,평시,통영
2021-06-20,19.7,19.39428571428571,0.3057142857142878,0.3999999999999986,False,0.0,평시,통영
2021-06-21,19.9,19.485714285714284,0.4142857142857146,0.1999999999999993,False,0.0,평시,통영
2021-06-22,19.7,19.571428571428573,0.12857142857142634,-0.1999999999999993,False,0.0,평시,통영
2021-06-23,20.1,19.625714285714285,0.47428571428571686,0.40000000000000213,False,0.0,평시,통영
2021-06-24,20.0,19.677142857142854,0.3228571428571456,-0.10000000000000142,False,0.0,평시,통영
2021-06-25,19.9,19.705714285714283,0.19428571428571573,-0.10000000000000142,False,0.0,평시,통영
2021-06-26,19.9,19.745714285714286,0.15428571428571303,0.0,False,0.0,평시,통영
2021-06-27,20.0,19.82857142857143,0.17142857142857082,0.10000000000000142,False,0.0,평시,통영
2021-06-28,20.1,19.922857142857143,0.17714285714285793,0.10000000000000142,False,0.0,평시,통영
2021-06-29,20.5,20.060000000000002,0.4399999999999977,0.3999999999999986,False,0.0,평시,통영
2021-06-30,21.0,20.225714285714286,0.774285714285714,0.5,False,0.0,평시,통영
2021-07-01,21.6,20.414285714285715,1.1857142857142868,0.6000000000000014,False,0.0,평시,통영
2021-07-02,22.4,20.602857142857143,1.7971428571428554,0.7999999999999972,False,0.0,평시,통영
2021-07-03,22.6,20.774285714285714,1.8257142857142874,0.20000000000000284,False,0.0,평시,통영
2021-07-04,23.1,20.882857142857137,2.217142857142864,0.5,False,2.0,주의보,통영
2021-07-05,23.0,20.98285714285714,2.0171428571428613,-0.10000000000000142,False,2.0,주의보,통영
2021-07-06,22.8,21.045714285714286,1.7542857142857144,-0.1999999999999993,False,0.0,평시,통영
2021-07-07,22.8,21.082857142857144,1.717142857142857,0.0,False,0.0,평시,통영
2021-07-08,22.6,21.094285714285714,1.5057142857142871,-0.1999999999999993,False,0.0,평시,통영
2021-07-09,22.6,21.094285714285718,1.5057142857142836,0.0,False,0.0,평시,통영
2021-07-10,22.8,21.128571428571433,1.6714285714285673,0.1999999999999993,False,0.0,평시,통영
2021-07-11,22.6,21.202857142857145,1.3971428571428568,-0.1999999999999993,False,0.0,평시,통영
2021-07-12,22.3,21.26,1.0399999999999991,-0.3000000000000007,False,0.0,평시,통영
2021-07-13,22.4,21.32,1.0799999999999983,0.09999999999999787,False,0.0,평시,통영
2021-07-14,22.2,21.388571428571428,0.8114285714285714,-0.1999999999999993,False,0.0,평시,통영
2021-07-15,22.5,21.56470588235294,0.9352941176470608,0.3000000000000007,False,0.0,평시,통영
2021-07-16,22.6,21.74705882352941,0.8529411764705905,0.10000000000000142,False,0.0,평시,통영
2021-07-17,23.3,21.879411764705885,1.4205882352941153,0.6999999999999993,False,0.0,평시,통영
2021-07-18,24.1,22.017647058823535,2.0823529411764667,0.8000000000000007,False,2.0,주의보,통영
2021-07-19,24.9,22.191176470588236,2.708823529411763,0.7999999999999972,False,2.0,주의보,통영
2021-07-20,24.8,22.36176470588235,2.43823529411765,-0.09999999999999787,False,2.0,주의보,통영
2021-07-21,25.3,22.555882352941175,2.7441176470588253,0.5,False,2.0,주의보,통영
2021-07-22,25.4,22.602857142857143,2.7971428571428554,0.09999999999999787,False,2.0,주의보,통영
2021-07-23,25.4,22.691428571428574,2.7085714285714246,0.0,False,2.0,주의보,통영
2021-07-24,25.4,22.84285714285714,2.557142857142857,0.0,False,2.0,주의보,통영
2021-07-25,25.4,23.000000000000004,2.399999999999995,0.0,False,2.0,주의보,통영
2021-07-26,25.5,23.197142857142858,2.3028571428571425,0.10000000000000142,False,2.0,주의보,통영
2021-07-27,25.4,23.434285714285714,1.9657142857142844,-0.10000000000000142,False,0.0,평시,통영
2021-07-28,25.6,23.65142857142857,1.9485714285714302,0.20000000000000284,False,0.0,평시,통영
2021-07-29,26.1,23.84857142857143,2.2514285714285727,0.5,False,2.0,주의보,통영
2021-07-30,26.6,24.091428571428576,2.5085714285714253,0.5,False,2.0,주의보,통영
2021-07-31,27.0,24.271428571428572,2.7285714285714278,0.3999999999999986,False,2.0,주의보,통영
2021-08-01,27.1,24.371428571428574,2.7285714285714278,0.10000000000000142,False,2.0,주의보,통영
2021-08-02,27.8,24.40857142857143,3.3914285714285697,0.6999999999999993,False,3.0,경보,통영
2021-08-03,27.5,24.42285714285714,3.07714285714286,-0.3000000000000007,False,3.0,경보,통영
2021-08-04,27.7,24.49428571428572,3.2057142857142793,0.1999999999999993,False,3.0,경보,통영
2021-08-05,27.8,24.611428571428576,3.188571428571425,0.10000000000000142,False,3.0,경보,통영
2021-08-06,27.8,24.640000000000004,3.1599999999999966,0.0,False,3.0,경보,통영
2021-08-07,27.8,24.605714285714285,3.1942857142857157,0.0,False,3.0,경보,통영
2021-08-08,27.0,24.59142857142857,2.408571428571431,-0.8000000000000007,False,2.0,주의보,통영
2021-08-09,26.2,24.58,1.620000000000001,-0.8000000000000007,False,0.0,평시,통영
2021-08-10,25.9,24.542857142857144,1.357142857142854,-0.3000000000000007,False,0.0,평시,통영
2021-08-11,25.6,24.488571428571433,1.1114285714285685,-0.29999999999999716,False,0.0,평시,통영
2021-08-12,25.5,24.46857142857143,1.0314285714285703,-0.10000000000000142,False,0.0,평시,통영
2021-08-13,25.3,24.517142857142858,0.7828571428571429,-0.1999999999999993,False,0.0,평시,통영
2021-08-14,25.2,24.651428571428568,0.5485714285714316,-0.10000000000000142,False,0.0,평시,통영
2021-08-15,25.3,24.79142857142857,0.5085714285714324,0.10000000000000142,False,0.0,평시,통영
2021-08-16,25.5,24.954285714285714,0.5457142857142863,0.1999999999999993,False,0.0,평시,통영
2021-08-17,25.7,25.111428571428576,0.5885714285714236,0.1999999999999993,False,0.0,평시,통영
2021-08-18,25.6,25.194285714285712,0.40571428571428925,-0.09999999999999787,False,0.0,평시,통영
2021-08-19,25.6,25.20857142857143,0.3914285714285697,0.0,False,0.0,평시,통영
2021-08-20,25.6,25.2,0.40000000000000213,0.0,False,0.0,평시,통영
2021-08-21,25.5,25.137142857142855,0.36285714285714477,-0.10000000000000142,False,0.0,평시,통영
2021-08-22,25.7,25.071428571428573,0.6285714285714263,0.1999999999999993,False,0.0,평시,통영
2021-08-23,25.5,24.997142857142858,0.5028571428571418,-0.1999999999999993,False,0.0,평시,통영
2021-08-24,25.1,24.94,0.16000000000000014,-0.3999999999999986,False,0.0,평시,통영
2021-08-25,25.1,24.877142857142857,0.2228571428571442,0.0,False,0.0,평시,통영
2021-08-26,25.2,24.817142857142862,0.38285714285713723,0.09999999999999787,False,0.0,평시,통영
2021-08-27,25.5,24.78571428571429,0.7142857142857117,0.3000000000000007,False,0.0,평시,통영
2021-08-28,25.9,24.817142857142862,1.0828571428571365,0.3999999999999986,False,0.0,평시,통영
2021-08-29,26.1,24.851428571428574,1.2485714285714273,0.20000000000000284,False,0.0,평시,통영
2021-08-30,26.3,24.834285714285716,1.4657142857142844,0.1999999999999993,False,0.0,평시,통영
2021-08-31,26.2,24.834285714285713,1.3657142857142865,-0.10000000000000142,False,0.0,평시,통영
2021-09-01,26.7,24.894285714285715,1.8057142857142843,0.5,False,0.0,평시,통영
2021-09-02,25.9,24.962857142857143,0.937142857142856,-0.8000000000000007,False,0.0,평시,통영
2021-09-03,25.2,25.005714285714284,0.19428571428571573,-0.6999999999999993,False,0.0,평시,통영
2021-09-04,24.8,25.01714285714286,-0.21714285714286063,-0.3999999999999986,False,0.0,평시,통영
2021-09-05,24.5,24.997142857142858,-0.4971428571428582,-0.3000000000000007,False,0.0,평시,통영
2021-09-06,24.3,24.974285714285717,-0.6742857142857162,-0.1999999999999993,False,0.0,평시,통영
2021-09-07,24.1,24.885714285714286,-0.7857142857142847,-0.1999999999999993,False,0.0,평시,통영
2021-09-08,24.0,24.76285714285714,-0.7628571428571398,-0.10000000000000142,False,0.0,평시,통영
2021-09-09,23.9,24.648571428571426,-0.7485714285714273,-0.10000000000000142,False,0.0,평시,통영
2021-09-10,23.6,24.588571428571427,-0.9885714285714258,-0.29999999999999716,False,0.0,평시,통영
2021-09-11,23.4,24.579999999999995,-1.1799999999999962,-0.20000000000000284,False,0.0,평시,통영
2021-09-12,23.6,24.60285714285714,-1.0028571428571382,0.20000000000000284,False,0.0,평시,통영
2021-09-13,23.4,24.668571428571425,-1.268571428571427,-0.20000000000000284,False,0.0,평시,통영
2021-09-14,23.6,24.777142857142856,-1.1771428571428544,0.20000000000000284,False,0.0,평시,통영
2021-09-15,23.5,24.88,-1.379999999999999,-0.10000000000000142,False,0.0,평시,통영
2021-09-16,23.5,24.945714285714285,-1.4457142857142848,0.0,False,0.0,평시,통영
2021-09-17,23.2,24.905714285714286,-1.7057142857142864,-0.3000000000000007,False,0.0,평시,통영
2021-09-18,23.2,24.82857142857143,-1.62857142857143,0.0,False,0.0,평시,통영
2021-09-19,23.3,24.694285714285712,-1.3942857142857115,0.10000000000000142,False,0.0,평시,통영
2021-09-20,23.2,24.528571428571432,-1.3285714285714327,-0.10000000000000142,False,0.0,평시,통영
2021-09-21,23.2,24.337142857142855,-1.1371428571428552,0.0,False,0.0,평시,통영
2021-09-22,23.3,24.141176470588235,-0.8411764705882341,0.10000000000000142,False,0.0,평시,통영
2021-09-23,23.2,23.975757575757576,-0.7757575757575772,-0.10000000000000142,False,0.0,평시,통영
2021-09-24,23.0,23.87878787878788,-0.8787878787878789,-0.1999999999999993,False,0.0,평시,통영
2021-09-25,22.9,23.793939393939393,-0.8939393939393945,-0.10000000000000142,False,0.0,평시,통영
2021-09-26,22.9,23.772727272727273,-0.8727272727272748,0.0,False,0.0,평시,통영
2021-09-27,23.0,23.76969696969697,-0.7696969696969695,0.10000000000000142,False,0.0,평시,통영
2021-09-28,23.1,23.784848484848485,-0.6848484848484837,0.10000000000000142,False,0.0,평시,통영
2021-09-29,23.3,23.794117647058822,-0.4941176470588218,0.1999999999999993,False,0.0,평시,통영
2021-09-30,23.6,23.757142857142856,-0.1571428571428548,0.3000000000000007,False,0.0,평시,통영
2021-10-01,23.4,23.680000000000003,-0.2800000000000047,-0.20000000000000284,False,0.0,평시,통영
2021-10-02,23.6,23.56857142857143,0.03142857142857025,0.20000000000000284,False,0.0,평시,통영
2021-10-03,23.6,23.42285714285714,0.1771428571428615,0.0,False,0.0,평시,통영
2021-10-04,23.6,23.245714285714282,0.3542857142857194,0.0,False,0.0,평시,통영
2021-10-05,23.5,23.028571428571425,0.4714285714285751,-0.10000000000000142,False,0.0,평시,통영
2021-10-06,23.3,22.78857142857143,0.5114285714285707,-0.1999999999999993,False,0.0,평시,통영
2021-10-07,23.0,22.574285714285715,0.42571428571428527,-0.3000000000000007,False,0.0,평시,통영
2021-10-08,22.7,22.377142857142854,0.3228571428571456,-0.3000000000000007,False,0.0,평시,통영
2021-10-09,22.3,22.2,0.10000000000000142,-0.3999999999999986,False,0.0,평시,통영
2021-10-10,22.2,22.045714285714286,0.15428571428571303,-0.10000000000000142,False,0.0,평시,통영
2021-10-11,22.3,21.939999999999998,0.360000000000003,0.10000000000000142,False,0.0,평시,통영
2021-10-12,21.9,21.891428571428573,0.008571428571425344,-0.40000000000000213,False,0.0,평시,통영
2021-10-13,21.7,21.87428571428572,-0.1742857142857197,-0.1999999999999993,False,0.0,평시,통영
2021-10-14,22.1,21.828571428571433,0.2714285714285687,0.40000000000000213,False,0.0,평시,통영
2021-10-15,22.6,21.731428571428577,0.8685714285714248,0.5,False,0.0,평시,통영
2021-10-16,22.3,21.63714285714286,0.6628571428571419,-0.3000000000000007,False,0.0,평시,통영
2021-10-17,21.7,21.502857142857142,0.1971428571428575,-0.6000000000000014,False,0.0,평시,통영
2021-10-18,21.3,21.319999999999997,-0.01999999999999602,-0.3999999999999986,False,0.0,평시,통영
2021-10-19,21.2,21.111428571428572,0.08857142857142719,-0.10000000000000142,False,0.0,평시,통영
2021-10-20,20.8,20.917142857142856,-0.11714285714285566,-0.3999999999999986,False,0.0,평시,통영
2021-10-21,20.5,20.734285714285715,-0.23428571428571487,-0.3000000000000007,False,0.0,평시,통영
2021-10-22,20.2,20.568571428571428,-0.36857142857142833,-0.3000000000000007,False,0.0,평시,통영
2021-10-23,20.0,20.397142857142853,-0.39714285714285325,-0.1999999999999993,False,0.0,평시,통영
2021-10-24,19.9,20.274285714285714,-0.37428571428571544,-0.10000000000000142,False,0.0,평시,통영
2021-10-25,19.8,20.171428571428567,-0.37142857142856656,-0.09999999999999787,False,0.0,평시,통영
2021-10-26,19.8,20.06571428571429,-0.2657142857142887,0.0,False,0.0,평시,통영
2021-10-27,19.8,19.951428571428572,-0.15142857142857125,0.0,False,0.0,평시,통영
2021-10-28,19.8,19.86,-0.05999999999999872,0.0,False,0.0,평시,통영
2021-10-29,19.6,19.78,-0.17999999999999972,-0.1999999999999993,False,0.0,평시,통영
2021-10-30,19.5,19.7,-0.1999999999999993,-0.10000000000000142,False,0.0,평시,통영
2021-10-31,19.4,19.60571428571429,-0.20571428571428996,-0.10000000000000142,False,0.0,평시,통영
2021-11-01,19.4,19.52285714285714,-0.12285714285714278,0.0,False,0.0,평시,통영
2021-11-02,19.2,19.445714285714285,-0.24571428571428555,-0.1999999999999993,False,0.0,평시,통영
2021-11-03,19.1,19.37142857142857,-0.2714285714285687,-0.09999999999999787,False,0.0,평시,통영
2021-11-04,19.0,19.27428571428571,-0.27428571428571047,-0.10000000000000142,False,0.0,평시,통영
2021-11-05,18.9,19.15714285714286,-0.2571428571428598,-0.10000000000000142,False,0.0,평시,통영
2021-11-06,18.7,19.034285714285712,-0.33428571428571274,-0.1999999999999993,False,0.0,평시,통영
2021-11-07,18.6,18.91142857142857,-0.31142857142856784,-0.09999999999999787,False,0.0,평시,통영
2021-11-08,18.5,18.774285714285714,-0.274285714285714,-0.10000000000000142,False,0.0,평시,통영
2021-11-09,18.3,18.628571428571433,-0.32857142857143273,-0.1999999999999993,False,0.0,평시,통영
2021-11-10,18.0,18.47142857142857,-0.47142857142857153,-0.3000000000000007,False,0.0,평시,통영
2021-11-11,17.8,18.325714285714284,-0.5257142857142831,-0.1999999999999993,False,0.0,평시,통영
2021-11-12,17.4,18.191428571428567,-0.7914285714285683,-0.40000000000000213,False,0.0,평시,통영
2021-11-13,17.1,18.059999999999995,-0.9599999999999937,-0.29999999999999716,False,0.0,평시,통영
2021-11-14,16.9,17.928571428571427,-1.0285714285714285,-0.20000000000000284,False,0.0,평시,통영
2021-11-15,16.7,17.788571428571426,-1.0885714285714272,-0.1999999999999993,False,0.0,평시,통영
2021-11-16,16.6,17.651428571428575,-1.0514285714285734,-0.09999999999999787,False,0.0,평시,통영
2021-11-17,16.4,17.52285714285714,-1.1228571428571428,-0.20000000000000284,False,0.0,평시,통영
2021-11-18,16.3,17.4,-1.0999999999999979,-0.09999999999999787,False,0.0,평시,통영
2021-11-19,16.3,17.274285714285718,-0.9742857142857169,0.0,False,0.0,평시,통영
2021-11-20,16.2,17.151428571428575,-0.9514285714285755,-0.10000000000000142,False,0.0,평시,통영
2021-11-21,16.2,17.028571428571432,-0.8285714285714327,0.0,False,0.0,평시,통영
2021-11-22,16.0,16.922857142857143,-0.9228571428571435,-0.1999999999999993,False,0.0,평시,통영
2021-11-23,15.8,16.822857142857142,-1.0228571428571414,-0.1999999999999993,False,0.0,평시,통영
2021-11-24,15.5,16.71428571428571,-1.2142857142857117,-0.3000000000000007,False,0.0,평시,통영
2021-11-25,15.4,16.597142857142853,-1.1971428571428522,-0.09999999999999964,False,0.0,평시,통영
2021-11-26,15.3,16.482857142857142,-1.1828571428571415,-0.09999999999999964,False,0.0,평시,통영
2021-11-27,15.2,16.365714285714283,-1.1657142857142837,-0.10000000000000142,False,0.0,평시,통영
2021-11-28,15.2,16.240000000000002,-1.0400000000000027,0.0,False,0.0,평시,통영
2021-11-29,15.2,16.114285714285714,-0.9142857142857146,0.0,False,0.0,평시,통영
2021-11-30,15.1,15.982857142857142,-0.8828571428571426,-0.09999999999999964,False,0.0,평시,통영
2021-12-01,14.8,15.85142857142857,-1.0514285714285698,-0.29999999999999893,False,0.0,평시,통영
2021-12-02,14.6,15.719999999999999,-1.1199999999999992,-0.20000000000000107,False,0.0,평시,통영
2021-12-03,14.6,15.577142857142858,-0.9771428571428586,0.0,False,0.0,평시,통영
2021-12-04,14.4,15.431428571428572,-1.031428571428572,-0.1999999999999993,False,0.0,평시,통영
2021-12-05,14.4,15.297142857142857,-0.8971428571428568,0.0,False,0.0,평시,통영
2021-12-06,14.3,15.168571428571427,-0.8685714285714266,-0.09999999999999964,False,0.0,평시,통영
2021-12-07,14.3,15.054285714285713,-0.7542857142857127,0.0,False,0.0,평시,통영
2021-12-08,14.3,14.957142857142854,-0.657142857142853,0.0,False,0.0,평시,통영
2021-12-09,14.2,14.865714285714285,-0.6657142857142855,-0.10000000000000142,False,0.0,평시,통영
2021-12-10,14.2,14.777142857142858,-0.5771428571428583,0.0,False,0.0,평시,통영
2021-12-11,14.2,14.685714285714285,-0.48571428571428577,0.0,False,0.0,평시,통영
2021-12-12,14.1,14.59714285714286,-0.49714285714286,-0.09999999999999964,False,0.0,평시,통영
2021-12-13,13.9,14.505714285714289,-0.6057142857142885,-0.1999999999999993,False,0.0,평시,통영
2021-12-14,13.8,14.39714285714286,-0.5971428571428596,-0.09999999999999964,False,0.0,평시,통영
2021-12-15,13.7,14.265714285714285,-0.5657142857142858,-0.10000000000000142,False,0.0,평시,통영
2021-12-16,13.7,14.122857142857141,-0.4228571428571417,0.0,False,0.0,평시,통영
2021-12-17,13.5,13.994285714285713,-0.4942857142857129,-0.1999999999999993,False,0.0,평시,통영
2021-12-18,13.2,13.868571428571428,-0.668571428571429,-0.3000000000000007,False,0.0,평시,통영
2021-12-19,13.0,13.74,-0.7400000000000002,-0.1999999999999993,False,0.0,평시,통영
2021-12-20,12.9,13.608571428571429,-0.7085714285714282,-0.09999999999999964,False,0.0,평시,통영
2021-12-21,12.8,13.485714285714286,-0.685714285714285,-0.09999999999999964,False,0.0,평시,통영
2021-12-22,12.9,13.377142857142857,-0.47714285714285687,0.09999999999999964,False,0.0,평시,통영
2021-12-23,12.9,13.262857142857143,-0.362857142857143,0.0,False,0.0,평시,통영
2021-12-24,12.8,13.145714285714284,-0.3457142857142834,-0.09999999999999964,False,0.0,평시,통영
2021-12-25,12.7,13.037142857142857,-0.3371428571428581,-0.10000000000000142,False,0.0,평시,통영
2021-12-26,12.4,12.922857142857143,-0.5228571428571431,-0.29999999999999893,False,0.0,평시,통영
2021-12-27,12.2,12.80857142857143,-0.6085714285714303,-0.20000000000000107,False,0.0,평시,통영
2021-12-28,12.1,12.7,-0.5999999999999996,-0.09999999999999964,False,0.0,평시,통영
2021-12-29,11.9,12.575,-0.6749999999999989,-0.1999999999999993,False,0.0,평시,통영
2021-12-30,11.6,12.449999999999998,-0.8499999999999979,-0.3000000000000007,False,0.0,평시,통영
2021-12-31,11.4,12.330555555555556,-0.9305555555555554,-0.1999999999999993,False,0.0,평시,통영
2022-01-01,11.3,12.21111111111111,-0.9111111111111097,-0.09999999999999964,False,0.0,평시,통영
2022-01-02,11.2,12.11111111111111,-0.9111111111111114,-0.10000000000000142,False,0.0,평시,통영
2022-01-03,11.2,12.02222222222222,-0.8222222222222211,0.0,False,0.0,평시,통영
2022-01-04,11.2,11.927777777777777,-0.7277777777777779,0.0,False,0.0,평시,통영
2022-01-05,11.4,11.825714285714287,-0.42571428571428704,0.20000000000000107,False,0.0,평시,통영
2022-01-06,11.5,11.762857142857143,-0.26285714285714334,0.09999999999999964,False,0.0,평시,통영
2022-01-07,11.7,11.702857142857143,-0.0028571428571435575,0.1999999999999993,False,0.0,평시,통영
2022-01-08,11.6,11.645714285714284,-0.045714285714284486,-0.09999999999999964,False,0.0,평시,통영
2022-01-09,11.6,11.579999999999998,0.02000000000000135,0.0,False,0.0,평시,통영
2022-01-10,11.6,11.517142857142856,0.08285714285714363,0.0,False,0.0,평시,통영
2022-01-11,11.6,11.47142857142857,0.1285714285714299,0.0,False,0.0,평시,통영
2022-01-12,11.5,11.44857142857143,0.051428571428569825,-0.09999999999999964,False,0.0,평시,통영
2022-01-13,11.5,11.428571428571427,0.07142857142857295,0.0,False,0.0,평시,통영
2022-01-14,11.5,11.402857142857142,0.09714285714285786,0.0,False,0.0,평시,통영
2022-01-15,11.6,11.371428571428572,0.22857142857142776,0.09999999999999964,False,0.0,평시,통영
2022-01-16,11.5,11.334285714285715,0.16571428571428548,-0.09999999999999964,False,0.0,평시,통영
2022-01-17,11.3,11.291428571428572,0.008571428571428896,-0.1999999999999993,False,0.0,평시,통영
2022-01-18,11.2,11.234285714285715,-0.034285714285715585,-0.10000000000000142,False,0.0,평시,통영
2022-01-19,11.1,11.16,-0.0600000000000005,-0.09999999999999964,False,0.0,평시,통영
2022-01-20,11.0,11.091428571428573,-0.09142857142857252,-0.09999999999999964,False,0.0,평시,통영
2022-01-21,10.9,11.022857142857145,-0.12285714285714455,-0.09999999999999964,False,0.0,평시,통영
2022-01-22,10.9,10.965714285714286,-0.06571428571428584,0.0,False,0.0,평시,통영
2022-01-23,11.0,10.92,0.08000000000000007,0.09999999999999964,False,0.0,평시,통영
2022-01-24,11.0,10.877142857142855,0.12285714285714455,0.0,False,0.0,평시,통영
2022-01-25,11.0,10.834285714285715,0.16571428571428548,0.0,False,0.0,평시,통영
2022-01-26,10.9,10.785714285714286,0.11428571428571388,-0.09999999999999964,False,0.0,평시,통영
2022-01-27,10.9,10.731428571428573,0.16857142857142726,0.0,False,0.0,평시,통영
2022-01-28,10.9,10.694285714285714,0.2057142857142864,0.0,False,0.0,평시,통영
2022-01-29,10.8,10.657142857142857,0.14285714285714413,-0.09999999999999964,False,0.0,평시,통영
2022-01-30,10.7,10.617142857142856,0.08285714285714363,-0.10000000000000142,False,0.0,평시,통영
2022-01-31,10.6,10.582857142857142,0.017142857142857792,-0.09999999999999964,False,0.0,평시,통영
2022-02-01,10.5,10.554285714285715,-0.05428571428571516,-0.09999999999999964,False,0.0,평시,통영
2022-02-02,10.4,10.534285714285716,-0.13428571428571523,-0.09999999999999964,False,0.0,평시,통영
2022-02-03,10.4,10.525714285714287,-0.12571428571428633,0.0,False,0.0,평시,통영
2022-02-04,10.3,10.508571428571429,-0.20857142857142819,-0.09999999999999964,False,0.0,평시,통영
2022-02-05,10.2,10.491428571428571,-0.2914285714285718,-0.10000000000000142,False,0.0,평시,통영
2022-02-06,10.1,10.482857142857144,-0.38285714285714434,-0.09999999999999964,False,0.0,평시,통영
2022-02-07,10.0,10.485714285714284,-0.485714285714284,-0.09999999999999964,False,0.0,평시,통영
2022-02-08,10.0,10.494285714285715,-0.49428571428571466,0.0,False,0.0,평시,통영
2022-02-09,10.0,10.51142857142857,-0.5114285714285707,0.0,False,0.0,평시,통영
2022-02-10,10.0,10.540000000000001,-0.5400000000000009,0.0,False,0.0,평시,통영
2022-02-11,9.9,10.585714285714287,-0.6857142857142868,-0.09999999999999964,False,0.0,평시,통영
2022-02-12,9.9,10.634285714285713,-0.7342857142857131,0.0,False,0.0,평시,통영
2022-02-13,10.0,10.677142857142856,-0.6771428571428562,0.09999999999999964,False,0.0,평시,통영
2022-02-14,10.2,10.705714285714286,-0.5057142857142871,0.1999999999999993,False,0.0,평시,통영
2022-02-15,10.2,10.731428571428571,-0.531428571428572,0.0,False,0.0,평시,통영
2022-02-16,10.0,10.757142857142858,-0.757142857142858,-0.1999999999999993,False,0.0,평시,통영
2022-02-17,10.0,10.771428571428572,-0.7714285714285722,0.0,False,0.0,평시,통영
2022-02-18,10.1,10.76,-0.6600000000000001,0.09999999999999964,False,0.0,평시,통영
2022-02-19,10.1,10.737142857142857,-0.637142857142857,0.0,False,0.0,평시,통영
2022-02-20,10.0,10.714285714285715,-0.7142857142857153,-0.09999999999999964,False,0.0,평시,통영
2022-02-21,9.9,10.685714285714287,-0.7857142857142865,-0.09999999999999964,False,0.0,평시,통영
2022-02-22,9.9,10.654285714285715,-0.7542857142857144,0.0,False,0.0,평시,통영
2022-02-23,9.8,10.614285714285716,-0.814285714285715,-0.09999999999999964,False,0.0,평시,통영
2022-02-24,9.8,10.577142857142857,-0.7771428571428558,0.0,False,0.0,평시,통영
2022-02-25,9.8,10.557142857142857,-0.7571428571428562,0.0,False,0.0,평시,통영
2022-02-26,9.8,10.569444444444443,-0.7694444444444422,0.0,False,0.0,평시,통영
2022-02-27,9.8,10.569444444444445,-0.7694444444444439,0.0,False,0.0,평시,통영
2022-02-28,9.8,10.580555555555556,-0.780555555555555,0.0,False,0.0,평시,통영
2022-03-01,9.9,10.6,-0.6999999999999993,0.09999999999999964,False,0.0,평시,통영
2022-03-02,10.0,10.625000000000002,-0.6250000000000018,0.09999999999999964,False,0.0,평시,통영
2022-03-03,10.0,10.647222222222222,-0.6472222222222221,0.0,False,0.0,평시,통영
2022-03-04,10.2,10.669444444444444,-0.469444444444445,0.1999999999999993,False,0.0,평시,통영
2022-03-05,10.3,10.682857142857143,-0.38285714285714256,0.10000000000000142,False,0.0,평시,통영
2022-03-06,10.2,10.717142857142857,-0.5171428571428578,-0.10000000000000142,False,0.0,평시,통영
2022-03-07,10.3,10.762857142857143,-0.46285714285714263,0.10000000000000142,False,0.0,평시,통영
2022-03-08,10.4,10.817142857142859,-0.41714285714285815,0.09999999999999964,False,0.0,평시,통영
2022-03-09,10.4,10.885714285714286,-0.48571428571428577,0.0,False,0.0,평시,통영
2022-03-10,10.5,10.962857142857143,-0.46285714285714263,0.09999999999999964,False,0.0,평시,통영
2022-03-11,10.6,11.045714285714284,-0.44571428571428484,0.09999999999999964,False,0.0,평시,통영
2022-03-12,10.8,11.128571428571428,-0.3285714285714274,0.20000000000000107,False,0.0,평시,통영
2022-03-13,11.0,11.217142857142859,-0.21714285714285886,0.1999999999999993,False,0.0,평시,통영
2022-03-14,11.1,11.297142857142859,-0.19714285714285928,0.09999999999999964,False,0.0,평시,통영
2022-03-15,11.1,11.371428571428572,-0.27142857142857224,0.0,False,0.0,평시,통영
2022-03-16,11.2,11.437142857142858,-0.23714285714285843,0.09999999999999964,False,0.0,평시,통영
2022-03-17,11.2,11.488571428571428,-0.28857142857142826,0.0,False,0.0,평시,통영
2022-03-18,11.2,11.537142857142856,-0.3371428571428563,0.0,False,0.0,평시,통영
2022-03-19,11.2,11.588571428571427,-0.3885714285714279,0.0,False,0.0,평시,통영
2022-03-20,11.2,11.639999999999999,-0.4399999999999995,0.0,False,0.0,평시,통영
2022-03-21,11.3,11.697142857142856,-0.397142857142855,0.10000000000000142,False,0.0,평시,통영
2022-03-22,11.5,11.76,-0.2599999999999998,0.1999999999999993,False,0.0,평시,통영
2022-03-23,11.5,11.82857142857143,-0.3285714285714292,0.0,False,0.0,평시,통영
2022-03-24,11.6,11.92,-0.3200000000000003,0.09999999999999964,False,0.0,평시,통영
2022-03-25,11.7,12.005714285714287,-0.3057142857142878,0.09999999999999964,False,0.0,평시,통영
2022-03-26,11.9,12.09142857142857,-0.1914285714285704,0.20000000000000107,False,0.0,평시,통영
2022-03-27,12.2,12.171428571428573,0.028571428571426694,0.29999999999999893,False,0.0,평시,통영
2022-03-28,12.1,12.257142857142858,-0.15714285714285836,-0.09999999999999964,False,0.0,평시,통영
2022-03-29,12.1,12.340000000000002,-0.240000000000002,0.0,False,0.0,평시,통영
2022-03-30,12.1,12.422857142857143,-0.32285714285714384,0.0,False,0.0,평시,통영
2022-03-31,12.2,12.497142857142858,-0.29714285714285893,0.09999999999999964,False,0.0,평시,통영
2022-04-01,12.1,12.580000000000002,-0.4800000000000022,-0.09999999999999964,False,0.0,평시,통영
2022-04-02,12.1,12.648571428571428,-0.548571428571428,0.0,False,0.0,평시,통영
2022-04-03,12.2,12.722857142857142,-0.5228571428571431,0.09999999999999964,False,0.0,평시,통영
2022-04-04,12.3,12.8,-0.5,0.10000000000000142,False,0.0,평시,통영
2022-04-05,12.4,12.871428571428574,-0.4714285714285733,0.09999999999999964,False,0.0,평시,통영
2022-04-06,12.4,12.945714285714287,-0.5457142857142863,0.0,False,0.0,평시,통영
2022-04-07,12.6,13.017142857142858,-0.41714285714285815,0.1999999999999993,False,0.0,평시,통영
2022-04-08,12.6,13.1,-0.5,0.0,False,0.0,평시,통영
2022-04-09,12.8,13.197142857142856,-0.397142857142855,0.20000000000000107,False,0.0,평시,통영
2022-04-10,12.9,13.285714285714286,-0.3857142857142861,0.09999999999999964,False,0.0,평시,통영
2022-04-11,13.3,13.354285714285716,-0.05428571428571516,0.40000000000000036,False,0.0,평시,통영
2022-04-12,13.5,13.422857142857143,0.07714285714285651,0.1999999999999993,False,0.0,평시,통영
2022-04-13,13.4,13.485714285714286,-0.08571428571428541,-0.09999999999999964,False,0.0,평시,통영
2022-04-14,13.2,13.557142857142857,-0.35714285714285765,-0.20000000000000107,False,0.0,평시,통영
2022-04-15,13.2,13.617142857142857,-0.41714285714285815,0.0,False,0.0,평시,통영
2022-04-16,13.2,13.67142857142857,-0.47142857142857153,0.0,False,0.0,평시,통영
2022-04-17,13.2,13.737142857142857,-0.5371428571428574,0.0,False,0.0,평시,통영
2022-04-18,13.3,13.831428571428573,-0.531428571428572,0.10000000000000142,False,0.0,평시,통영
2022-04-19,13.4,13.937142857142858,-0.5371428571428574,0.09999999999999964,False,0.0,평시,통영
2022-04-20,13.5,14.025714285714288,-0.5257142857142885,0.09999999999999964,False,0.0,평시,통영
2022-04-21,13.5,14.102857142857143,-0.6028571428571432,0.0,False,0.0,평시,통영
2022-04-22,13.6,14.177142857142858,-0.5771428571428583,0.09999999999999964,False,0.0,평시,통영
2022-04-23,13.7,14.248571428571429,-0.5485714285714298,0.09999999999999964,False,0.0,평시,통영
2022-04-24,14.0,14.317142857142857,-0.3171428571428567,0.3000000000000007,False,0.0,평시,통영
2022-04-25,14.1,14.38,-0.28000000000000114,0.09999999999999964,False,0.0,평시,통영
2022-04-26,14.3,14.428571428571429,-0.12857142857142811,0.20000000000000107,False,0.0,평시,통영
2022-04-27,14.5,14.494285714285713,0.005714285714287115,0.1999999999999993,False,0.0,평시,통영
2022-04-28,14.7,14.557142857142859,0.14285714285714057,0.1999999999999993,False,0.0,평시,통영
2022-04-29,14.4,14.622857142857141,-0.22285714285714064,-0.29999999999999893,False,0.0,평시,통영
2022-04-30,14.4,14.702857142857141,-0.3028571428571407,0.0,False,0.0,평시,통영
2022-05-01,14.4,14.771428571428572,-0.3714285714285719,0.0,False,0.0,평시,통영
2022-05-02,14.3,14.825714285714286,-0.5257142857142849,-0.09999999999999964,False,0.0,평시,통영
2022-05-03,14.4,14.902857142857144,-0.5028571428571436,0.09999999999999964,False,0.0,평시,통영
2022-05-04,14.5,14.985714285714286,-0.48571428571428577,0.09999999999999964,False,0.0,평시,통영
2022-05-05,14.7,15.068571428571428,-0.36857142857142833,0.1999999999999993,False,0.0,평시,통영
2022-05-06,15.0,15.145714285714282,-0.14571428571428235,0.3000000000000007,False,0.0,평시,통영
2022-05-07,15.3,15.217142857142857,0.08285714285714363,0.3000000000000007,False,0.0,평시,통영
2022-05-08,15.4,15.299999999999997,0.1000000000000032,0.09999999999999964,False,0.0,평시,통영
2022-05-09,15.5,15.391428571428573,0.10857142857142676,0.09999999999999964,False,0.0,평시,통영
2022-05-10,15.6,15.471428571428572,0.12857142857142811,0.09999999999999964,False,0.0,평시,통영
2022-05-11,15.8,15.557142857142857,0.24285714285714377,0.20000000000000107,False,0.0,평시,통영
2022-05-12,15.9,15.66285714285714,0.2371428571428602,0.09999999999999964,False,0.0,평시,통영
2022-05-13,15.9,15.762857142857142,0.1371428571428588,0.0,False,0.0,평시,통영
2022-05-14,15.8,15.851428571428574,-0.05142857142857338,-0.09999999999999964,False,0.0,평시,통영
2022-05-15,15.7,15.945714285714287,-0.24571428571428733,-0.10000000000000142,False,0.0,평시,통영
2022-05-16,15.7,16.051428571428573,-0.3514285714285741,0.0,False,0.0,평시,통영
2022-05-17,15.7,16.145714285714288,-0.4457142857142884,0.0,False,0.0,평시,통영
2022-05-18,15.8,16.242857142857147,-0.4428571428571466,0.10000000000000142,False,0.0,평시,통영
2022-05-19,15.8,16.345714285714287,-0.5457142857142863,0.0,False,0.0,평시,통영
2022-05-20,15.9,16.437142857142856,-0.5371428571428556,0.09999999999999964,False,0.0,평시,통영
2022-05-21,16.1,16.53142857142857,-0.43142857142856883,0.20000000000000107,False,0.0,평시,통영
2022-05-22,16.4,16.611428571428572,-0.21142857142857352,0.29999999999999716,False,0.0,평시,통영
2022-05-23,16.5,16.677142857142858,-0.17714285714285793,0.10000000000000142,False,0.0,평시,통영
2022-05-24,16.8,16.765714285714285,0.034285714285715585,0.3000000000000007,False,0.0,평시,통영
2022-05-25,17.1,16.845714285714287,0.25428571428571445,0.3000000000000007,False,0.0,평시,통영
2022-05-26,17.2,16.922857142857143,0.2771428571428558,0.09999999999999787,False,0.0,평시,통영
2022-05-27,17.0,17.017142857142854,-0.01714285714285424,-0.1999999999999993,False,0.0,평시,통영
2022-05-28,16.9,17.134285714285713,-0.23428571428571487,-0.10000000000000142,False,0.0,평시,통영
2022-05-29,17.0,17.265714285714285,-0.2657142857142851,0.10000000000000142,False,0.0,평시,통영
2022-05-30,17.2,17.39428571428571,-0.19428571428571217,0.1999999999999993,False,0.0,평시,통영
2022-05-31,17.3,17.517142857142858,-0.21714285714285708,0.10000000000000142,False,0.0,평시,통영
2022-06-01,17.2,17.634285714285717,-0.4342857142857177,-0.10000000000000142,False,0.0,평시,통영
2022-06-02,17.2,17.731428571428577,-0.5314285714285774,0.0,False,0.0,평시,통영
2022-06-03,17.5,17.82571428571429,-0.32571428571429095,0.3000000000000007,False,0.0,평시,통영
2022-06-04,17.7,17.90571428571429,-0.20571428571428996,0.1999999999999993,False,0.0,평시,통영
2022-06-05,17.7,17.98,-0.28000000000000114,0.0,False,0.0,평시,통영
2022-06-06,18.0,18.07428571428571,-0.07428571428571118,0.3000000000000007,False,0.0,평시,통영
2022-06-07,18.3,18.157142857142862,0.1428571428571388,0.3000000000000007,False,0.0,평시,통영
2022-06-08,18.3,18.240000000000002,0.05999999999999872,0.0,False,0.0,평시,통영
2022-06-09,18.7,18.331428571428567,0.3685714285714319,0.3999999999999986,False,0.0,평시,통영
2022-06-10,19.0,18.42285714285714,0.5771428571428601,0.3000000000000007,False,0.0,평시,통영
2022-06-11,18.9,18.52,0.379999999999999,-0.10000000000000142,False,0.0,평시,통영
2022-06-12,18.6,18.637142857142855,-0.03714285714285381,-0.29999999999999716,False,0.0,평시,통영
2022-06-13,18.4,18.742857142857144,-0.3428571428571452,-0.20000000000000284,False,0.0,평시,통영
2022-06-14,18.3,18.83142857142857,-0.5314285714285703,-0.09999999999999787,False,0.0,평시,통영
2022-06-15,18.2,18.914285714285718,-0.7142857142857189,-0.10000000000000142,False,0.0,평시,통영
2022-06-16,18.4,19.014285714285716,-0.6142857142857174,0.1999999999999993,False,0.0,평시,통영
2022-06-17,18.6,19.12,-0.5199999999999996,0.20000000000000284,False,0.0,평시,통영
2022-06-18,18.8,19.234285714285715,-0.43428571428571416,0.1999999999999993,False,0.0,평시,통영
2022-06-19,19.2,19.31428571428571,-0.11428571428571033,0.3999999999999986,False,0.0,평시,통영
2022-06-20,19.4,19.39428571428571,0.005714285714287115,0.1999999999999993,False,0.0,평시,통영
2022-06-21,19.6,19.485714285714284,0.11428571428571743,0.20000000000000284,False,0.0,평시,통영
2022-06-22,20.4,19.571428571428573,0.8285714285714256,0.7999999999999972,False,0.0,평시,통영
2022-06-23,20.6,19.625714285714285,0.9742857142857169,0.20000000000000284,False,0.0,평시,통영
2022-06-24,20.9,19.677142857142854,1.2228571428571442,0.29999999999999716,False,0.0,평시,통영
2022-06-25,20.7,19.705714285714283,0.9942857142857164,-0.1999999999999993,False,0.0,평시,통영
2022-06-26,20.5,19.745714285714286,0.7542857142857144,-0.1999999999999993,False,0.0,평시,통영
2022-06-27,20.3,19.82857142857143,0.47142857142857153,-0.1999999999999993,False,0.0,평시,통영
2022-06-28,20.7,19.922857142857143,0.7771428571428558,0.3999999999999986,False,0.0,평시,통영
2022-06-29,20.7,20.060000000000002,0.639999999999997,0.0,False,0.0,평시,통영
2022-06-30,20.8,20.225714285714286,0.5742857142857147,0.10000000000000142,False,0.0,평시,통영
2022-07-01,20.6,20.414285714285715,0.18571428571428683,-0.1999999999999993,False,0.0,평시,통영
2022-07-02,20.6,20.602857142857143,-0.002857142857141781,0.0,False,0.0,평시,통영
2022-07-03,20.5,20.774285714285714,-0.274285714285714,-0.10000000000000142,False,0.0,평시,통영
2022-07-04,20.5,20.882857142857137,-0.38285714285713723,0.0,False,0.0,평시,통영
2022-07-05,20.8,20.98285714285714,-0.18285714285713794,0.3000000000000007,False,0.0,평시,통영
2022-07-06,20.9,21.045714285714286,-0.14571428571428768,0.09999999999999787,False,0.0,평시,통영
2022-07-07,21.4,21.082857142857144,0.31714285714285495,0.5,False,0.0,평시,통영
2022-07-08,22.5,21.094285714285714,1.4057142857142857,1.1000000000000014,False,0.0,평시,통영
2022-07-09,22.1,21.094285714285718,1.0057142857142836,-0.3999999999999986,False,0.0,평시,통영
2022-07-10,21.9,21.128571428571433,0.7714285714285651,-0.20000000000000284,False,0.0,평시,통영
2022-07-11,22.5,21.202857142857145,1.2971428571428554,0.6000000000000014,False,0.0,평시,통영
2022-07-12,21.4,21.26,0.13999999999999702,-1.1000000000000014,False,0.0,평시,통영
2022-07-13,21.6,21.32,0.28000000000000114,0.20000000000000284,False,0.0,평시,통영
2022-07-14,21.0,21.388571428571428,-0.3885714285714279,-0.6000000000000014,False,0.0,평시,통영
2022-07-15,20.5,21.56470588235294,-1.0647058823529392,-0.5,False,0.0,평시,통영
2022-07-16,20.3,21.74705882352941,-1.4470588235294102,-0.1999999999999993,False,0.0,평시,통영
2022-07-17,20.2,21.879411764705885,-1.6794117647058862,-0.10000000000000142,False,0.0,평시,통영
2022-07-18,20.1,22.017647058823535,-1.9176470588235333,-0.09999999999999787,False,0.0,평시,통영
2022-07-19,19.9,22.191176470588236,-2.291176470588237,-0.20000000000000284,False,0.0,평시,통영
2022-07-20,20.1,22.36176470588235,-2.2617647058823493,0.20000000000000284,False,0.0,평시,통영
2022-07-21,20.7,22.555882352941175,-1.855882352941176,0.5999999999999979,False,0.0,평시,통영
2022-07-22,21.1,22.602857142857143,-1.5028571428571418,0.40000000000000213,False,0.0,평시,통영
2022-07-23,21.1,22.691428571428574,-1.5914285714285725,0.0,False,0.0,평시,통영
2022-07-24,21.9,22.84285714285714,-0.9428571428571431,0.7999999999999972,False,0.0,평시,통영
2022-07-25,22.2,23.000000000000004,-0.8000000000000043,0.3000000000000007,False,0.0,평시,통영
2022-07-26,22.2,23.197142857142858,-0.9971428571428582,0.0,False,0.0,평시,통영
2022-07-27,21.9,23.434285714285714,-1.5342857142857156,-0.3000000000000007,False,0.0,평시,통영
2022-07-28,21.8,23.65142857142857,-1.8514285714285705,-0.09999999999999787,False,0.0,평시,통영
2022-07-29,22.1,23.84857142857143,-1.7485714285714273,0.3000000000000007,False,0.0,평시,통영
2022-07-30,21.9,24.091428571428576,-2.1914285714285775,-0.20000000000000284,False,0.0,평시,통영
2022-07-31,22.3,24.271428571428572,-1.9714285714285715,0.40000000000000213,False,0.0,평시,통영
2022-08-01,22.6,24.371428571428574,-1.7714285714285722,0.3000000000000007,False,0.0,평시,통영
2022-08-02,23.9,24.40857142857143,-0.5085714285714324,1.2999999999999972,False,0.0,평시,통영
2022-08-03,24.0,24.42285714285714,-0.42285714285713993,0.10000000000000142,False,0.0,평시,통영
2022-08-04,24.0,24.49428571428572,-0.49428571428572,0.0,False,0.0,평시,통영
2022-08-05,24.6,24.611428571428576,-0.01142857142857423,0.6000000000000014,False,0.0,평시,통영
2022-08-06,24.6,24.640000000000004,-0.0400000000000027,0.0,False,0.0,평시,통영
2022-08-07,24.8,24.605714285714285,0.19428571428571573,0.1999999999999993,False,0.0,평시,통영
2022-08-08,25.1,24.59142857142857,0.5085714285714324,0.3000000000000007,False,0.0,평시,통영
2022-08-09,24.7,24.58,0.120000000000001,-0.40000000000000213,False,0.0,평시,통영
2022-08-10,24.0,24.542857142857144,-0.5428571428571445,-0.6999999999999993,False,0.0,평시,통영
2022-08-11,22.9,24.488571428571433,-1.5885714285714343,-1.1000000000000014,False,0.0,평시,통영
2022-08-12,22.3,24.46857142857143,-2.168571428571429,-0.5999999999999979,False,0.0,평시,통영
2022-08-13,21.1,24.517142857142858,-3.4171428571428564,-1.1999999999999993,False,0.0,평시,통영
2022-08-14,20.6,24.651428571428568,-4.051428571428566,-0.5,False,0.0,평시,통영
2022-08-15,20.5,24.79142857142857,-4.291428571428568,-0.10000000000000142,False,0.0,평시,통영
2022-08-16,20.7,24.954285714285714,-4.2542857142857144,0.1999999999999993,False,0.0,평시,통영
2022-08-17,20.1,25.111428571428576,-5.011428571428574,-0.5999999999999979,False,0.0,평시,통영
2022-08-18,20.5,25.194285714285712,-4.694285714285712,0.3999999999999986,False,0.0,평시,통영
2022-08-19,21.6,25.20857142857143,-3.6085714285714303,1.1000000000000014,False,0.0,평시,통영
2022-08-20,22.2,25.2,-3.0,0.5999999999999979,False,0.0,평시,통영
2022-08-21,21.9,25.137142857142855,-3.2371428571428567,-0.3000000000000007,False,0.0,평시,통영
2022-08-22,22.4,25.071428571428573,-2.6714285714285744,0.5,False,0.0,평시,통영
2022-08-23,22.8,24.997142857142858,-2.1971428571428575,0.40000000000000213,False,0.0,평시,통영
2022-08-24,22.4,24.94,-2.5400000000000027,-0.40000000000000213,False,0.0,평시,통영
2022-08-25,22.1,24.877142857142857,-2.777142857142856,-0.29999999999999716,False,0.0,평시,통영
2022-08-26,22.1,24.817142857142862,-2.7171428571428606,0.0,False,0.0,평시,통영
2022-08-27,21.9,24.78571428571429,-2.8857142857142897,-0.20000000000000284,False,0.0,평시,통영
2022-08-28,21.6,24.817142857142862,-3.2171428571428606,-0.29999999999999716,False,0.0,평시,통영
2022-08-29,21.2,24.851428571428574,-3.651428571428575,-0.40000000000000213,False,0.0,평시,통영
2022-08-30,21.4,24.834285714285716,-3.4342857142857177,0.1999999999999993,False,0.0,평시,통영
2022-08-31,21.9,24.834285714285713,-2.934285714285714,0.5,False,0.0,평시,통영
2022-09-01,22.0,24.894285714285715,-2.894285714285715,0.10000000000000142,False,0.0,평시,통영
2022-09-02,22.6,24.962857142857143,-2.362857142857141,0.6000000000000014,False,0.0,평시,통영
2022-09-03,24.3,25.005714285714284,-0.7057142857142829,1.6999999999999993,False,0.0,평시,통영
2022-09-04,24.7,25.01714285714286,-0.31714285714286206,0.3999999999999986,False,0.0,평시,통영
2022-09-05,25.0,24.997142857142858,0.002857142857141781,0.3000000000000007,False,0.0,평시,통영
2022-09-06,24.7,24.974285714285717,-0.2742857142857176,-0.3000000000000007,False,0.0,평시,통영
2022-09-07,24.6,24.885714285714286,-0.2857142857142847,-0.09999999999999787,False,0.0,평시,통영
2022-09-08,24.3,24.76285714285714,-0.4628571428571391,-0.3000000000000007,False,0.0,평시,통영
2022-09-09,24.0,24.648571428571426,-0.6485714285714259,-0.3000000000000007,False,0.0,평시,통영
2022-09-10,23.5,24.588571428571427,-1.0885714285714272,-0.5,False,0.0,평시,통영
2022-09-11,23.4,24.579999999999995,-1.1799999999999962,-0.10000000000000142,False,0.0,평시,통영
2022-09-12,23.2,24.60285714285714,-1.4028571428571404,-0.1999999999999993,False,0.0,평시,통영
2022-09-13,23.1,24.668571428571425,-1.568571428571424,-0.09999999999999787,False,0.0,평시,통영
2022-09-14,23.0,24.777142857142856,-1.7771428571428558,-0.10000000000000142,False,0.0,평시,통영
2022-09-15,23.2,24.88,-1.6799999999999997,0.1999999999999993,False,0.0,평시,통영
2022-09-16,23.7,24.945714285714285,-1.2457142857142856,0.5,False,0.0,평시,통영
2022-09-17,24.1,24.905714285714286,-0.8057142857142843,0.40000000000000213,False,0.0,평시,통영
2022-09-18,24.3,24.82857142857143,-0.5285714285714285,0.1999999999999993,False,0.0,평시,통영
2022-09-19,24.0,24.694285714285712,-0.6942857142857122,-0.3000000000000007,False,0.0,평시,통영
2022-09-20,23.6,24.528571428571432,-0.9285714285714306,-0.3999999999999986,False,0.0,평시,통영
2022-09-21,23.4,24.337142857142855,-0.937142857142856,-0.20000000000000284,False,0.0,평시,통영
2022-09-22,23.2,24.141176470588235,-0.9411764705882355,-0.1999999999999993,False,0.0,평시,통영
2022-09-23,23.3,23.975757575757576,-0.6757575757575758,0.10000000000000142,False,0.0,평시,통영
2022-09-24,23.2,23.87878787878788,-0.6787878787878796,-0.10000000000000142,False,0.0,평시,통영
2022-09-25,23.0,23.793939393939393,-0.7939393939393931,-0.1999999999999993,False,0.0,평시,통영
2022-09-26,23.0,23.772727272727273,-0.7727272727272734,0.0,False,0.0,평시,통영
2022-09-27,23.0,23.76969696969697,-0.7696969696969695,0.0,False,0.0,평시,통영
2022-09-28,23.0,23.784848484848485,-0.7848484848484851,0.0,False,0.0,평시,통영
2022-09-29,23.0,23.794117647058822,-0.7941176470588225,0.0,False,0.0,평시,통영
2022-09-30,22.9,23.757142857142856,-0.8571428571428577,-0.10000000000000142,False,0.0,평시,통영
2022-10-01,22.9,23.680000000000003,-0.7800000000000047,0.0,False,0.0,평시,통영
2022-10-02,22.9,23.56857142857143,-0.6685714285714326,0.0,False,0.0,평시,통영
2022-10-03,23.2,23.42285714285714,-0.22285714285714064,0.3000000000000007,False,0.0,평시,통영
2022-10-04,23.4,23.245714285714282,0.15428571428571658,0.1999999999999993,False,0.0,평시,통영
2022-10-05,22.7,23.028571428571425,-0.3285714285714256,-0.6999999999999993,False,0.0,평시,통영
2022-10-06,22.7,22.78857142857143,-0.08857142857143074,0.0,False,0.0,평시,통영
2022-10-07,22.3,22.574285714285715,-0.274285714285714,-0.3999999999999986,False,0.0,평시,통영
2022-10-08,21.6,22.377142857142854,-0.7771428571428523,-0.6999999999999993,False,0.0,평시,통영
2022-10-09,21.1,22.2,-1.0999999999999979,-0.5,False,0.0,평시,통영
2022-10-10,20.8,22.045714285714286,-1.2457142857142856,-0.3000000000000007,False,0.0,평시,통영
2022-10-11,20.5,21.939999999999998,-1.4399999999999977,-0.3000000000000007,False,0.0,평시,통영
2022-10-12,20.2,21.891428571428573,-1.691428571428574,-0.3000000000000007,False,0.0,평시,통영
2022-10-13,20.0,21.87428571428572,-1.874285714285719,-0.1999999999999993,False,0.0,평시,통영
2022-10-14,19.9,21.828571428571433,-1.9285714285714342,-0.10000000000000142,False,0.0,평시,통영
2022-10-15,19.9,21.731428571428577,-1.831428571428578,0.0,False,0.0,평시,통영
2022-10-16,20.0,21.63714285714286,-1.6371428571428588,0.10000000000000142,False,0.0,평시,통영
2022-10-17,20.2,21.502857142857142,-1.3028571428571425,0.1999999999999993,False,0.0,평시,통영
2022-10-18,19.8,21.319999999999997,-1.519999999999996,-0.3999999999999986,False,0.0,평시,통영
2022-10-19,19.5,21.111428571428572,-1.611428571428572,-0.3000000000000007,False,0.0,평시,통영
2022-10-20,19.3,20.917142857142856,-1.6171428571428557,-0.1999999999999993,False,0.0,평시,통영
2022-10-21,19.2,20.734285714285715,-1.5342857142857156,-0.10000000000000142,False,0.0,평시,통영
2022-10-22,19.3,20.568571428571428,-1.268571428571427,0.10000000000000142,False,0.0,평시,통영
2022-10-23,19.3,20.397142857142853,-1.0971428571428525,0.0,False,0.0,평시,통영
2022-10-24,19.0,20.274285714285714,-1.274285714285714,-0.3000000000000007,False,0.0,평시,통영
2022-10-25,18.6,20.171428571428567,-1.5714285714285658,-0.3999999999999986,False,0.0,평시,통영
2022-10-26,18.4,20.06571428571429,-1.6657142857142908,-0.20000000000000284,False,0.0,평시,통영
2022-10-27,18.4,19.951428571428572,-1.5514285714285734,0.0,False,0.0,평시,통영
2022-10-28,18.4,19.86,-1.4600000000000009,0.0,False,0.0,평시,통영
2022-10-29,18.4,19.78,-1.3800000000000026,0.0,False,0.0,평시,통영
2022-10-30,18.3,19.7,-1.3999999999999986,-0.09999999999999787,False,0.0,평시,통영
2022-10-31,18.3,19.60571428571429,-1.3057142857142878,0.0,False,0.0,평시,통영
2022-11-01,18.4,19.52285714285714,-1.1228571428571428,0.09999999999999787,False,0.0,평시,통영
2022-11-02,18.4,19.445714285714285,-1.0457142857142863,0.0,False,0.0,평시,통영
2022-11-03,18.4,19.37142857142857,-0.9714285714285715,0.0,False,0.0,평시,통영
2022-11-04,18.4,19.27428571428571,-0.8742857142857119,0.0,False,0.0,평시,통영
2022-11-05,18.2,19.15714285714286,-0.9571428571428591,-0.1999999999999993,False,0.0,평시,통영
2022-11-06,18.1,19.034285714285712,-0.9342857142857106,-0.09999999999999787,False,0.0,평시,통영
2022-11-07,18.0,18.91142857142857,-0.9114285714285693,-0.10000000000000142,False,0.0,평시,통영
2022-11-08,18.0,18.774285714285714,-0.774285714285714,0.0,False,0.0,평시,통영
2022-11-09,18.0,18.628571428571433,-0.6285714285714334,0.0,False,0.0,평시,통영
2022-11-10,17.9,18.47142857142857,-0.571428571428573,-0.10000000000000142,False,0.0,평시,통영
2022-11-11,17.9,18.325714285714284,-0.42571428571428527,0.0,False,0.0,평시,통영
2022-11-12,18.0,18.191428571428567,-0.19142857142856684,0.10000000000000142,False,0.0,평시,통영
2022-11-13,18.0,18.059999999999995,-0.05999999999999517,0.0,False,0.0,평시,통영
2022-11-14,17.9,17.928571428571427,-0.02857142857142847,-0.10000000000000142,False,0.0,평시,통영
2022-11-15,17.8,17.788571428571426,0.01142857142857423,-0.09999999999999787,False,0.0,평시,통영
2022-11-16,17.6,17.651428571428575,-0.05142857142857338,-0.1999999999999993,False,0.0,평시,통영
2022-11-17,17.5,17.52285714285714,-0.022857142857141355,-0.10000000000000142,False,0.0,평시,통영
2022-11-18,17.4,17.4,0.0,-0.10000000000000142,False,0.0,평시,통영
2022-11-19,17.3,17.274285714285718,0.025714285714283136,-0.09999999999999787,False,0.0,평시,통영
2022-11-20,17.3,17.151428571428575,0.1485714285714259,0.0,False,0.0,평시,통영
2022-11-21,17.3,17.028571428571432,0.2714285714285687,0.0,False,0.0,평시,통영
2022-11-22,17.2,16.922857142857143,0.2771428571428558,-0.10000000000000142,False,0.0,평시,통영
2022-11-23,17.2,16.822857142857142,0.3771428571428572,0.0,False,0.0,평시,통영
2022-11-24,17.2,16.71428571428571,0.48571428571428754,0.0,False,0.0,평시,통영
2022-11-25,17.1,16.597142857142853,0.5028571428571489,-0.09999999999999787,False,0.0,평시,통영
2022-11-26,17.2,16.482857142857142,0.7171428571428571,0.09999999999999787,False,0.0,평시,통영
2022-11-27,17.2,16.365714285714283,0.8342857142857163,0.0,False,0.0,평시,통영
2022-11-28,17.2,16.240000000000002,0.9599999999999973,0.0,False,0.0,평시,통영
2022-11-29,17.2,16.114285714285714,1.0857142857142854,0.0,False,0.0,평시,통영
2022-11-30,17.0,15.982857142857142,1.0171428571428578,-0.1999999999999993,False,0.0,평시,통영
2022-12-01,16.6,15.85142857142857,0.7485714285714309,-0.3999999999999986,False,0.0,평시,통영
2022-12-02,16.4,15.719999999999999,0.6799999999999997,-0.20000000000000284,False,0.0,평시,통영
2022-12-03,16.2,15.577142857142858,0.622857142857141,-0.1999999999999993,False,0.0,평시,통영
2022-12-04,16.1,15.431428571428572,0.668571428571429,-0.09999999999999787,False,0.0,평시,통영
2022-12-05,15.9,15.297142857142857,0.6028571428571432,-0.20000000000000107,False,0.0,평시,통영
2022-12-06,15.6,15.168571428571427,0.4314285714285724,-0.3000000000000007,False,0.0,평시,통영
2022-12-07,15.3,15.054285714285713,0.24571428571428733,-0.29999999999999893,False,0.0,평시,통영
2022-12-08,15.2,14.957142857142854,0.24285714285714555,-0.10000000000000142,False,0.0,평시,통영
2022-12-09,15.1,14.865714285714285,0.23428571428571487,-0.09999999999999964,False,0.0,평시,통영
2022-12-10,15.1,14.777142857142858,0.32285714285714207,0.0,False,0.0,평시,통영
2022-12-11,15.0,14.685714285714285,0.31428571428571495,-0.09999999999999964,False,0.0,평시,통영
2022-12-12,14.9,14.59714285714286,0.3028571428571407,-0.09999999999999964,False,0.0,평시,통영
2022-12-13,14.7,14.505714285714289,0.1942857142857104,-0.20000000000000107,False,0.0,평시,통영
2022-12-14,14.4,14.39714285714286,0.002857142857140005,-0.29999999999999893,False,0.0,평시,통영
2022-12-15,14.3,14.265714285714285,0.034285714285715585,-0.09999999999999964,False,0.0,평시,통영
2022-12-16,14.1,14.122857142857141,-0.022857142857141355,-0.20000000000000107,False,0.0,평시,통영
2022-12-17,13.9,13.994285714285713,-0.09428571428571253,-0.1999999999999993,False,0.0,평시,통영
2022-12-18,13.7,13.868571428571428,-0.16857142857142904,-0.20000000000000107,False,0.0,평시,통영
2022-12-19,13.4,13.74,-0.33999999999999986,-0.29999999999999893,False,0.0,평시,통영
2022-12-20,13.3,13.608571428571429,-0.30857142857142783,-0.09999999999999964,False,0.0,평시,통영
2022-12-21,13.3,13.485714285714286,-0.18571428571428505,0.0,False,0.0,평시,통영
2022-12-22,13.1,13.377142857142857,-0.2771428571428576,-0.20000000000000107,False,0.0,평시,통영
2022-12-23,12.7,13.262857142857143,-0.562857142857144,-0.40000000000000036,False,0.0,평시,통영
2022-12-24,12.5,13.145714285714284,-0.6457142857142841,-0.1999999999999993,False,0.0,평시,통영
2022-12-25,12.5,13.037142857142857,-0.5371428571428574,0.0,False,0.0,평시,통영
2022-12-26,12.4,12.922857142857143,-0.5228571428571431,-0.09999999999999964,False,0.0,평시,통영
2022-12-27,12.4,12.80857142857143,-0.40857142857142925,0.0,False,0.0,평시,통영
2022-12-28,12.4,12.7,-0.29999999999999893,0.0,False,0.0,평시,통영
2022-12-29,12.2,12.575,-0.375,-0.20000000000000107,False,0.0,평시,통영
2022-12-30,12.1,12.449999999999998,-0.34999999999999787,-0.09999999999999964,False,0.0,평시,통영
2022-12-31,12.0,12.330555555555556,-0.3305555555555557,-0.09999999999999964,False,0.0,평시,통영
2023-01-01,11.9,12.21111111111111,-0.31111111111111,-0.09999999999999964,False,0.0,평시,통영
2023-01-02,11.7,12.11111111111111,-0.4111111111111114,-0.20000000000000107,False,0.0,평시,통영
2023-01-03,11.6,12.02222222222222,-0.4222222222222207,-0.09999999999999964,False,0.0,평시,통영
2023-01-04,11.6,11.927777777777777,-0.3277777777777775,0.0,False,0.0,평시,통영
2023-01-05,11.5,11.825714285714287,-0.3257142857142874,-0.09999999999999964,False,0.0,평시,통영
2023-01-06,11.5,11.762857142857143,-0.26285714285714334,0.0,False,0.0,평시,통영
2023-01-07,11.4,11.702857142857143,-0.3028571428571425,-0.09999999999999964,False,0.0,평시,통영
2023-01-08,11.4,11.645714285714284,-0.24571428571428378,0.0,False,0.0,평시,통영
2023-01-09,11.5,11.579999999999998,-0.0799999999999983,0.09999999999999964,False,0.0,평시,통영
2023-01-10,11.6,11.517142857142856,0.08285714285714363,0.09999999999999964,False,0.0,평시,통영
2023-01-11,11.7,11.47142857142857,0.22857142857142954,0.09999999999999964,False,0.0,평시,통영
2023-01-12,11.7,11.44857142857143,0.2514285714285691,0.0,False,0.0,평시,통영
2023-01-13,11.9,11.428571428571427,0.4714285714285733,0.20000000000000107,False,0.0,평시,통영
2023-01-14,12.0,11.402857142857142,0.5971428571428579,0.09999999999999964,False,0.0,평시,통영
2023-01-15,12.0,11.371428571428572,0.6285714285714281,0.0,False,0.0,평시,통영
2023-01-16,11.9,11.334285714285715,0.5657142857142858,-0.09999999999999964,False,0.0,평시,통영
2023-01-17,11.8,11.291428571428572,0.5085714285714289,-0.09999999999999964,False,0.0,평시,통영
2023-01-18,11.6,11.234285714285715,0.36571428571428477,-0.20000000000000107,False,0.0,평시,통영
2023-01-19,11.5,11.16,0.33999999999999986,-0.09999999999999964,False,0.0,평시,통영
2023-01-20,11.4,11.091428571428573,0.30857142857142783,-0.09999999999999964,False,0.0,평시,통영
2023-01-21,11.3,11.022857142857145,0.2771428571428558,-0.09999999999999964,False,0.0,평시,통영
2023-01-22,11.2,10.965714285714286,0.2342857142857131,-0.10000000000000142,False,0.0,평시,통영
2023-01-23,11.2,10.92,0.27999999999999936,0.0,False,0.0,평시,통영
2023-01-24,11.0,10.877142857142855,0.12285714285714455,-0.1999999999999993,False,0.0,평시,통영
2023-01-25,10.8,10.834285714285715,-0.03428571428571381,-0.1999999999999993,False,0.0,평시,통영
2023-01-26,10.7,10.785714285714286,-0.08571428571428719,-0.10000000000000142,False,0.0,평시,통영
2023-01-27,10.6,10.731428571428573,-0.13142857142857345,-0.09999999999999964,False,0.0,평시,통영
2023-01-28,10.4,10.694285714285714,-0.2942857142857136,-0.1999999999999993,False,0.0,평시,통영
2023-01-29,10.4,10.657142857142857,-0.25714285714285623,0.0,False,0.0,평시,통영
2023-01-30,10.1,10.617142857142856,-0.517142857142856,-0.3000000000000007,False,0.0,평시,통영
2023-01-31,10.1,10.582857142857142,-0.4828571428571422,0.0,False,0.0,평시,통영
2023-02-01,10.1,10.554285714285715,-0.4542857142857155,0.0,False,0.0,평시,통영
2023-02-02,10.1,10.534285714285716,-0.43428571428571594,0.0,False,0.0,평시,통영
2023-02-03,10.1,10.525714285714287,-0.42571428571428704,0.0,False,0.0,평시,통영
2023-02-04,10.1,10.508571428571429,-0.40857142857142925,0.0,False,0.0,평시,통영
2023-02-05,10.2,10.491428571428571,-0.2914285714285718,0.09999999999999964,False,0.0,평시,통영
2023-02-06,10.4,10.482857142857144,-0.08285714285714363,0.20000000000000107,False,0.0,평시,통영
2023-02-07,10.5,10.485714285714284,0.014285714285716011,0.09999999999999964,False,0.0,평시,통영
2023-02-08,10.6,10.494285714285715,0.10571428571428498,0.09999999999999964,False,0.0,평시,통영
2023-02-09,10.8,10.51142857142857,0.28857142857143003,0.20000000000000107,False,0.0,평시,통영
2023-02-10,11.1,10.540000000000001,0.5599999999999987,0.29999999999999893,False,0.0,평시,통영
2023-02-11,11.1,10.585714285714287,0.5142857142857125,0.0,False,0.0,평시,통영
2023-02-12,11.2,10.634285714285713,0.5657142857142858,0.09999999999999964,False,0.0,평시,통영
2023-02-13,11.3,10.677142857142856,0.6228571428571446,0.10000000000000142,False,0.0,평시,통영
2023-02-14,11.4,10.705714285714286,0.694285714285714,0.09999999999999964,False,0.0,평시,통영
2023-02-15,11.3,10.731428571428571,0.5685714285714294,-0.09999999999999964,False,0.0,평시,통영
2023-02-16,11.4,10.757142857142858,0.6428571428571423,0.09999999999999964,False,0.0,평시,통영
2023-02-17,11.5,10.771428571428572,0.7285714285714278,0.09999999999999964,False,0.0,평시,통영
2023-02-18,11.5,10.76,0.7400000000000002,0.0,False,0.0,평시,통영
2023-02-19,11.6,10.737142857142857,0.862857142857143,0.09999999999999964,False,0.0,평시,통영
2023-02-20,11.6,10.714285714285715,0.8857142857142843,0.0,False,0.0,평시,통영
2023-02-21,11.5,10.685714285714287,0.8142857142857132,-0.09999999999999964,False,0.0,평시,통영
2023-02-22,11.5,10.654285714285715,0.8457142857142852,0.0,False,0.0,평시,통영
2023-02-23,11.6,10.614285714285716,0.985714285714284,0.09999999999999964,False,0.0,평시,통영
2023-02-24,11.6,10.577142857142857,1.0228571428571431,0.0,False,0.0,평시,통영
2023-02-25,11.6,10.557142857142857,1.0428571428571427,0.0,False,0.0,평시,통영
2023-02-26,11.5,10.569444444444443,0.9305555555555571,-0.09999999999999964,False,0.0,평시,통영
2023-02-27,11.6,10.569444444444445,1.030555555555555,0.09999999999999964,False,0.0,평시,통영
2023-02-28,11.6,10.580555555555556,1.019444444444444,0.0,False,0.0,평시,통영
2023-03-01,11.6,10.6,1.0,0.0,False,0.0,평시,통영
2023-03-02,11.5,10.625000000000002,0.8749999999999982,-0.09999999999999964,False,0.0,평시,통영
2023-03-03,11.5,10.647222222222222,0.8527777777777779,0.0,False,0.0,평시,통영
2023-03-04,11.5,10.669444444444444,0.8305555555555557,0.0,False,0.0,평시,통영
2023-03-05,11.5,10.682857142857143,0.8171428571428567,0.0,False,0.0,평시,통영
2023-03-06,11.6,10.717142857142857,0.8828571428571426,0.09999999999999964,False,0.0,평시,통영
2023-03-07,11.7,10.762857142857143,0.937142857142856,0.09999999999999964,False,0.0,평시,통영
2023-03-08,11.8,10.817142857142859,0.9828571428571422,0.10000000000000142,False,0.0,평시,통영
2023-03-09,11.9,10.885714285714286,1.0142857142857142,0.09999999999999964,False,0.0,평시,통영
2023-03-10,12.0,10.962857142857143,1.0371428571428574,0.09999999999999964,False,0.0,평시,통영
2023-03-11,12.1,11.045714285714284,1.0542857142857152,0.09999999999999964,False,0.0,평시,통영
2023-03-12,12.2,11.128571428571428,1.0714285714285712,0.09999999999999964,False,0.0,평시,통영
2023-03-13,12.2,11.217142857142859,0.9828571428571404,0.0,False,0.0,평시,통영
2023-03-14,12.2,11.297142857142859,0.9028571428571404,0.0,False,0.0,평시,통영
2023-03-15,12.4,11.371428571428572,1.0285714285714285,0.20000000000000107,False,0.0,평시,통영
2023-03-16,12.5,11.437142857142858,1.0628571428571423,0.09999999999999964,False,0.0,평시,통영
2023-03-17,12.5,11.488571428571428,1.0114285714285725,0.0,False,0.0,평시,통영
2023-03-18,12.6,11.537142857142856,1.062857142857144,0.09999999999999964,False,0.0,평시,통영
2023-03-19,12.7,11.588571428571427,1.111428571428572,0.09999999999999964,False,0.0,평시,통영
2023-03-20,12.8,11.639999999999999,1.160000000000002,0.10000000000000142,False,0.0,평시,통영
2023-03-21,12.9,11.697142857142856,1.2028571428571446,0.09999999999999964,False,0.0,평시,통영
2023-03-22,13.0,11.76,1.2400000000000002,0.09999999999999964,False,0.0,평시,통영
2023-03-23,13.2,11.82857142857143,1.37142857142857,0.1999999999999993,False,0.0,평시,통영
2023-03-24,13.4,11.92,1.4800000000000004,0.20000000000000107,False,0.0,평시,통영
2023-03-25,13.4,12.005714285714287,1.3942857142857132,0.0,False,0.0,평시,통영
2023-03-26,13.5,12.09142857142857,1.4085714285714293,0.09999999999999964,False,0.0,평시,통영
2023-03-27,13.6,12.171428571428573,1.428571428571427,0.09999999999999964,False,0.0,평시,통영
2023-03-28,13.7,12.257142857142858,1.4428571428571413,0.09999999999999964,False,0.0,평시,통영
2023-03-29,13.9,12.340000000000002,1.5599999999999987,0.20000000000000107,False,0.0,평시,통영
2023-03-30,14.2,12.422857142857143,1.7771428571428558,0.29999999999999893,False,0.0,평시,통영
2023-03-31,14.4,12.497142857142858,1.9028571428571421,0.20000000000000107,False,0.0,평시,통영
2023-04-01,14.6,12.580000000000002,2.019999999999998,0.1999999999999993,False,2.0,주의보,통영
2023-04-02,14.6,12.648571428571428,1.951428571428572,0.0,False,0.0,평시,통영
2023-04-03,14.6,12.722857142857142,1.8771428571428572,0.0,False,0.0,평시,통영
2023-04-04,14.7,12.8,1.8999999999999986,0.09999999999999964,False,0.0,평시,통영
2023-04-05,14.6,12.871428571428574,1.728571428571426,-0.09999999999999964,False,0.0,평시,통영
2023-04-06,14.6,12.945714285714287,1.654285714285713,0.0,False,0.0,평시,통영
2023-04-07,14.7,13.017142857142858,1.6828571428571415,0.09999999999999964,False,0.0,평시,통영
2023-04-08,14.6,13.1,1.5,-0.09999999999999964,False,0.0,평시,통영
2023-04-09,14.6,13.197142857142856,1.402857142857144,0.0,False,0.0,평시,통영
2023-04-10,14.6,13.285714285714286,1.3142857142857132,0.0,False,0.0,평시,통영
2023-04-11,14.7,13.354285714285716,1.3457142857142834,0.09999999999999964,False,0.0,평시,통영
2023-04-12,14.8,13.422857142857143,1.3771428571428572,0.10000000000000142,False,0.0,평시,통영
2023-04-13,14.9,13.485714285714286,1.4142857142857146,0.09999999999999964,False,0.0,평시,통영
2023-04-14,14.9,13.557142857142857,1.3428571428571434,0.0,False,0.0,평시,통영
2023-04-15,15.0,13.617142857142857,1.3828571428571426,0.09999999999999964,False,0.0,평시,통영
2023-04-16,15.0,13.67142857142857,1.3285714285714292,0.0,False,0.0,평시,통영
2023-04-17,15.0,13.737142857142857,1.2628571428571433,0.0,False,0.0,평시,통영
2023-04-18,14.9,13.831428571428573,1.0685714285714276,-0.09999999999999964,False,0.0,평시,통영
2023-04-19,14.9,13.937142857142858,0.9628571428571426,0.0,False,0.0,평시,통영
2023-04-20,15.1,14.025714285714288,1.0742857142857112,0.1999999999999993,False,0.0,평시,통영
2023-04-21,15.2,14.102857142857143,1.097142857142856,0.09999999999999964,False,0.0,평시,통영
2023-04-22,15.1,14.177142857142858,0.9228571428571417,-0.09999999999999964,False,0.0,평시,통영
2023-04-23,15.0,14.248571428571429,0.7514285714285709,-0.09999999999999964,False,0.0,평시,통영
2023-04-24,14.9,14.317142857142857,0.5828571428571436,-0.09999999999999964,False,0.0,평시,통영
2023-04-25,14.8,14.38,0.41999999999999993,-0.09999999999999964,False,0.0,평시,통영
2023-04-26,14.9,14.428571428571429,0.47142857142857153,0.09999999999999964,False,0.0,평시,통영
2023-04-27,15.0,14.494285714285713,0.5057142857142871,0.09999999999999964,False,0.0,평시,통영
2023-04-28,15.2,14.557142857142859,0.6428571428571406,0.1999999999999993,False,0.0,평시,통영
2023-04-29,15.3,14.622857142857141,0.6771428571428597,0.10000000000000142,False,0.0,평시,통영
2023-04-30,15.4,14.702857142857141,0.6971428571428593,0.09999999999999964,False,0.0,평시,통영
2023-05-01,15.4,14.771428571428572,0.6285714285714281,0.0,False,0.0,평시,통영
2023-05-02,15.5,14.825714285714286,0.6742857142857144,0.09999999999999964,False,0.0,평시,통영
2023-05-03,15.6,14.902857142857144,0.6971428571428557,0.09999999999999964,False,0.0,평시,통영
2023-05-04,15.5,14.985714285714286,0.5142857142857142,-0.09999999999999964,False,0.0,평시,통영
2023-05-05,15.4,15.068571428571428,0.33142857142857274,-0.09999999999999964,False,0.0,평시,통영
2023-05-06,15.5,15.145714285714282,0.35428571428571765,0.09999999999999964,False,0.0,평시,통영
2023-05-07,15.5,15.217142857142857,0.2828571428571429,0.0,False,0.0,평시,통영
2023-05-08,15.5,15.299999999999997,0.20000000000000284,0.0,False,0.0,평시,통영
2023-05-09,15.6,15.391428571428573,0.2085714285714264,0.09999999999999964,False,0.0,평시,통영
2023-05-10,15.8,15.471428571428572,0.3285714285714292,0.20000000000000107,False,0.0,평시,통영
2023-05-11,16.0,15.557142857142857,0.44285714285714306,0.1999999999999993,False,0.0,평시,통영
2023-05-12,16.1,15.66285714285714,0.4371428571428613,0.10000000000000142,False,0.0,평시,통영
2023-05-13,16.0,15.762857142857142,0.23714285714285843,-0.10000000000000142,False,0.0,평시,통영
2023-05-14,16.1,15.851428571428574,0.24857142857142733,0.10000000000000142,False,0.0,평시,통영
2023-05-15,16.2,15.945714285714287,0.25428571428571267,0.09999999999999787,False,0.0,평시,통영
2023-05-16,16.3,16.051428571428573,0.24857142857142733,0.10000000000000142,False,0.0,평시,통영
2023-05-17,16.4,16.145714285714288,0.2542857142857109,0.09999999999999787,False,0.0,평시,통영
2023-05-18,16.5,16.242857142857147,0.2571428571428527,0.10000000000000142,False,0.0,평시,통영
2023-05-19,16.5,16.345714285714287,0.15428571428571303,0.0,False,0.0,평시,통영
2023-05-20,16.3,16.437142857142856,-0.13714285714285523,-0.1999999999999993,False,0.0,평시,통영
2023-05-21,16.5,16.53142857142857,-0.03142857142857025,0.1999999999999993,False,0.0,평시,통영
2023-05-22,16.8,16.611428571428572,0.1885714285714286,0.3000000000000007,False,0.0,평시,통영
2023-05-23,16.7,16.677142857142858,0.022857142857141355,-0.10000000000000142,False,0.0,평시,통영
2023-05-24,16.7,16.765714285714285,-0.06571428571428584,0.0,False,0.0,평시,통영
2023-05-25,16.9,16.845714285714287,0.054285714285711606,0.1999999999999993,False,0.0,평시,통영
2023-05-26,17.2,16.922857142857143,0.2771428571428558,0.3000000000000007,False,0.0,평시,통영
2023-05-27,17.7,17.017142857142854,0.682857142857145,0.5,False,0.0,평시,통영
2023-05-28,18.2,17.134285714285713,1.0657142857142858,0.5,False,0.0,평시,통영
2023-05-29,18.5,17.265714285714285,1.2342857142857149,0.3000000000000007,False,0.0,평시,통영
2023-05-30,18.0,17.39428571428571,0.6057142857142885,-0.5,False,0.0,평시,통영
2023-05-31,18.1,17.517142857142858,0.5828571428571436,0.10000000000000142,False,0.0,평시,통영
2023-06-01,18.2,17.634285714285717,0.5657142857142823,0.09999999999999787,False,0.0,평시,통영
2023-06-02,18.2,17.731428571428577,0.46857142857142264,0.0,False,0.0,평시,통영
2023-06-03,18.1,17.82571428571429,0.27428571428571047,-0.09999999999999787,False,0.0,평시,통영
2023-06-04,18.0,17.90571428571429,0.09428571428571075,-0.10000000000000142,False,0.0,평시,통영
2023-06-05,18.0,17.98,0.019999999999999574,0.0,False,0.0,평시,통영
2023-06-06,17.8,18.07428571428571,-0.27428571428571047,-0.1999999999999993,False,0.0,평시,통영
2023-06-07,18.0,18.157142857142862,-0.1571428571428619,0.1999999999999993,False,0.0,평시,통영
2023-06-08,18.1,18.240000000000002,-0.14000000000000057,0.10000000000000142,False,0.0,평시,통영
2023-06-09,18.2,18.331428571428567,-0.13142857142856812,0.09999999999999787,False,0.0,평시,통영
2023-06-10,18.3,18.42285714285714,-0.12285714285713922,0.10000000000000142,False,0.0,평시,통영
2023-06-11,18.7,18.52,0.17999999999999972,0.3999999999999986,False,0.0,평시,통영
2023-06-12,19.0,18.637142857142855,0.36285714285714477,0.3000000000000007,False,0.0,평시,통영
2023-06-13,19.1,18.742857142857144,0.35714285714285765,0.10000000000000142,False,0.0,평시,통영
2023-06-14,19.2,18.83142857142857,0.36857142857142833,0.09999999999999787,False,0.0,평시,통영
2023-06-15,19.3,18.914285714285718,0.38571428571428257,0.10000000000000142,False,0.0,평시,통영
2023-06-16,19.1,19.014285714285716,0.08571428571428541,-0.1999999999999993,False,0.0,평시,통영
2023-06-17,19.0,19.12,-0.120000000000001,-0.10000000000000142,False,0.0,평시,통영
2023-06-18,19.0,19.234285714285715,-0.23428571428571487,0.0,False,0.0,평시,통영
2023-06-19,19.0,19.31428571428571,-0.3142857142857096,0.0,False,0.0,평시,통영
2023-06-20,19.0,19.39428571428571,-0.39428571428571146,0.0,False,0.0,평시,통영
2023-06-21,19.3,19.485714285714284,-0.18571428571428328,0.3000000000000007,False,0.0,평시,통영
2023-06-22,19.6,19.571428571428573,0.02857142857142847,0.3000000000000007,False,0.0,평시,통영
2023-06-23,19.7,19.625714285714285,0.07428571428571473,0.09999999999999787,False,0.0,평시,통영
2023-06-24,20.1,19.677142857142854,0.42285714285714704,0.40000000000000213,False,0.0,평시,통영
2023-06-25,20.7,19.705714285714283,0.9942857142857164,0.5999999999999979,False,0.0,평시,통영
2023-06-26,20.8,19.745714285714286,1.0542857142857152,0.10000000000000142,False,0.0,평시,통영
2023-06-27,21.0,19.82857142857143,1.1714285714285708,0.1999999999999993,False,0.0,평시,통영
2023-06-28,20.7,19.922857142857143,0.7771428571428558,-0.3000000000000007,False,0.0,평시,통영
2023-06-29,20.6,20.060000000000002,0.5399999999999991,-0.09999999999999787,False,0.0,평시,통영
2023-06-30,21.0,20.225714285714286,0.774285714285714,0.3999999999999986,False,0.0,평시,통영
2023-07-01,20.4,20.414285714285715,-0.014285714285716011,-0.6000000000000014,False,0.0,평시,통영
2023-07-02,20.4,20.602857142857143,-0.20285714285714462,0.0,False,0.0,평시,통영
2023-07-03,19.6,20.774285714285714,-1.1742857142857126,-0.7999999999999972,False,0.0,평시,통영
2023-07-04,19.2,20.882857142857137,-1.682857142857138,-0.40000000000000213,False,0.0,평시,통영
2023-07-05,19.5,20.98285714285714,-1.4828571428571387,0.3000000000000007,False,0.0,평시,통영
2023-07-06,19.5,21.045714285714286,-1.5457142857142863,0.0,False,0.0,평시,통영
2023-07-07,19.2,21.082857142857144,-1.8828571428571443,-0.3000000000000007,False,0.0,평시,통영
2023-07-08,18.8,21.094285714285714,-2.2942857142857136,-0.3999999999999986,False,0.0,평시,통영
2023-07-09,18.6,21.094285714285718,-2.4942857142857164,-0.1999999999999993,False,0.0,평시,통영
2023-07-10,18.9,21.128571428571433,-2.228571428571435,0.29999999999999716,False,0.0,평시,통영
2023-07-11,19.1,21.202857142857145,-2.102857142857143,0.20000000000000284,False,0.0,평시,통영
2023-07-12,19.4,21.26,-1.860000000000003,0.29999999999999716,False,0.0,평시,통영
2023-07-13,19.2,21.32,-2.120000000000001,-0.1999999999999993,False,0.0,평시,통영
2023-07-14,20.5,21.388571428571428,-0.8885714285714279,1.3000000000000007,False,0.0,평시,통영
2023-07-15,20.2,21.56470588235294,-1.3647058823529399,-0.3000000000000007,False,0.0,평시,통영
2023-07-16,20.1,21.74705882352941,-1.6470588235294095,-0.09999999999999787,False,0.0,평시,통영
2023-07-17,19.4,21.879411764705885,-2.479411764705887,-0.7000000000000028,False,0.0,평시,통영
2023-07-18,,22.017647058823535,,,False,,판정불가,통영
2023-07-19,20.5,22.191176470588236,-1.6911764705882355,,False,0.0,평시,통영
2023-07-20,20.4,22.36176470588235,-1.9617647058823522,-0.10000000000000142,False,0.0,평시,통영
2023-07-21,20.7,22.555882352941175,-1.855882352941176,0.3000000000000007,False,0.0,평시,통영
2023-07-22,21.3,22.602857142857143,-1.3028571428571425,0.6000000000000014,False,0.0,평시,통영
2023-07-23,21.5,22.691428571428574,-1.191428571428574,0.1999999999999993,False,0.0,평시,통영
2023-07-24,22.8,22.84285714285714,-0.04285714285714093,1.3000000000000007,False,0.0,평시,통영
2023-07-25,22.8,23.000000000000004,-0.20000000000000284,0.0,False,0.0,평시,통영
2023-07-26,23.2,23.197142857142858,0.002857142857141781,0.3999999999999986,False,0.0,평시,통영
2023-07-27,23.9,23.434285714285714,0.4657142857142844,0.6999999999999993,False,0.0,평시,통영
2023-07-28,24.3,23.65142857142857,0.6485714285714295,0.40000000000000213,False,0.0,평시,통영
2023-07-29,24.0,23.84857142857143,0.15142857142857125,-0.3000000000000007,False,0.0,평시,통영
2023-07-30,24.1,24.091428571428576,0.008571428571425344,0.10000000000000142,False,0.0,평시,통영
2023-07-31,23.7,24.271428571428572,-0.571428571428573,-0.40000000000000213,False,0.0,평시,통영
2023-08-01,22.3,24.371428571428574,-2.071428571428573,-1.3999999999999986,False,0.0,평시,통영
2023-08-02,21.9,24.40857142857143,-2.5085714285714324,-0.40000000000000213,False,0.0,평시,통영
2023-08-03,21.7,24.42285714285714,-2.7228571428571406,-0.1999999999999993,False,0.0,평시,통영
2023-08-04,21.2,24.49428571428572,-3.2942857142857207,-0.5,False,0.0,평시,통영
2023-08-05,21.0,24.611428571428576,-3.6114285714285757,-0.1999999999999993,False,0.0,평시,통영
2023-08-06,21.6,24.640000000000004,-3.0400000000000027,0.6000000000000014,False,0.0,평시,통영
2023-08-07,23.7,24.605714285714285,-0.9057142857142857,2.099999999999998,False,0.0,평시,통영
2023-08-08,25.7,24.59142857142857,1.1085714285714303,2.0,False,0.0,평시,통영
2023-08-09,26.9,24.58,2.3200000000000003,1.1999999999999993,False,2.0,주의보,통영
2023-08-10,26.5,24.542857142857144,1.9571428571428555,-0.3999999999999986,False,0.0,평시,통영
2023-08-11,26.8,24.488571428571433,2.311428571428568,0.3000000000000007,False,2.0,주의보,통영
2023-08-12,27.2,24.46857142857143,2.7314285714285695,0.3999999999999986,False,2.0,주의보,통영
2023-08-13,27.3,24.517142857142858,2.782857142857143,0.10000000000000142,False,2.0,주의보,통영
2023-08-14,27.3,24.651428571428568,2.648571428571433,0.0,False,2.0,주의보,통영
2023-08-15,27.3,24.79142857142857,2.5085714285714324,0.0,False,2.0,주의보,통영
2023-08-16,26.8,24.954285714285714,1.845714285714287,-0.5,False,0.0,평시,통영
2023-08-17,26.8,25.111428571428576,1.688571428571425,0.0,False,0.0,평시,통영
2023-08-18,26.6,25.194285714285712,1.4057142857142892,-0.1999999999999993,False,0.0,평시,통영
2023-08-19,26.4,25.20857142857143,1.1914285714285668,-0.20000000000000284,False,0.0,평시,통영
2023-08-20,26.2,25.2,1.0,-0.1999999999999993,False,0.0,평시,통영
2023-08-21,26.3,25.137142857142855,1.1628571428571455,0.10000000000000142,False,0.0,평시,통영
2023-08-22,26.7,25.071428571428573,1.6285714285714263,0.3999999999999986,False,0.0,평시,통영
2023-08-23,27.4,24.997142857142858,2.4028571428571404,0.6999999999999993,False,2.0,주의보,통영
2023-08-24,27.7,24.94,2.759999999999998,0.3000000000000007,False,2.0,주의보,통영
2023-08-25,27.8,24.877142857142857,2.9228571428571435,0.10000000000000142,False,2.0,주의보,통영
2023-08-26,27.9,24.817142857142862,3.0828571428571365,0.09999999999999787,False,3.0,경보,통영
2023-08-27,28.0,24.78571428571429,3.2142857142857117,0.10000000000000142,False,3.0,경보,통영
2023-08-28,27.7,24.817142857142862,2.8828571428571372,-0.3000000000000007,False,2.0,주의보,통영
2023-08-29,26.9,24.851428571428574,2.0485714285714245,-0.8000000000000007,False,2.0,주의보,통영
2023-08-30,26.8,24.834285714285716,1.9657142857142844,-0.09999999999999787,False,0.0,평시,통영
2023-08-31,26.4,24.834285714285713,1.5657142857142858,-0.40000000000000213,False,0.0,평시,통영
2023-09-01,25.5,24.894285714285715,0.605714285714285,-0.8999999999999986,False,0.0,평시,통영
2023-09-02,24.7,24.962857142857143,-0.26285714285714334,-0.8000000000000007,False,0.0,평시,통영
2023-09-03,24.4,25.005714285714284,-0.605714285714285,-0.3000000000000007,False,0.0,평시,통영
2023-09-04,24.7,25.01714285714286,-0.31714285714286206,0.3000000000000007,False,0.0,평시,통영
2023-09-05,25.3,24.997142857142858,0.3028571428571425,0.6000000000000014,False,0.0,평시,통영
2023-09-06,25.7,24.974285714285717,0.7257142857142824,0.3999999999999986,False,0.0,평시,통영
2023-09-07,25.8,24.885714285714286,0.9142857142857146,0.10000000000000142,False,0.0,평시,통영
2023-09-08,25.7,24.76285714285714,0.9371428571428595,-0.10000000000000142,False,0.0,평시,통영
2023-09-09,25.8,24.648571428571426,1.1514285714285748,0.10000000000000142,False,0.0,평시,통영
2023-09-10,26.1,24.588571428571427,1.5114285714285742,0.3000000000000007,False,0.0,평시,통영
2023-09-11,26.2,24.579999999999995,1.6200000000000045,0.09999999999999787,False,0.0,평시,통영
2023-09-12,26.2,24.60285714285714,1.5971428571428596,0.0,False,0.0,평시,통영
2023-09-13,26.2,24.668571428571425,1.5314285714285738,0.0,False,0.0,평시,통영
2023-09-14,26.0,24.777142857142856,1.2228571428571442,-0.1999999999999993,False,0.0,평시,통영
2023-09-15,25.7,24.88,0.8200000000000003,-0.3000000000000007,False,0.0,평시,통영
2023-09-16,25.5,24.945714285714285,0.5542857142857152,-0.1999999999999993,False,0.0,평시,통영
2023-09-17,25.3,24.905714285714286,0.394285714285715,-0.1999999999999993,False,0.0,평시,통영
2023-09-18,25.3,24.82857142857143,0.47142857142857153,0.0,False,0.0,평시,통영
2023-09-19,25.5,24.694285714285712,0.8057142857142878,0.1999999999999993,False,0.0,평시,통영
2023-09-20,25.3,24.528571428571432,0.7714285714285687,-0.1999999999999993,False,0.0,평시,통영
2023-09-21,25.4,24.337142857142855,1.062857142857144,0.09999999999999787,False,0.0,평시,통영
2023-09-22,24.8,24.141176470588235,0.6588235294117659,-0.5999999999999979,False,0.0,평시,통영
2023-09-23,25.0,23.975757575757576,1.0242424242424235,0.1999999999999993,False,0.0,평시,통영
2023-09-24,24.8,23.87878787878788,0.9212121212121218,-0.1999999999999993,False,0.0,평시,통영
2023-09-25,,23.793939393939393,,,False,,판정불가,통영
2023-09-26,,23.772727272727273,,,False,,판정불가,통영
2023-09-27,24.6,23.76969696969697,0.8303030303030319,,False,0.0,평시,통영
2023-09-28,24.4,23.784848484848485,0.6151515151515135,-0.20000000000000284,False,0.0,평시,통영
2023-09-29,24.2,23.794117647058822,0.4058823529411768,-0.1999999999999993,False,0.0,평시,통영
2023-09-30,23.7,23.757142857142856,-0.05714285714285694,-0.5,False,0.0,평시,통영
2023-10-01,23.2,23.680000000000003,-0.480000000000004,-0.5,False,0.0,평시,통영
2023-10-02,22.6,23.56857142857143,-0.9685714285714297,-0.5999999999999979,False,0.0,평시,통영
2023-10-03,22.2,23.42285714285714,-1.2228571428571406,-0.40000000000000213,False,0.0,평시,통영
2023-10-04,22.2,23.245714285714282,-1.0457142857142827,0.0,False,0.0,평시,통영
2023-10-05,22.3,23.028571428571425,-0.7285714285714242,0.10000000000000142,False,0.0,평시,통영
2023-10-06,21.7,22.78857142857143,-1.0885714285714307,-0.6000000000000014,False,0.0,평시,통영
2023-10-07,21.6,22.574285714285715,-0.9742857142857133,-0.09999999999999787,False,0.0,평시,통영
2023-10-08,21.4,22.377142857142854,-0.9771428571428551,-0.20000000000000284,False,0.0,평시,통영
2023-10-09,21.3,22.2,-0.8999999999999986,-0.09999999999999787,False,0.0,평시,통영
2023-10-10,21.6,22.045714285714286,-0.44571428571428484,0.3000000000000007,False,0.0,평시,통영
2023-10-11,21.5,21.939999999999998,-0.4399999999999977,-0.10000000000000142,False,0.0,평시,통영
2023-10-12,21.3,21.891428571428573,-0.5914285714285725,-0.1999999999999993,False,0.0,평시,통영
2023-10-13,21.3,21.87428571428572,-0.5742857142857183,0.0,False,0.0,평시,통영
2023-10-14,21.3,21.828571428571433,-0.528571428571432,0.0,False,0.0,평시,통영
2023-10-15,21.2,21.731428571428577,-0.5314285714285774,-0.10000000000000142,False,0.0,평시,통영
2023-10-16,21.0,21.63714285714286,-0.6371428571428588,-0.1999999999999993,False,0.0,평시,통영
2023-10-17,20.7,21.502857142857142,-0.8028571428571425,-0.3000000000000007,False,0.0,평시,통영
2023-10-18,20.5,21.319999999999997,-0.8199999999999967,-0.1999999999999993,False,0.0,평시,통영
2023-10-19,20.5,21.111428571428572,-0.6114285714285721,0.0,False,0.0,평시,통영
2023-10-20,20.3,20.917142857142856,-0.6171428571428557,-0.1999999999999993,False,0.0,평시,통영
2023-10-21,19.5,20.734285714285715,-1.2342857142857149,-0.8000000000000007,False,0.0,평시,통영
2023-10-22,19.2,20.568571428571428,-1.3685714285714283,-0.3000000000000007,False,0.0,평시,통영
2023-10-23,19.2,20.397142857142853,-1.197142857142854,0.0,False,0.0,평시,통영
2023-10-24,19.2,20.274285714285714,-1.0742857142857147,0.0,False,0.0,평시,통영
2023-10-25,19.1,20.171428571428567,-1.0714285714285658,-0.09999999999999787,False,0.0,평시,통영
2023-10-26,18.9,20.06571428571429,-1.1657142857142908,-0.20000000000000284,False,0.0,평시,통영
2023-10-27,18.8,19.951428571428572,-1.1514285714285712,-0.09999999999999787,False,0.0,평시,통영
2023-10-28,18.5,19.86,-1.3599999999999994,-0.3000000000000007,False,0.0,평시,통영
2023-10-29,18.3,19.78,-1.4800000000000004,-0.1999999999999993,False,0.0,평시,통영
2023-10-30,18.3,19.7,-1.3999999999999986,0.0,False,0.0,평시,통영
2023-10-31,18.4,19.60571428571429,-1.20571428571429,0.09999999999999787,False,0.0,평시,통영
2023-11-01,18.4,19.52285714285714,-1.1228571428571428,0.0,False,0.0,평시,통영
2023-11-02,18.7,19.445714285714285,-0.7457142857142856,0.3000000000000007,False,0.0,평시,통영
2023-11-03,18.7,19.37142857142857,-0.6714285714285708,0.0,False,0.0,평시,통영
2023-11-04,18.8,19.27428571428571,-0.47428571428570976,0.10000000000000142,False,0.0,평시,통영
2023-11-05,18.9,19.15714285714286,-0.2571428571428598,0.09999999999999787,False,0.0,평시,통영
2023-11-06,19.2,19.034285714285712,0.16571428571428726,0.3000000000000007,False,0.0,평시,통영
2023-11-07,18.7,18.91142857142857,-0.21142857142856997,-0.5,False,0.0,평시,통영
2023-11-08,18.1,18.774285714285714,-0.6742857142857126,-0.5999999999999979,False,0.0,평시,통영
2023-11-09,17.9,18.628571428571433,-0.7285714285714349,-0.20000000000000284,False,0.0,평시,통영
2023-11-10,17.9,18.47142857142857,-0.571428571428573,0.0,False,0.0,평시,통영
2023-11-11,17.2,18.325714285714284,-1.1257142857142846,-0.6999999999999993,False,0.0,평시,통영
2023-11-12,16.8,18.191428571428567,-1.3914285714285661,-0.3999999999999986,False,0.0,평시,통영
2023-11-13,16.5,18.059999999999995,-1.5599999999999952,-0.3000000000000007,False,0.0,평시,통영
2023-11-14,16.4,17.928571428571427,-1.5285714285714285,-0.10000000000000142,False,0.0,평시,통영
2023-11-15,16.3,17.788571428571426,-1.4885714285714258,-0.09999999999999787,False,0.0,평시,통영
2023-11-16,16.2,17.651428571428575,-1.4514285714285755,-0.10000000000000142,False,0.0,평시,통영
2023-11-17,16.0,17.52285714285714,-1.5228571428571414,-0.1999999999999993,False,0.0,평시,통영
2023-11-18,15.7,17.4,-1.6999999999999993,-0.3000000000000007,False,0.0,평시,통영
2023-11-19,15.6,17.274285714285718,-1.674285714285718,-0.09999999999999964,False,0.0,평시,통영
2023-11-20,15.6,17.151428571428575,-1.5514285714285752,0.0,False,0.0,평시,통영
2023-11-21,15.6,17.028571428571432,-1.4285714285714324,0.0,False,0.0,평시,통영
2023-11-22,15.6,16.922857142857143,-1.3228571428571438,0.0,False,0.0,평시,통영
2023-11-23,15.6,16.822857142857142,-1.2228571428571424,0.0,False,0.0,평시,통영
2023-11-24,15.5,16.71428571428571,-1.2142857142857117,-0.09999999999999964,False,0.0,평시,통영
2023-11-25,15.3,16.597142857142853,-1.2971428571428518,-0.1999999999999993,False,0.0,평시,통영
2023-11-26,15.2,16.482857142857142,-1.282857142857143,-0.10000000000000142,False,0.0,평시,통영
2023-11-27,15.1,16.365714285714283,-1.2657142857142833,-0.09999999999999964,False,0.0,평시,통영
2023-11-28,15.0,16.240000000000002,-1.240000000000002,-0.09999999999999964,False,0.0,평시,통영
2023-11-29,14.8,16.114285714285714,-1.3142857142857132,-0.1999999999999993,False,0.0,평시,통영
2023-11-30,14.7,15.982857142857142,-1.282857142857143,-0.10000000000000142,False,0.0,평시,통영
2023-12-01,14.5,15.85142857142857,-1.3514285714285705,-0.1999999999999993,False,0.0,평시,통영
2023-12-02,14.4,15.719999999999999,-1.3199999999999985,-0.09999999999999964,False,0.0,평시,통영
2023-12-03,14.3,15.577142857142858,-1.2771428571428576,-0.09999999999999964,False,0.0,평시,통영
2023-12-04,14.2,15.431428571428572,-1.231428571428573,-0.10000000000000142,False,0.0,평시,통영
2023-12-05,14.2,15.297142857142857,-1.0971428571428579,0.0,False,0.0,평시,통영
2023-12-06,14.1,15.168571428571427,-1.0685714285714276,-0.09999999999999964,False,0.0,평시,통영
2023-12-07,14.0,15.054285714285713,-1.0542857142857134,-0.09999999999999964,False,0.0,평시,통영
2023-12-08,13.9,14.957142857142854,-1.0571428571428534,-0.09999999999999964,False,0.0,평시,통영
2023-12-09,13.9,14.865714285714285,-0.9657142857142844,0.0,False,0.0,평시,통영
2023-12-10,14.0,14.777142857142858,-0.7771428571428576,0.09999999999999964,False,0.0,평시,통영
2023-12-11,14.1,14.685714285714285,-0.5857142857142854,0.09999999999999964,False,0.0,평시,통영
2023-12-12,14.1,14.59714285714286,-0.49714285714286,0.0,False,0.0,평시,통영
2023-12-13,14.0,14.505714285714289,-0.5057142857142889,-0.09999999999999964,False,0.0,평시,통영
2023-12-14,14.0,14.39714285714286,-0.39714285714286035,0.0,False,0.0,평시,통영
2023-12-15,14.1,14.265714285714285,-0.16571428571428548,0.09999999999999964,False,0.0,평시,통영
2023-12-16,14.0,14.122857142857141,-0.122857142857141,-0.09999999999999964,False,0.0,평시,통영
2023-12-17,13.8,13.994285714285713,-0.19428571428571217,-0.1999999999999993,False,0.0,평시,통영
2023-12-18,13.7,13.868571428571428,-0.16857142857142904,-0.10000000000000142,False,0.0,평시,통영
2023-12-19,13.5,13.74,-0.2400000000000002,-0.1999999999999993,False,0.0,평시,통영
2023-12-20,13.3,13.608571428571429,-0.30857142857142783,-0.1999999999999993,False,0.0,평시,통영
2023-12-21,13.0,13.485714285714286,-0.48571428571428577,-0.3000000000000007,False,0.0,평시,통영
2023-12-22,12.8,13.377142857142857,-0.5771428571428565,-0.1999999999999993,False,0.0,평시,통영
2023-12-23,12.7,13.262857142857143,-0.562857142857144,-0.10000000000000142,False,0.0,평시,통영
2023-12-24,12.6,13.145714285714284,-0.5457142857142845,-0.09999999999999964,False,0.0,평시,통영
2023-12-25,12.4,13.037142857142857,-0.637142857142857,-0.1999999999999993,False,0.0,평시,통영
2023-12-26,12.3,12.922857142857143,-0.6228571428571428,-0.09999999999999964,False,0.0,평시,통영
2023-12-27,12.3,12.80857142857143,-0.5085714285714289,0.0,False,0.0,평시,통영
2023-12-28,12.3,12.7,-0.3999999999999986,0.0,False,0.0,평시,통영
2023-12-29,12.3,12.575,-0.2749999999999986,0.0,False,0.0,평시,통영
2023-12-30,12.3,12.449999999999998,-0.1499999999999968,0.0,False,0.0,평시,통영
2023-12-31,12.3,12.330555555555556,-0.030555555555555003,0.0,False,0.0,평시,통영
2024-01-01,12.3,12.21111111111111,0.08888888888889035,0.0,False,0.0,평시,통영
2024-01-02,12.3,12.11111111111111,0.18888888888889,0.0,False,0.0,평시,통영
2024-01-03,12.2,12.02222222222222,0.17777777777777892,-0.10000000000000142,False,0.0,평시,통영
2024-01-04,12.1,11.927777777777777,0.1722222222222225,-0.09999999999999964,False,0.0,평시,통영
2024-01-05,12.0,11.825714285714287,0.1742857142857126,-0.09999999999999964,False,0.0,평시,통영
2024-01-06,11.9,11.762857142857143,0.137142857142857,-0.09999999999999964,False,0.0,평시,통영
2024-01-07,11.7,11.702857142857143,-0.0028571428571435575,-0.20000000000000107,False,0.0,평시,통영
2024-01-08,11.6,11.645714285714284,-0.045714285714284486,-0.09999999999999964,False,0.0,평시,통영
2024-01-09,11.5,11.579999999999998,-0.0799999999999983,-0.09999999999999964,False,0.0,평시,통영
2024-01-10,11.5,11.517142857142856,-0.017142857142856016,0.0,False,0.0,평시,통영
2024-01-11,11.4,11.47142857142857,-0.0714285714285694,-0.09999999999999964,False,0.0,평시,통영
2024-01-12,11.3,11.44857142857143,-0.14857142857142946,-0.09999999999999964,False,0.0,평시,통영
2024-01-13,11.3,11.428571428571427,-0.12857142857142634,0.0,False,0.0,평시,통영
2024-01-14,11.4,11.402857142857142,-0.002857142857141781,0.09999999999999964,False,0.0,평시,통영
2024-01-15,11.5,11.371428571428572,0.12857142857142811,0.09999999999999964,False,0.0,평시,통영
2024-01-16,11.4,11.334285714285715,0.06571428571428584,-0.09999999999999964,False,0.0,평시,통영
2024-01-17,11.4,11.291428571428572,0.10857142857142854,0.0,False,0.0,평시,통영
2024-01-18,11.4,11.234285714285715,0.16571428571428548,0.0,False,0.0,평시,통영
2024-01-19,11.3,11.16,0.14000000000000057,-0.09999999999999964,False,0.0,평시,통영
2024-01-20,11.3,11.091428571428573,0.20857142857142819,0.0,False,0.0,평시,통영
2024-01-21,11.2,11.022857142857145,0.17714285714285438,-0.10000000000000142,False,0.0,평시,통영
2024-01-22,11.1,10.965714285714286,0.13428571428571345,-0.09999999999999964,False,0.0,평시,통영
2024-01-23,10.8,10.92,-0.11999999999999922,-0.29999999999999893,False,0.0,평시,통영
2024-01-24,10.6,10.877142857142855,-0.2771428571428558,-0.20000000000000107,False,0.0,평시,통영
2024-01-25,10.7,10.834285714285715,-0.13428571428571523,0.09999999999999964,False,0.0,평시,통영
2024-01-26,10.8,10.785714285714286,0.014285714285714235,0.10000000000000142,False,0.0,평시,통영
2024-01-27,10.8,10.731428571428573,0.06857142857142762,0.0,False,0.0,평시,통영
2024-01-28,10.8,10.694285714285714,0.10571428571428676,0.0,False,0.0,평시,통영
2024-01-29,10.8,10.657142857142857,0.14285714285714413,0.0,False,0.0,평시,통영
2024-01-30,10.8,10.617142857142856,0.18285714285714505,0.0,False,0.0,평시,통영
2024-01-31,10.9,10.582857142857142,0.3171428571428585,0.09999999999999964,False,0.0,평시,통영
2024-02-01,10.9,10.554285714285715,0.3457142857142852,0.0,False,0.0,평시,통영
2024-02-02,10.9,10.534285714285716,0.36571428571428477,0.0,False,0.0,평시,통영
2024-02-03,10.9,10.525714285714287,0.37428571428571367,0.0,False,0.0,평시,통영
2024-02-04,10.9,10.508571428571429,0.39142857142857146,0.0,False,0.0,평시,통영
2024-02-05,10.9,10.491428571428571,0.40857142857142925,0.0,False,0.0,평시,통영
2024-02-06,10.9,10.482857142857144,0.41714285714285637,0.0,False,0.0,평시,통영
2024-02-07,10.9,10.485714285714284,0.41428571428571637,0.0,False,0.0,평시,통영
2024-02-08,10.9,10.494285714285715,0.4057142857142857,0.0,False,0.0,평시,통영
2024-02-09,10.9,10.51142857142857,0.3885714285714297,0.0,False,0.0,평시,통영
2024-02-10,11.0,10.540000000000001,0.4599999999999991,0.09999999999999964,False,0.0,평시,통영
2024-02-11,11.1,10.585714285714287,0.5142857142857125,0.09999999999999964,False,0.0,평시,통영
2024-02-12,11.2,10.634285714285713,0.5657142857142858,0.09999999999999964,False,0.0,평시,통영
2024-02-13,11.3,10.677142857142856,0.6228571428571446,0.10000000000000142,False,0.0,평시,통영
2024-02-14,11.4,10.705714285714286,0.694285714285714,0.09999999999999964,False,0.0,평시,통영
2024-02-15,11.6,10.731428571428571,0.8685714285714283,0.1999999999999993,False,0.0,평시,통영
2024-02-16,11.6,10.757142857142858,0.8428571428571416,0.0,False,0.0,평시,통영
2024-02-17,11.6,10.771428571428572,0.8285714285714274,0.0,False,0.0,평시,통영
2024-02-18,11.6,10.76,0.8399999999999999,0.0,False,0.0,평시,통영
2024-02-19,11.8,10.737142857142857,1.062857142857144,0.20000000000000107,False,0.0,평시,통영
2024-02-20,11.8,10.714285714285715,1.0857142857142854,0.0,False,0.0,평시,통영
2024-02-21,11.6,10.685714285714287,0.9142857142857128,-0.20000000000000107,False,0.0,평시,통영
2024-02-22,11.4,10.654285714285715,0.7457142857142856,-0.1999999999999993,False,0.0,평시,통영
2024-02-23,11.2,10.614285714285716,0.5857142857142836,-0.20000000000000107,False,0.0,평시,통영
2024-02-24,11.0,10.577142857142857,0.4228571428571435,-0.1999999999999993,False,0.0,평시,통영
2024-02-25,10.8,10.557142857142857,0.24285714285714377,-0.1999999999999993,False,0.0,평시,통영
2024-02-26,10.8,10.569444444444443,0.23055555555555785,0.0,False,0.0,평시,통영
2024-02-27,10.9,10.569444444444445,0.3305555555555557,0.09999999999999964,False,0.0,평시,통영
2024-02-28,11.1,10.580555555555556,0.5194444444444439,0.1999999999999993,False,0.0,평시,통영
2024-02-29,11.1,10.6,0.5,0.0,False,0.0,평시,통영
2024-03-01,11.2,10.6,0.5999999999999996,0.09999999999999964,False,0.0,평시,통영
2024-03-02,11.1,10.625000000000002,0.47499999999999787,-0.09999999999999964,False,0.0,평시,통영
2024-03-03,11.2,10.647222222222222,0.5527777777777771,0.09999999999999964,False,0.0,평시,통영
2024-03-04,11.2,10.669444444444444,0.530555555555555,0.0,False,0.0,평시,통영
2024-03-05,11.1,10.682857142857143,0.41714285714285637,-0.09999999999999964,False,0.0,평시,통영
2024-03-06,11.1,10.717142857142857,0.38285714285714256,0.0,False,0.0,평시,통영
2024-03-07,11.1,10.762857142857143,0.3371428571428563,0.0,False,0.0,평시,통영
2024-03-08,11.1,10.817142857142859,0.28285714285714114,0.0,False,0.0,평시,통영
2024-03-09,11.2,10.885714285714286,0.31428571428571317,0.09999999999999964,False,0.0,평시,통영
2024-03-10,11.3,10.962857142857143,0.3371428571428581,0.10000000000000142,False,0.0,평시,통영
2024-03-11,11.3,11.045714285714284,0.2542857142857162,0.0,False,0.0,평시,통영
2024-03-12,11.4,11.128571428571428,0.27142857142857224,0.09999999999999964,False,0.0,평시,통영
2024-03-13,11.5,11.217142857142859,0.28285714285714114,0.09999999999999964,False,0.0,평시,통영
2024-03-14,11.6,11.297142857142859,0.3028571428571407,0.09999999999999964,False,0.0,평시,통영
2024-03-15,11.7,11.371428571428572,0.3285714285714274,0.09999999999999964,False,0.0,평시,통영
2024-03-16,11.8,11.437142857142858,0.362857142857143,0.10000000000000142,False,0.0,평시,통영
2024-03-17,12.1,11.488571428571428,0.6114285714285721,0.29999999999999893,False,0.0,평시,통영
2024-03-18,12.1,11.537142857142856,0.562857142857144,0.0,False,0.0,평시,통영
2024-03-19,12.1,11.588571428571427,0.5114285714285725,0.0,False,0.0,평시,통영
2024-03-20,12.0,11.639999999999999,0.3600000000000012,-0.09999999999999964,False,0.0,평시,통영
2024-03-21,11.9,11.697142857142856,0.20285714285714462,-0.09999999999999964,False,0.0,평시,통영
2024-03-22,12.0,11.76,0.2400000000000002,0.09999999999999964,False,0.0,평시,통영
2024-03-23,12.2,11.82857142857143,0.3714285714285701,0.1999999999999993,False,0.0,평시,통영
2024-03-24,12.1,11.92,0.17999999999999972,-0.09999999999999964,False,0.0,평시,통영
2024-03-25,12.1,12.005714285714287,0.09428571428571253,0.0,False,0.0,평시,통영
2024-03-26,12.0,12.09142857142857,-0.09142857142857075,-0.09999999999999964,False,0.0,평시,통영
2024-03-27,12.1,12.171428571428573,-0.07142857142857295,0.09999999999999964,False,0.0,평시,통영
2024-03-28,12.0,12.257142857142858,-0.257142857142858,-0.09999999999999964,False,0.0,평시,통영
2024-03-29,12.1,12.340000000000002,-0.240000000000002,0.09999999999999964,False,0.0,평시,통영
2024-03-30,12.2,12.422857142857143,-0.2228571428571442,0.09999999999999964,False,0.0,평시,통영
2024-03-31,12.5,12.497142857142858,0.002857142857141781,0.3000000000000007,False,0.0,평시,통영
2024-04-01,12.6,12.580000000000002,0.019999999999997797,0.09999999999999964,False,0.0,평시,통영
2024-04-02,12.8,12.648571428571428,0.15142857142857302,0.20000000000000107,False,0.0,평시,통영
2024-04-03,13.0,12.722857142857142,0.2771428571428576,0.1999999999999993,False,0.0,평시,통영
2024-04-04,13.1,12.8,0.29999999999999893,0.09999999999999964,False,0.0,평시,통영
2024-04-05,13.1,12.871428571428574,0.22857142857142598,0.0,False,0.0,평시,통영
2024-04-06,13.3,12.945714285714287,0.3542857142857141,0.20000000000000107,False,0.0,평시,통영
2024-04-07,13.5,13.017142857142858,0.4828571428571422,0.1999999999999993,False,0.0,평시,통영
2024-04-08,13.6,13.1,0.5,0.09999999999999964,False,0.0,평시,통영
2024-04-09,13.7,13.197142857142856,0.5028571428571436,0.09999999999999964,False,0.0,평시,통영
2024-04-10,13.7,13.285714285714286,0.4142857142857128,0.0,False,0.0,평시,통영
2024-04-11,13.8,13.354285714285716,0.44571428571428484,0.10000000000000142,False,0.0,평시,통영
2024-04-12,14.0,13.422857142857143,0.5771428571428565,0.1999999999999993,False,0.0,평시,통영
2024-04-13,14.2,13.485714285714286,0.7142857142857135,0.1999999999999993,False,0.0,평시,통영
2024-04-14,14.5,13.557142857142857,0.9428571428571431,0.3000000000000007,False,0.0,평시,통영
2024-04-15,14.5,13.617142857142857,0.8828571428571426,0.0,False,0.0,평시,통영
2024-04-16,14.6,13.67142857142857,0.9285714285714288,0.09999999999999964,False,0.0,평시,통영
2024-04-17,14.9,13.737142857142857,1.1628571428571437,0.3000000000000007,False,0.0,평시,통영
2024-04-18,15.1,13.831428571428573,1.268571428571427,0.1999999999999993,False,0.0,평시,통영
2024-04-19,15.1,13.937142857142858,1.162857142857142,0.0,False,0.0,평시,통영
2024-04-20,15.0,14.025714285714288,0.9742857142857115,-0.09999999999999964,False,0.0,평시,통영
2024-04-21,15.1,14.102857142857143,0.9971428571428564,0.09999999999999964,False,0.0,평시,통영
2024-04-22,15.1,14.177142857142858,0.9228571428571417,0.0,False,0.0,평시,통영
2024-04-23,15.0,14.248571428571429,0.7514285714285709,-0.09999999999999964,False,0.0,평시,통영
2024-04-24,15.1,14.317142857142857,0.7828571428571429,0.09999999999999964,False,0.0,평시,통영
2024-04-25,15.2,14.38,0.8199999999999985,0.09999999999999964,False,0.0,평시,통영
2024-04-26,15.2,14.428571428571429,0.7714285714285705,0.0,False,0.0,평시,통영
2024-04-27,15.4,14.494285714285713,0.9057142857142875,0.20000000000000107,False,0.0,평시,통영
2024-04-28,15.7,14.557142857142859,1.1428571428571406,0.29999999999999893,False,0.0,평시,통영
2024-04-29,15.7,14.622857142857141,1.0771428571428583,0.0,False,0.0,평시,통영
2024-04-30,15.7,14.702857142857141,0.9971428571428582,0.0,False,0.0,평시,통영
2024-05-01,15.7,14.771428571428572,0.928571428571427,0.0,False,0.0,평시,통영
2024-05-02,15.9,14.825714285714286,1.0742857142857147,0.20000000000000107,False,0.0,평시,통영
2024-05-03,16.0,14.902857142857144,1.097142857142856,0.09999999999999964,False,0.0,평시,통영
2024-05-04,16.1,14.985714285714286,1.1142857142857157,0.10000000000000142,False,0.0,평시,통영
2024-05-05,16.0,15.068571428571428,0.9314285714285724,-0.10000000000000142,False,0.0,평시,통영
2024-05-06,16.0,15.145714285714282,0.8542857142857176,0.0,False,0.0,평시,통영
2024-05-07,16.1,15.217142857142857,0.8828571428571443,0.10000000000000142,False,0.0,평시,통영
2024-05-08,16.1,15.299999999999997,0.8000000000000043,0.0,False,0.0,평시,통영
2024-05-09,16.1,15.391428571428573,0.7085714285714282,0.0,False,0.0,평시,통영
2024-05-10,16.3,15.471428571428572,0.8285714285714292,0.1999999999999993,False,0.0,평시,통영
2024-05-11,16.3,15.557142857142857,0.7428571428571438,0.0,False,0.0,평시,통영
2024-05-12,16.6,15.66285714285714,0.9371428571428613,0.3000000000000007,False,0.0,평시,통영
2024-05-13,16.8,15.762857142857142,1.0371428571428591,0.1999999999999993,False,0.0,평시,통영
2024-05-14,17.0,15.851428571428574,1.148571428571426,0.1999999999999993,False,0.0,평시,통영
2024-05-15,17.5,15.945714285714287,1.5542857142857134,0.5,False,0.0,평시,통영
2024-05-16,17.4,16.051428571428573,1.3485714285714252,-0.10000000000000142,False,0.0,평시,통영
2024-05-17,17.3,16.145714285714288,1.154285714285713,-0.09999999999999787,False,0.0,평시,통영
2024-05-18,17.5,16.242857142857147,1.2571428571428527,0.1999999999999993,False,0.0,평시,통영
2024-05-19,18.1,16.345714285714287,1.7542857142857144,0.6000000000000014,False,0.0,평시,통영
2024-05-20,18.0,16.437142857142856,1.562857142857144,-0.10000000000000142,False,0.0,평시,통영
2024-05-21,17.9,16.53142857142857,1.3685714285714283,-0.10000000000000142,False,0.0,평시,통영
2024-05-22,18.0,16.611428571428572,1.388571428571428,0.10000000000000142,False,0.0,평시,통영
2024-05-23,17.9,16.677142857142858,1.2228571428571406,-0.10000000000000142,False,0.0,평시,통영
2024-05-24,18.0,16.765714285714285,1.2342857142857149,0.10000000000000142,False,0.0,평시,통영
2024-05-25,17.8,16.845714285714287,0.9542857142857137,-0.1999999999999993,False,0.0,평시,통영
2024-05-26,17.8,16.922857142857143,0.8771428571428572,0.0,False,0.0,평시,통영
2024-05-27,18.4,17.017142857142854,1.3828571428571443,0.5999999999999979,False,0.0,평시,통영
2024-05-28,18.3,17.134285714285713,1.1657142857142873,-0.09999999999999787,False,0.0,평시,통영
2024-05-29,18.4,17.265714285714285,1.1342857142857135,0.09999999999999787,False,0.0,평시,통영
2024-05-30,18.5,17.39428571428571,1.1057142857142885,0.10000000000000142,False,0.0,평시,통영
2024-05-31,18.8,17.517142857142858,1.282857142857143,0.3000000000000007,False,0.0,평시,통영
2024-06-01,19.0,17.634285714285717,1.365714285714283,0.1999999999999993,False,0.0,평시,통영
2024-06-02,18.9,17.731428571428577,1.168571428571422,-0.10000000000000142,False,0.0,평시,통영
2024-06-03,18.8,17.82571428571429,0.9742857142857098,-0.09999999999999787,False,0.0,평시,통영
2024-06-04,18.9,17.90571428571429,0.9942857142857093,0.09999999999999787,False,0.0,평시,통영
2024-06-05,18.8,17.98,0.8200000000000003,-0.09999999999999787,False,0.0,평시,통영
2024-06-06,18.7,18.07428571428571,0.6257142857142881,-0.10000000000000142,False,0.0,평시,통영
2024-06-07,18.6,18.157142857142862,0.4428571428571395,-0.09999999999999787,False,0.0,평시,통영
2024-06-08,18.6,18.240000000000002,0.35999999999999943,0.0,False,0.0,평시,통영
2024-06-09,18.8,18.331428571428567,0.4685714285714333,0.1999999999999993,False,0.0,평시,통영
2024-06-10,18.9,18.42285714285714,0.47714285714285865,0.09999999999999787,False,0.0,평시,통영
2024-06-11,19.1,18.52,0.5800000000000018,0.20000000000000284,False,0.0,평시,통영
2024-06-12,19.5,18.637142857142855,0.8628571428571448,0.3999999999999986,False,0.0,평시,통영
2024-06-13,20.1,18.742857142857144,1.3571428571428577,0.6000000000000014,False,0.0,평시,통영
2024-06-14,20.6,18.83142857142857,1.7685714285714305,0.5,False,0.0,평시,통영
2024-06-15,21.6,18.914285714285718,2.6857142857142833,1.0,False,2.0,주의보,통영
2024-06-16,21.9,19.014285714285716,2.8857142857142826,0.29999999999999716,False,2.0,주의보,통영
2024-06-17,21.5,19.12,2.379999999999999,-0.3999999999999986,False,2.0,주의보,통영
2024-06-18,21.0,19.234285714285715,1.7657142857142851,-0.5,False,0.0,평시,통영
2024-06-19,20.9,19.31428571428571,1.585714285714289,-0.10000000000000142,False,0.0,평시,통영
2024-06-20,20.5,19.39428571428571,1.1057142857142885,-0.3999999999999986,False,0.0,평시,통영
2024-06-21,20.0,19.485714285714284,0.514285714285716,-0.5,False,0.0,평시,통영
2024-06-22,19.4,19.571428571428573,-0.17142857142857437,-0.6000000000000014,False,0.0,평시,통영
2024-06-23,19.8,19.625714285714285,0.17428571428571615,0.40000000000000213,False,0.0,평시,통영
2024-06-24,19.4,19.677142857142854,-0.2771428571428558,-0.40000000000000213,False,0.0,평시,통영
2024-06-25,19.4,19.705714285714283,-0.3057142857142843,0.0,False,0.0,평시,통영
2024-06-26,19.0,19.745714285714286,-0.7457142857142856,-0.3999999999999986,False,0.0,평시,통영
2024-06-27,18.9,19.82857142857143,-0.9285714285714306,-0.10000000000000142,False,0.0,평시,통영
2024-06-28,18.9,19.922857142857143,-1.022857142857145,0.0,False,0.0,평시,통영
2024-06-29,18.9,20.060000000000002,-1.1600000000000037,0.0,False,0.0,평시,통영
2024-06-30,19.6,20.225714285714286,-0.6257142857142846,0.7000000000000028,False,0.0,평시,통영
2024-07-01,19.8,20.414285714285715,-0.6142857142857139,0.1999999999999993,False,0.0,평시,통영
2024-07-02,19.8,20.602857142857143,-0.8028571428571425,0.0,False,0.0,평시,통영
2024-07-03,20.3,20.774285714285714,-0.4742857142857133,0.5,False,0.0,평시,통영
2024-07-04,20.3,20.882857142857137,-0.5828571428571365,0.0,False,0.0,평시,통영
2024-07-05,20.3,20.98285714285714,-0.6828571428571379,0.0,False,0.0,평시,통영
2024-07-06,19.8,21.045714285714286,-1.2457142857142856,-0.5,False,0.0,평시,통영
2024-07-07,20.0,21.082857142857144,-1.0828571428571436,0.1999999999999993,False,0.0,평시,통영
2024-07-08,19.7,21.094285714285714,-1.394285714285715,-0.3000000000000007,False,0.0,평시,통영
2024-07-09,19.7,21.094285714285718,-1.3942857142857186,0.0,False,0.0,평시,통영
2024-07-10,19.8,21.128571428571433,-1.3285714285714327,0.10000000000000142,False,0.0,평시,통영
2024-07-11,19.5,21.202857142857145,-1.7028571428571446,-0.3000000000000007,False,0.0,평시,통영
2024-07-12,19.5,21.26,-1.7600000000000016,0.0,False,0.0,평시,통영
2024-07-13,20.1,21.32,-1.2199999999999989,0.6000000000000014,False,0.0,평시,통영
2024-07-14,21.0,21.388571428571428,-0.3885714285714279,0.8999999999999986,False,0.0,평시,통영
2024-07-15,20.9,21.56470588235294,-0.6647058823529406,-0.10000000000000142,False,0.0,평시,통영
2024-07-16,21.4,21.74705882352941,-0.3470588235294123,0.5,False,0.0,평시,통영
2024-07-17,21.5,21.879411764705885,-0.37941176470588545,0.10000000000000142,False,0.0,평시,통영
2024-07-18,22.3,22.017647058823535,0.28235294117646603,0.8000000000000007,False,0.0,평시,통영
2024-07-19,22.3,22.191176470588236,0.10882352941176521,0.0,False,0.0,평시,통영
2024-07-20,21.3,22.36176470588235,-1.06176470588235,-1.0,False,0.0,평시,통영
2024-07-21,21.3,22.555882352941175,-1.2558823529411747,0.0,False,0.0,평시,통영
2024-07-22,20.6,22.602857142857143,-2.002857142857142,-0.6999999999999993,False,0.0,평시,통영
2024-07-23,20.5,22.691428571428574,-2.191428571428574,-0.10000000000000142,False,0.0,평시,통영
2024-07-24,19.8,22.84285714285714,-3.042857142857141,-0.6999999999999993,False,0.0,평시,통영
2024-07-25,19.5,23.000000000000004,-3.5000000000000036,-0.3000000000000007,False,0.0,평시,통영
2024-07-26,19.4,23.197142857142858,-3.797142857142859,-0.10000000000000142,False,0.0,평시,통영
2024-07-27,20.1,23.434285714285714,-3.3342857142857127,0.7000000000000028,False,0.0,평시,통영
2024-07-28,21.0,23.65142857142857,-2.6514285714285712,0.8999999999999986,False,0.0,평시,통영
2024-07-29,22.2,23.84857142857143,-1.6485714285714295,1.1999999999999993,False,0.0,평시,통영
2024-07-30,22.7,24.091428571428576,-1.3914285714285768,0.5,False,0.0,평시,통영
2024-07-31,22.1,24.271428571428572,-2.171428571428571,-0.5999999999999979,False,0.0,평시,통영
2024-08-01,21.8,24.371428571428574,-2.571428571428573,-0.3000000000000007,False,0.0,평시,통영
2024-08-02,21.6,24.40857142857143,-2.8085714285714296,-0.1999999999999993,False,0.0,평시,통영
2024-08-03,21.2,24.42285714285714,-3.2228571428571406,-0.40000000000000213,False,0.0,평시,통영
2024-08-04,20.7,24.49428571428572,-3.7942857142857207,-0.5,False,0.0,평시,통영
2024-08-05,20.7,24.611428571428576,-3.9114285714285764,0.0,False,0.0,평시,통영
2024-08-06,21.1,24.640000000000004,-3.5400000000000027,0.40000000000000213,False,0.0,평시,통영
2024-08-07,21.2,24.605714285714285,-3.4057142857142857,0.09999999999999787,False,0.0,평시,통영
2024-08-08,21.3,24.59142857142857,-3.2914285714285683,0.10000000000000142,False,0.0,평시,통영
2024-08-09,21.6,24.58,-2.979999999999997,0.3000000000000007,False,0.0,평시,통영
2024-08-10,21.7,24.542857142857144,-2.842857142857145,0.09999999999999787,False,0.0,평시,통영
2024-08-11,23.0,24.488571428571433,-1.4885714285714329,1.3000000000000007,False,0.0,평시,통영
2024-08-12,24.1,24.46857142857143,-0.36857142857142833,1.1000000000000014,False,0.0,평시,통영
2024-08-13,25.5,24.517142857142858,0.9828571428571422,1.3999999999999986,False,0.0,평시,통영
2024-08-14,27.0,24.651428571428568,2.3485714285714323,1.5,False,2.0,주의보,통영
2024-08-15,28.4,24.79142857142857,3.6085714285714303,1.3999999999999986,False,3.0,경보,통영
2024-08-16,29.0,24.954285714285714,4.045714285714286,0.6000000000000014,False,3.0,경보,통영
2024-08-17,29.1,25.111428571428576,3.9885714285714258,0.10000000000000142,True,3.0,경보,통영
2024-08-18,28.9,25.194285714285712,3.7057142857142864,-0.20000000000000284,True,3.0,경보,통영
2024-08-19,28.8,25.20857142857143,3.591428571428569,-0.09999999999999787,True,3.0,경보,통영
2024-08-20,28.2,25.2,3.0,-0.6000000000000014,True,3.0,경보,통영
2024-08-21,28.1,25.137142857142855,2.962857142857146,-0.09999999999999787,True,3.0,경보,통영
2024-08-22,27.8,25.071428571428573,2.7285714285714278,-0.3000000000000007,False,2.0,주의보,통영
2024-08-23,27.6,24.997142857142858,2.602857142857143,-0.1999999999999993,False,2.0,주의보,통영
2024-08-24,27.3,24.94,2.3599999999999994,-0.3000000000000007,False,2.0,주의보,통영
2024-08-25,27.6,24.877142857142857,2.722857142857144,0.3000000000000007,False,2.0,주의보,통영
2024-08-26,27.9,24.817142857142862,3.0828571428571365,0.29999999999999716,False,3.0,경보,통영
2024-08-27,28.3,24.78571428571429,3.5142857142857125,0.40000000000000213,False,3.0,경보,통영
2024-08-28,27.3,24.817142857142862,2.4828571428571387,-1.0,False,2.0,주의보,통영
2024-08-29,27.3,24.851428571428574,2.4485714285714266,0.0,False,2.0,주의보,통영
2024-08-30,27.5,24.834285714285716,2.6657142857142837,0.1999999999999993,False,2.0,주의보,통영
2024-08-31,27.4,24.834285714285713,2.565714285714286,-0.10000000000000142,False,2.0,주의보,통영
2024-09-01,27.3,24.894285714285715,2.4057142857142857,-0.09999999999999787,False,2.0,주의보,통영
2024-09-02,27.2,24.962857142857143,2.2371428571428567,-0.10000000000000142,False,2.0,주의보,통영
2024-09-03,27.1,25.005714285714284,2.094285714285718,-0.09999999999999787,False,2.0,주의보,통영
2024-09-04,26.9,25.01714285714286,1.8828571428571372,-0.20000000000000284,False,0.0,평시,통영
2024-09-05,27.0,24.997142857142858,2.002857142857142,0.10000000000000142,False,2.0,주의보,통영
2024-09-06,27.2,24.974285714285717,2.2257142857142824,0.1999999999999993,False,2.0,주의보,통영
2024-09-07,27.2,24.885714285714286,2.314285714285713,0.0,False,2.0,주의보,통영
2024-09-08,27.5,24.76285714285714,2.73714285714286,0.3000000000000007,False,2.0,주의보,통영
2024-09-09,27.6,24.648571428571426,2.9514285714285755,0.10000000000000142,False,2.0,주의보,통영
2024-09-10,27.8,24.588571428571427,3.2114285714285735,0.1999999999999993,False,3.0,경보,통영
2024-09-11,28.2,24.579999999999995,3.6200000000000045,0.3999999999999986,False,3.0,경보,통영
2024-09-12,28.3,24.60285714285714,3.697142857142861,0.10000000000000142,False,3.0,경보,통영
2024-09-13,28.5,24.668571428571425,3.8314285714285745,0.1999999999999993,True,3.0,경보,통영
2024-09-14,28.7,24.777142857142856,3.9228571428571435,0.1999999999999993,True,3.0,경보,통영
2024-09-15,28.4,24.88,3.5199999999999996,-0.3000000000000007,True,3.0,경보,통영
2024-09-16,28.1,24.945714285714285,3.1542857142857166,-0.29999999999999716,True,3.0,경보,통영
2024-09-17,28.1,24.905714285714286,3.1942857142857157,0.0,True,3.0,경보,통영
2024-09-18,28.0,24.82857142857143,3.171428571428571,-0.10000000000000142,True,3.0,경보,통영
2024-09-19,27.8,24.694285714285712,3.1057142857142885,-0.1999999999999993,False,3.0,경보,통영
2024-09-20,27.4,24.528571428571432,2.8714285714285666,-0.40000000000000213,False,2.0,주의보,통영
2024-09-21,27.4,24.337142857142855,3.062857142857144,0.0,False,3.0,경보,통영
2024-09-22,26.6,24.141176470588235,2.4588235294117666,-0.7999999999999972,False,2.0,주의보,통영
2024-09-23,25.6,23.975757575757576,1.624242424242425,-1.0,False,0.0,평시,통영
2024-09-24,25.1,23.87878787878788,1.2212121212121225,-0.5,False,0.0,평시,통영
2024-09-25,25.5,23.793939393939393,1.706060606060607,0.3999999999999986,False,0.0,평시,통영
2024-09-26,25.7,23.772727272727273,1.927272727272726,0.1999999999999993,False,0.0,평시,통영
2024-09-27,25.8,23.76969696969697,2.030303030303031,0.10000000000000142,False,2.0,주의보,통영
2024-09-28,25.8,23.784848484848485,2.0151515151515156,0.0,False,2.0,주의보,통영
2024-09-29,25.6,23.794117647058822,1.805882352941179,-0.1999999999999993,False,0.0,평시,통영
2024-09-30,25.6,23.757142857142856,1.8428571428571452,0.0,False,0.0,평시,통영
2024-10-01,25.8,23.680000000000003,2.1199999999999974,0.1999999999999993,False,2.0,주의보,통영
2024-10-02,25.4,23.56857142857143,1.8314285714285674,-0.40000000000000213,False,0.0,평시,통영
2024-10-03,24.7,23.42285714285714,1.2771428571428594,-0.6999999999999993,False,0.0,평시,통영
2024-10-04,24.3,23.245714285714282,1.0542857142857187,-0.3999999999999986,False,0.0,평시,통영
2024-10-05,24.1,23.028571428571425,1.0714285714285765,-0.1999999999999993,False,0.0,평시,통영
2024-10-06,23.9,22.78857142857143,1.1114285714285685,-0.20000000000000284,False,0.0,평시,통영
2024-10-07,23.7,22.574285714285715,1.1257142857142846,-0.1999999999999993,False,0.0,평시,통영
2024-10-08,23.6,22.377142857142854,1.2228571428571477,-0.09999999999999787,False,0.0,평시,통영
2024-10-09,23.4,22.2,1.1999999999999993,-0.20000000000000284,False,0.0,평시,통영
2024-10-10,23.4,22.045714285714286,1.3542857142857123,0.0,False,0.0,평시,통영
2024-10-11,23.5,21.939999999999998,1.5600000000000023,0.10000000000000142,False,0.0,평시,통영
2024-10-12,23.6,21.891428571428573,1.7085714285714282,0.10000000000000142,False,0.0,평시,통영
2024-10-13,23.5,21.87428571428572,1.625714285714281,-0.10000000000000142,False,0.0,평시,통영
2024-10-14,23.3,21.828571428571433,1.471428571428568,-0.1999999999999993,False,0.0,평시,통영
2024-10-15,23.3,21.731428571428577,1.568571428571424,0.0,False,0.0,평시,통영
2024-10-16,23.0,21.63714285714286,1.3628571428571412,-0.3000000000000007,False,0.0,평시,통영
2024-10-17,22.5,21.502857142857142,0.9971428571428582,-0.5,False,0.0,평시,통영
2024-10-18,22.1,21.319999999999997,0.7800000000000047,-0.3999999999999986,False,0.0,평시,통영
2024-10-19,22.4,21.111428571428572,1.2885714285714265,0.29999999999999716,False,0.0,평시,통영
2024-10-20,21.5,20.917142857142856,0.5828571428571436,-0.8999999999999986,False,0.0,평시,통영
2024-10-21,21.4,20.734285714285715,0.6657142857142837,-0.10000000000000142,False,0.0,평시,통영
2024-10-22,21.5,20.568571428571428,0.9314285714285724,0.10000000000000142,False,0.0,평시,통영
2024-10-23,21.7,20.397142857142853,1.302857142857146,0.1999999999999993,False,0.0,평시,통영
2024-10-24,21.3,20.274285714285714,1.0257142857142867,-0.3999999999999986,False,0.0,평시,통영
2024-10-25,21.2,20.171428571428567,1.028571428571432,-0.10000000000000142,False,0.0,평시,통영
2024-10-26,21.3,20.06571428571429,1.2342857142857113,0.10000000000000142,False,0.0,평시,통영
2024-10-27,21.4,19.951428571428572,1.4485714285714266,0.09999999999999787,False,0.0,평시,통영
2024-10-28,21.2,19.86,1.3399999999999999,-0.1999999999999993,False,0.0,평시,통영
2024-10-29,21.1,19.78,1.3200000000000003,-0.09999999999999787,False,0.0,평시,통영
2024-10-30,21.1,19.7,1.4000000000000021,0.0,False,0.0,평시,통영
2024-10-31,21.1,19.60571428571429,1.4942857142857129,0.0,False,0.0,평시,통영
2024-11-01,20.9,19.52285714285714,1.3771428571428572,-0.20000000000000284,False,0.0,평시,통영
2024-11-02,20.7,19.445714285714285,1.2542857142857144,-0.1999999999999993,False,0.0,평시,통영
2024-11-03,20.7,19.37142857142857,1.3285714285714292,0.0,False,0.0,평시,통영
2024-11-04,20.7,19.27428571428571,1.4257142857142888,0.0,False,0.0,평시,통영
2024-11-05,20.6,19.15714285714286,1.442857142857143,-0.09999999999999787,False,0.0,평시,통영
2024-11-06,20.5,19.034285714285712,1.465714285714288,-0.10000000000000142,False,0.0,평시,통영
2024-11-07,20.4,18.91142857142857,1.4885714285714293,-0.10000000000000142,False,0.0,평시,통영
2024-11-08,20.2,18.774285714285714,1.4257142857142853,-0.1999999999999993,False,0.0,평시,통영
2024-11-09,20.1,18.628571428571433,1.471428571428568,-0.09999999999999787,False,0.0,평시,통영
2024-11-10,20.0,18.47142857142857,1.5285714285714285,-0.10000000000000142,False,0.0,평시,통영
2024-11-11,20.1,18.325714285714284,1.7742857142857176,0.10000000000000142,False,0.0,평시,통영
2024-11-12,20.1,18.191428571428567,1.9085714285714346,0.0,False,0.0,평시,통영
2024-11-13,20.1,18.059999999999995,2.0400000000000063,0.0,False,2.0,주의보,통영
2024-11-14,20.0,17.928571428571427,2.071428571428573,-0.10000000000000142,False,2.0,주의보,통영
2024-11-15,19.9,17.788571428571426,2.111428571428572,-0.10000000000000142,False,2.0,주의보,통영
2024-11-16,19.8,17.651428571428575,2.148571428571426,-0.09999999999999787,False,2.0,주의보,통영
2024-11-17,19.8,17.52285714285714,2.2771428571428594,0.0,False,2.0,주의보,통영
2024-11-18,19.4,17.4,2.0,-0.40000000000000213,False,2.0,주의보,통영
2024-11-19,19.1,17.274285714285718,1.8257142857142838,-0.29999999999999716,False,0.0,평시,통영
2024-11-20,18.9,17.151428571428575,1.7485714285714238,-0.20000000000000284,False,0.0,평시,통영
2024-11-21,18.8,17.028571428571432,1.7714285714285687,-0.09999999999999787,False,0.0,평시,통영
2024-11-22,18.6,16.922857142857143,1.677142857142858,-0.1999999999999993,False,0.0,평시,통영
2024-11-23,18.4,16.822857142857142,1.5771428571428565,-0.20000000000000284,False,0.0,평시,통영
2024-11-24,18.3,16.71428571428571,1.585714285714289,-0.09999999999999787,False,0.0,평시,통영
2024-11-25,18.2,16.597142857142853,1.6028571428571468,-0.10000000000000142,False,0.0,평시,통영
2024-11-26,17.9,16.482857142857142,1.4171428571428564,-0.3000000000000007,False,0.0,평시,통영
2024-11-27,17.5,16.365714285714283,1.134285714285717,-0.3999999999999986,False,0.0,평시,통영
2024-11-28,17.2,16.240000000000002,0.9599999999999973,-0.3000000000000007,False,0.0,평시,통영
2024-11-29,16.9,16.114285714285714,0.7857142857142847,-0.3000000000000007,False,0.0,평시,통영
2024-11-30,16.7,15.982857142857142,0.7171428571428571,-0.1999999999999993,False,0.0,평시,통영
2024-12-01,16.7,15.85142857142857,0.8485714285714288,0.0,False,0.0,평시,통영
2024-12-02,16.7,15.719999999999999,0.9800000000000004,0.0,False,0.0,평시,통영
2024-12-03,16.5,15.577142857142858,0.9228571428571417,-0.1999999999999993,False,0.0,평시,통영
2024-12-04,16.4,15.431428571428572,0.9685714285714262,-0.10000000000000142,False,0.0,평시,통영
2024-12-05,16.2,15.297142857142857,0.9028571428571421,-0.1999999999999993,False,0.0,평시,통영
2024-12-06,15.9,15.168571428571427,0.7314285714285731,-0.29999999999999893,False,0.0,평시,통영
2024-12-07,15.8,15.054285714285713,0.7457142857142873,-0.09999999999999964,False,0.0,평시,통영
2024-12-08,15.6,14.957142857142854,0.6428571428571459,-0.20000000000000107,False,0.0,평시,통영
2024-12-09,15.5,14.865714285714285,0.6342857142857152,-0.09999999999999964,False,0.0,평시,통영
2024-12-10,15.4,14.777142857142858,0.6228571428571428,-0.09999999999999964,False,0.0,평시,통영
2024-12-11,15.3,14.685714285714285,0.6142857142857157,-0.09999999999999964,False,0.0,평시,통영
2024-12-12,15.2,14.59714285714286,0.6028571428571396,-0.10000000000000142,False,0.0,평시,통영
2024-12-13,15.1,14.505714285714289,0.5942857142857108,-0.09999999999999964,False,0.0,평시,통영
2024-12-14,14.8,14.39714285714286,0.40285714285714036,-0.29999999999999893,False,0.0,평시,통영
2024-12-15,14.7,14.265714285714285,0.43428571428571416,-0.10000000000000142,False,0.0,평시,통영
2024-12-16,14.5,14.122857142857141,0.377142857142859,-0.1999999999999993,False,0.0,평시,통영
2024-12-17,14.4,13.994285714285713,0.40571428571428747,-0.09999999999999964,False,0.0,평시,통영
2024-12-18,14.2,13.868571428571428,0.33142857142857096,-0.20000000000000107,False,0.0,평시,통영
2024-12-19,14.1,13.74,0.35999999999999943,-0.09999999999999964,False,0.0,평시,통영
2024-12-20,14.1,13.608571428571429,0.4914285714285711,0.0,False,0.0,평시,통영
2024-12-21,13.8,13.485714285714286,0.31428571428571495,-0.29999999999999893,False,0.0,평시,통영
2024-12-22,13.6,13.377142857142857,0.22285714285714242,-0.20000000000000107,False,0.0,평시,통영
2024-12-23,13.5,13.262857142857143,0.23714285714285666,-0.09999999999999964,False,0.0,평시,통영
2024-12-24,13.4,13.145714285714284,0.2542857142857162,-0.09999999999999964,False,0.0,평시,통영
2024-12-25,13.4,13.037142857142857,0.362857142857143,0.0,False,0.0,평시,통영
2024-12-26,13.1,12.922857142857143,0.17714285714285616,-0.3000000000000007,False,0.0,평시,통영
2024-12-27,12.9,12.80857142857143,0.09142857142857075,-0.1999999999999993,False,0.0,평시,통영
2024-12-28,12.8,12.7,0.10000000000000142,-0.09999999999999964,False,0.0,평시,통영
2024-12-29,12.8,12.575,0.22500000000000142,0.0,False,0.0,평시,통영
2024-12-30,12.8,12.449999999999998,0.3500000000000032,0.0,False,0.0,평시,통영
2024-12-31,12.8,12.330555555555556,0.469444444444445,0.0,False,0.0,평시,통영
2025-01-01,12.8,12.21111111111111,0.5888888888888903,0.0,False,0.0,평시,통영
2025-01-02,12.8,12.11111111111111,0.68888888888889,0.0,False,0.0,평시,통영
2025-01-03,12.7,12.02222222222222,0.6777777777777789,-0.10000000000000142,False,0.0,평시,통영
2025-01-04,12.6,11.927777777777777,0.6722222222222225,-0.09999999999999964,False,0.0,평시,통영
2025-01-05,12.6,11.825714285714287,0.7742857142857122,0.0,False,0.0,평시,통영
2025-01-06,12.4,11.762857142857143,0.637142857142857,-0.1999999999999993,False,0.0,평시,통영
2025-01-07,12.2,11.702857142857143,0.49714285714285644,-0.20000000000000107,False,0.0,평시,통영
2025-01-08,12.1,11.645714285714284,0.4542857142857155,-0.09999999999999964,False,0.0,평시,통영
2025-01-09,11.9,11.579999999999998,0.32000000000000206,-0.1999999999999993,False,0.0,평시,통영
2025-01-10,11.7,11.517142857142856,0.18285714285714327,-0.20000000000000107,False,0.0,평시,통영
2025-01-11,11.5,11.47142857142857,0.028571428571430246,-0.1999999999999993,False,0.0,평시,통영
2025-01-12,11.4,11.44857142857143,-0.04857142857142982,-0.09999999999999964,False,0.0,평시,통영
2025-01-13,11.3,11.428571428571427,-0.12857142857142634,-0.09999999999999964,False,0.0,평시,통영
2025-01-14,11.2,11.402857142857142,-0.20285714285714285,-0.10000000000000142,False,0.0,평시,통영
2025-01-15,11.1,11.371428571428572,-0.27142857142857224,-0.09999999999999964,False,0.0,평시,통영
2025-01-16,10.9,11.334285714285715,-0.43428571428571416,-0.1999999999999993,False,0.0,평시,통영
2025-01-17,10.8,11.291428571428572,-0.4914285714285711,-0.09999999999999964,False,0.0,평시,통영
2025-01-18,10.8,11.234285714285715,-0.43428571428571416,0.0,False,0.0,평시,통영
2025-01-19,10.7,11.16,-0.46000000000000085,-0.10000000000000142,False,0.0,평시,통영
2025-01-20,10.7,11.091428571428573,-0.39142857142857324,0.0,False,0.0,평시,통영
2025-01-21,10.6,11.022857142857145,-0.42285714285714526,-0.09999999999999964,False,0.0,평시,통영
2025-01-22,10.6,10.965714285714286,-0.36571428571428655,0.0,False,0.0,평시,통영
2025-01-23,10.6,10.92,-0.3200000000000003,0.0,False,0.0,평시,통영
2025-01-24,10.5,10.877142857142855,-0.37714285714285545,-0.09999999999999964,False,0.0,평시,통영
2025-01-25,10.5,10.834285714285715,-0.3342857142857145,0.0,False,0.0,평시,통영
2025-01-26,10.5,10.785714285714286,-0.2857142857142865,0.0,False,0.0,평시,통영
2025-01-27,10.5,10.731428571428573,-0.2314285714285731,0.0,False,0.0,평시,통영
2025-01-28,10.3,10.694285714285714,-0.39428571428571324,-0.1999999999999993,False,0.0,평시,통영
2025-01-29,10.1,10.657142857142857,-0.5571428571428569,-0.20000000000000107,False,0.0,평시,통영
2025-01-30,10.1,10.617142857142856,-0.517142857142856,0.0,False,0.0,평시,통영
2025-01-31,10.2,10.582857142857142,-0.38285714285714256,0.09999999999999964,False,0.0,평시,통영
2025-02-01,10.2,10.554285714285715,-0.35428571428571587,0.0,False,0.0,평시,통영
2025-02-02,10.2,10.534285714285716,-0.3342857142857163,0.0,False,0.0,평시,통영
2025-02-03,10.3,10.525714285714287,-0.22571428571428598,0.10000000000000142,False,0.0,평시,통영
2025-02-04,10.1,10.508571428571429,-0.40857142857142925,-0.20000000000000107,False,0.0,평시,통영
2025-02-05,10.0,10.491428571428571,-0.4914285714285711,-0.09999999999999964,False,0.0,평시,통영
2025-02-06,9.9,10.482857142857144,-0.5828571428571436,-0.09999999999999964,False,0.0,평시,통영
2025-02-07,9.8,10.485714285714284,-0.6857142857142833,-0.09999999999999964,False,0.0,평시,통영
2025-02-08,9.7,10.494285714285715,-0.7942857142857154,-0.10000000000000142,False,0.0,평시,통영
2025-02-09,9.7,10.51142857142857,-0.8114285714285714,0.0,False,0.0,평시,통영
2025-02-10,9.7,10.540000000000001,-0.8400000000000016,0.0,False,0.0,평시,통영
2025-02-11,9.7,10.585714285714287,-0.8857142857142879,0.0,False,0.0,평시,통영
2025-02-12,9.6,10.634285714285713,-1.0342857142857138,-0.09999999999999964,False,0.0,평시,통영
2025-02-13,9.6,10.677142857142856,-1.0771428571428565,0.0,False,0.0,평시,통영
2025-02-14,9.7,10.705714285714286,-1.0057142857142871,0.09999999999999964,False,0.0,평시,통영
2025-02-15,9.7,10.731428571428571,-1.031428571428572,0.0,False,0.0,평시,통영
2025-02-16,9.8,10.757142857142858,-0.9571428571428573,0.10000000000000142,False,0.0,평시,통영
2025-02-17,9.8,10.771428571428572,-0.9714285714285715,0.0,False,0.0,평시,통영
2025-02-18,9.8,10.76,-0.9599999999999991,0.0,False,0.0,평시,통영
2025-02-19,9.7,10.737142857142857,-1.0371428571428574,-0.10000000000000142,False,0.0,평시,통영
2025-02-20,9.7,10.714285714285715,-1.014285714285716,0.0,False,0.0,평시,통영
2025-02-21,9.6,10.685714285714287,-1.0857142857142872,-0.09999999999999964,False,0.0,평시,통영
2025-02-22,9.5,10.654285714285715,-1.1542857142857148,-0.09999999999999964,False,0.0,평시,통영
2025-02-23,9.5,10.614285714285716,-1.1142857142857157,0.0,False,0.0,평시,통영
2025-02-24,9.3,10.577142857142857,-1.2771428571428558,-0.1999999999999993,False,0.0,평시,통영
2025-02-25,9.3,10.557142857142857,-1.2571428571428562,0.0,False,0.0,평시,통영
2025-02-26,9.2,10.569444444444443,-1.3694444444444436,-0.10000000000000142,False,0.0,평시,통영
2025-02-27,9.2,10.569444444444445,-1.3694444444444454,0.0,False,0.0,평시,통영
2025-02-28,9.3,10.580555555555556,-1.280555555555555,0.10000000000000142,False,0.0,평시,통영
2025-03-01,9.4,10.6,-1.1999999999999993,0.09999999999999964,False,0.0,평시,통영
2025-03-02,9.5,10.625000000000002,-1.1250000000000018,0.09999999999999964,False,0.0,평시,통영
2025-03-03,9.5,10.647222222222222,-1.1472222222222221,0.0,False,0.0,평시,통영
2025-03-04,9.3,10.669444444444444,-1.3694444444444436,-0.1999999999999993,False,0.0,평시,통영
2025-03-05,9.3,10.682857142857143,-1.3828571428571426,0.0,False,0.0,평시,통영
2025-03-06,9.2,10.717142857142857,-1.5171428571428578,-0.10000000000000142,False,0.0,평시,통영
2025-03-07,9.2,10.762857142857143,-1.562857142857144,0.0,False,0.0,평시,통영
2025-03-08,9.3,10.817142857142859,-1.5171428571428578,0.10000000000000142,False,0.0,평시,통영
2025-03-09,9.4,10.885714285714286,-1.4857142857142858,0.09999999999999964,False,0.0,평시,통영
2025-03-10,9.5,10.962857142857143,-1.4628571428571426,0.09999999999999964,False,0.0,평시,통영
2025-03-11,9.6,11.045714285714284,-1.4457142857142848,0.09999999999999964,False,0.0,평시,통영
2025-03-12,9.7,11.128571428571428,-1.4285714285714288,0.09999999999999964,False,0.0,평시,통영
2025-03-13,9.8,11.217142857142859,-1.4171428571428581,0.10000000000000142,False,0.0,평시,통영
2025-03-14,9.8,11.297142857142859,-1.4971428571428582,0.0,False,0.0,평시,통영
2025-03-15,9.8,11.371428571428572,-1.5714285714285712,0.0,False,0.0,평시,통영
2025-03-16,9.8,11.437142857142858,-1.637142857142857,0.0,False,0.0,평시,통영
2025-03-17,9.7,11.488571428571428,-1.7885714285714283,-0.10000000000000142,False,0.0,평시,통영
2025-03-18,9.7,11.537142857142856,-1.8371428571428563,0.0,False,0.0,평시,통영
2025-03-19,9.7,11.588571428571427,-1.888571428571428,0.0,False,0.0,평시,통영
2025-03-20,9.7,11.639999999999999,-1.9399999999999995,0.0,False,0.0,평시,통영
2025-03-21,9.9,11.697142857142856,-1.7971428571428554,0.20000000000000107,False,0.0,평시,통영
2025-03-22,10.1,11.76,-1.6600000000000001,0.1999999999999993,False,0.0,평시,통영
2025-03-23,10.2,11.82857142857143,-1.62857142857143,0.09999999999999964,False,0.0,평시,통영
2025-03-24,10.4,11.92,-1.5199999999999996,0.20000000000000107,False,0.0,평시,통영
2025-03-25,10.5,12.005714285714287,-1.5057142857142871,0.09999999999999964,False,0.0,평시,통영
2025-03-26,10.6,12.09142857142857,-1.491428571428571,0.09999999999999964,False,0.0,평시,통영
2025-03-27,10.7,12.171428571428573,-1.4714285714285733,0.09999999999999964,False,0.0,평시,통영
2025-03-28,10.8,12.257142857142858,-1.4571428571428573,0.10000000000000142,False,0.0,평시,통영
2025-03-29,10.8,12.340000000000002,-1.540000000000001,0.0,False,0.0,평시,통영
2025-03-30,10.6,12.422857142857143,-1.8228571428571438,-0.20000000000000107,False,0.0,평시,통영
2025-03-31,10.6,12.497142857142858,-1.8971428571428586,0.0,False,0.0,평시,통영
2025-04-01,10.7,12.580000000000002,-1.8800000000000026,0.09999999999999964,False,0.0,평시,통영
2025-04-02,10.8,12.648571428571428,-1.848571428571427,0.10000000000000142,False,0.0,평시,통영
2025-04-03,10.8,12.722857142857142,-1.9228571428571417,0.0,False,0.0,평시,통영
2025-04-04,11.0,12.8,-1.8000000000000007,0.1999999999999993,False,0.0,평시,통영
2025-04-05,10.9,12.871428571428574,-1.9714285714285733,-0.09999999999999964,False,0.0,평시,통영
2025-04-06,11.1,12.945714285714287,-1.845714285714287,0.1999999999999993,False,0.0,평시,통영
2025-04-07,11.3,13.017142857142858,-1.717142857142857,0.20000000000000107,False,0.0,평시,통영
2025-04-08,11.3,13.1,-1.799999999999999,0.0,False,0.0,평시,통영
2025-04-09,11.4,13.197142857142856,-1.7971428571428554,0.09999999999999964,False,0.0,평시,통영
2025-04-10,11.6,13.285714285714286,-1.6857142857142868,0.1999999999999993,False,0.0,평시,통영
2025-04-11,11.7,13.354285714285716,-1.6542857142857166,0.09999999999999964,False,0.0,평시,통영
2025-04-12,11.7,13.422857142857143,-1.7228571428571442,0.0,False,0.0,평시,통영
2025-04-13,11.6,13.485714285714286,-1.8857142857142861,-0.09999999999999964,False,0.0,평시,통영
2025-04-14,11.5,13.557142857142857,-2.057142857142857,-0.09999999999999964,False,0.0,평시,통영
2025-04-15,11.5,13.617142857142857,-2.1171428571428574,0.0,False,0.0,평시,통영
2025-04-16,11.5,13.67142857142857,-2.171428571428571,0.0,False,0.0,평시,통영
2025-04-17,11.6,13.737142857142857,-2.137142857142857,0.09999999999999964,False,0.0,평시,통영
2025-04-18,11.8,13.831428571428573,-2.031428571428572,0.20000000000000107,False,0.0,평시,통영
2025-04-19,11.9,13.937142857142858,-2.0371428571428574,0.09999999999999964,False,0.0,평시,통영
2025-04-20,12.1,14.025714285714288,-1.9257142857142888,0.1999999999999993,False,0.0,평시,통영
2025-04-21,12.6,14.102857142857143,-1.5028571428571436,0.5,False,0.0,평시,통영
2025-04-22,12.8,14.177142857142858,-1.3771428571428572,0.20000000000000107,False,0.0,평시,통영
2025-04-23,12.8,14.248571428571429,-1.4485714285714284,0.0,False,0.0,평시,통영
2025-04-24,12.8,14.317142857142857,-1.517142857142856,0.0,False,0.0,평시,통영
2025-04-25,12.9,14.38,-1.4800000000000004,0.09999999999999964,False,0.0,평시,통영
2025-04-26,12.8,14.428571428571429,-1.6285714285714281,-0.09999999999999964,False,0.0,평시,통영
2025-04-27,12.8,14.494285714285713,-1.6942857142857122,0.0,False,0.0,평시,통영
2025-04-28,12.9,14.557142857142859,-1.6571428571428584,0.09999999999999964,False,0.0,평시,통영
2025-04-29,13.0,14.622857142857141,-1.622857142857141,0.09999999999999964,False,0.0,평시,통영
2025-04-30,13.1,14.702857142857141,-1.6028571428571414,0.09999999999999964,False,0.0,평시,통영
2025-05-01,13.2,14.771428571428572,-1.571428571428573,0.09999999999999964,False,0.0,평시,통영
2025-05-02,13.4,14.825714285714286,-1.4257142857142853,0.20000000000000107,False,0.0,평시,통영
2025-05-03,13.5,14.902857142857144,-1.402857142857144,0.09999999999999964,False,0.0,평시,통영
2025-05-04,13.5,14.985714285714286,-1.4857142857142858,0.0,False,0.0,평시,통영
2025-05-05,13.6,15.068571428571428,-1.468571428571428,0.09999999999999964,False,0.0,평시,통영
2025-05-06,13.8,15.145714285714282,-1.3457142857142816,0.20000000000000107,False,0.0,평시,통영
2025-05-07,13.9,15.217142857142857,-1.3171428571428567,0.09999999999999964,False,0.0,평시,통영
2025-05-08,13.8,15.299999999999997,-1.4999999999999964,-0.09999999999999964,False,0.0,평시,통영
2025-05-09,13.9,15.391428571428573,-1.4914285714285729,0.09999999999999964,False,0.0,평시,통영
2025-05-10,13.8,15.471428571428572,-1.6714285714285708,-0.09999999999999964,False,0.0,평시,통영
2025-05-11,13.9,15.557142857142857,-1.6571428571428566,0.09999999999999964,False,0.0,평시,통영
2025-05-12,14.0,15.66285714285714,-1.6628571428571401,0.09999999999999964,False,0.0,평시,통영
2025-05-13,14.1,15.762857142857142,-1.662857142857142,0.09999999999999964,False,0.0,평시,통영
2025-05-14,14.3,15.851428571428574,-1.5514285714285734,0.20000000000000107,False,0.0,평시,통영
2025-05-15,14.4,15.945714285714287,-1.5457142857142863,0.09999999999999964,False,0.0,평시,통영
2025-05-16,14.6,16.051428571428573,-1.4514285714285737,0.1999999999999993,False,0.0,평시,통영
2025-05-17,14.7,16.145714285714288,-1.4457142857142884,0.09999999999999964,False,0.0,평시,통영
2025-05-18,15.0,16.242857142857147,-1.2428571428571473,0.3000000000000007,False,0.0,평시,통영
2025-05-19,15.1,16.345714285714287,-1.2457142857142873,0.09999999999999964,False,0.0,평시,통영
2025-05-20,15.1,16.437142857142856,-1.3371428571428563,0.0,False,0.0,평시,통영
2025-05-21,15.6,16.53142857142857,-0.9314285714285706,0.5,False,0.0,평시,통영
2025-05-22,15.9,16.611428571428572,-0.7114285714285717,0.3000000000000007,False,0.0,평시,통영
2025-05-23,15.5,16.677142857142858,-1.177142857142858,-0.40000000000000036,False,0.0,평시,통영
2025-05-24,15.3,16.765714285714285,-1.4657142857142844,-0.1999999999999993,False,0.0,평시,통영
2025-05-25,15.2,16.845714285714287,-1.6457142857142877,-0.10000000000000142,False,0.0,평시,통영
2025-05-26,15.3,16.922857142857143,-1.6228571428571428,0.10000000000000142,False,0.0,평시,통영
2025-05-27,15.4,17.017142857142854,-1.6171428571428539,0.09999999999999964,False,0.0,평시,통영
2025-05-28,15.7,17.134285714285713,-1.4342857142857142,0.29999999999999893,False,0.0,평시,통영
2025-05-29,15.8,17.265714285714285,-1.4657142857142844,0.10000000000000142,False,0.0,평시,통영
2025-05-30,16.0,17.39428571428571,-1.3942857142857115,0.1999999999999993,False,0.0,평시,통영
2025-05-31,16.3,17.517142857142858,-1.217142857142857,0.3000000000000007,False,0.0,평시,통영
2025-06-01,16.5,17.634285714285717,-1.134285714285717,0.1999999999999993,False,0.0,평시,통영
2025-06-02,16.7,17.731428571428577,-1.0314285714285774,0.1999999999999993,False,0.0,평시,통영
2025-06-03,17.1,17.82571428571429,-0.7257142857142895,0.40000000000000213,False,0.0,평시,통영
2025-06-04,17.1,17.90571428571429,-0.8057142857142878,0.0,False,0.0,평시,통영
2025-06-05,17.2,17.98,-0.7800000000000011,0.09999999999999787,False,0.0,평시,통영
2025-06-06,17.2,18.07428571428571,-0.8742857142857119,0.0,False,0.0,평시,통영
2025-06-07,17.4,18.157142857142862,-0.7571428571428633,0.1999999999999993,False,0.0,평시,통영
2025-06-08,17.5,18.240000000000002,-0.740000000000002,0.10000000000000142,False,0.0,평시,통영
2025-06-09,17.6,18.331428571428567,-0.731428571428566,0.10000000000000142,False,0.0,평시,통영
2025-06-10,17.5,18.42285714285714,-0.9228571428571399,-0.10000000000000142,False,0.0,평시,통영
2025-06-11,17.6,18.52,-0.9199999999999982,0.10000000000000142,False,0.0,평시,통영
2025-06-12,17.4,18.637142857142855,-1.2371428571428567,-0.20000000000000284,False,0.0,평시,통영
2025-06-13,17.4,18.742857142857144,-1.3428571428571452,0.0,False,0.0,평시,통영
2025-06-14,17.4,18.83142857142857,-1.4314285714285724,0.0,False,0.0,평시,통영
2025-06-15,17.5,18.914285714285718,-1.4142857142857181,0.10000000000000142,False,0.0,평시,통영
2025-06-16,17.6,19.014285714285716,-1.4142857142857146,0.10000000000000142,False,0.0,평시,통영
2025-06-17,17.7,19.12,-1.4200000000000017,0.09999999999999787,False,0.0,평시,통영
2025-06-18,17.8,19.234285714285715,-1.4342857142857142,0.10000000000000142,False,0.0,평시,통영
2025-06-19,18.2,19.31428571428571,-1.1142857142857103,0.3999999999999986,False,0.0,평시,통영
2025-06-20,18.3,19.39428571428571,-1.0942857142857108,0.10000000000000142,False,0.0,평시,통영
2025-06-21,19.1,19.485714285714284,-0.38571428571428257,0.8000000000000007,False,0.0,평시,통영
2025-06-22,18.8,19.571428571428573,-0.7714285714285722,-0.3000000000000007,False,0.0,평시,통영
2025-06-23,18.4,19.625714285714285,-1.225714285714286,-0.40000000000000213,False,0.0,평시,통영
2025-06-24,18.2,19.677142857142854,-1.477142857142855,-0.1999999999999993,False,0.0,평시,통영
2025-06-25,17.8,19.705714285714283,-1.9057142857142821,-0.3999999999999986,False,0.0,평시,통영
2025-06-26,18.3,19.745714285714286,-1.4457142857142848,0.5,False,0.0,평시,통영
2025-06-27,18.5,19.82857142857143,-1.3285714285714292,0.1999999999999993,False,0.0,평시,통영
2025-06-28,18.5,19.922857142857143,-1.4228571428571435,0.0,False,0.0,평시,통영
2025-06-29,18.6,20.060000000000002,-1.4600000000000009,0.10000000000000142,False,0.0,평시,통영
2025-06-30,19.1,20.225714285714286,-1.1257142857142846,0.5,False,0.0,평시,통영
2025-07-01,19.5,20.414285714285715,-0.9142857142857146,0.3999999999999986,False,0.0,평시,통영
2025-07-02,20.1,20.602857142857143,-0.5028571428571418,0.6000000000000014,False,0.0,평시,통영
2025-07-03,21.3,20.774285714285714,0.5257142857142867,1.1999999999999993,False,0.0,평시,통영
2025-07-04,22.2,20.882857142857137,1.317142857142862,0.8999999999999986,False,0.0,평시,통영
2025-07-05,21.9,20.98285714285714,0.9171428571428599,-0.3000000000000007,False,0.0,평시,통영
2025-07-06,22.3,21.045714285714286,1.2542857142857144,0.40000000000000213,False,0.0,평시,통영
2025-07-07,21.9,21.082857142857144,0.817142857142855,-0.40000000000000213,False,0.0,평시,통영
2025-07-08,21.8,21.094285714285714,0.7057142857142864,-0.09999999999999787,False,0.0,평시,통영
2025-07-09,22.5,21.094285714285718,1.4057142857142821,0.6999999999999993,False,0.0,평시,통영
2025-07-10,22.2,21.128571428571433,1.0714285714285658,-0.3000000000000007,False,0.0,평시,통영
2025-07-11,22.0,21.202857142857145,0.7971428571428554,-0.1999999999999993,False,0.0,평시,통영
2025-07-12,22.9,21.26,1.639999999999997,0.8999999999999986,False,0.0,평시,통영
2025-07-13,23.2,21.32,1.879999999999999,0.3000000000000007,False,0.0,평시,통영
2025-07-14,23.2,21.388571428571428,1.8114285714285714,0.0,False,0.0,평시,통영
2025-07-15,23.3,21.56470588235294,1.7352941176470615,0.10000000000000142,False,0.0,평시,통영
2025-07-16,23.2,21.74705882352941,1.4529411764705884,-0.10000000000000142,False,0.0,평시,통영
2025-07-17,23.6,21.879411764705885,1.720588235294116,0.40000000000000213,False,0.0,평시,통영
2025-07-18,23.8,22.017647058823535,1.782352941176466,0.1999999999999993,False,0.0,평시,통영
2025-07-19,24.1,22.191176470588236,1.908823529411766,0.3000000000000007,False,0.0,평시,통영
2025-07-20,24.4,22.36176470588235,2.038235294117648,0.29999999999999716,False,2.0,주의보,통영
2025-07-21,24.6,22.555882352941175,2.044117647058826,0.20000000000000284,False,2.0,주의보,통영
2025-07-22,24.9,22.602857142857143,2.2971428571428554,0.29999999999999716,False,2.0,주의보,통영
2025-07-23,24.9,22.691428571428574,2.2085714285714246,0.0,False,2.0,주의보,통영
2025-07-24,24.7,22.84285714285714,1.8571428571428577,-0.1999999999999993,False,0.0,평시,통영
2025-07-25,24.6,23.000000000000004,1.5999999999999979,-0.09999999999999787,False,0.0,평시,통영
2025-07-26,24.5,23.197142857142858,1.3028571428571425,-0.10000000000000142,False,0.0,평시,통영
2025-07-27,25.0,23.434285714285714,1.5657142857142858,0.5,False,0.0,평시,통영
2025-07-28,25.4,23.65142857142857,1.7485714285714273,0.3999999999999986,False,0.0,평시,통영
2025-07-29,25.8,23.84857142857143,1.951428571428572,0.40000000000000213,False,0.0,평시,통영
2025-07-30,26.4,24.091428571428576,2.3085714285714225,0.5999999999999979,False,2.0,주의보,통영
2025-07-31,27.1,24.271428571428572,2.828571428571429,0.7000000000000028,False,2.0,주의보,통영
2025-08-01,27.6,24.371428571428574,3.2285714285714278,0.5,False,3.0,경보,통영
2025-08-02,28.1,24.40857142857143,3.6914285714285704,0.5,False,3.0,경보,통영
2025-08-03,28.2,24.42285714285714,3.7771428571428594,0.09999999999999787,False,3.0,경보,통영
2025-08-04,28.0,24.49428571428572,3.50571428571428,-0.1999999999999993,True,3.0,경보,통영
2025-08-05,27.4,24.611428571428576,2.788571428571423,-0.6000000000000014,False,2.0,주의보,통영
2025-08-06,27.1,24.640000000000004,2.4599999999999973,-0.29999999999999716,False,2.0,주의보,통영
2025-08-07,27.2,24.605714285714285,2.5942857142857143,0.09999999999999787,False,2.0,주의보,통영
2025-08-08,26.4,24.59142857142857,1.8085714285714296,-0.8000000000000007,False,0.0,평시,통영
2025-08-09,24.9,24.58,0.3200000000000003,-1.5,False,0.0,평시,통영
2025-08-10,23.3,24.542857142857144,-1.2428571428571438,-1.5999999999999979,False,0.0,평시,통영
2025-08-11,22.8,24.488571428571433,-1.6885714285714322,-0.5,False,0.0,평시,통영
2025-08-12,22.0,24.46857142857143,-2.4685714285714297,-0.8000000000000007,False,0.0,평시,통영
2025-08-13,21.7,24.517142857142858,-2.8171428571428585,-0.3000000000000007,False,0.0,평시,통영
2025-08-14,22.7,24.651428571428568,-1.9514285714285684,1.0,False,0.0,평시,통영
2025-08-15,23.3,24.79142857142857,-1.4914285714285676,0.6000000000000014,False,0.0,평시,통영
2025-08-16,24.0,24.954285714285714,-0.9542857142857137,0.6999999999999993,False,0.0,평시,통영
2025-08-17,24.4,25.111428571428576,-0.7114285714285771,0.3999999999999986,False,0.0,평시,통영
2025-08-18,24.4,25.194285714285712,-0.7942857142857136,0.0,False,0.0,평시,통영
2025-08-19,24.4,25.20857142857143,-0.8085714285714332,0.0,False,0.0,평시,통영
2025-08-20,24.2,25.2,-1.0,-0.1999999999999993,False,0.0,평시,통영
2025-08-21,23.9,25.137142857142855,-1.2371428571428567,-0.3000000000000007,False,0.0,평시,통영
2025-08-22,22.7,25.071428571428573,-2.3714285714285737,-1.1999999999999993,False,0.0,평시,통영
2025-08-23,22.4,24.997142857142858,-2.5971428571428596,-0.3000000000000007,False,0.0,평시,통영
2025-08-24,21.4,24.94,-3.5400000000000027,-1.0,False,0.0,평시,통영
2025-08-25,21.1,24.877142857142857,-3.777142857142856,-0.29999999999999716,False,0.0,평시,통영
2025-08-26,21.1,24.817142857142862,-3.7171428571428606,0.0,False,0.0,평시,통영
2025-08-27,20.7,24.78571428571429,-4.085714285714289,-0.40000000000000213,False,0.0,평시,통영
2025-08-28,21.0,24.817142857142862,-3.817142857142862,0.3000000000000007,False,0.0,평시,통영
2025-08-29,21.7,24.851428571428574,-3.151428571428575,0.6999999999999993,False,0.0,평시,통영
2025-08-30,22.6,24.834285714285716,-2.234285714285715,0.9000000000000021,False,0.0,평시,통영
2025-08-31,23.1,24.834285714285713,-1.7342857142857113,0.5,False,0.0,평시,통영
2025-09-01,23.4,24.894285714285715,-1.4942857142857164,0.29999999999999716,False,0.0,평시,통영
2025-09-02,23.2,24.962857142857143,-1.7628571428571433,-0.1999999999999993,False,0.0,평시,통영
2025-09-03,23.4,25.005714285714284,-1.605714285714285,0.1999999999999993,False,0.0,평시,통영
2025-09-04,24.5,25.01714285714286,-0.5171428571428613,1.1000000000000014,False,0.0,평시,통영
2025-09-05,23.8,24.997142857142858,-1.1971428571428575,-0.6999999999999993,False,0.0,평시,통영
2025-09-06,24.2,24.974285714285717,-0.7742857142857176,0.3999999999999986,False,0.0,평시,통영
2025-09-07,23.7,24.885714285714286,-1.1857142857142868,-0.5,False,0.0,평시,통영
2025-09-08,22.7,24.76285714285714,-2.0628571428571405,-1.0,False,0.0,평시,통영
2025-09-09,21.5,24.648571428571426,-3.148571428571426,-1.1999999999999993,False,0.0,평시,통영
2025-09-10,20.3,24.588571428571427,-4.2885714285714265,-1.1999999999999993,False,0.0,평시,통영
2025-09-11,20.1,24.579999999999995,-4.479999999999993,-0.1999999999999993,False,0.0,평시,통영
2025-09-12,20.3,24.60285714285714,-4.302857142857139,0.1999999999999993,False,0.0,평시,통영
2025-09-13,22.8,24.668571428571425,-1.8685714285714248,2.5,False,0.0,평시,통영
2025-09-14,23.8,24.777142857142856,-0.9771428571428551,1.0,False,0.0,평시,통영
2025-09-15,24.2,24.88,-0.6799999999999997,0.3999999999999986,False,0.0,평시,통영
2025-09-16,24.3,24.945714285714285,-0.6457142857142841,0.10000000000000142,False,0.0,평시,통영
2025-09-17,24.4,24.905714285714286,-0.5057142857142871,0.09999999999999787,False,0.0,평시,통영
2025-09-18,24.1,24.82857142857143,-0.7285714285714278,-0.29999999999999716,False,0.0,평시,통영
2025-09-19,23.3,24.694285714285712,-1.3942857142857115,-0.8000000000000007,False,0.0,평시,통영
2025-09-20,23.1,24.528571428571432,-1.4285714285714306,-0.1999999999999993,False,0.0,평시,통영
2025-09-21,23.0,24.337142857142855,-1.3371428571428545,-0.10000000000000142,False,0.0,평시,통영
2025-09-22,22.4,24.141176470588235,-1.7411764705882362,-0.6000000000000014,False,0.0,평시,통영
2025-09-23,22.2,23.975757575757576,-1.7757575757575772,-0.1999999999999993,False,0.0,평시,통영
2025-09-24,22.3,23.87878787878788,-1.5787878787878782,0.10000000000000142,False,0.0,평시,통영
2025-09-25,22.5,23.793939393939393,-1.293939393939393,0.1999999999999993,False,0.0,평시,통영
2025-09-26,22.7,23.772727272727273,-1.072727272727274,0.1999999999999993,False,0.0,평시,통영
2025-09-27,23.0,23.76969696969697,-0.7696969696969695,0.3000000000000007,False,0.0,평시,통영
2025-09-28,23.3,23.784848484848485,-0.4848484848484844,0.3000000000000007,False,0.0,평시,통영
2025-09-29,23.5,23.794117647058822,-0.2941176470588225,0.1999999999999993,False,0.0,평시,통영
2025-09-30,23.4,23.757142857142856,-0.35714285714285765,-0.10000000000000142,False,0.0,평시,통영
2025-10-01,23.6,23.680000000000003,-0.08000000000000185,0.20000000000000284,False,0.0,평시,통영
2025-10-02,23.5,23.56857142857143,-0.06857142857143117,-0.10000000000000142,False,0.0,평시,통영
2025-10-03,23.1,23.42285714285714,-0.3228571428571385,-0.3999999999999986,False,0.0,평시,통영
2025-10-04,23.2,23.245714285714282,-0.04571428571428271,0.09999999999999787,False,0.0,평시,통영
2025-10-05,23.1,23.028571428571425,0.0714285714285765,-0.09999999999999787,False,0.0,평시,통영
2025-10-06,22.9,22.78857142857143,0.11142857142856855,-0.20000000000000284,False,0.0,평시,통영
2025-10-07,22.4,22.574285714285715,-0.17428571428571615,-0.5,False,0.0,평시,통영
2025-10-08,22.0,22.377142857142854,-0.37714285714285367,-0.3999999999999986,False,0.0,평시,통영
2025-10-09,21.5,22.2,-0.6999999999999993,-0.5,False,0.0,평시,통영
2025-10-10,21.3,22.045714285714286,-0.7457142857142856,-0.1999999999999993,False,0.0,평시,통영
2025-10-11,22.0,21.939999999999998,0.060000000000002274,0.6999999999999993,False,0.0,평시,통영
2025-10-12,22.5,21.891428571428573,0.6085714285714268,0.5,False,0.0,평시,통영
2025-10-13,22.6,21.87428571428572,0.7257142857142824,0.10000000000000142,False,0.0,평시,통영
2025-10-14,22.7,21.828571428571433,0.8714285714285666,0.09999999999999787,False,0.0,평시,통영
2025-10-15,22.6,21.731428571428577,0.8685714285714248,-0.09999999999999787,False,0.0,평시,통영
2025-10-16,22.7,21.63714285714286,1.0628571428571405,0.09999999999999787,False,0.0,평시,통영
2025-10-17,22.6,21.502857142857142,1.0971428571428596,-0.09999999999999787,False,0.0,평시,통영
2025-10-18,22.7,21.319999999999997,1.3800000000000026,0.09999999999999787,False,0.0,평시,통영
2025-10-19,22.6,21.111428571428572,1.4885714285714293,-0.09999999999999787,False,0.0,평시,통영
2025-10-20,22.5,20.917142857142856,1.5828571428571436,-0.10000000000000142,False,0.0,평시,통영
2025-10-21,22.3,20.734285714285715,1.5657142857142858,-0.1999999999999993,False,0.0,평시,통영
2025-10-22,22.1,20.568571428571428,1.5314285714285738,-0.1999999999999993,False,0.0,평시,통영
2025-10-23,22.0,20.397142857142853,1.6028571428571468,-0.10000000000000142,False,0.0,평시,통영
2025-10-24,21.9,20.274285714285714,1.6257142857142846,-0.10000000000000142,False,0.0,평시,통영
2025-10-25,21.9,20.171428571428567,1.7285714285714313,0.0,False,0.0,평시,통영
2025-10-26,21.8,20.06571428571429,1.7342857142857113,-0.09999999999999787,False,0.0,평시,통영
2025-10-27,21.7,19.951428571428572,1.7485714285714273,-0.10000000000000142,False,0.0,평시,통영
2025-10-28,21.4,19.86,1.5399999999999991,-0.3000000000000007,False,0.0,평시,통영
2025-10-29,21.2,19.78,1.4199999999999982,-0.1999999999999993,False,0.0,평시,통영
2025-10-30,21.0,19.7,1.3000000000000007,-0.1999999999999993,False,0.0,평시,통영
2025-10-31,20.9,19.60571428571429,1.29428571428571,-0.10000000000000142,False,0.0,평시,통영
2025-11-01,20.7,19.52285714285714,1.177142857142858,-0.1999999999999993,False,0.0,평시,통영
2025-11-02,20.4,19.445714285714285,0.9542857142857137,-0.3000000000000007,False,0.0,평시,통영
2025-11-03,19.9,19.37142857142857,0.5285714285714285,-0.5,False,0.0,평시,통영
2025-11-04,19.5,19.27428571428571,0.22571428571428953,-0.3999999999999986,False,0.0,평시,통영
2025-11-05,19.3,19.15714285714286,0.14285714285714235,-0.1999999999999993,False,0.0,평시,통영
2025-11-06,19.1,19.034285714285712,0.06571428571428939,-0.1999999999999993,False,0.0,평시,통영
2025-11-07,19.0,18.91142857142857,0.08857142857143074,-0.10000000000000142,False,0.0,평시,통영
2025-11-08,18.9,18.774285714285714,0.12571428571428456,-0.10000000000000142,False,0.0,평시,통영
2025-11-09,18.8,18.628571428571433,0.17142857142856727,-0.09999999999999787,False,0.0,평시,통영
2025-11-10,18.7,18.47142857142857,0.22857142857142776,-0.10000000000000142,False,0.0,평시,통영
2025-11-11,18.6,18.325714285714284,0.2742857142857176,-0.09999999999999787,False,0.0,평시,통영
2025-11-12,18.5,18.191428571428567,0.30857142857143316,-0.10000000000000142,False,0.0,평시,통영
2025-11-13,18.4,18.059999999999995,0.3400000000000034,-0.10000000000000142,False,0.0,평시,통영
2025-11-14,18.4,17.928571428571427,0.47142857142857153,0.0,False,0.0,평시,통영
2025-11-15,18.3,17.788571428571426,0.5114285714285742,-0.09999999999999787,False,0.0,평시,통영
2025-11-16,18.3,17.651428571428575,0.6485714285714259,0.0,False,0.0,평시,통영
2025-11-17,18.2,17.52285714285714,0.6771428571428579,-0.10000000000000142,False,0.0,평시,통영
2025-11-18,17.9,17.4,0.5,-0.3000000000000007,False,0.0,평시,통영
2025-11-19,17.7,17.274285714285718,0.4257142857142817,-0.1999999999999993,False,0.0,평시,통영
2025-11-20,17.6,17.151428571428575,0.4485714285714266,-0.09999999999999787,False,0.0,평시,통영
2025-11-21,17.4,17.028571428571432,0.37142857142856656,-0.20000000000000284,False,0.0,평시,통영
2025-11-22,17.2,16.922857142857143,0.2771428571428558,-0.1999999999999993,False,0.0,평시,통영
2025-11-23,17.2,16.822857142857142,0.3771428571428572,0.0,False,0.0,평시,통영
2025-11-24,17.1,16.71428571428571,0.3857142857142897,-0.09999999999999787,False,0.0,평시,통영
2025-11-25,17.0,16.597142857142853,0.40285714285714747,-0.10000000000000142,False,0.0,평시,통영
2025-11-26,16.9,16.482857142857142,0.41714285714285637,-0.10000000000000142,False,0.0,평시,통영
2025-11-27,16.8,16.365714285714283,0.4342857142857177,-0.09999999999999787,False,0.0,평시,통영
2025-11-28,16.6,16.240000000000002,0.35999999999999943,-0.1999999999999993,False,0.0,평시,통영
2025-11-29,16.5,16.114285714285714,0.3857142857142861,-0.10000000000000142,False,0.0,평시,통영
2025-11-30,16.6,15.982857142857142,0.6171428571428592,0.10000000000000142,False,0.0,평시,통영
2025-12-01,16.6,15.85142857142857,0.7485714285714309,0.0,False,0.0,평시,통영
2025-12-02,16.5,15.719999999999999,0.7800000000000011,-0.10000000000000142,False,0.0,평시,통영
2025-12-03,16.3,15.577142857142858,0.7228571428571424,-0.1999999999999993,False,0.0,평시,통영
2025-12-04,16.1,15.431428571428572,0.668571428571429,-0.1999999999999993,False,0.0,평시,통영
2025-12-05,15.9,15.297142857142857,0.6028571428571432,-0.20000000000000107,False,0.0,평시,통영
2025-12-06,15.7,15.168571428571427,0.531428571428572,-0.20000000000000107,False,0.0,평시,통영
2025-12-07,15.6,15.054285714285713,0.5457142857142863,-0.09999999999999964,False,0.0,평시,통영
2025-12-08,15.5,14.957142857142854,0.5428571428571463,-0.09999999999999964,False,0.0,평시,통영
2025-12-09,15.4,14.865714285714285,0.5342857142857156,-0.09999999999999964,False,0.0,평시,통영
2025-12-10,15.2,14.777142857142858,0.4228571428571417,-0.20000000000000107,False,0.0,평시,통영
2025-12-11,15.2,14.685714285714285,0.5142857142857142,0.0,False,0.0,평시,통영
2025-12-12,15.1,14.59714285714286,0.50285714285714,-0.09999999999999964,False,0.0,평시,통영
2025-12-13,14.8,14.505714285714289,0.2942857142857118,-0.29999999999999893,False,0.0,평시,통영
2025-12-14,14.8,14.39714285714286,0.40285714285714036,0.0,False,0.0,평시,통영
2025-12-15,14.6,14.265714285714285,0.3342857142857145,-0.20000000000000107,False,0.0,평시,통영
2025-12-16,14.6,14.122857142857141,0.47714285714285865,0.0,False,0.0,평시,통영
2025-12-17,14.5,13.994285714285713,0.5057142857142871,-0.09999999999999964,False,0.0,평시,통영
2025-12-18,14.4,13.868571428571428,0.531428571428572,-0.09999999999999964,False,0.0,평시,통영
2025-12-19,14.4,13.74,0.6600000000000001,0.0,False,0.0,평시,통영
2025-12-20,14.4,13.608571428571429,0.7914285714285718,0.0,False,0.0,평시,통영
2025-12-21,14.5,13.485714285714286,1.0142857142857142,0.09999999999999964,False,0.0,평시,통영
2025-12-22,14.5,13.377142857142857,1.1228571428571428,0.0,False,0.0,평시,통영
2025-12-23,14.5,13.262857142857143,1.2371428571428567,0.0,False,0.0,평시,통영
2025-12-24,14.5,13.145714285714284,1.3542857142857159,0.0,False,0.0,평시,통영
2025-12-25,14.4,13.037142857142857,1.362857142857143,-0.09999999999999964,False,0.0,평시,통영
2025-12-26,14.2,12.922857142857143,1.2771428571428558,-0.20000000000000107,False,0.0,평시,통영
2025-12-27,14.1,12.80857142857143,1.29142857142857,-0.09999999999999964,False,0.0,평시,통영
2025-12-28,14.0,12.7,1.3000000000000007,-0.09999999999999964,False,0.0,평시,통영
2025-12-29,13.7,12.575,1.125,-0.3000000000000007,False,0.0,평시,통영
2025-12-30,13.5,12.449999999999998,1.0500000000000025,-0.1999999999999993,False,0.0,평시,통영
2025-12-31,13.5,12.330555555555556,1.1694444444444443,0.0,False,0.0,평시,통영
2026-01-01,13.4,12.21111111111111,1.18888888888889,-0.09999999999999964,False,0.0,평시,통영
2021-01-01,10.4,11.183333333333332,-0.7833333333333314,,False,0.0,평시,남해군
2021-01-02,10.2,11.027777777777777,-0.8277777777777775,-0.20000000000000107,False,0.0,평시,남해군
2021-01-03,10.2,10.88611111111111,-0.68611111111111,0.0,False,0.0,평시,남해군
2021-01-04,10.1,10.741666666666665,-0.6416666666666657,-0.09999999999999964,False,0.0,평시,남해군
2021-01-05,10.1,10.597142857142858,-0.4971428571428582,0.0,False,0.0,평시,남해군
2021-01-06,9.8,10.5,-0.6999999999999993,-0.29999999999999893,False,0.0,평시,남해군
2021-01-07,9.4,10.402857142857144,-1.0028571428571436,-0.40000000000000036,False,0.0,평시,남해군
2021-01-08,9.2,10.308571428571431,-1.108571428571432,-0.20000000000000107,False,0.0,평시,남해군
2021-01-09,9.0,10.202857142857143,-1.2028571428571428,-0.1999999999999993,False,0.0,평시,남해군
2021-01-10,8.8,10.108571428571429,-1.3085714285714278,-0.1999999999999993,False,0.0,평시,남해군
2021-01-11,8.6,10.028571428571427,-1.428571428571427,-0.20000000000000107,False,0.0,평시,남해군
2021-01-12,8.5,9.957142857142857,-1.4571428571428573,-0.09999999999999964,False,0.0,평시,남해군
2021-01-13,8.6,9.905714285714286,-1.305714285714286,0.09999999999999964,False,0.0,평시,남해군
2021-01-14,8.7,9.865714285714285,-1.1657142857142855,0.09999999999999964,False,0.0,평시,남해군
2021-01-15,8.9,9.86,-0.9599999999999991,0.20000000000000107,False,0.0,평시,남해군
2021-01-16,8.9,9.874285714285712,-0.9742857142857115,0.0,False,0.0,평시,남해군
2021-01-17,8.8,9.885714285714284,-1.0857142857142836,-0.09999999999999964,False,0.0,평시,남해군
2021-01-18,8.9,9.899999999999999,-0.9999999999999982,0.09999999999999964,False,0.0,평시,남해군
2021-01-19,8.9,9.908571428571427,-1.0085714285714271,0.0,False,0.0,평시,남해군
2021-01-20,9.2,9.905714285714286,-0.7057142857142864,0.29999999999999893,False,0.0,평시,남해군
2021-01-21,9.5,9.88,-0.3800000000000008,0.3000000000000007,False,0.0,평시,남해군
2021-01-22,9.7,9.80857142857143,-0.10857142857143032,0.1999999999999993,False,0.0,평시,남해군
2021-01-23,9.8,9.74,0.0600000000000005,0.10000000000000142,False,0.0,평시,남해군
2021-01-24,9.7,9.668571428571429,0.03142857142857025,-0.10000000000000142,False,0.0,평시,남해군
2021-01-25,9.4,9.582857142857144,-0.18285714285714327,-0.29999999999999893,False,0.0,평시,남해군
2021-01-26,9.5,9.494285714285715,0.005714285714285339,0.09999999999999964,False,0.0,평시,남해군
2021-01-27,9.4,9.402857142857142,-0.002857142857141781,-0.09999999999999964,False,0.0,평시,남해군
2021-01-28,9.1,9.342857142857143,-0.24285714285714377,-0.3000000000000007,False,0.0,평시,남해군
2021-01-29,9.0,9.308571428571428,-0.30857142857142783,-0.09999999999999964,False,0.0,평시,남해군
2021-01-30,9.0,9.254285714285714,-0.25428571428571445,0.0,False,0.0,평시,남해군
2021-01-31,8.8,9.19142857142857,-0.3914285714285697,-0.1999999999999993,False,0.0,평시,남해군
2021-02-01,8.7,9.128571428571428,-0.4285714285714288,-0.10000000000000142,False,0.0,평시,남해군
2021-02-02,8.4,9.059999999999999,-0.6599999999999984,-0.29999999999999893,False,0.0,평시,남해군
2021-02-03,8.2,8.979999999999999,-0.7799999999999994,-0.20000000000000107,False,0.0,평시,남해군
2021-02-04,8.3,8.882857142857144,-0.5828571428571436,0.10000000000000142,False,0.0,평시,남해군
2021-02-05,8.3,8.76,-0.4599999999999991,0.0,False,0.0,평시,남해군
2021-02-06,8.2,8.634285714285713,-0.43428571428571416,-0.10000000000000142,False,0.0,평시,남해군
2021-02-07,7.9,8.565714285714286,-0.6657142857142855,-0.29999999999999893,False,0.0,평시,남해군
2021-02-08,7.8,8.53142857142857,-0.7314285714285704,-0.10000000000000053,False,0.0,평시,남해군
2021-02-09,7.9,8.545714285714284,-0.6457142857142841,0.10000000000000053,False,0.0,평시,남해군
2021-02-10,8.9,8.585714285714282,0.3142857142857185,1.0,False,0.0,평시,남해군
2021-02-11,9.1,8.645714285714284,0.4542857142857155,0.1999999999999993,False,0.0,평시,남해군
2021-02-12,9.5,8.725714285714284,0.7742857142857158,0.40000000000000036,False,0.0,평시,남해군
2021-02-13,9.6,8.84,0.7599999999999998,0.09999999999999964,False,0.0,평시,남해군
2021-02-14,9.4,8.899999999999999,0.5000000000000018,-0.1999999999999993,False,0.0,평시,남해군
2021-02-15,9.2,8.945714285714287,0.25428571428571267,-0.20000000000000107,False,0.0,평시,남해군
2021-02-16,9.5,8.94857142857143,0.5514285714285698,0.3000000000000007,False,0.0,평시,남해군
2021-02-17,9.3,8.94,0.3600000000000012,-0.1999999999999993,False,0.0,평시,남해군
2021-02-18,9.1,8.922857142857143,0.17714285714285616,-0.20000000000000107,False,0.0,평시,남해군
2021-02-19,9.2,8.917142857142858,0.28285714285714114,0.09999999999999964,False,0.0,평시,남해군
2021-02-20,9.2,8.885714285714288,0.3142857142857114,0.0,False,0.0,평시,남해군
2021-02-21,9.3,8.874285714285715,0.42571428571428527,0.10000000000000142,False,0.0,평시,남해군
2021-02-22,9.2,8.851428571428572,0.348571428571427,-0.10000000000000142,False,0.0,평시,남해군
2021-02-23,8.6,8.834285714285715,-0.23428571428571487,-0.5999999999999996,False,0.0,평시,남해군
2021-02-24,8.4,8.814285714285713,-0.4142857142857128,-0.1999999999999993,False,0.0,평시,남해군
2021-02-25,8.3,8.822857142857142,-0.5228571428571414,-0.09999999999999964,False,0.0,평시,남해군
2021-02-26,8.4,8.863888888888887,-0.4638888888888868,0.09999999999999964,False,0.0,평시,남해군
2021-02-27,8.5,8.905555555555553,-0.4055555555555532,0.09999999999999964,False,0.0,평시,남해군
2021-02-28,9.0,8.941666666666666,0.05833333333333357,0.5,False,0.0,평시,남해군
2021-03-01,9.2,8.983333333333333,0.21666666666666679,0.1999999999999993,False,0.0,평시,남해군
2021-03-02,9.2,9.0,0.1999999999999993,0.0,False,0.0,평시,남해군
2021-03-03,8.9,9.033333333333333,-0.13333333333333286,-0.29999999999999893,False,0.0,평시,남해군
2021-03-04,8.8,9.061111111111112,-0.26111111111111107,-0.09999999999999964,False,0.0,평시,남해군
2021-03-05,8.9,9.065714285714284,-0.1657142857142837,0.09999999999999964,False,0.0,평시,남해군
2021-03-06,9.0,9.09142857142857,-0.09142857142857075,0.09999999999999964,False,0.0,평시,남해군
2021-03-07,9.1,9.117142857142856,-0.017142857142856016,0.09999999999999964,False,0.0,평시,남해군
2021-03-08,9.3,9.16285714285714,0.13714285714286056,0.20000000000000107,False,0.0,평시,남해군
2021-03-09,9.4,9.257142857142858,0.14285714285714235,0.09999999999999964,False,0.0,평시,남해군
2021-03-10,9.5,9.33714285714286,0.16285714285714015,0.09999999999999964,False,0.0,평시,남해군
2021-03-11,9.6,9.405714285714284,0.19428571428571573,0.09999999999999964,False,0.0,평시,남해군
2021-03-12,9.8,9.51142857142857,0.28857142857143003,0.20000000000000107,False,0.0,평시,남해군
2021-03-13,9.8,9.617142857142857,0.18285714285714327,0.0,False,0.0,평시,남해군
2021-03-14,9.9,9.748571428571427,0.15142857142857302,0.09999999999999964,False,0.0,평시,남해군
2021-03-15,10.1,9.879999999999999,0.22000000000000064,0.1999999999999993,False,0.0,평시,남해군
2021-03-16,10.2,10.00285714285714,0.19714285714285928,0.09999999999999964,False,0.0,평시,남해군
2021-03-17,10.6,10.139999999999999,0.46000000000000085,0.40000000000000036,False,0.0,평시,남해군
2021-03-18,10.9,10.271428571428572,0.6285714285714281,0.3000000000000007,False,0.0,평시,남해군
2021-03-19,11.0,10.365714285714287,0.6342857142857135,0.09999999999999964,False,0.0,평시,남해군
2021-03-20,11.1,10.465714285714286,0.6342857142857135,0.09999999999999964,False,0.0,평시,남해군
2021-03-21,11.1,10.551428571428572,0.548571428571428,0.0,False,0.0,평시,남해군
2021-03-22,10.9,10.642857142857142,0.257142857142858,-0.1999999999999993,False,0.0,평시,남해군
2021-03-23,10.9,10.737142857142857,0.1628571428571437,0.0,False,0.0,평시,남해군
2021-03-24,11.0,10.85142857142857,0.14857142857142946,0.09999999999999964,False,0.0,평시,남해군
2021-03-25,11.2,10.974285714285715,0.2257142857142842,0.1999999999999993,False,0.0,평시,남해군
2021-03-26,11.3,11.105714285714285,0.19428571428571573,0.10000000000000142,False,0.0,평시,남해군
2021-03-27,11.6,11.217142857142857,0.38285714285714256,0.29999999999999893,False,0.0,평시,남해군
2021-03-28,11.7,11.345714285714287,0.3542857142857123,0.09999999999999964,False,0.0,평시,남해군
2021-03-29,12.0,11.485714285714286,0.5142857142857142,0.3000000000000007,False,0.0,평시,남해군
2021-03-30,12.1,11.631428571428572,0.468571428571428,0.09999999999999964,False,0.0,평시,남해군
2021-03-31,12.3,11.765714285714287,0.5342857142857138,0.20000000000000107,False,0.0,평시,남해군
2021-04-01,12.4,11.902857142857142,0.4971428571428582,0.09999999999999964,False,0.0,평시,남해군
2021-04-02,12.6,12.037142857142857,0.5628571428571423,0.1999999999999993,False,0.0,평시,남해군
2021-04-03,12.7,12.16,0.5399999999999991,0.09999999999999964,False,0.0,평시,남해군
2021-04-04,12.5,12.274285714285716,0.2257142857142842,-0.1999999999999993,False,0.0,평시,남해군
2021-04-05,12.7,12.360000000000001,0.3399999999999981,0.1999999999999993,False,0.0,평시,남해군
2021-04-06,12.8,12.445714285714285,0.35428571428571587,0.10000000000000142,False,0.0,평시,남해군
2021-04-07,12.8,12.52,0.28000000000000114,0.0,False,0.0,평시,남해군
2021-04-08,12.9,12.617142857142856,0.2828571428571447,0.09999999999999964,False,0.0,평시,남해군
2021-04-09,13.3,12.731428571428571,0.5685714285714294,0.40000000000000036,False,0.0,평시,남해군
2021-04-10,13.4,12.851428571428572,0.548571428571428,0.09999999999999964,False,0.0,평시,남해군
2021-04-11,13.7,12.96,0.7399999999999984,0.29999999999999893,False,0.0,평시,남해군
2021-04-12,13.8,13.077142857142857,0.7228571428571442,0.10000000000000142,False,0.0,평시,남해군
2021-04-13,13.6,13.185714285714283,0.41428571428571637,-0.20000000000000107,False,0.0,평시,남해군
2021-04-14,13.7,13.28,0.41999999999999993,0.09999999999999964,False,0.0,평시,남해군
2021-04-15,13.6,13.348571428571427,0.25142857142857267,-0.09999999999999964,False,0.0,평시,남해군
2021-04-16,13.6,13.388571428571428,0.21142857142857174,0.0,False,0.0,평시,남해군
2021-04-17,13.6,13.457142857142856,0.14285714285714413,0.0,False,0.0,평시,남해군
2021-04-18,13.7,13.574285714285711,0.1257142857142881,0.09999999999999964,False,0.0,평시,남해군
2021-04-19,13.7,13.719999999999999,-0.019999999999999574,0.0,False,0.0,평시,남해군
2021-04-20,13.9,13.865714285714287,0.03428571428571381,0.20000000000000107,False,0.0,평시,남해군
2021-04-21,14.2,14.028571428571428,0.17142857142857082,0.29999999999999893,False,0.0,평시,남해군
2021-04-22,14.8,14.197142857142856,0.602857142857145,0.6000000000000014,False,0.0,평시,남해군
2021-04-23,15.2,14.377142857142857,0.8228571428571421,0.3999999999999986,False,0.0,평시,남해군
2021-04-24,15.2,14.565714285714286,0.6342857142857135,0.0,False,0.0,평시,남해군
2021-04-25,15.5,14.714285714285714,0.7857142857142865,0.3000000000000007,False,0.0,평시,남해군
2021-04-26,15.6,14.842857142857143,0.7571428571428562,0.09999999999999964,False,0.0,평시,남해군
2021-04-27,15.6,14.931428571428572,0.6685714285714273,0.0,False,0.0,평시,남해군
2021-04-28,15.4,15.005714285714287,0.39428571428571324,-0.1999999999999993,False,0.0,평시,남해군
2021-04-29,15.4,15.06,0.33999999999999986,0.0,False,0.0,평시,남해군
2021-04-30,14.8,15.120000000000001,-0.3200000000000003,-0.5999999999999996,False,0.0,평시,남해군
2021-05-01,15.0,15.162857142857144,-0.1628571428571437,0.1999999999999993,False,0.0,평시,남해군
2021-05-02,15.0,15.194285714285716,-0.19428571428571573,0.0,False,0.0,평시,남해군
2021-05-03,15.0,15.24,-0.2400000000000002,0.0,False,0.0,평시,남해군
2021-05-04,14.9,15.331428571428573,-0.4314285714285724,-0.09999999999999964,False,0.0,평시,남해군
2021-05-05,15.1,15.44857142857143,-0.34857142857143053,0.1999999999999993,False,0.0,평시,남해군
2021-05-06,15.6,15.597142857142856,0.0028571428571435575,0.5,False,0.0,평시,남해군
2021-05-07,15.6,15.705714285714286,-0.10571428571428676,0.0,False,0.0,평시,남해군
2021-05-08,15.4,15.83142857142857,-0.43142857142856883,-0.1999999999999993,False,0.0,평시,남해군
2021-05-09,15.5,15.982857142857142,-0.4828571428571422,0.09999999999999964,False,0.0,평시,남해군
2021-05-10,15.9,16.125714285714285,-0.2257142857142842,0.40000000000000036,False,0.0,평시,남해군
2021-05-11,16.2,16.26285714285714,-0.0628571428571405,0.29999999999999893,False,0.0,평시,남해군
2021-05-12,16.5,16.38,0.120000000000001,0.3000000000000007,False,0.0,평시,남해군
2021-05-13,17.0,16.405714285714286,0.5942857142857143,0.5,False,0.0,평시,남해군
2021-05-14,17.4,16.457142857142856,0.9428571428571431,0.3999999999999986,False,0.0,평시,남해군
2021-05-15,17.8,16.534285714285712,1.2657142857142887,0.40000000000000213,False,0.0,평시,남해군
2021-05-16,16.6,16.614285714285714,-0.014285714285712459,-1.1999999999999993,False,0.0,평시,남해군
2021-05-17,16.3,16.671428571428574,-0.37142857142857366,-0.3000000000000007,False,0.0,평시,남해군
2021-05-18,17.1,16.765714285714285,0.3342857142857163,0.8000000000000007,False,0.0,평시,남해군
2021-05-19,17.4,16.914285714285718,0.48571428571428044,0.29999999999999716,False,0.0,평시,남해군
2021-05-20,17.7,17.137142857142855,0.562857142857144,0.3000000000000007,False,0.0,평시,남해군
2021-05-21,17.6,17.36285714285714,0.2371428571428602,-0.09999999999999787,False,0.0,평시,남해군
2021-05-22,17.9,17.525714285714287,0.3742857142857119,0.29999999999999716,False,0.0,평시,남해군
2021-05-23,17.8,17.657142857142855,0.1428571428571459,-0.09999999999999787,False,0.0,평시,남해군
2021-05-24,17.7,17.765714285714285,-0.06571428571428584,-0.10000000000000142,False,0.0,평시,남해군
2021-05-25,17.6,17.81142857142857,-0.21142857142856997,-0.09999999999999787,False,0.0,평시,남해군
2021-05-26,17.9,17.791428571428572,0.10857142857142676,0.29999999999999716,False,0.0,평시,남해군
2021-05-27,17.8,17.825714285714284,-0.025714285714283136,-0.09999999999999787,False,0.0,평시,남해군
2021-05-28,17.2,17.897142857142853,-0.697142857142854,-0.6000000000000014,False,0.0,평시,남해군
2021-05-29,17.1,17.997142857142855,-0.8971428571428532,-0.09999999999999787,False,0.0,평시,남해군
2021-05-30,17.8,18.114285714285714,-0.31428571428571317,0.6999999999999993,False,0.0,평시,남해군
2021-05-31,18.2,18.302857142857142,-0.1028571428571432,0.3999999999999986,False,0.0,평시,남해군
2021-06-01,18.7,18.525714285714287,0.1742857142857126,0.5,False,0.0,평시,남해군
2021-06-02,19.0,18.74,0.26000000000000156,0.3000000000000007,False,0.0,평시,남해군
2021-06-03,19.3,18.845714285714283,0.4542857142857173,0.3000000000000007,False,0.0,평시,남해군
2021-06-04,19.3,18.93142857142857,0.3685714285714319,0.0,False,0.0,평시,남해군
2021-06-05,18.4,19.01142857142857,-0.6114285714285721,-0.9000000000000021,False,0.0,평시,남해군
2021-06-06,17.6,19.125714285714285,-1.5257142857142831,-0.7999999999999972,False,0.0,평시,남해군
2021-06-07,18.0,19.205714285714283,-1.2057142857142829,0.3999999999999986,False,0.0,평시,남해군
2021-06-08,18.9,19.288571428571426,-0.3885714285714279,0.8999999999999986,False,0.0,평시,남해군
2021-06-09,20.0,19.422857142857143,0.5771428571428565,1.1000000000000014,False,0.0,평시,남해군
2021-06-10,20.8,19.602857142857143,1.1971428571428575,0.8000000000000007,False,0.0,평시,남해군
2021-06-11,19.9,19.765714285714285,0.13428571428571345,-0.9000000000000021,False,0.0,평시,남해군
2021-06-12,20.6,19.931428571428572,0.668571428571429,0.7000000000000028,False,0.0,평시,남해군
2021-06-13,20.4,20.011428571428574,0.38857142857142435,-0.20000000000000284,False,0.0,평시,남해군
2021-06-14,20.3,20.08571428571429,0.21428571428571175,-0.09999999999999787,False,0.0,평시,남해군
2021-06-15,21.0,20.16,0.8399999999999999,0.6999999999999993,False,0.0,평시,남해군
2021-06-16,21.3,20.21428571428572,1.0857142857142819,0.3000000000000007,False,0.0,평시,남해군
2021-06-17,21.2,20.297142857142855,0.9028571428571439,-0.10000000000000142,False,0.0,평시,남해군
2021-06-18,21.0,20.342857142857145,0.6571428571428548,-0.1999999999999993,False,0.0,평시,남해군
2021-06-19,20.9,20.368571428571432,0.5314285714285667,-0.10000000000000142,False,0.0,평시,남해군
2021-06-20,21.1,20.43714285714286,0.6628571428571419,0.20000000000000284,False,0.0,평시,남해군
2021-06-21,21.1,20.517142857142858,0.5828571428571436,0.0,False,0.0,평시,남해군
2021-06-22,21.2,20.577142857142857,0.6228571428571428,0.09999999999999787,False,0.0,평시,남해군
2021-06-23,21.5,20.599999999999998,0.9000000000000021,0.3000000000000007,False,0.0,평시,남해군
2021-06-24,21.8,20.597142857142856,1.2028571428571446,0.3000000000000007,False,0.0,평시,남해군
2021-06-25,21.7,20.657142857142862,1.0428571428571374,-0.10000000000000142,False,0.0,평시,남해군
2021-06-26,21.8,20.711428571428574,1.0885714285714272,0.10000000000000142,False,0.0,평시,남해군
2021-06-27,22.1,20.702857142857145,1.3971428571428568,0.3000000000000007,False,0.0,평시,남해군
2021-06-28,22.6,20.80285714285714,1.7971428571428625,0.5,False,0.0,평시,남해군
2021-06-29,22.6,20.965714285714284,1.634285714285717,0.0,False,0.0,평시,남해군
2021-06-30,22.9,21.165714285714287,1.7342857142857113,0.29999999999999716,False,0.0,평시,남해군
2021-07-01,23.1,21.322857142857142,1.7771428571428594,0.20000000000000284,False,0.0,평시,남해군
2021-07-02,23.4,21.428571428571427,1.9714285714285715,0.29999999999999716,False,0.0,평시,남해군
2021-07-03,23.6,21.540000000000003,2.0599999999999987,0.20000000000000284,False,2.0,주의보,남해군
2021-07-04,22.3,21.702857142857145,0.5971428571428561,-1.3000000000000007,False,0.0,평시,남해군
2021-07-05,22.8,21.791428571428572,1.008571428571429,0.5,False,0.0,평시,남해군
2021-07-06,22.8,21.802941176470586,0.9970588235294144,0.0,False,0.0,평시,남해군
2021-07-07,22.9,21.769696969696973,1.1303030303030255,0.09999999999999787,False,0.0,평시,남해군
2021-07-08,23.5,21.875,1.625,0.6000000000000014,False,0.0,평시,남해군
2021-07-09,23.6,22.0625,1.5375000000000014,0.10000000000000142,False,0.0,평시,남해군
2021-07-10,23.7,22.240625,1.4593749999999979,0.09999999999999787,False,0.0,평시,남해군
2021-07-11,23.7,22.362499999999997,1.3375000000000021,0.0,False,0.0,평시,남해군
2021-07-12,23.6,22.40625,1.1937500000000014,-0.09999999999999787,False,0.0,평시,남해군
2021-07-13,23.5,22.533333333333335,0.966666666666665,-0.10000000000000142,False,0.0,평시,남해군
2021-07-14,23.6,22.700000000000003,0.8999999999999986,0.10000000000000142,False,0.0,평시,남해군
2021-07-15,23.8,22.73714285714286,1.0628571428571405,0.1999999999999993,False,0.0,평시,남해군
2021-07-16,24.6,22.748571428571427,1.851428571428574,0.8000000000000007,False,0.0,평시,남해군
2021-07-17,25.7,22.831428571428567,2.868571428571432,1.0999999999999979,False,2.0,주의보,남해군
2021-07-18,25.5,22.92,2.5799999999999983,-0.1999999999999993,False,2.0,주의보,남해군
2021-07-19,25.9,23.057142857142857,2.8428571428571416,0.3999999999999986,False,2.0,주의보,남해군
2021-07-20,26.4,23.10285714285714,3.297142857142859,0.5,False,3.0,경보,남해군
2021-07-21,26.7,23.108571428571423,3.591428571428576,0.3000000000000007,False,3.0,경보,남해군
2021-07-22,27.0,23.177142857142854,3.8228571428571456,0.3000000000000007,False,3.0,경보,남해군
2021-07-23,27.1,23.299999999999997,3.8000000000000043,0.10000000000000142,False,3.0,경보,남해군
2021-07-24,27.2,23.379999999999995,3.820000000000004,0.09999999999999787,False,3.0,경보,남해군
2021-07-25,27.1,23.52285714285714,3.57714285714286,-0.09999999999999787,False,3.0,경보,남해군
2021-07-26,27.1,23.65714285714286,3.442857142857143,0.0,False,3.0,경보,남해군
2021-07-27,27.3,23.808571428571426,3.4914285714285747,0.1999999999999993,False,3.0,경보,남해군
2021-07-28,27.0,23.968571428571426,3.031428571428574,-0.3000000000000007,False,3.0,경보,남해군
2021-07-29,26.9,24.080000000000002,2.8199999999999967,-0.10000000000000142,False,2.0,주의보,남해군
2021-07-30,26.5,24.125714285714285,2.3742857142857154,-0.3999999999999986,False,2.0,주의보,남해군
2021-07-31,26.2,24.15428571428571,2.04571428571429,-0.3000000000000007,False,2.0,주의보,남해군
2021-08-01,26.4,24.151428571428568,2.248571428571431,0.1999999999999993,False,2.0,주의보,남해군
2021-08-02,26.3,24.217142857142857,2.0828571428571436,-0.09999999999999787,False,2.0,주의보,남해군
2021-08-03,26.7,24.274285714285714,2.4257142857142853,0.3999999999999986,False,2.0,주의보,남해군
2021-08-04,27.2,24.374285714285712,2.8257142857142874,0.5,False,2.0,주의보,남해군
2021-08-05,28.1,24.568571428571428,3.531428571428574,0.9000000000000021,False,3.0,경보,남해군
2021-08-06,28.5,24.78,3.719999999999999,0.3999999999999986,False,3.0,경보,남해군
2021-08-07,28.7,24.94857142857143,3.751428571428569,0.1999999999999993,True,3.0,경보,남해군
2021-08-08,28.6,25.120000000000005,3.479999999999997,-0.09999999999999787,True,3.0,경보,남해군
2021-08-09,28.1,25.19428571428572,2.905714285714282,-0.5,True,3.0,경보,남해군
2021-08-10,27.6,25.260000000000005,2.3399999999999963,-0.5,False,2.0,주의보,남해군
2021-08-11,27.3,25.279999999999998,2.020000000000003,-0.3000000000000007,False,2.0,주의보,남해군
2021-08-12,27.2,25.245714285714282,1.9542857142857173,-0.10000000000000142,False,0.0,평시,남해군
2021-08-13,27.0,25.231428571428573,1.768571428571427,-0.1999999999999993,False,0.0,평시,남해군
2021-08-14,26.7,25.29714285714286,1.4028571428571404,-0.3000000000000007,False,0.0,평시,남해군
2021-08-15,26.7,25.388571428571424,1.311428571428575,0.0,False,0.0,평시,남해군
2021-08-16,26.6,25.482857142857142,1.1171428571428592,-0.09999999999999787,False,0.0,평시,남해군
2021-08-17,26.3,25.554285714285715,0.7457142857142856,-0.3000000000000007,False,0.0,평시,남해군
2021-08-18,26.4,25.66857142857143,0.7314285714285695,0.09999999999999787,False,0.0,평시,남해군
2021-08-19,26.4,25.75142857142857,0.6485714285714295,0.0,False,0.0,평시,남해군
2021-08-20,26.5,25.77714285714286,0.7228571428571406,0.10000000000000142,False,0.0,평시,남해군
2021-08-21,26.3,25.77428571428571,0.5257142857142902,-0.1999999999999993,False,0.0,평시,남해군
2021-08-22,26.2,25.757142857142856,0.44285714285714306,-0.10000000000000142,False,0.0,평시,남해군
2021-08-23,26.3,25.70857142857143,0.591428571428569,0.10000000000000142,False,0.0,평시,남해군
2021-08-24,26.3,25.71714285714286,0.5828571428571401,0.0,False,0.0,평시,남해군
2021-08-25,26.3,25.71142857142857,0.5885714285714307,0.0,False,0.0,평시,남해군
2021-08-26,26.4,25.658823529411762,0.7411764705882362,0.09999999999999787,False,0.0,평시,남해군
2021-08-27,26.3,25.61212121212121,0.6878787878787911,-0.09999999999999787,False,0.0,평시,남해군
2021-08-28,25.8,25.549999999999997,0.25000000000000355,-0.5,False,0.0,평시,남해군
2021-08-29,,25.477419354838712,,,False,,판정불가,남해군
2021-08-30,,25.41,,,False,,판정불가,남해군
2021-08-31,,25.33103448275862,,,False,,판정불가,남해군
2021-09-01,,25.317857142857143,,,False,,판정불가,남해군
2021-09-02,,25.410714285714285,,,False,,판정불가,남해군
2021-09-03,,25.49642857142857,,,False,,판정불가,남해군
2021-09-04,,25.54642857142857,,,False,,판정불가,남해군
2021-09-05,,25.653571428571432,,,False,,판정불가,남해군
2021-09-06,,25.821428571428577,,,False,,판정불가,남해군
2021-09-07,,25.946428571428573,,,False,,판정불가,남해군
2021-09-08,,25.97857142857143,,,False,,판정불가,남해군
2021-09-09,,25.971428571428568,,,False,,판정불가,남해군
2021-09-10,,25.974999999999994,,,False,,판정불가,남해군
2021-09-11,,25.989285714285717,,,False,,판정불가,남해군
2021-09-12,,25.971428571428568,,,False,,판정불가,남해군
2021-09-13,,25.928571428571434,,,False,,판정불가,남해군
2021-09-14,,25.907142857142855,,,False,,판정불가,남해군
2021-09-15,,25.932142857142853,,,False,,판정불가,남해군
2021-09-16,,25.985714285714288,,,False,,판정불가,남해군
2021-09-17,,26.03214285714285,,,False,,판정불가,남해군
2021-09-18,,26.007142857142856,,,False,,판정불가,남해군
2021-09-19,,25.960714285714285,,,False,,판정불가,남해군
2021-09-20,,25.889285714285712,,,False,,판정불가,남해군
2021-09-21,,25.767857142857142,,,False,,판정불가,남해군
2021-09-22,,25.57857142857143,,,False,,판정불가,남해군
2021-09-23,,25.367857142857144,,,False,,판정불가,남해군
2021-09-24,,25.196428571428577,,,False,,판정불가,남해군
2021-09-25,,25.125000000000004,,,False,,판정불가,남해군
2021-09-26,,25.046428571428574,,,False,,판정불가,남해군
2021-09-27,,24.97142857142857,,,False,,판정불가,남해군
2021-09-28,,24.93214285714286,,,False,,판정불가,남해군
2021-09-29,,24.900000000000006,,,False,,판정불가,남해군
2021-09-30,,24.828571428571433,,,False,,판정불가,남해군
2021-10-01,,24.70357142857143,,,False,,판정불가,남해군
2021-10-02,,24.560714285714287,,,False,,판정불가,남해군
2021-10-03,,24.403448275862072,,,False,,판정불가,남해군
2021-10-04,,24.233333333333334,,,False,,판정불가,남해군
2021-10-05,,24.05806451612903,,,False,,판정불가,남해군
2021-10-06,24.4,23.8875,0.5124999999999993,,False,0.0,평시,남해군
2021-10-07,24.3,23.742424242424242,0.5575757575757585,-0.09999999999999787,False,0.0,평시,남해군
2021-10-08,24.4,23.623529411764704,0.7764705882352949,0.09999999999999787,False,0.0,평시,남해군
2021-10-09,24.5,23.497142857142858,1.0028571428571418,0.10000000000000142,False,0.0,평시,남해군
2021-10-10,24.6,23.348571428571425,1.2514285714285762,0.10000000000000142,False,0.0,평시,남해군
2021-10-11,24.5,23.22,1.2800000000000011,-0.10000000000000142,False,0.0,평시,남해군
2021-10-12,24.0,23.1,0.8999999999999986,-0.5,False,0.0,평시,남해군
2021-10-13,23.7,22.99142857142857,0.7085714285714282,-0.3000000000000007,False,0.0,평시,남해군
2021-10-14,23.6,22.868571428571432,0.7314285714285695,-0.09999999999999787,False,0.0,평시,남해군
2021-10-15,23.5,22.74,0.7600000000000016,-0.10000000000000142,False,0.0,평시,남해군
2021-10-16,23.2,22.60571428571429,0.5942857142857108,-0.3000000000000007,False,0.0,평시,남해군
2021-10-17,22.5,22.457142857142856,0.04285714285714448,-0.6999999999999993,False,0.0,평시,남해군
2021-10-18,22.2,22.274285714285714,-0.07428571428571473,-0.3000000000000007,False,0.0,평시,남해군
2021-10-19,22.1,22.07428571428571,0.02571428571429024,-0.09999999999999787,False,0.0,평시,남해군
2021-10-20,21.9,21.88,0.019999999999999574,-0.20000000000000284,False,0.0,평시,남해군
2021-10-21,21.7,21.685714285714287,0.014285714285712459,-0.1999999999999993,False,0.0,평시,남해군
2021-10-22,21.4,21.48,-0.08000000000000185,-0.3000000000000007,False,0.0,평시,남해군
2021-10-23,21.3,21.28857142857143,0.011428571428570677,-0.09999999999999787,False,0.0,평시,남해군
2021-10-24,21.2,21.108571428571427,0.09142857142857252,-0.10000000000000142,False,0.0,평시,남해군
2021-10-25,21.1,20.968571428571426,0.13142857142857522,-0.09999999999999787,False,0.0,평시,남해군
2021-10-26,21.1,20.834285714285713,0.2657142857142887,0.0,False,0.0,평시,남해군
2021-10-27,20.8,20.69142857142857,0.10857142857143032,-0.3000000000000007,False,0.0,평시,남해군
2021-10-28,20.7,20.57714285714286,0.12285714285713922,-0.10000000000000142,False,0.0,평시,남해군
2021-10-29,20.5,20.474285714285717,0.025714285714283136,-0.1999999999999993,False,0.0,평시,남해군
2021-10-30,20.4,20.351428571428574,0.04857142857142449,-0.10000000000000142,False,0.0,평시,남해군
2021-10-31,20.3,20.24,0.060000000000002274,-0.09999999999999787,False,0.0,평시,남해군
2021-11-01,20.2,20.125714285714285,0.07428571428571473,-0.10000000000000142,False,0.0,평시,남해군
2021-11-02,19.9,20.022857142857138,-0.12285714285713922,-0.3000000000000007,False,0.0,평시,남해군
2021-11-03,19.7,19.902857142857137,-0.20285714285713752,-0.1999999999999993,False,0.0,평시,남해군
2021-11-04,19.5,19.76285714285714,-0.2628571428571398,-0.1999999999999993,False,0.0,평시,남해군
2021-11-05,19.5,19.62571428571428,-0.125714285714281,0.0,False,0.0,평시,남해군
2021-11-06,19.4,19.50857142857143,-0.10857142857143032,-0.10000000000000142,False,0.0,평시,남해군
2021-11-07,19.3,19.377142857142854,-0.07714285714285296,-0.09999999999999787,False,0.0,평시,남해군
2021-11-08,19.2,19.231428571428573,-0.031428571428573804,-0.10000000000000142,False,0.0,평시,남해군
2021-11-09,19.4,19.068571428571424,0.3314285714285745,0.1999999999999993,False,0.0,평시,남해군
2021-11-10,19.0,18.92,0.0799999999999983,-0.3999999999999986,False,0.0,평시,남해군
2021-11-11,18.8,18.77142857142857,0.028571428571432023,-0.1999999999999993,False,0.0,평시,남해군
2021-11-12,18.6,18.61714285714286,-0.017142857142857792,-0.1999999999999993,False,0.0,평시,남해군
2021-11-13,18.5,18.462857142857143,0.037142857142857366,-0.10000000000000142,False,0.0,평시,남해군
2021-11-14,18.2,18.31428571428571,-0.11428571428571033,-0.3000000000000007,False,0.0,평시,남해군
2021-11-15,17.9,18.14857142857143,-0.24857142857143089,-0.3000000000000007,False,0.0,평시,남해군
2021-11-16,17.7,17.98,-0.28000000000000114,-0.1999999999999993,False,0.0,평시,남해군
2021-11-17,17.5,17.811428571428568,-0.31142857142856784,-0.1999999999999993,False,0.0,평시,남해군
2021-11-18,17.4,17.65142857142857,-0.25142857142857267,-0.10000000000000142,False,0.0,평시,남해군
2021-11-19,17.2,17.497142857142858,-0.29714285714285893,-0.1999999999999993,False,0.0,평시,남해군
2021-11-20,17.1,17.337142857142855,-0.2371428571428531,-0.09999999999999787,False,0.0,평시,남해군
2021-11-21,17.0,17.202941176470585,-0.20294117647058485,-0.10000000000000142,False,0.0,평시,남해군
2021-11-22,16.7,17.08787878787879,-0.3878787878787904,-0.3000000000000007,False,0.0,평시,남해군
2021-11-23,16.4,16.94242424242424,-0.5424242424242429,-0.3000000000000007,False,0.0,평시,남해군
2021-11-24,,16.7969696969697,,,False,,판정불가,남해군
2021-11-25,,16.63939393939394,,,False,,판정불가,남해군
2021-11-26,15.4,16.481818181818184,-1.0818181818181838,,False,0.0,평시,남해군
2021-11-27,15.3,16.318181818181817,-1.0181818181818159,-0.09999999999999964,False,0.0,평시,남해군
2021-11-28,15.2,16.14117647058824,-0.9411764705882391,-0.10000000000000142,False,0.0,평시,남해군
2021-11-29,15.1,15.96285714285714,-0.8628571428571412,-0.09999999999999964,False,0.0,평시,남해군
2021-11-30,15.0,15.797142857142857,-0.7971428571428572,-0.09999999999999964,False,0.0,평시,남해군
2021-12-01,14.7,15.620000000000001,-0.9200000000000017,-0.3000000000000007,False,0.0,평시,남해군
2021-12-02,14.5,15.44285714285714,-0.9428571428571395,-0.1999999999999993,False,0.0,평시,남해군
2021-12-03,14.4,15.251428571428571,-0.8514285714285705,-0.09999999999999964,False,0.0,평시,남해군
2021-12-04,14.2,15.074285714285715,-0.8742857142857154,-0.20000000000000107,False,0.0,평시,남해군
2021-12-05,14.1,14.914285714285715,-0.814285714285715,-0.09999999999999964,False,0.0,평시,남해군
2021-12-06,13.8,14.762857142857142,-0.9628571428571409,-0.29999999999999893,False,0.0,평시,남해군
2021-12-07,13.8,14.622857142857143,-0.8228571428571421,0.0,False,0.0,평시,남해군
2021-12-08,13.6,14.497142857142856,-0.8971428571428568,-0.20000000000000107,False,0.0,평시,남해군
2021-12-09,13.5,14.362857142857143,-0.862857142857143,-0.09999999999999964,False,0.0,평시,남해군
2021-12-10,13.5,14.228571428571428,-0.7285714285714278,0.0,False,0.0,평시,남해군
2021-12-11,13.4,14.077142857142857,-0.6771428571428562,-0.09999999999999964,False,0.0,평시,남해군
2021-12-12,13.3,13.925714285714287,-0.6257142857142863,-0.09999999999999964,False,0.0,평시,남해군
2021-12-13,13.2,13.78857142857143,-0.5885714285714307,-0.10000000000000142,False,0.0,평시,남해군
2021-12-14,13.1,13.628571428571428,-0.5285714285714285,-0.09999999999999964,False,0.0,평시,남해군
2021-12-15,13.0,13.442857142857141,-0.4428571428571413,-0.09999999999999964,False,0.0,평시,남해군
2021-12-16,13.1,13.262857142857143,-0.1628571428571437,0.09999999999999964,False,0.0,평시,남해군
2021-12-17,12.9,13.100000000000001,-0.20000000000000107,-0.1999999999999993,False,0.0,평시,남해군
2021-12-18,12.6,12.945714285714287,-0.345714285714287,-0.3000000000000007,False,0.0,평시,남해군
2021-12-19,12.4,12.782857142857143,-0.38285714285714256,-0.1999999999999993,False,0.0,평시,남해군
2021-12-20,12.2,12.61142857142857,-0.41142857142857103,-0.20000000000000107,False,0.0,평시,남해군
2021-12-21,12.4,12.474285714285715,-0.07428571428571473,0.20000000000000107,False,0.0,평시,남해군
2021-12-22,12.2,12.360000000000001,-0.16000000000000192,-0.20000000000000107,False,0.0,평시,남해군
2021-12-23,12.2,12.248571428571429,-0.04857142857142982,0.0,False,0.0,평시,남해군
2021-12-24,12.0,12.128571428571428,-0.12857142857142811,-0.1999999999999993,False,0.0,평시,남해군
2021-12-25,11.8,12.037142857142856,-0.23714285714285488,-0.1999999999999993,False,0.0,평시,남해군
2021-12-26,11.6,11.962857142857143,-0.362857142857143,-0.20000000000000107,False,0.0,평시,남해군
2021-12-27,11.3,11.871428571428572,-0.5714285714285712,-0.29999999999999893,False,0.0,평시,남해군
2021-12-28,11.1,11.754285714285714,-0.6542857142857148,-0.20000000000000107,False,0.0,평시,남해군
2021-12-29,11.1,11.616666666666667,-0.5166666666666675,0.0,False,0.0,평시,남해군
2021-12-30,11.0,11.475,-0.47499999999999964,-0.09999999999999964,False,0.0,평시,남해군
2021-12-31,11.0,11.341666666666667,-0.3416666666666668,0.0,False,0.0,평시,남해군
2022-01-01,10.9,11.183333333333332,-0.28333333333333144,-0.09999999999999964,False,0.0,평시,남해군
2022-01-02,11.2,11.027777777777777,0.1722222222222225,0.29999999999999893,False,0.0,평시,남해군
2022-01-03,11.2,10.88611111111111,0.31388888888889,0.0,False,0.0,평시,남해군
2022-01-04,11.1,10.741666666666665,0.3583333333333343,-0.09999999999999964,False,0.0,평시,남해군
2022-01-05,11.0,10.597142857142858,0.40285714285714214,-0.09999999999999964,False,0.0,평시,남해군
2022-01-06,10.8,10.5,0.3000000000000007,-0.1999999999999993,False,0.0,평시,남해군
2022-01-07,10.7,10.402857142857144,0.2971428571428554,-0.10000000000000142,False,0.0,평시,남해군
2022-01-08,10.7,10.308571428571431,0.3914285714285679,0.0,False,0.0,평시,남해군
2022-01-09,10.7,10.202857142857143,0.49714285714285644,0.0,False,0.0,평시,남해군
2022-01-10,10.6,10.108571428571429,0.4914285714285711,-0.09999999999999964,False,0.0,평시,남해군
2022-01-11,10.2,10.028571428571427,0.1714285714285726,-0.40000000000000036,False,0.0,평시,남해군
2022-01-12,9.7,9.957142857142857,-0.257142857142858,-0.5,False,0.0,평시,남해군
2022-01-13,9.6,9.905714285714286,-0.30571428571428605,-0.09999999999999964,False,0.0,평시,남해군
2022-01-14,9.5,9.865714285714285,-0.36571428571428477,-0.09999999999999964,False,0.0,평시,남해군
2022-01-15,9.7,9.86,-0.16000000000000014,0.1999999999999993,False,0.0,평시,남해군
2022-01-16,10.2,9.874285714285712,0.3257142857142874,0.5,False,0.0,평시,남해군
2022-01-17,10.4,9.885714285714284,0.514285714285716,0.20000000000000107,False,0.0,평시,남해군
2022-01-18,11.1,9.899999999999999,1.200000000000001,0.6999999999999993,False,0.0,평시,남해군
2022-01-19,10.9,9.908571428571427,0.9914285714285729,-0.1999999999999993,False,0.0,평시,남해군
2022-01-20,10.7,9.905714285714286,0.7942857142857136,-0.20000000000000107,False,0.0,평시,남해군
2022-01-21,10.7,9.88,0.8199999999999985,0.0,False,0.0,평시,남해군
2022-01-22,10.7,9.80857142857143,0.8914285714285697,0.0,False,0.0,평시,남해군
2022-01-23,10.7,9.74,0.9599999999999991,0.0,False,0.0,평시,남해군
2022-01-24,10.6,9.668571428571429,0.9314285714285706,-0.09999999999999964,False,0.0,평시,남해군
2022-01-25,10.5,9.582857142857144,0.9171428571428564,-0.09999999999999964,False,0.0,평시,남해군
2022-01-26,10.4,9.494285714285715,0.9057142857142857,-0.09999999999999964,False,0.0,평시,남해군
2022-01-27,10.3,9.402857142857142,0.8971428571428586,-0.09999999999999964,False,0.0,평시,남해군
2022-01-28,10.2,9.342857142857143,0.8571428571428559,-0.10000000000000142,False,0.0,평시,남해군
2022-01-29,10.1,9.308571428571428,0.7914285714285718,-0.09999999999999964,False,0.0,평시,남해군
2022-01-30,10.1,9.254285714285714,0.8457142857142852,0.0,False,0.0,평시,남해군
2022-01-31,9.9,9.19142857142857,0.70857142857143,-0.1999999999999993,False,0.0,평시,남해군
2022-02-01,9.8,9.128571428571428,0.6714285714285726,-0.09999999999999964,False,0.0,평시,남해군
2022-02-02,9.9,9.059999999999999,0.8400000000000016,0.09999999999999964,False,0.0,평시,남해군
2022-02-03,9.8,8.979999999999999,0.8200000000000021,-0.09999999999999964,False,0.0,평시,남해군
2022-02-04,9.7,8.882857142857144,0.817142857142855,-0.10000000000000142,False,0.0,평시,남해군
2022-02-05,9.6,8.76,0.8399999999999999,-0.09999999999999964,False,0.0,평시,남해군
2022-02-06,9.5,8.634285714285713,0.8657142857142865,-0.09999999999999964,False,0.0,평시,남해군
2022-02-07,9.4,8.565714285714286,0.8342857142857145,-0.09999999999999964,False,0.0,평시,남해군
2022-02-08,9.3,8.53142857142857,0.7685714285714305,-0.09999999999999964,False,0.0,평시,남해군
2022-02-09,9.2,8.545714285714284,0.6542857142857148,-0.10000000000000142,False,0.0,평시,남해군
2022-02-10,9.2,8.585714285714282,0.6142857142857174,0.0,False,0.0,평시,남해군
2022-02-11,9.1,8.645714285714284,0.4542857142857155,-0.09999999999999964,False,0.0,평시,남해군
2022-02-12,9.1,8.725714285714284,0.37428571428571544,0.0,False,0.0,평시,남해군
2022-02-13,9.2,8.84,0.35999999999999943,0.09999999999999964,False,0.0,평시,남해군
2022-02-14,9.1,8.899999999999999,0.20000000000000107,-0.09999999999999964,False,0.0,평시,남해군
2022-02-15,8.9,8.945714285714287,-0.04571428571428626,-0.1999999999999993,False,0.0,평시,남해군
2022-02-16,8.6,8.94857142857143,-0.34857142857143053,-0.3000000000000007,False,0.0,평시,남해군
2022-02-17,8.6,8.94,-0.33999999999999986,0.0,False,0.0,평시,남해군
2022-02-18,8.8,8.922857142857143,-0.12285714285714278,0.20000000000000107,False,0.0,평시,남해군
2022-02-19,8.7,8.917142857142858,-0.21714285714285886,-0.10000000000000142,False,0.0,평시,남해군
2022-02-20,8.6,8.885714285714288,-0.28571428571428825,-0.09999999999999964,False,0.0,평시,남해군
2022-02-21,8.5,8.874285714285715,-0.37428571428571544,-0.09999999999999964,False,0.0,평시,남해군
2022-02-22,8.4,8.851428571428572,-0.45142857142857196,-0.09999999999999964,False,0.0,평시,남해군
2022-02-23,8.3,8.834285714285715,-0.5342857142857138,-0.09999999999999964,False,0.0,평시,남해군
2022-02-24,8.2,8.814285714285713,-0.6142857142857139,-0.10000000000000142,False,0.0,평시,남해군
2022-02-25,8.2,8.822857142857142,-0.6228571428571428,0.0,False,0.0,평시,남해군
2022-02-26,8.4,8.863888888888887,-0.4638888888888868,0.20000000000000107,False,0.0,평시,남해군
2022-02-27,8.5,8.905555555555553,-0.4055555555555532,0.09999999999999964,False,0.0,평시,남해군
2022-02-28,8.8,8.941666666666666,-0.14166666666666572,0.3000000000000007,False,0.0,평시,남해군
2022-03-01,9.4,8.983333333333333,0.41666666666666785,0.5999999999999996,False,0.0,평시,남해군
2022-03-02,9.2,9.0,0.1999999999999993,-0.20000000000000107,False,0.0,평시,남해군
2022-03-03,9.2,9.033333333333333,0.16666666666666607,0.0,False,0.0,평시,남해군
2022-03-04,9.0,9.061111111111112,-0.06111111111111178,-0.1999999999999993,False,0.0,평시,남해군
2022-03-05,8.6,9.065714285714284,-0.4657142857142844,-0.40000000000000036,False,0.0,평시,남해군
2022-03-06,8.8,9.09142857142857,-0.29142857142857004,0.20000000000000107,False,0.0,평시,남해군
2022-03-07,9.0,9.117142857142856,-0.11714285714285566,0.1999999999999993,False,0.0,평시,남해군
2022-03-08,9.1,9.16285714285714,-0.0628571428571405,0.09999999999999964,False,0.0,평시,남해군
2022-03-09,9.1,9.257142857142858,-0.15714285714285836,0.0,False,0.0,평시,남해군
2022-03-10,9.0,9.33714285714286,-0.33714285714285985,-0.09999999999999964,False,0.0,평시,남해군
2022-03-11,9.0,9.405714285714284,-0.4057142857142839,0.0,False,0.0,평시,남해군
2022-03-12,9.1,9.51142857142857,-0.41142857142857103,0.09999999999999964,False,0.0,평시,남해군
2022-03-13,9.0,9.617142857142857,-0.6171428571428574,-0.09999999999999964,False,0.0,평시,남해군
2022-03-14,9.1,9.748571428571427,-0.6485714285714277,0.09999999999999964,False,0.0,평시,남해군
2022-03-15,9.8,9.879999999999999,-0.0799999999999983,0.7000000000000011,False,0.0,평시,남해군
2022-03-16,10.1,10.00285714285714,0.09714285714285964,0.29999999999999893,False,0.0,평시,남해군
2022-03-17,10.4,10.139999999999999,0.26000000000000156,0.3000000000000007,False,0.0,평시,남해군
2022-03-18,10.2,10.271428571428572,-0.07142857142857295,-0.20000000000000107,False,0.0,평시,남해군
2022-03-19,10.2,10.365714285714287,-0.16571428571428726,0.0,False,0.0,평시,남해군
2022-03-20,10.2,10.465714285714286,-0.2657142857142869,0.0,False,0.0,평시,남해군
2022-03-21,10.3,10.551428571428572,-0.2514285714285709,0.10000000000000142,False,0.0,평시,남해군
2022-03-22,10.4,10.642857142857142,-0.242857142857142,0.09999999999999964,False,0.0,평시,남해군
2022-03-23,10.5,10.737142857142857,-0.23714285714285666,0.09999999999999964,False,0.0,평시,남해군
2022-03-24,10.5,10.85142857142857,-0.35142857142857054,0.0,False,0.0,평시,남해군
2022-03-25,10.6,10.974285714285715,-0.37428571428571544,0.09999999999999964,False,0.0,평시,남해군
2022-03-26,10.7,11.105714285714285,-0.4057142857142857,0.09999999999999964,False,0.0,평시,남해군
2022-03-27,11.1,11.217142857142857,-0.11714285714285744,0.40000000000000036,False,0.0,평시,남해군
2022-03-28,11.1,11.345714285714287,-0.24571428571428733,0.0,False,0.0,평시,남해군
2022-03-29,11.2,11.485714285714286,-0.2857142857142865,0.09999999999999964,False,0.0,평시,남해군
2022-03-30,11.4,11.631428571428572,-0.23142857142857132,0.20000000000000107,False,0.0,평시,남해군
2022-03-31,11.8,11.765714285714287,0.03428571428571381,0.40000000000000036,False,0.0,평시,남해군
2022-04-01,12.1,11.902857142857142,0.1971428571428575,0.29999999999999893,False,0.0,평시,남해군
2022-04-02,12.2,12.037142857142857,0.16285714285714192,0.09999999999999964,False,0.0,평시,남해군
2022-04-03,11.9,12.16,-0.2599999999999998,-0.29999999999999893,False,0.0,평시,남해군
2022-04-04,12.1,12.274285714285716,-0.17428571428571615,0.1999999999999993,False,0.0,평시,남해군
2022-04-05,12.1,12.360000000000001,-0.26000000000000156,0.0,False,0.0,평시,남해군
2022-04-06,12.1,12.445714285714285,-0.3457142857142852,0.0,False,0.0,평시,남해군
2022-04-07,12.3,12.52,-0.21999999999999886,0.20000000000000107,False,0.0,평시,남해군
2022-04-08,12.5,12.617142857142856,-0.11714285714285566,0.1999999999999993,False,0.0,평시,남해군
2022-04-09,12.5,12.731428571428571,-0.23142857142857132,0.0,False,0.0,평시,남해군
2022-04-10,12.3,12.851428571428572,-0.5514285714285716,-0.1999999999999993,False,0.0,평시,남해군
2022-04-11,13.1,12.96,0.1399999999999988,0.7999999999999989,False,0.0,평시,남해군
2022-04-12,13.4,13.077142857142857,0.32285714285714384,0.3000000000000007,False,0.0,평시,남해군
2022-04-13,13.4,13.185714285714283,0.21428571428571708,0.0,False,0.0,평시,남해군
2022-04-14,13.7,13.28,0.41999999999999993,0.29999999999999893,False,0.0,평시,남해군
2022-04-15,14.0,13.348571428571427,0.651428571428573,0.3000000000000007,False,0.0,평시,남해군
2022-04-16,14.1,13.388571428571428,0.7114285714285717,0.09999999999999964,False,0.0,평시,남해군
2022-04-17,13.6,13.457142857142856,0.14285714285714413,-0.5,False,0.0,평시,남해군
2022-04-18,13.6,13.574285714285711,0.025714285714288465,0.0,False,0.0,평시,남해군
2022-04-19,13.8,13.719999999999999,0.08000000000000185,0.20000000000000107,False,0.0,평시,남해군
2022-04-20,13.7,13.865714285714287,-0.16571428571428726,-0.10000000000000142,False,0.0,평시,남해군
2022-04-21,13.6,14.028571428571428,-0.4285714285714288,-0.09999999999999964,False,0.0,평시,남해군
2022-04-22,13.9,14.197142857142856,-0.2971428571428554,0.3000000000000007,False,0.0,평시,남해군
2022-04-23,13.8,14.377142857142857,-0.5771428571428565,-0.09999999999999964,False,0.0,평시,남해군
2022-04-24,14.6,14.565714285714286,0.03428571428571381,0.7999999999999989,False,0.0,평시,남해군
2022-04-25,14.8,14.714285714285714,0.08571428571428719,0.20000000000000107,False,0.0,평시,남해군
2022-04-26,15.2,14.842857142857143,0.3571428571428559,0.3999999999999986,False,0.0,평시,남해군
2022-04-27,16.0,14.931428571428572,1.0685714285714276,0.8000000000000007,False,0.0,평시,남해군
2022-04-28,16.5,15.005714285714287,1.4942857142857129,0.5,False,0.0,평시,남해군
2022-04-29,16.5,15.06,1.4399999999999995,0.0,False,0.0,평시,남해군
2022-04-30,16.3,15.120000000000001,1.1799999999999997,-0.1999999999999993,False,0.0,평시,남해군
2022-05-01,15.7,15.162857142857144,0.5371428571428556,-0.6000000000000014,False,0.0,평시,남해군
2022-05-02,15.4,15.194285714285716,0.20571428571428463,-0.29999999999999893,False,0.0,평시,남해군
2022-05-03,15.1,15.24,-0.14000000000000057,-0.3000000000000007,False,0.0,평시,남해군
2022-05-04,15.0,15.331428571428573,-0.33142857142857274,-0.09999999999999964,False,0.0,평시,남해군
2022-05-05,15.2,15.44857142857143,-0.24857142857143089,0.1999999999999993,False,0.0,평시,남해군
2022-05-06,15.9,15.597142857142856,0.30285714285714427,0.7000000000000011,False,0.0,평시,남해군
2022-05-07,16.3,15.705714285714286,0.5942857142857143,0.40000000000000036,False,0.0,평시,남해군
2022-05-08,16.9,15.83142857142857,1.0685714285714294,0.5999999999999979,False,0.0,평시,남해군
2022-05-09,17.3,15.982857142857142,1.3171428571428585,0.40000000000000213,False,0.0,평시,남해군
2022-05-10,17.3,16.125714285714285,1.1742857142857162,0.0,False,0.0,평시,남해군
2022-05-11,17.5,16.26285714285714,1.2371428571428602,0.1999999999999993,False,0.0,평시,남해군
2022-05-12,17.9,16.38,1.5199999999999996,0.3999999999999986,False,0.0,평시,남해군
2022-05-13,17.6,16.405714285714286,1.1942857142857157,-0.29999999999999716,False,0.0,평시,남해군
2022-05-14,17.3,16.457142857142856,0.8428571428571452,-0.3000000000000007,False,0.0,평시,남해군
2022-05-15,17.1,16.534285714285712,0.5657142857142894,-0.1999999999999993,False,0.0,평시,남해군
2022-05-16,17.0,16.614285714285714,0.3857142857142861,-0.10000000000000142,False,0.0,평시,남해군
2022-05-17,16.7,16.671428571428574,0.028571428571424917,-0.3000000000000007,False,0.0,평시,남해군
2022-05-18,16.8,16.765714285714285,0.034285714285715585,0.10000000000000142,False,0.0,평시,남해군
2022-05-19,16.7,16.914285714285718,-0.21428571428571885,-0.10000000000000142,False,0.0,평시,남해군
2022-05-20,17.0,17.137142857142855,-0.13714285714285523,0.3000000000000007,False,0.0,평시,남해군
2022-05-21,17.4,17.36285714285714,0.037142857142857366,0.3999999999999986,False,0.0,평시,남해군
2022-05-22,17.7,17.525714285714287,0.1742857142857126,0.3000000000000007,False,0.0,평시,남해군
2022-05-23,18.0,17.657142857142855,0.3428571428571452,0.3000000000000007,False,0.0,평시,남해군
2022-05-24,18.4,17.765714285714285,0.6342857142857135,0.3999999999999986,False,0.0,평시,남해군
2022-05-25,18.3,17.81142857142857,0.4885714285714293,-0.09999999999999787,False,0.0,평시,남해군
2022-05-26,17.8,17.791428571428572,0.008571428571428896,-0.5,False,0.0,평시,남해군
2022-05-27,17.5,17.825714285714284,-0.32571428571428385,-0.3000000000000007,False,0.0,평시,남해군
2022-05-28,17.2,17.897142857142853,-0.697142857142854,-0.3000000000000007,False,0.0,평시,남해군
2022-05-29,17.8,17.997142857142855,-0.19714285714285396,0.6000000000000014,False,0.0,평시,남해군
2022-05-30,18.7,18.114285714285714,0.5857142857142854,0.8999999999999986,False,0.0,평시,남해군
2022-05-31,18.7,18.302857142857142,0.3971428571428568,0.0,False,0.0,평시,남해군
2022-06-01,18.4,18.525714285714287,-0.1257142857142881,-0.3000000000000007,False,0.0,평시,남해군
2022-06-02,18.3,18.74,-0.4399999999999977,-0.09999999999999787,False,0.0,평시,남해군
2022-06-03,18.7,18.845714285714283,-0.14571428571428413,0.3999999999999986,False,0.0,평시,남해군
2022-06-04,19.7,18.93142857142857,0.7685714285714305,1.0,False,0.0,평시,남해군
2022-06-05,19.9,19.01142857142857,0.8885714285714279,0.1999999999999993,False,0.0,평시,남해군
2022-06-06,19.9,19.125714285714285,0.774285714285714,0.0,False,0.0,평시,남해군
2022-06-07,20.3,19.205714285714283,1.0942857142857179,0.40000000000000213,False,0.0,평시,남해군
2022-06-08,20.4,19.288571428571426,1.111428571428572,0.09999999999999787,False,0.0,평시,남해군
2022-06-09,20.5,19.422857142857143,1.0771428571428565,0.10000000000000142,False,0.0,평시,남해군
2022-06-10,20.5,19.602857142857143,0.8971428571428568,0.0,False,0.0,평시,남해군
2022-06-11,20.8,19.765714285714285,1.0342857142857156,0.3000000000000007,False,0.0,평시,남해군
2022-06-12,20.9,19.931428571428572,0.9685714285714262,0.09999999999999787,False,0.0,평시,남해군
2022-06-13,20.8,20.011428571428574,0.7885714285714265,-0.09999999999999787,False,0.0,평시,남해군
2022-06-14,20.2,20.08571428571429,0.11428571428571033,-0.6000000000000014,False,0.0,평시,남해군
2022-06-15,19.9,20.16,-0.26000000000000156,-0.3000000000000007,False,0.0,평시,남해군
2022-06-16,19.6,20.21428571428572,-0.6142857142857174,-0.29999999999999716,False,0.0,평시,남해군
2022-06-17,19.6,20.297142857142855,-0.697142857142854,0.0,False,0.0,평시,남해군
2022-06-18,19.9,20.342857142857145,-0.4428571428571466,0.29999999999999716,False,0.0,평시,남해군
2022-06-19,19.8,20.368571428571432,-0.5685714285714312,-0.09999999999999787,False,0.0,평시,남해군
2022-06-20,20.4,20.43714285714286,-0.03714285714286092,0.5999999999999979,False,0.0,평시,남해군
2022-06-21,21.3,20.517142857142858,0.7828571428571429,0.9000000000000021,False,0.0,평시,남해군
2022-06-22,21.1,20.577142857142857,0.5228571428571449,-0.1999999999999993,False,0.0,평시,남해군
2022-06-23,20.4,20.599999999999998,-0.1999999999999993,-0.7000000000000028,False,0.0,평시,남해군
2022-06-24,19.6,20.597142857142856,-0.9971428571428547,-0.7999999999999972,False,0.0,평시,남해군
2022-06-25,20.1,20.657142857142862,-0.5571428571428605,0.5,False,0.0,평시,남해군
2022-06-26,20.3,20.711428571428574,-0.4114285714285728,0.1999999999999993,False,0.0,평시,남해군
2022-06-27,20.3,20.702857142857145,-0.4028571428571439,0.0,False,0.0,평시,남해군
2022-06-28,19.9,20.80285714285714,-0.9028571428571404,-0.40000000000000213,False,0.0,평시,남해군
2022-06-29,20.0,20.965714285714284,-0.9657142857142844,0.10000000000000142,False,0.0,평시,남해군
2022-06-30,21.1,21.165714285714287,-0.06571428571428584,1.1000000000000014,False,0.0,평시,남해군
2022-07-01,22.3,21.322857142857142,0.9771428571428586,1.1999999999999993,False,0.0,평시,남해군
2022-07-02,23.5,21.428571428571427,2.071428571428573,1.1999999999999993,False,2.0,주의보,남해군
2022-07-03,23.9,21.540000000000003,2.359999999999996,0.3999999999999986,False,2.0,주의보,남해군
2022-07-04,23.9,21.702857142857145,2.197142857142854,0.0,False,2.0,주의보,남해군
2022-07-05,23.9,21.791428571428572,2.1085714285714268,0.0,False,2.0,주의보,남해군
2022-07-06,23.4,21.802941176470586,1.5970588235294123,-0.5,False,0.0,평시,남해군
2022-07-07,23.3,21.769696969696973,1.5303030303030276,-0.09999999999999787,False,0.0,평시,남해군
2022-07-08,22.5,21.875,0.625,-0.8000000000000007,False,0.0,평시,남해군
2022-07-09,,22.0625,,,False,,판정불가,남해군
2022-07-10,,22.240625,,,False,,판정불가,남해군
2022-07-11,,22.362499999999997,,,False,,판정불가,남해군
2022-07-12,23.6,22.40625,1.1937500000000014,,False,0.0,평시,남해군
2022-07-13,23.6,22.533333333333335,1.0666666666666664,0.0,False,0.0,평시,남해군
2022-07-14,23.3,22.700000000000003,0.5999999999999979,-0.3000000000000007,False,0.0,평시,남해군
2022-07-15,23.4,22.73714285714286,0.6628571428571384,0.09999999999999787,False,0.0,평시,남해군
2022-07-16,23.2,22.748571428571427,0.45142857142857196,-0.1999999999999993,False,0.0,평시,남해군
2022-07-17,22.9,22.831428571428567,0.06857142857143117,-0.3000000000000007,False,0.0,평시,남해군
2022-07-18,23.0,22.92,0.0799999999999983,0.10000000000000142,False,0.0,평시,남해군
2022-07-19,22.7,23.057142857142857,-0.35714285714285765,-0.3000000000000007,False,0.0,평시,남해군
2022-07-20,22.8,23.10285714285714,-0.30285714285713894,0.10000000000000142,False,0.0,평시,남해군
2022-07-21,21.7,23.108571428571423,-1.408571428571424,-1.1000000000000014,False,0.0,평시,남해군
2022-07-22,22.4,23.177142857142854,-0.7771428571428558,0.6999999999999993,False,0.0,평시,남해군
2022-07-23,22.5,23.299999999999997,-0.7999999999999972,0.10000000000000142,False,0.0,평시,남해군
2022-07-24,21.4,23.379999999999995,-1.9799999999999969,-1.1000000000000014,False,0.0,평시,남해군
2022-07-25,22.0,23.52285714285714,-1.5228571428571414,0.6000000000000014,False,0.0,평시,남해군
2022-07-26,23.2,23.65714285714286,-0.45714285714285907,1.1999999999999993,False,0.0,평시,남해군
2022-07-27,23.6,23.808571428571426,-0.20857142857142463,0.40000000000000213,False,0.0,평시,남해군
2022-07-28,24.2,23.968571428571426,0.2314285714285731,0.5999999999999979,False,0.0,평시,남해군
2022-07-29,24.8,24.080000000000002,0.7199999999999989,0.6000000000000014,False,0.0,평시,남해군
2022-07-30,25.7,24.125714285714285,1.5742857142857147,0.8999999999999986,False,0.0,평시,남해군
2022-07-31,25.4,24.15428571428571,1.245714285714289,-0.3000000000000007,False,0.0,평시,남해군
2022-08-01,24.5,24.151428571428568,0.3485714285714323,-0.8999999999999986,False,0.0,평시,남해군
2022-08-02,24.5,24.217142857142857,0.2828571428571429,0.0,False,0.0,평시,남해군
2022-08-03,24.7,24.274285714285714,0.42571428571428527,0.1999999999999993,False,0.0,평시,남해군
2022-08-04,24.7,24.374285714285712,0.3257142857142874,0.0,False,0.0,평시,남해군
2022-08-05,24.8,24.568571428571428,0.2314285714285731,0.10000000000000142,False,0.0,평시,남해군
2022-08-06,24.8,24.78,0.019999999999999574,0.0,False,0.0,평시,남해군
2022-08-07,24.7,24.94857142857143,-0.24857142857143089,-0.10000000000000142,False,0.0,평시,남해군
2022-08-08,24.3,25.120000000000005,-0.8200000000000038,-0.3999999999999986,False,0.0,평시,남해군
2022-08-09,24.3,25.19428571428572,-0.8942857142857186,0.0,False,0.0,평시,남해군
2022-08-10,23.8,25.260000000000005,-1.4600000000000044,-0.5,False,0.0,평시,남해군
2022-08-11,24.2,25.279999999999998,-1.0799999999999983,0.3999999999999986,False,0.0,평시,남해군
2022-08-12,23.9,25.245714285714282,-1.3457142857142834,-0.3000000000000007,False,0.0,평시,남해군
2022-08-13,23.6,25.231428571428573,-1.6314285714285717,-0.29999999999999716,False,0.0,평시,남해군
2022-08-14,22.9,25.29714285714286,-2.3971428571428604,-0.7000000000000028,False,0.0,평시,남해군
2022-08-15,22.5,25.388571428571424,-2.8885714285714243,-0.3999999999999986,False,0.0,평시,남해군
2022-08-16,21.7,25.482857142857142,-3.782857142857143,-0.8000000000000007,False,0.0,평시,남해군
2022-08-17,23.0,25.554285714285715,-2.554285714285715,1.3000000000000007,False,0.0,평시,남해군
2022-08-18,23.0,25.66857142857143,-2.668571428571429,0.0,False,0.0,평시,남해군
2022-08-19,22.9,25.75142857142857,-2.8514285714285705,-0.10000000000000142,False,0.0,평시,남해군
2022-08-20,21.9,25.77714285714286,-3.8771428571428608,-1.0,False,0.0,평시,남해군
2022-08-21,22.8,25.77428571428571,-2.9742857142857098,0.9000000000000021,False,0.0,평시,남해군
2022-08-22,23.2,25.757142857142856,-2.557142857142857,0.3999999999999986,False,0.0,평시,남해군
2022-08-23,22.7,25.70857142857143,-3.0085714285714324,-0.5,False,0.0,평시,남해군
2022-08-24,23.4,25.71714285714286,-2.317142857142862,0.6999999999999993,False,0.0,평시,남해군
2022-08-25,23.9,25.71142857142857,-1.8114285714285714,0.5,False,0.0,평시,남해군
2022-08-26,23.2,25.658823529411762,-2.458823529411763,-0.6999999999999993,False,0.0,평시,남해군
2022-08-27,23.1,25.61212121212121,-2.512121212121208,-0.09999999999999787,False,0.0,평시,남해군
2022-08-28,23.3,25.549999999999997,-2.2499999999999964,0.1999999999999993,False,0.0,평시,남해군
2022-08-29,23.2,25.477419354838712,-2.277419354838713,-0.10000000000000142,False,0.0,평시,남해군
2022-08-30,23.3,25.41,-2.1099999999999994,0.10000000000000142,False,0.0,평시,남해군
2022-08-31,23.0,25.33103448275862,-2.3310344827586214,-0.3000000000000007,False,0.0,평시,남해군
2022-09-01,23.0,25.317857142857143,-2.317857142857143,0.0,False,0.0,평시,남해군
2022-09-02,22.9,25.410714285714285,-2.510714285714286,-0.10000000000000142,False,0.0,평시,남해군
2022-09-03,22.8,25.49642857142857,-2.6964285714285694,-0.09999999999999787,False,0.0,평시,남해군
2022-09-04,23.7,25.54642857142857,-1.8464285714285715,0.8999999999999986,False,0.0,평시,남해군
2022-09-05,24.2,25.653571428571432,-1.4535714285714327,0.5,False,0.0,평시,남해군
2022-09-06,24.6,25.821428571428577,-1.221428571428575,0.40000000000000213,False,0.0,평시,남해군
2022-09-07,24.5,25.946428571428573,-1.446428571428573,-0.10000000000000142,False,0.0,평시,남해군
2022-09-08,24.6,25.97857142857143,-1.37857142857143,0.10000000000000142,False,0.0,평시,남해군
2022-09-09,24.6,25.971428571428568,-1.3714285714285666,0.0,False,0.0,평시,남해군
2022-09-10,24.5,25.974999999999994,-1.4749999999999943,-0.10000000000000142,False,0.0,평시,남해군
2022-09-11,24.4,25.989285714285717,-1.5892857142857189,-0.10000000000000142,False,0.0,평시,남해군
2022-09-12,24.5,25.971428571428568,-1.471428571428568,0.10000000000000142,False,0.0,평시,남해군
2022-09-13,24.5,25.928571428571434,-1.4285714285714342,0.0,False,0.0,평시,남해군
2022-09-14,24.3,25.907142857142855,-1.607142857142854,-0.1999999999999993,False,0.0,평시,남해군
2022-09-15,24.3,25.932142857142853,-1.6321428571428527,0.0,False,0.0,평시,남해군
2022-09-16,24.4,25.985714285714288,-1.585714285714289,0.09999999999999787,False,0.0,평시,남해군
2022-09-17,24.8,26.03214285714285,-1.2321428571428505,0.40000000000000213,False,0.0,평시,남해군
2022-09-18,25.1,26.007142857142856,-0.9071428571428548,0.3000000000000007,False,0.0,평시,남해군
2022-09-19,25.0,25.960714285714285,-0.9607142857142854,-0.10000000000000142,False,0.0,평시,남해군
2022-09-20,24.7,25.889285714285712,-1.1892857142857132,-0.3000000000000007,False,0.0,평시,남해군
2022-09-21,24.3,25.767857142857142,-1.4678571428571416,-0.3999999999999986,False,0.0,평시,남해군
2022-09-22,24.0,25.57857142857143,-1.5785714285714292,-0.3000000000000007,False,0.0,평시,남해군
2022-09-23,24.0,25.367857142857144,-1.3678571428571438,0.0,False,0.0,평시,남해군
2022-09-24,23.8,25.196428571428577,-1.3964285714285758,-0.1999999999999993,False,0.0,평시,남해군
2022-09-25,23.6,25.125000000000004,-1.5250000000000021,-0.1999999999999993,False,0.0,평시,남해군
2022-09-26,23.5,25.046428571428574,-1.5464285714285744,-0.10000000000000142,False,0.0,평시,남해군
2022-09-27,23.5,24.97142857142857,-1.4714285714285715,0.0,False,0.0,평시,남해군
2022-09-28,23.6,24.93214285714286,-1.332142857142859,0.10000000000000142,False,0.0,평시,남해군
2022-09-29,23.6,24.900000000000006,-1.3000000000000043,0.0,False,0.0,평시,남해군
2022-09-30,23.5,24.828571428571433,-1.3285714285714327,-0.10000000000000142,False,0.0,평시,남해군
2022-10-01,23.5,24.70357142857143,-1.2035714285714292,0.0,False,0.0,평시,남해군
2022-10-02,23.6,24.560714285714287,-0.9607142857142854,0.10000000000000142,False,0.0,평시,남해군
2022-10-03,23.7,24.403448275862072,-0.7034482758620726,0.09999999999999787,False,0.0,평시,남해군
2022-10-04,23.6,24.233333333333334,-0.6333333333333329,-0.09999999999999787,False,0.0,평시,남해군
2022-10-05,23.6,24.05806451612903,-0.45806451612902777,0.0,False,0.0,평시,남해군
2022-10-06,23.6,23.8875,-0.28749999999999787,0.0,False,0.0,평시,남해군
2022-10-07,23.3,23.742424242424242,-0.4424242424242415,-0.3000000000000007,False,0.0,평시,남해군
2022-10-08,23.0,23.623529411764704,-0.6235294117647037,-0.3000000000000007,False,0.0,평시,남해군
2022-10-09,22.6,23.497142857142858,-0.8971428571428568,-0.3999999999999986,False,0.0,평시,남해군
2022-10-10,22.2,23.348571428571425,-1.148571428571426,-0.40000000000000213,False,0.0,평시,남해군
2022-10-11,21.8,23.22,-1.4199999999999982,-0.3999999999999986,False,0.0,평시,남해군
2022-10-12,21.6,23.1,-1.5,-0.1999999999999993,False,0.0,평시,남해군
2022-10-13,21.4,22.99142857142857,-1.5914285714285725,-0.20000000000000284,False,0.0,평시,남해군
2022-10-14,21.3,22.868571428571432,-1.5685714285714312,-0.09999999999999787,False,0.0,평시,남해군
2022-10-15,21.4,22.74,-1.3399999999999999,0.09999999999999787,False,0.0,평시,남해군
2022-10-16,21.4,22.60571428571429,-1.20571428571429,0.0,False,0.0,평시,남해군
2022-10-17,21.4,22.457142857142856,-1.057142857142857,0.0,False,0.0,평시,남해군
2022-10-18,20.9,22.274285714285714,-1.3742857142857154,-0.5,False,0.0,평시,남해군
2022-10-19,20.4,22.07428571428571,-1.6742857142857126,-0.5,False,0.0,평시,남해군
2022-10-20,20.2,21.88,-1.6799999999999997,-0.1999999999999993,False,0.0,평시,남해군
2022-10-21,20.1,21.685714285714287,-1.5857142857142854,-0.09999999999999787,False,0.0,평시,남해군
2022-10-22,20.1,21.48,-1.379999999999999,0.0,False,0.0,평시,남해군
2022-10-23,20.1,21.28857142857143,-1.1885714285714286,0.0,False,0.0,평시,남해군
2022-10-24,19.9,21.108571428571427,-1.2085714285714282,-0.20000000000000284,False,0.0,평시,남해군
2022-10-25,19.5,20.968571428571426,-1.4685714285714262,-0.3999999999999986,False,0.0,평시,남해군
2022-10-26,19.3,20.834285714285713,-1.534285714285712,-0.1999999999999993,False,0.0,평시,남해군
2022-10-27,19.3,20.69142857142857,-1.3914285714285697,0.0,False,0.0,평시,남해군
2022-10-28,19.3,20.57714285714286,-1.2771428571428594,0.0,False,0.0,평시,남해군
2022-10-29,19.2,20.474285714285717,-1.2742857142857176,-0.10000000000000142,False,0.0,평시,남해군
2022-10-30,19.1,20.351428571428574,-1.2514285714285727,-0.09999999999999787,False,0.0,평시,남해군
2022-10-31,19.0,20.24,-1.2399999999999984,-0.10000000000000142,False,0.0,평시,남해군
2022-11-01,18.9,20.125714285714285,-1.225714285714286,-0.10000000000000142,False,0.0,평시,남해군
2022-11-02,18.8,20.022857142857138,-1.222857142857137,-0.09999999999999787,False,0.0,평시,남해군
2022-11-03,18.7,19.902857142857137,-1.2028571428571375,-0.10000000000000142,False,0.0,평시,남해군
2022-11-04,18.6,19.76285714285714,-1.1628571428571384,-0.09999999999999787,False,0.0,평시,남해군
2022-11-05,18.3,19.62571428571428,-1.3257142857142803,-0.3000000000000007,False,0.0,평시,남해군
2022-11-06,18.1,19.50857142857143,-1.4085714285714275,-0.1999999999999993,False,0.0,평시,남해군
2022-11-07,18.0,19.377142857142854,-1.3771428571428537,-0.10000000000000142,False,0.0,평시,남해군
2022-11-08,18.0,19.231428571428573,-1.231428571428573,0.0,False,0.0,평시,남해군
2022-11-09,18.0,19.068571428571424,-1.068571428571424,0.0,False,0.0,평시,남해군
2022-11-10,18.0,18.92,-0.9200000000000017,0.0,False,0.0,평시,남해군
2022-11-11,18.0,18.77142857142857,-0.7714285714285687,0.0,False,0.0,평시,남해군
2022-11-12,18.0,18.61714285714286,-0.6171428571428592,0.0,False,0.0,평시,남해군
2022-11-13,18.1,18.462857142857143,-0.3628571428571412,0.10000000000000142,False,0.0,평시,남해군
2022-11-14,18.1,18.31428571428571,-0.2142857142857082,0.0,False,0.0,평시,남해군
2022-11-15,18.0,18.14857142857143,-0.14857142857142946,-0.10000000000000142,False,0.0,평시,남해군
2022-11-16,17.9,17.98,-0.08000000000000185,-0.10000000000000142,False,0.0,평시,남해군
2022-11-17,17.7,17.811428571428568,-0.11142857142856855,-0.1999999999999993,False,0.0,평시,남해군
2022-11-18,17.6,17.65142857142857,-0.051428571428569825,-0.09999999999999787,False,0.0,평시,남해군
2022-11-19,17.5,17.497142857142858,0.002857142857141781,-0.10000000000000142,False,0.0,평시,남해군
2022-11-20,17.4,17.337142857142855,0.06285714285714405,-0.10000000000000142,False,0.0,평시,남해군
2022-11-21,17.4,17.202941176470585,0.19705882352941373,0.0,False,0.0,평시,남해군
2022-11-22,17.3,17.08787878787879,0.21212121212121104,-0.09999999999999787,False,0.0,평시,남해군
2022-11-23,17.2,16.94242424242424,0.2575757575757578,-0.10000000000000142,False,0.0,평시,남해군
2022-11-24,17.1,16.7969696969697,0.303030303030301,-0.09999999999999787,False,0.0,평시,남해군
2022-11-25,17.0,16.63939393939394,0.3606060606060595,-0.10000000000000142,False,0.0,평시,남해군
2022-11-26,17.0,16.481818181818184,0.5181818181818159,0.0,False,0.0,평시,남해군
2022-11-27,16.9,16.318181818181817,0.581818181818182,-0.10000000000000142,False,0.0,평시,남해군
2022-11-28,16.8,16.14117647058824,0.6588235294117624,-0.09999999999999787,False,0.0,평시,남해군
2022-11-29,16.8,15.96285714285714,0.8371428571428599,0.0,False,0.0,평시,남해군
2022-11-30,16.5,15.797142857142857,0.7028571428571428,-0.3000000000000007,False,0.0,평시,남해군
2022-12-01,15.8,15.620000000000001,0.17999999999999972,-0.6999999999999993,False,0.0,평시,남해군
2022-12-02,15.6,15.44285714285714,0.15714285714286014,-0.20000000000000107,False,0.0,평시,남해군
2022-12-03,15.6,15.251428571428571,0.34857142857142875,0.0,False,0.0,평시,남해군
2022-12-04,15.4,15.074285714285715,0.3257142857142856,-0.1999999999999993,False,0.0,평시,남해군
2022-12-05,15.1,14.914285714285715,0.18571428571428505,-0.3000000000000007,False,0.0,평시,남해군
2022-12-06,14.7,14.762857142857142,-0.06285714285714228,-0.40000000000000036,False,0.0,평시,남해군
2022-12-07,14.6,14.622857142857143,-0.02285714285714313,-0.09999999999999964,False,0.0,평시,남해군
2022-12-08,14.6,14.497142857142856,0.1028571428571432,0.0,False,0.0,평시,남해군
2022-12-09,14.7,14.362857142857143,0.3371428571428563,0.09999999999999964,False,0.0,평시,남해군
2022-12-10,14.7,14.228571428571428,0.47142857142857153,0.0,False,0.0,평시,남해군
2022-12-11,14.5,14.077142857142857,0.4228571428571435,-0.1999999999999993,False,0.0,평시,남해군
2022-12-12,14.3,13.925714285714287,0.37428571428571367,-0.1999999999999993,False,0.0,평시,남해군
2022-12-13,14.1,13.78857142857143,0.3114285714285696,-0.20000000000000107,False,0.0,평시,남해군
2022-12-14,13.8,13.628571428571428,0.1714285714285726,-0.29999999999999893,False,0.0,평시,남해군
2022-12-15,13.6,13.442857142857141,0.15714285714285836,-0.20000000000000107,False,0.0,평시,남해군
2022-12-16,13.4,13.262857142857143,0.137142857142857,-0.1999999999999993,False,0.0,평시,남해군
2022-12-17,13.1,13.100000000000001,-1.7763568394002505e-15,-0.3000000000000007,False,0.0,평시,남해군
2022-12-18,12.7,12.945714285714287,-0.24571428571428733,-0.40000000000000036,False,0.0,평시,남해군
2022-12-19,12.4,12.782857142857143,-0.38285714285714256,-0.29999999999999893,False,0.0,평시,남해군
2022-12-20,12.3,12.61142857142857,-0.3114285714285696,-0.09999999999999964,False,0.0,평시,남해군
2022-12-21,12.2,12.474285714285715,-0.2742857142857158,-0.10000000000000142,False,0.0,평시,남해군
2022-12-22,12.2,12.360000000000001,-0.16000000000000192,0.0,False,0.0,평시,남해군
2022-12-23,11.8,12.248571428571429,-0.4485714285714284,-0.3999999999999986,False,0.0,평시,남해군
2022-12-24,11.9,12.128571428571428,-0.22857142857142776,0.09999999999999964,False,0.0,평시,남해군
2022-12-25,11.7,12.037142857142856,-0.3371428571428563,-0.20000000000000107,False,0.0,평시,남해군
2022-12-26,11.7,11.962857142857143,-0.26285714285714334,0.0,False,0.0,평시,남해군
2022-12-27,11.6,11.871428571428572,-0.27142857142857224,-0.09999999999999964,False,0.0,평시,남해군
2022-12-28,11.7,11.754285714285714,-0.05428571428571516,0.09999999999999964,False,0.0,평시,남해군
2022-12-29,11.5,11.616666666666667,-0.11666666666666714,-0.1999999999999993,False,0.0,평시,남해군
2022-12-30,11.3,11.475,-0.17499999999999893,-0.1999999999999993,False,0.0,평시,남해군
2022-12-31,11.2,11.341666666666667,-0.1416666666666675,-0.10000000000000142,False,0.0,평시,남해군
2023-01-01,11.1,11.183333333333332,-0.08333333333333215,-0.09999999999999964,False,0.0,평시,남해군
2023-01-02,10.9,11.027777777777777,-0.12777777777777644,-0.1999999999999993,False,0.0,평시,남해군
2023-01-03,10.7,10.88611111111111,-0.18611111111111,-0.20000000000000107,False,0.0,평시,남해군
2023-01-04,10.6,10.741666666666665,-0.14166666666666572,-0.09999999999999964,False,0.0,평시,남해군
2023-01-05,10.5,10.597142857142858,-0.09714285714285786,-0.09999999999999964,False,0.0,평시,남해군
2023-01-06,10.6,10.5,0.09999999999999964,0.09999999999999964,False,0.0,평시,남해군
2023-01-07,10.6,10.402857142857144,0.19714285714285573,0.0,False,0.0,평시,남해군
2023-01-08,10.5,10.308571428571431,0.19142857142856862,-0.09999999999999964,False,0.0,평시,남해군
2023-01-09,10.6,10.202857142857143,0.3971428571428568,0.09999999999999964,False,0.0,평시,남해군
2023-01-10,10.5,10.108571428571429,0.39142857142857146,-0.09999999999999964,False,0.0,평시,남해군
2023-01-11,10.5,10.028571428571427,0.4714285714285733,0.0,False,0.0,평시,남해군
2023-01-12,10.6,9.957142857142857,0.6428571428571423,0.09999999999999964,False,0.0,평시,남해군
2023-01-13,10.7,9.905714285714286,0.7942857142857136,0.09999999999999964,False,0.0,평시,남해군
2023-01-14,10.5,9.865714285714285,0.6342857142857152,-0.1999999999999993,False,0.0,평시,남해군
2023-01-15,10.3,9.86,0.4400000000000013,-0.1999999999999993,False,0.0,평시,남해군
2023-01-16,10.4,9.874285714285712,0.5257142857142885,0.09999999999999964,False,0.0,평시,남해군
2023-01-17,10.3,9.885714285714284,0.41428571428571637,-0.09999999999999964,False,0.0,평시,남해군
2023-01-18,10.2,9.899999999999999,0.3000000000000007,-0.10000000000000142,False,0.0,평시,남해군
2023-01-19,10.4,9.908571428571427,0.4914285714285729,0.20000000000000107,False,0.0,평시,남해군
2023-01-20,10.3,9.905714285714286,0.394285714285715,-0.09999999999999964,False,0.0,평시,남해군
2023-01-21,10.0,9.88,0.11999999999999922,-0.3000000000000007,False,0.0,평시,남해군
2023-01-22,9.7,9.80857142857143,-0.10857142857143032,-0.3000000000000007,False,0.0,평시,남해군
2023-01-23,9.4,9.74,-0.33999999999999986,-0.29999999999999893,False,0.0,평시,남해군
2023-01-24,8.9,9.668571428571429,-0.7685714285714287,-0.5,False,0.0,평시,남해군
2023-01-25,8.8,9.582857142857144,-0.7828571428571429,-0.09999999999999964,False,0.0,평시,남해군
2023-01-26,9.3,9.494285714285715,-0.19428571428571395,0.5,False,0.0,평시,남해군
2023-01-27,9.2,9.402857142857142,-0.20285714285714285,-0.10000000000000142,False,0.0,평시,남해군
2023-01-28,9.0,9.342857142857143,-0.3428571428571434,-0.1999999999999993,False,0.0,평시,남해군
2023-01-29,8.9,9.308571428571428,-0.4085714285714275,-0.09999999999999964,False,0.0,평시,남해군
2023-01-30,8.7,9.254285714285714,-0.5542857142857152,-0.20000000000000107,False,0.0,평시,남해군
2023-01-31,8.8,9.19142857142857,-0.3914285714285697,0.10000000000000142,False,0.0,평시,남해군
2023-02-01,9.0,9.128571428571428,-0.12857142857142811,0.1999999999999993,False,0.0,평시,남해군
2023-02-02,8.9,9.059999999999999,-0.15999999999999837,-0.09999999999999964,False,0.0,평시,남해군
2023-02-03,8.7,8.979999999999999,-0.27999999999999936,-0.20000000000000107,False,0.0,평시,남해군
2023-02-04,8.5,8.882857142857144,-0.38285714285714434,-0.1999999999999993,False,0.0,평시,남해군
2023-02-05,8.4,8.76,-0.35999999999999943,-0.09999999999999964,False,0.0,평시,남해군
2023-02-06,8.3,8.634285714285713,-0.33428571428571274,-0.09999999999999964,False,0.0,평시,남해군
2023-02-07,8.2,8.565714285714286,-0.36571428571428655,-0.10000000000000142,False,0.0,평시,남해군
2023-02-08,8.2,8.53142857142857,-0.33142857142857096,0.0,False,0.0,평시,남해군
2023-02-09,8.0,8.545714285714284,-0.5457142857142845,-0.1999999999999993,False,0.0,평시,남해군
2023-02-10,8.0,8.585714285714282,-0.5857142857142819,0.0,False,0.0,평시,남해군
2023-02-11,7.9,8.645714285714284,-0.7457142857142838,-0.09999999999999964,False,0.0,평시,남해군
2023-02-12,7.9,8.725714285714284,-0.8257142857142838,0.0,False,0.0,평시,남해군
2023-02-13,8.1,8.84,-0.7400000000000002,0.1999999999999993,False,0.0,평시,남해군
2023-02-14,8.4,8.899999999999999,-0.4999999999999982,0.3000000000000007,False,0.0,평시,남해군
2023-02-15,8.9,8.945714285714287,-0.04571428571428626,0.5,False,0.0,평시,남해군
2023-02-16,9.8,8.94857142857143,0.8514285714285705,0.9000000000000004,False,0.0,평시,남해군
2023-02-17,9.4,8.94,0.46000000000000085,-0.40000000000000036,False,0.0,평시,남해군
2023-02-18,9.3,8.922857142857143,0.3771428571428572,-0.09999999999999964,False,0.0,평시,남해군
2023-02-19,9.3,8.917142857142858,0.38285714285714256,0.0,False,0.0,평시,남해군
2023-02-20,9.3,8.885714285714288,0.4142857142857128,0.0,False,0.0,평시,남해군
2023-02-21,9.2,8.874285714285715,0.32571428571428385,-0.10000000000000142,False,0.0,평시,남해군
2023-02-22,9.4,8.851428571428572,0.548571428571428,0.20000000000000107,False,0.0,평시,남해군
2023-02-23,9.5,8.834285714285715,0.6657142857142855,0.09999999999999964,False,0.0,평시,남해군
2023-02-24,10.0,8.814285714285713,1.1857142857142868,0.5,False,0.0,평시,남해군
2023-02-25,9.9,8.822857142857142,1.0771428571428583,-0.09999999999999964,False,0.0,평시,남해군
2023-02-26,9.4,8.863888888888887,0.5361111111111132,-0.5,False,0.0,평시,남해군
2023-02-27,8.8,8.905555555555553,-0.10555555555555252,-0.5999999999999996,False,0.0,평시,남해군
2023-02-28,8.9,8.941666666666666,-0.041666666666666075,0.09999999999999964,False,0.0,평시,남해군
2023-03-01,9.0,8.983333333333333,0.016666666666667496,0.09999999999999964,False,0.0,평시,남해군
2023-03-02,8.7,9.0,-0.3000000000000007,-0.3000000000000007,False,0.0,평시,남해군
2023-03-03,8.7,9.033333333333333,-0.3333333333333339,0.0,False,0.0,평시,남해군
2023-03-04,9.2,9.061111111111112,0.1388888888888875,0.5,False,0.0,평시,남해군
2023-03-05,9.1,9.065714285714284,0.034285714285715585,-0.09999999999999964,False,0.0,평시,남해군
2023-03-06,9.1,9.09142857142857,0.008571428571428896,0.0,False,0.0,평시,남해군
2023-03-07,9.5,9.117142857142856,0.38285714285714434,0.40000000000000036,False,0.0,평시,남해군
2023-03-08,9.7,9.16285714285714,0.5371428571428591,0.1999999999999993,False,0.0,평시,남해군
2023-03-09,10.0,9.257142857142858,0.742857142857142,0.3000000000000007,False,0.0,평시,남해군
2023-03-10,9.9,9.33714285714286,0.5628571428571405,-0.09999999999999964,False,0.0,평시,남해군
2023-03-11,10.1,9.405714285714284,0.6942857142857157,0.1999999999999993,False,0.0,평시,남해군
2023-03-12,10.3,9.51142857142857,0.78857142857143,0.20000000000000107,False,0.0,평시,남해군
2023-03-13,10.2,9.617142857142857,0.5828571428571419,-0.10000000000000142,False,0.0,평시,남해군
2023-03-14,10.2,9.748571428571427,0.45142857142857196,0.0,False,0.0,평시,남해군
2023-03-15,10.6,9.879999999999999,0.7200000000000006,0.40000000000000036,False,0.0,평시,남해군
2023-03-16,10.7,10.00285714285714,0.6971428571428593,0.09999999999999964,False,0.0,평시,남해군
2023-03-17,10.8,10.139999999999999,0.6600000000000019,0.10000000000000142,False,0.0,평시,남해군
2023-03-18,10.9,10.271428571428572,0.6285714285714281,0.09999999999999964,False,0.0,평시,남해군
2023-03-19,11.2,10.365714285714287,0.8342857142857127,0.29999999999999893,False,0.0,평시,남해군
2023-03-20,11.3,10.465714285714286,0.8342857142857145,0.10000000000000142,False,0.0,평시,남해군
2023-03-21,11.4,10.551428571428572,0.8485714285714288,0.09999999999999964,False,0.0,평시,남해군
2023-03-22,11.6,10.642857142857142,0.9571428571428573,0.1999999999999993,False,0.0,평시,남해군
2023-03-23,12.0,10.737142857142857,1.2628571428571433,0.40000000000000036,False,0.0,평시,남해군
2023-03-24,12.0,10.85142857142857,1.1485714285714295,0.0,False,0.0,평시,남해군
2023-03-25,12.3,10.974285714285715,1.3257142857142856,0.3000000000000007,False,0.0,평시,남해군
2023-03-26,12.5,11.105714285714285,1.394285714285715,0.1999999999999993,False,0.0,평시,남해군
2023-03-27,12.5,11.217142857142857,1.282857142857143,0.0,False,0.0,평시,남해군
2023-03-28,12.5,11.345714285714287,1.154285714285713,0.0,False,0.0,평시,남해군
2023-03-29,12.5,11.485714285714286,1.0142857142857142,0.0,False,0.0,평시,남해군
2023-03-30,12.6,11.631428571428572,0.968571428571428,0.09999999999999964,False,0.0,평시,남해군
2023-03-31,13.0,11.765714285714287,1.234285714285713,0.40000000000000036,False,0.0,평시,남해군
2023-04-01,13.5,11.902857142857142,1.5971428571428579,0.5,False,0.0,평시,남해군
2023-04-02,13.6,12.037142857142857,1.5628571428571423,0.09999999999999964,False,0.0,평시,남해군
2023-04-03,13.8,12.16,1.6400000000000006,0.20000000000000107,False,0.0,평시,남해군
2023-04-04,14.0,12.274285714285716,1.7257142857142842,0.1999999999999993,False,0.0,평시,남해군
2023-04-05,13.9,12.360000000000001,1.5399999999999991,-0.09999999999999964,False,0.0,평시,남해군
2023-04-06,13.7,12.445714285714285,1.2542857142857144,-0.20000000000000107,False,0.0,평시,남해군
2023-04-07,13.8,12.52,1.2800000000000011,0.10000000000000142,False,0.0,평시,남해군
2023-04-08,13.6,12.617142857142856,0.982857142857144,-0.20000000000000107,False,0.0,평시,남해군
2023-04-09,13.6,12.731428571428571,0.8685714285714283,0.0,False,0.0,평시,남해군
2023-04-10,13.6,12.851428571428572,0.7485714285714273,0.0,False,0.0,평시,남해군
2023-04-11,13.7,12.96,0.7399999999999984,0.09999999999999964,False,0.0,평시,남해군
2023-04-12,13.8,13.077142857142857,0.7228571428571442,0.10000000000000142,False,0.0,평시,남해군
2023-04-13,13.9,13.185714285714283,0.7142857142857171,0.09999999999999964,False,0.0,평시,남해군
2023-04-14,14.0,13.28,0.7200000000000006,0.09999999999999964,False,0.0,평시,남해군
2023-04-15,14.2,13.348571428571427,0.8514285714285723,0.1999999999999993,False,0.0,평시,남해군
2023-04-16,14.3,13.388571428571428,0.9114285714285728,0.10000000000000142,False,0.0,평시,남해군
2023-04-17,14.5,13.457142857142856,1.0428571428571445,0.1999999999999993,False,0.0,평시,남해군
2023-04-18,14.5,13.574285714285711,0.9257142857142888,0.0,False,0.0,평시,남해군
2023-04-19,14.6,13.719999999999999,0.8800000000000008,0.09999999999999964,False,0.0,평시,남해군
2023-04-20,14.9,13.865714285714287,1.0342857142857138,0.3000000000000007,False,0.0,평시,남해군
2023-04-21,15.4,14.028571428571428,1.3714285714285719,0.5,False,0.0,평시,남해군
2023-04-22,15.7,14.197142857142856,1.5028571428571436,0.29999999999999893,False,0.0,평시,남해군
2023-04-23,15.5,14.377142857142857,1.1228571428571428,-0.1999999999999993,False,0.0,평시,남해군
2023-04-24,15.3,14.565714285714286,0.7342857142857149,-0.1999999999999993,False,0.0,평시,남해군
2023-04-25,15.1,14.714285714285714,0.3857142857142861,-0.20000000000000107,False,0.0,평시,남해군
2023-04-26,15.0,14.842857142857143,0.15714285714285658,-0.09999999999999964,False,0.0,평시,남해군
2023-04-27,15.1,14.931428571428572,0.16857142857142726,0.09999999999999964,False,0.0,평시,남해군
2023-04-28,15.3,15.005714285714287,0.2942857142857136,0.20000000000000107,False,0.0,평시,남해군
2023-04-29,15.3,15.06,0.2400000000000002,0.0,False,0.0,평시,남해군
2023-04-30,15.1,15.120000000000001,-0.02000000000000135,-0.20000000000000107,False,0.0,평시,남해군
2023-05-01,15.1,15.162857142857144,-0.06285714285714405,0.0,False,0.0,평시,남해군
2023-05-02,15.4,15.194285714285716,0.20571428571428463,0.3000000000000007,False,0.0,평시,남해군
2023-05-03,15.8,15.24,0.5600000000000005,0.40000000000000036,False,0.0,평시,남해군
2023-05-04,15.9,15.331428571428573,0.5685714285714276,0.09999999999999964,False,0.0,평시,남해군
2023-05-05,15.6,15.44857142857143,0.15142857142856947,-0.3000000000000007,False,0.0,평시,남해군
2023-05-06,15.7,15.597142857142856,0.1028571428571432,0.09999999999999964,False,0.0,평시,남해군
2023-05-07,15.8,15.705714285714286,0.0942857142857143,0.10000000000000142,False,0.0,평시,남해군
2023-05-08,15.7,15.83142857142857,-0.1314285714285699,-0.10000000000000142,False,0.0,평시,남해군
2023-05-09,16.0,15.982857142857142,0.017142857142857792,0.3000000000000007,False,0.0,평시,남해군
2023-05-10,16.3,16.125714285714285,0.17428571428571615,0.3000000000000007,False,0.0,평시,남해군
2023-05-11,16.6,16.26285714285714,0.33714285714286163,0.3000000000000007,False,0.0,평시,남해군
2023-05-12,16.6,16.38,0.22000000000000242,0.0,False,0.0,평시,남해군
2023-05-13,16.5,16.405714285714286,0.0942857142857143,-0.10000000000000142,False,0.0,평시,남해군
2023-05-14,16.7,16.457142857142856,0.24285714285714377,0.1999999999999993,False,0.0,평시,남해군
2023-05-15,16.7,16.534285714285712,0.16571428571428726,0.0,False,0.0,평시,남해군
2023-05-16,16.5,16.614285714285714,-0.11428571428571388,-0.1999999999999993,False,0.0,평시,남해군
2023-05-17,16.5,16.671428571428574,-0.17142857142857437,0.0,False,0.0,평시,남해군
2023-05-18,17.4,16.765714285714285,0.6342857142857135,0.8999999999999986,False,0.0,평시,남해군
2023-05-19,18.0,16.914285714285718,1.0857142857142819,0.6000000000000014,False,0.0,평시,남해군
2023-05-20,17.5,17.137142857142855,0.36285714285714477,-0.5,False,0.0,평시,남해군
2023-05-21,17.4,17.36285714285714,0.037142857142857366,-0.10000000000000142,False,0.0,평시,남해군
2023-05-22,18.0,17.525714285714287,0.4742857142857133,0.6000000000000014,False,0.0,평시,남해군
2023-05-23,17.9,17.657142857142855,0.24285714285714377,-0.10000000000000142,False,0.0,평시,남해군
2023-05-24,17.5,17.765714285714285,-0.2657142857142851,-0.3999999999999986,False,0.0,평시,남해군
2023-05-25,17.5,17.81142857142857,-0.3114285714285714,0.0,False,0.0,평시,남해군
2023-05-26,17.7,17.791428571428572,-0.09142857142857252,0.1999999999999993,False,0.0,평시,남해군
2023-05-27,17.7,17.825714285714284,-0.12571428571428456,0.0,False,0.0,평시,남해군
2023-05-28,17.4,17.897142857142853,-0.49714285714285467,-0.3000000000000007,False,0.0,평시,남해군
2023-05-29,16.8,17.997142857142855,-1.197142857142854,-0.5999999999999979,False,0.0,평시,남해군
2023-05-30,17.5,18.114285714285714,-0.6142857142857139,0.6999999999999993,False,0.0,평시,남해군
2023-05-31,18.7,18.302857142857142,0.3971428571428568,1.1999999999999993,False,0.0,평시,남해군
2023-06-01,19.0,18.525714285714287,0.4742857142857133,0.3000000000000007,False,0.0,평시,남해군
2023-06-02,19.0,18.74,0.26000000000000156,0.0,False,0.0,평시,남해군
2023-06-03,19.2,18.845714285714283,0.35428571428571587,0.1999999999999993,False,0.0,평시,남해군
2023-06-04,19.1,18.93142857142857,0.1685714285714326,-0.09999999999999787,False,0.0,평시,남해군
2023-06-05,19.1,19.01142857142857,0.08857142857143074,0.0,False,0.0,평시,남해군
2023-06-06,18.6,19.125714285714285,-0.5257142857142831,-0.5,False,0.0,평시,남해군
2023-06-07,18.5,19.205714285714283,-0.7057142857142829,-0.10000000000000142,False,0.0,평시,남해군
2023-06-08,18.4,19.288571428571426,-0.8885714285714279,-0.10000000000000142,False,0.0,평시,남해군
2023-06-09,18.7,19.422857142857143,-0.7228571428571442,0.3000000000000007,False,0.0,평시,남해군
2023-06-10,18.9,19.602857142857143,-0.7028571428571446,0.1999999999999993,False,0.0,평시,남해군
2023-06-11,19.9,19.765714285714285,0.13428571428571345,1.0,False,0.0,평시,남해군
2023-06-12,19.9,19.931428571428572,-0.031428571428573804,0.0,False,0.0,평시,남해군
2023-06-13,19.7,20.011428571428574,-0.31142857142857494,-0.1999999999999993,False,0.0,평시,남해군
2023-06-14,20.1,20.08571428571429,0.014285714285712459,0.40000000000000213,False,0.0,평시,남해군
2023-06-15,20.8,20.16,0.6400000000000006,0.6999999999999993,False,0.0,평시,남해군
2023-06-16,20.4,20.21428571428572,0.18571428571427973,-0.40000000000000213,False,0.0,평시,남해군
2023-06-17,20.0,20.297142857142855,-0.2971428571428554,-0.3999999999999986,False,0.0,평시,남해군
2023-06-18,20.1,20.342857142857145,-0.24285714285714377,0.10000000000000142,False,0.0,평시,남해군
2023-06-19,20.9,20.368571428571432,0.5314285714285667,0.7999999999999972,False,0.0,평시,남해군
2023-06-20,21.5,20.43714285714286,1.0628571428571405,0.6000000000000014,False,0.0,평시,남해군
2023-06-21,21.2,20.517142857142858,0.6828571428571415,-0.3000000000000007,False,0.0,평시,남해군
2023-06-22,21.0,20.577142857142857,0.4228571428571435,-0.1999999999999993,False,0.0,평시,남해군
2023-06-23,21.6,20.599999999999998,1.0000000000000036,0.6000000000000014,False,0.0,평시,남해군
2023-06-24,21.5,20.597142857142856,0.9028571428571439,-0.10000000000000142,False,0.0,평시,남해군
2023-06-25,21.6,20.657142857142862,0.9428571428571395,0.10000000000000142,False,0.0,평시,남해군
2023-06-26,20.9,20.711428571428574,0.18857142857142506,-0.7000000000000028,False,0.0,평시,남해군
2023-06-27,19.8,20.702857142857145,-0.9028571428571439,-1.0999999999999979,False,0.0,평시,남해군
2023-06-28,20.8,20.80285714285714,-0.0028571428571382285,1.0,False,0.0,평시,남해군
2023-06-29,21.1,20.965714285714284,0.134285714285717,0.3000000000000007,False,0.0,평시,남해군
2023-06-30,20.3,21.165714285714287,-0.8657142857142865,-0.8000000000000007,False,0.0,평시,남해군
2023-07-01,21.9,21.322857142857142,0.5771428571428565,1.5999999999999979,False,0.0,평시,남해군
2023-07-02,21.8,21.428571428571427,0.37142857142857366,-0.09999999999999787,False,0.0,평시,남해군
2023-07-03,21.8,21.540000000000003,0.259999999999998,0.0,False,0.0,평시,남해군
2023-07-04,21.4,21.702857142857145,-0.30285714285714604,-0.40000000000000213,False,0.0,평시,남해군
2023-07-05,20.9,21.791428571428572,-0.8914285714285732,-0.5,False,0.0,평시,남해군
2023-07-06,21.1,21.802941176470586,-0.7029411764705848,0.20000000000000284,False,0.0,평시,남해군
2023-07-07,21.1,21.769696969696973,-0.6696969696969717,0.0,False,0.0,평시,남해군
2023-07-08,21.3,21.875,-0.5749999999999993,0.1999999999999993,False,0.0,평시,남해군
2023-07-09,21.0,22.0625,-1.0625,-0.3000000000000007,False,0.0,평시,남해군
2023-07-10,20.8,22.240625,-1.4406250000000007,-0.1999999999999993,False,0.0,평시,남해군
2023-07-11,20.5,22.362499999999997,-1.8624999999999972,-0.3000000000000007,False,0.0,평시,남해군
2023-07-12,20.5,22.40625,-1.90625,0.0,False,0.0,평시,남해군
2023-07-13,20.9,22.533333333333335,-1.6333333333333364,0.3999999999999986,False,0.0,평시,남해군
2023-07-14,18.8,22.700000000000003,-3.900000000000002,-2.099999999999998,False,0.0,평시,남해군
2023-07-15,18.4,22.73714285714286,-4.337142857142862,-0.40000000000000213,False,0.0,평시,남해군
2023-07-16,21.0,22.748571428571427,-1.7485714285714273,2.6000000000000014,False,0.0,평시,남해군
2023-07-17,21.0,22.831428571428567,-1.8314285714285674,0.0,False,0.0,평시,남해군
2023-07-18,21.3,22.92,-1.620000000000001,0.3000000000000007,False,0.0,평시,남해군
2023-07-19,21.2,23.057142857142857,-1.8571428571428577,-0.10000000000000142,False,0.0,평시,남해군
2023-07-20,20.9,23.10285714285714,-2.202857142857141,-0.3000000000000007,False,0.0,평시,남해군
2023-07-21,20.8,23.108571428571423,-2.3085714285714225,-0.09999999999999787,False,0.0,평시,남해군
2023-07-22,20.6,23.177142857142854,-2.577142857142853,-0.1999999999999993,False,0.0,평시,남해군
2023-07-23,20.5,23.299999999999997,-2.799999999999997,-0.10000000000000142,False,0.0,평시,남해군
2023-07-24,20.4,23.379999999999995,-2.979999999999997,-0.10000000000000142,False,0.0,평시,남해군
2023-07-25,20.9,23.52285714285714,-2.6228571428571428,0.5,False,0.0,평시,남해군
2023-07-26,21.4,23.65714285714286,-2.25714285714286,0.5,False,0.0,평시,남해군
2023-07-27,21.6,23.808571428571426,-2.2085714285714246,0.20000000000000284,False,0.0,평시,남해군
2023-07-28,22.0,23.968571428571426,-1.9685714285714262,0.3999999999999986,False,0.0,평시,남해군
2023-07-29,21.9,24.080000000000002,-2.1800000000000033,-0.10000000000000142,False,0.0,평시,남해군
2023-07-30,21.4,24.125714285714285,-2.725714285714286,-0.5,False,0.0,평시,남해군
2023-07-31,21.5,24.15428571428571,-2.6542857142857095,0.10000000000000142,False,0.0,평시,남해군
2023-08-01,21.8,24.151428571428568,-2.351428571428567,0.3000000000000007,False,0.0,평시,남해군
2023-08-02,21.7,24.217142857142857,-2.517142857142858,-0.10000000000000142,False,0.0,평시,남해군
2023-08-03,21.6,24.274285714285714,-2.6742857142857126,-0.09999999999999787,False,0.0,평시,남해군
2023-08-04,21.9,24.374285714285712,-2.4742857142857133,0.29999999999999716,False,0.0,평시,남해군
2023-08-05,22.5,24.568571428571428,-2.0685714285714276,0.6000000000000014,False,0.0,평시,남해군
2023-08-06,22.4,24.78,-2.3800000000000026,-0.10000000000000142,False,0.0,평시,남해군
2023-08-07,23.2,24.94857142857143,-1.7485714285714309,0.8000000000000007,False,0.0,평시,남해군
2023-08-08,26.1,25.120000000000005,0.9799999999999969,2.900000000000002,False,0.0,평시,남해군
2023-08-09,27.1,25.19428571428572,1.9057142857142821,1.0,False,0.0,평시,남해군
2023-08-10,27.0,25.260000000000005,1.7399999999999949,-0.10000000000000142,False,0.0,평시,남해군
2023-08-11,26.8,25.279999999999998,1.5200000000000031,-0.1999999999999993,False,0.0,평시,남해군
2023-08-12,26.8,25.245714285714282,1.5542857142857187,0.0,False,0.0,평시,남해군
2023-08-13,27.0,25.231428571428573,1.768571428571427,0.1999999999999993,False,0.0,평시,남해군
2023-08-14,27.2,25.29714285714286,1.9028571428571404,0.1999999999999993,False,0.0,평시,남해군
2023-08-15,27.2,25.388571428571424,1.811428571428575,0.0,False,0.0,평시,남해군
2023-08-16,26.6,25.482857142857142,1.1171428571428592,-0.5999999999999979,False,0.0,평시,남해군
2023-08-17,26.9,25.554285714285715,1.3457142857142834,0.29999999999999716,False,0.0,평시,남해군
2023-08-18,27.0,25.66857142857143,1.331428571428571,0.10000000000000142,False,0.0,평시,남해군
2023-08-19,27.1,25.75142857142857,1.3485714285714323,0.10000000000000142,False,0.0,평시,남해군
2023-08-20,27.2,25.77714285714286,1.42285714285714,0.09999999999999787,False,0.0,평시,남해군
2023-08-21,27.4,25.77428571428571,1.625714285714288,0.1999999999999993,False,0.0,평시,남해군
2023-08-22,27.3,25.757142857142856,1.5428571428571445,-0.09999999999999787,False,0.0,평시,남해군
2023-08-23,27.4,25.70857142857143,1.6914285714285668,0.09999999999999787,False,0.0,평시,남해군
2023-08-24,27.3,25.71714285714286,1.58285714285714,-0.09999999999999787,False,0.0,평시,남해군
2023-08-25,27.4,25.71142857142857,1.6885714285714286,0.09999999999999787,False,0.0,평시,남해군
2023-08-26,27.9,25.658823529411762,2.241176470588236,0.5,False,2.0,주의보,남해군
2023-08-27,28.4,25.61212121212121,2.787878787878789,0.5,False,2.0,주의보,남해군
2023-08-28,28.5,25.549999999999997,2.950000000000003,0.10000000000000142,False,2.0,주의보,남해군
2023-08-29,27.9,25.477419354838712,2.422580645161286,-0.6000000000000014,False,2.0,주의보,남해군
2023-08-30,27.6,25.41,2.1900000000000013,-0.29999999999999716,False,2.0,주의보,남해군
2023-08-31,27.7,25.33103448275862,2.368965517241378,0.09999999999999787,False,2.0,주의보,남해군
2023-09-01,27.7,25.317857142857143,2.3821428571428562,0.0,False,2.0,주의보,남해군
2023-09-02,27.4,25.410714285714285,1.9892857142857139,-0.3000000000000007,False,0.0,평시,남해군
2023-09-03,27.3,25.49642857142857,1.8035714285714306,-0.09999999999999787,False,0.0,평시,남해군
2023-09-04,27.3,25.54642857142857,1.75357142857143,0.0,False,0.0,평시,남해군
2023-09-05,27.6,25.653571428571432,1.9464285714285694,0.3000000000000007,False,0.0,평시,남해군
2023-09-06,27.6,25.821428571428577,1.778571428571425,0.0,False,0.0,평시,남해군
2023-09-07,27.4,25.946428571428573,1.4535714285714256,-0.20000000000000284,False,0.0,평시,남해군
2023-09-08,27.1,25.97857142857143,1.12142857142857,-0.29999999999999716,False,0.0,평시,남해군
2023-09-09,27.1,25.971428571428568,1.1285714285714334,0.0,False,0.0,평시,남해군
2023-09-10,27.0,25.974999999999994,1.0250000000000057,-0.10000000000000142,False,0.0,평시,남해군
2023-09-11,27.0,25.989285714285717,1.0107142857142826,0.0,False,0.0,평시,남해군
2023-09-12,26.9,25.971428571428568,0.9285714285714306,-0.10000000000000142,False,0.0,평시,남해군
2023-09-13,27.0,25.928571428571434,1.0714285714285658,0.10000000000000142,False,0.0,평시,남해군
2023-09-14,27.0,25.907142857142855,1.0928571428571452,0.0,False,0.0,평시,남해군
2023-09-15,26.8,25.932142857142853,0.8678571428571473,-0.1999999999999993,False,0.0,평시,남해군
2023-09-16,26.8,25.985714285714288,0.8142857142857132,0.0,False,0.0,평시,남해군
2023-09-17,26.7,26.03214285714285,0.667857142857148,-0.10000000000000142,False,0.0,평시,남해군
2023-09-18,26.7,26.007142857142856,0.6928571428571431,0.0,False,0.0,평시,남해군
2023-09-19,26.6,25.960714285714285,0.639285714285716,-0.09999999999999787,False,0.0,평시,남해군
2023-09-20,26.6,25.889285714285712,0.710714285714289,0.0,False,0.0,평시,남해군
2023-09-21,26.0,25.767857142857142,0.23214285714285765,-0.6000000000000014,False,0.0,평시,남해군
2023-09-22,26.0,25.57857142857143,0.4214285714285708,0.0,False,0.0,평시,남해군
2023-09-23,26.0,25.367857142857144,0.6321428571428562,0.0,False,0.0,평시,남해군
2023-09-24,25.6,25.196428571428577,0.4035714285714249,-0.3999999999999986,False,0.0,평시,남해군
2023-09-25,25.3,25.125000000000004,0.17499999999999716,-0.3000000000000007,False,0.0,평시,남해군
2023-09-26,25.4,25.046428571428574,0.3535714285714242,0.09999999999999787,False,0.0,평시,남해군
2023-09-27,25.6,24.97142857142857,0.6285714285714299,0.20000000000000284,False,0.0,평시,남해군
2023-09-28,25.6,24.93214285714286,0.6678571428571409,0.0,False,0.0,평시,남해군
2023-09-29,25.6,24.900000000000006,0.6999999999999957,0.0,False,0.0,평시,남해군
2023-09-30,25.6,24.828571428571433,0.7714285714285687,0.0,False,0.0,평시,남해군
2023-10-01,25.3,24.70357142857143,0.5964285714285715,-0.3000000000000007,False,0.0,평시,남해군
2023-10-02,25.0,24.560714285714287,0.43928571428571317,-0.3000000000000007,False,0.0,평시,남해군
2023-10-03,24.7,24.403448275862072,0.2965517241379274,-0.3000000000000007,False,0.0,평시,남해군
2023-10-04,24.4,24.233333333333334,0.1666666666666643,-0.3000000000000007,False,0.0,평시,남해군
2023-10-05,24.1,24.05806451612903,0.041935483870972234,-0.29999999999999716,False,0.0,평시,남해군
2023-10-06,23.6,23.8875,-0.28749999999999787,-0.5,False,0.0,평시,남해군
2023-10-07,23.3,23.742424242424242,-0.4424242424242415,-0.3000000000000007,False,0.0,평시,남해군
2023-10-08,23.0,23.623529411764704,-0.6235294117647037,-0.3000000000000007,False,0.0,평시,남해군
2023-10-09,22.8,23.497142857142858,-0.6971428571428575,-0.1999999999999993,False,0.0,평시,남해군
2023-10-10,22.7,23.348571428571425,-0.6485714285714259,-0.10000000000000142,False,0.0,평시,남해군
2023-10-11,22.7,23.22,-0.5199999999999996,0.0,False,0.0,평시,남해군
2023-10-12,22.5,23.1,-0.6000000000000014,-0.1999999999999993,False,0.0,평시,남해군
2023-10-13,22.4,22.99142857142857,-0.5914285714285725,-0.10000000000000142,False,0.0,평시,남해군
2023-10-14,22.3,22.868571428571432,-0.5685714285714312,-0.09999999999999787,False,0.0,평시,남해군
2023-10-15,22.2,22.74,-0.5399999999999991,-0.10000000000000142,False,0.0,평시,남해군
2023-10-16,22.0,22.60571428571429,-0.6057142857142885,-0.1999999999999993,False,0.0,평시,남해군
2023-10-17,21.9,22.457142857142856,-0.5571428571428569,-0.10000000000000142,False,0.0,평시,남해군
2023-10-18,21.8,22.274285714285714,-0.4742857142857133,-0.09999999999999787,False,0.0,평시,남해군
2023-10-19,21.6,22.07428571428571,-0.47428571428570976,-0.1999999999999993,False,0.0,평시,남해군
2023-10-20,21.4,21.88,-0.4800000000000004,-0.20000000000000284,False,0.0,평시,남해군
2023-10-21,20.9,21.685714285714287,-0.7857142857142883,-0.5,False,0.0,평시,남해군
2023-10-22,20.6,21.48,-0.879999999999999,-0.29999999999999716,False,0.0,평시,남해군
2023-10-23,20.5,21.28857142857143,-0.78857142857143,-0.10000000000000142,False,0.0,평시,남해군
2023-10-24,20.4,21.108571428571427,-0.7085714285714282,-0.10000000000000142,False,0.0,평시,남해군
2023-10-25,20.3,20.968571428571426,-0.6685714285714255,-0.09999999999999787,False,0.0,평시,남해군
2023-10-26,20.3,20.834285714285713,-0.534285714285712,0.0,False,0.0,평시,남해군
2023-10-27,20.1,20.69142857142857,-0.591428571428569,-0.1999999999999993,False,0.0,평시,남해군
2023-10-28,20.0,20.57714285714286,-0.5771428571428601,-0.10000000000000142,False,0.0,평시,남해군
2023-10-29,19.9,20.474285714285717,-0.5742857142857183,-0.10000000000000142,False,0.0,평시,남해군
2023-10-30,19.8,20.351428571428574,-0.5514285714285734,-0.09999999999999787,False,0.0,평시,남해군
2023-10-31,19.7,20.24,-0.5399999999999991,-0.10000000000000142,False,0.0,평시,남해군
2023-11-01,19.5,20.125714285714285,-0.6257142857142846,-0.1999999999999993,False,0.0,평시,남해군
2023-11-02,19.4,20.022857142857138,-0.6228571428571392,-0.10000000000000142,False,0.0,평시,남해군
2023-11-03,19.5,19.902857142857137,-0.4028571428571368,0.10000000000000142,False,0.0,평시,남해군
2023-11-04,19.5,19.76285714285714,-0.2628571428571398,0.0,False,0.0,평시,남해군
2023-11-05,19.7,19.62571428571428,0.07428571428571829,0.1999999999999993,False,0.0,평시,남해군
2023-11-06,19.0,19.50857142857143,-0.5085714285714289,-0.6999999999999993,False,0.0,평시,남해군
2023-11-07,18.6,19.377142857142854,-0.7771428571428523,-0.3999999999999986,False,0.0,평시,남해군
2023-11-08,18.5,19.231428571428573,-0.7314285714285731,-0.10000000000000142,False,0.0,평시,남해군
2023-11-09,18.5,19.068571428571424,-0.5685714285714241,0.0,False,0.0,평시,남해군
2023-11-10,18.5,18.92,-0.4200000000000017,0.0,False,0.0,평시,남해군
2023-11-11,18.1,18.77142857142857,-0.6714285714285673,-0.3999999999999986,False,0.0,평시,남해군
2023-11-12,17.7,18.61714285714286,-0.9171428571428599,-0.40000000000000213,False,0.0,평시,남해군
2023-11-13,17.3,18.462857142857143,-1.162857142857142,-0.3999999999999986,False,0.0,평시,남해군
2023-11-14,16.9,18.31428571428571,-1.414285714285711,-0.40000000000000213,False,0.0,평시,남해군
2023-11-15,16.6,18.14857142857143,-1.548571428571428,-0.29999999999999716,False,0.0,평시,남해군
2023-11-16,16.5,17.98,-1.4800000000000004,-0.10000000000000142,False,0.0,평시,남해군
2023-11-17,16.3,17.811428571428568,-1.5114285714285671,-0.1999999999999993,False,0.0,평시,남해군
2023-11-18,16.0,17.65142857142857,-1.6514285714285712,-0.3000000000000007,False,0.0,평시,남해군
2023-11-19,15.8,17.497142857142858,-1.6971428571428575,-0.1999999999999993,False,0.0,평시,남해군
2023-11-20,15.7,17.337142857142855,-1.6371428571428552,-0.10000000000000142,False,0.0,평시,남해군
2023-11-21,15.6,17.202941176470585,-1.6029411764705852,-0.09999999999999964,False,0.0,평시,남해군
2023-11-22,15.6,17.08787878787879,-1.48787878787879,0.0,False,0.0,평시,남해군
2023-11-23,15.6,16.94242424242424,-1.3424242424242419,0.0,False,0.0,평시,남해군
2023-11-24,15.3,16.7969696969697,-1.4969696969696997,-0.29999999999999893,False,0.0,평시,남해군
2023-11-25,15.0,16.63939393939394,-1.6393939393939405,-0.3000000000000007,False,0.0,평시,남해군
2023-11-26,15.0,16.481818181818184,-1.4818181818181841,0.0,False,0.0,평시,남해군
2023-11-27,15.0,16.318181818181817,-1.3181818181818166,0.0,False,0.0,평시,남해군
2023-11-28,14.9,16.14117647058824,-1.241176470588238,-0.09999999999999964,False,0.0,평시,남해군
2023-11-29,14.7,15.96285714285714,-1.2628571428571416,-0.20000000000000107,False,0.0,평시,남해군
2023-11-30,14.5,15.797142857142857,-1.2971428571428572,-0.1999999999999993,False,0.0,평시,남해군
2023-12-01,14.3,15.620000000000001,-1.3200000000000003,-0.1999999999999993,False,0.0,평시,남해군
2023-12-02,14.1,15.44285714285714,-1.3428571428571399,-0.20000000000000107,False,0.0,평시,남해군
2023-12-03,14.0,15.251428571428571,-1.251428571428571,-0.09999999999999964,False,0.0,평시,남해군
2023-12-04,14.0,15.074285714285715,-1.0742857142857147,0.0,False,0.0,평시,남해군
2023-12-05,14.0,14.914285714285715,-0.9142857142857146,0.0,False,0.0,평시,남해군
2023-12-06,13.9,14.762857142857142,-0.8628571428571412,-0.09999999999999964,False,0.0,평시,남해군
2023-12-07,13.7,14.622857142857143,-0.9228571428571435,-0.20000000000000107,False,0.0,평시,남해군
2023-12-08,13.7,14.497142857142856,-0.7971428571428572,0.0,False,0.0,평시,남해군
2023-12-09,13.7,14.362857142857143,-0.6628571428571437,0.0,False,0.0,평시,남해군
2023-12-10,13.7,14.228571428571428,-0.5285714285714285,0.0,False,0.0,평시,남해군
2023-12-11,13.6,14.077142857142857,-0.47714285714285687,-0.09999999999999964,False,0.0,평시,남해군
2023-12-12,13.2,13.925714285714287,-0.7257142857142878,-0.40000000000000036,False,0.0,평시,남해군
2023-12-13,13.0,13.78857142857143,-0.78857142857143,-0.1999999999999993,False,0.0,평시,남해군
2023-12-14,13.0,13.628571428571428,-0.6285714285714281,0.0,False,0.0,평시,남해군
2023-12-15,12.9,13.442857142857141,-0.5428571428571409,-0.09999999999999964,False,0.0,평시,남해군
2023-12-16,12.8,13.262857142857143,-0.46285714285714263,-0.09999999999999964,False,0.0,평시,남해군
2023-12-17,12.5,13.100000000000001,-0.6000000000000014,-0.3000000000000007,False,0.0,평시,남해군
2023-12-18,12.3,12.945714285714287,-0.6457142857142859,-0.1999999999999993,False,0.0,평시,남해군
2023-12-19,12.1,12.782857142857143,-0.6828571428571433,-0.20000000000000107,False,0.0,평시,남해군
2023-12-20,12.1,12.61142857142857,-0.5114285714285707,0.0,False,0.0,평시,남해군
2023-12-21,11.8,12.474285714285715,-0.6742857142857144,-0.29999999999999893,False,0.0,평시,남해군
2023-12-22,11.4,12.360000000000001,-0.9600000000000009,-0.40000000000000036,False,0.0,평시,남해군
2023-12-23,11.3,12.248571428571429,-0.9485714285714284,-0.09999999999999964,False,0.0,평시,남해군
2023-12-24,11.2,12.128571428571428,-0.9285714285714288,-0.10000000000000142,False,0.0,평시,남해군
2023-12-25,11.2,12.037142857142856,-0.8371428571428563,0.0,False,0.0,평시,남해군
2023-12-26,11.1,11.962857142857143,-0.862857142857143,-0.09999999999999964,False,0.0,평시,남해군
2023-12-27,11.2,11.871428571428572,-0.6714285714285726,0.09999999999999964,False,0.0,평시,남해군
2023-12-28,11.2,11.754285714285714,-0.5542857142857152,0.0,False,0.0,평시,남해군
2023-12-29,11.1,11.616666666666667,-0.5166666666666675,-0.09999999999999964,False,0.0,평시,남해군
2023-12-30,11.1,11.475,-0.375,0.0,False,0.0,평시,남해군
2023-12-31,11.0,11.341666666666667,-0.3416666666666668,-0.09999999999999964,False,0.0,평시,남해군
2024-01-01,11.0,11.183333333333332,-0.1833333333333318,0.0,False,0.0,평시,남해군
2024-01-02,10.9,11.027777777777777,-0.12777777777777644,-0.09999999999999964,False,0.0,평시,남해군
2024-01-03,10.8,10.88611111111111,-0.08611111111110858,-0.09999999999999964,False,0.0,평시,남해군
2024-01-04,10.7,10.741666666666665,-0.041666666666666075,-0.10000000000000142,False,0.0,평시,남해군
2024-01-05,10.6,10.597142857142858,0.002857142857141781,-0.09999999999999964,False,0.0,평시,남해군
2024-01-06,10.6,10.5,0.09999999999999964,0.0,False,0.0,평시,남해군
2024-01-07,10.4,10.402857142857144,-0.0028571428571435575,-0.1999999999999993,False,0.0,평시,남해군
2024-01-08,10.3,10.308571428571431,-0.008571428571430673,-0.09999999999999964,False,0.0,평시,남해군
2024-01-09,10.2,10.202857142857143,-0.0028571428571435575,-0.10000000000000142,False,0.0,평시,남해군
2024-01-10,10.3,10.108571428571429,0.19142857142857217,0.10000000000000142,False,0.0,평시,남해군
2024-01-11,10.2,10.028571428571427,0.1714285714285726,-0.10000000000000142,False,0.0,평시,남해군
2024-01-12,10.1,9.957142857142857,0.14285714285714235,-0.09999999999999964,False,0.0,평시,남해군
2024-01-13,10.0,9.905714285714286,0.0942857142857143,-0.09999999999999964,False,0.0,평시,남해군
2024-01-14,10.0,9.865714285714285,0.13428571428571523,0.0,False,0.0,평시,남해군
2024-01-15,9.9,9.86,0.040000000000000924,-0.09999999999999964,False,0.0,평시,남해군
2024-01-16,9.8,9.874285714285712,-0.07428571428571118,-0.09999999999999964,False,0.0,평시,남해군
2024-01-17,9.8,9.885714285714284,-0.08571428571428363,0.0,False,0.0,평시,남해군
2024-01-18,9.8,9.899999999999999,-0.09999999999999787,0.0,False,0.0,평시,남해군
2024-01-19,9.8,9.908571428571427,-0.10857142857142676,0.0,False,0.0,평시,남해군
2024-01-20,9.6,9.905714285714286,-0.30571428571428605,-0.20000000000000107,False,0.0,평시,남해군
2024-01-21,9.5,9.88,-0.3800000000000008,-0.09999999999999964,False,0.0,평시,남해군
2024-01-22,9.4,9.80857142857143,-0.40857142857142925,-0.09999999999999964,False,0.0,평시,남해군
2024-01-23,9.5,9.74,-0.2400000000000002,0.09999999999999964,False,0.0,평시,남해군
2024-01-24,9.3,9.668571428571429,-0.36857142857142833,-0.1999999999999993,False,0.0,평시,남해군
2024-01-25,8.9,9.582857142857144,-0.6828571428571433,-0.40000000000000036,False,0.0,평시,남해군
2024-01-26,8.7,9.494285714285715,-0.7942857142857154,-0.20000000000000107,False,0.0,평시,남해군
2024-01-27,8.8,9.402857142857142,-0.6028571428571414,0.10000000000000142,False,0.0,평시,남해군
2024-01-28,8.9,9.342857142857143,-0.44285714285714306,0.09999999999999964,False,0.0,평시,남해군
2024-01-29,9.2,9.308571428571428,-0.10857142857142854,0.29999999999999893,False,0.0,평시,남해군
2024-01-30,9.3,9.254285714285714,0.04571428571428626,0.10000000000000142,False,0.0,평시,남해군
2024-01-31,9.8,9.19142857142857,0.6085714285714303,0.5,False,0.0,평시,남해군
2024-02-01,9.9,9.128571428571428,0.7714285714285722,0.09999999999999964,False,0.0,평시,남해군
2024-02-02,9.7,9.059999999999999,0.6400000000000006,-0.20000000000000107,False,0.0,평시,남해군
2024-02-03,9.6,8.979999999999999,0.620000000000001,-0.09999999999999964,False,0.0,평시,남해군
2024-02-04,9.3,8.882857142857144,0.41714285714285637,-0.29999999999999893,False,0.0,평시,남해군
2024-02-05,9.1,8.76,0.33999999999999986,-0.20000000000000107,False,0.0,평시,남해군
2024-02-06,8.9,8.634285714285713,0.2657142857142869,-0.1999999999999993,False,0.0,평시,남해군
2024-02-07,9.2,8.565714285714286,0.6342857142857135,0.29999999999999893,False,0.0,평시,남해군
2024-02-08,8.8,8.53142857142857,0.26857142857143046,-0.3999999999999986,False,0.0,평시,남해군
2024-02-09,8.6,8.545714285714284,0.05428571428571516,-0.20000000000000107,False,0.0,평시,남해군
2024-02-10,8.8,8.585714285714282,0.21428571428571885,0.20000000000000107,False,0.0,평시,남해군
2024-02-11,9.1,8.645714285714284,0.4542857142857155,0.29999999999999893,False,0.0,평시,남해군
2024-02-12,9.4,8.725714285714284,0.6742857142857162,0.3000000000000007,False,0.0,평시,남해군
2024-02-13,9.3,8.84,0.46000000000000085,-0.09999999999999964,False,0.0,평시,남해군
2024-02-14,9.5,8.899999999999999,0.6000000000000014,0.1999999999999993,False,0.0,평시,남해군
2024-02-15,9.3,8.945714285714287,0.3542857142857141,-0.1999999999999993,False,0.0,평시,남해군
2024-02-16,8.9,8.94857142857143,-0.04857142857142982,-0.40000000000000036,False,0.0,평시,남해군
2024-02-17,8.9,8.94,-0.03999999999999915,0.0,False,0.0,평시,남해군
2024-02-18,9.0,8.922857142857143,0.07714285714285651,0.09999999999999964,False,0.0,평시,남해군
2024-02-19,9.2,8.917142857142858,0.28285714285714114,0.1999999999999993,False,0.0,평시,남해군
2024-02-20,9.2,8.885714285714288,0.3142857142857114,0.0,False,0.0,평시,남해군
2024-02-21,9.2,8.874285714285715,0.32571428571428385,0.0,False,0.0,평시,남해군
2024-02-22,9.0,8.851428571428572,0.1485714285714277,-0.1999999999999993,False,0.0,평시,남해군
2024-02-23,8.9,8.834285714285715,0.06571428571428584,-0.09999999999999964,False,0.0,평시,남해군
2024-02-24,8.9,8.814285714285713,0.08571428571428719,0.0,False,0.0,평시,남해군
2024-02-25,8.8,8.822857142857142,-0.022857142857141355,-0.09999999999999964,False,0.0,평시,남해군
2024-02-26,8.9,8.863888888888887,0.0361111111111132,0.09999999999999964,False,0.0,평시,남해군
2024-02-27,9.1,8.905555555555553,0.19444444444444642,0.1999999999999993,False,0.0,평시,남해군
2024-02-28,9.0,8.941666666666666,0.05833333333333357,-0.09999999999999964,False,0.0,평시,남해군
2024-02-29,9.1,8.983333333333333,0.11666666666666714,0.09999999999999964,False,0.0,평시,남해군
2024-03-01,9.1,8.983333333333333,0.11666666666666714,0.0,False,0.0,평시,남해군
2024-03-02,9.3,9.0,0.3000000000000007,0.20000000000000107,False,0.0,평시,남해군
2024-03-03,9.5,9.033333333333333,0.4666666666666668,0.1999999999999993,False,0.0,평시,남해군
2024-03-04,9.5,9.061111111111112,0.4388888888888882,0.0,False,0.0,평시,남해군
2024-03-05,9.0,9.065714285714284,-0.06571428571428406,-0.5,False,0.0,평시,남해군
2024-03-06,9.1,9.09142857142857,0.008571428571428896,0.09999999999999964,False,0.0,평시,남해군
2024-03-07,9.5,9.117142857142856,0.38285714285714434,0.40000000000000036,False,0.0,평시,남해군
2024-03-08,9.5,9.16285714285714,0.33714285714285985,0.0,False,0.0,평시,남해군
2024-03-09,9.6,9.257142857142858,0.34285714285714164,0.09999999999999964,False,0.0,평시,남해군
2024-03-10,9.7,9.33714285714286,0.36285714285713944,0.09999999999999964,False,0.0,평시,남해군
2024-03-11,9.7,9.405714285714284,0.29428571428571537,0.0,False,0.0,평시,남해군
2024-03-12,9.8,9.51142857142857,0.28857142857143003,0.10000000000000142,False,0.0,평시,남해군
2024-03-13,9.8,9.617142857142857,0.18285714285714327,0.0,False,0.0,평시,남해군
2024-03-14,9.9,9.748571428571427,0.15142857142857302,0.09999999999999964,False,0.0,평시,남해군
2024-03-15,10.1,9.879999999999999,0.22000000000000064,0.1999999999999993,False,0.0,평시,남해군
2024-03-16,10.2,10.00285714285714,0.19714285714285928,0.09999999999999964,False,0.0,평시,남해군
2024-03-17,10.4,10.139999999999999,0.26000000000000156,0.20000000000000107,False,0.0,평시,남해군
2024-03-18,10.7,10.271428571428572,0.42857142857142705,0.29999999999999893,False,0.0,평시,남해군
2024-03-19,10.7,10.365714285714287,0.33428571428571274,0.0,False,0.0,평시,남해군
2024-03-20,10.8,10.465714285714286,0.3342857142857145,0.10000000000000142,False,0.0,평시,남해군
2024-03-21,10.8,10.551428571428572,0.2485714285714291,0.0,False,0.0,평시,남해군
2024-03-22,10.9,10.642857142857142,0.257142857142858,0.09999999999999964,False,0.0,평시,남해군
2024-03-23,11.1,10.737142857142857,0.362857142857143,0.1999999999999993,False,0.0,평시,남해군
2024-03-24,11.3,10.85142857142857,0.4485714285714302,0.20000000000000107,False,0.0,평시,남해군
2024-03-25,11.3,10.974285714285715,0.3257142857142856,0.0,False,0.0,평시,남해군
2024-03-26,11.2,11.105714285714285,0.0942857142857143,-0.10000000000000142,False,0.0,평시,남해군
2024-03-27,11.3,11.217142857142857,0.08285714285714363,0.10000000000000142,False,0.0,평시,남해군
2024-03-28,11.4,11.345714285714287,0.05428571428571338,0.09999999999999964,False,0.0,평시,남해군
2024-03-29,11.4,11.485714285714286,-0.08571428571428541,0.0,False,0.0,평시,남해군
2024-03-30,11.4,11.631428571428572,-0.23142857142857132,0.0,False,0.0,평시,남해군
2024-03-31,11.6,11.765714285714287,-0.16571428571428726,0.1999999999999993,False,0.0,평시,남해군
2024-04-01,11.7,11.902857142857142,-0.20285714285714285,0.09999999999999964,False,0.0,평시,남해군
2024-04-02,11.9,12.037142857142857,-0.137142857142857,0.20000000000000107,False,0.0,평시,남해군
2024-04-03,12.5,12.16,0.33999999999999986,0.5999999999999996,False,0.0,평시,남해군
2024-04-04,12.6,12.274285714285716,0.32571428571428385,0.09999999999999964,False,0.0,평시,남해군
2024-04-05,13.0,12.360000000000001,0.6399999999999988,0.40000000000000036,False,0.0,평시,남해군
2024-04-06,12.8,12.445714285714285,0.35428571428571587,-0.1999999999999993,False,0.0,평시,남해군
2024-04-07,12.9,12.52,0.3800000000000008,0.09999999999999964,False,0.0,평시,남해군
2024-04-08,13.2,12.617142857142856,0.5828571428571436,0.29999999999999893,False,0.0,평시,남해군
2024-04-09,13.1,12.731428571428571,0.36857142857142833,-0.09999999999999964,False,0.0,평시,남해군
2024-04-10,13.3,12.851428571428572,0.4485714285714284,0.20000000000000107,False,0.0,평시,남해군
2024-04-11,13.3,12.96,0.33999999999999986,0.0,False,0.0,평시,남해군
2024-04-12,13.4,13.077142857142857,0.32285714285714384,0.09999999999999964,False,0.0,평시,남해군
2024-04-13,13.7,13.185714285714283,0.514285714285716,0.29999999999999893,False,0.0,평시,남해군
2024-04-14,14.0,13.28,0.7200000000000006,0.3000000000000007,False,0.0,평시,남해군
2024-04-15,14.1,13.348571428571427,0.7514285714285727,0.09999999999999964,False,0.0,평시,남해군
2024-04-16,14.0,13.388571428571428,0.6114285714285721,-0.09999999999999964,False,0.0,평시,남해군
2024-04-17,14.1,13.457142857142856,0.6428571428571441,0.09999999999999964,False,0.0,평시,남해군
2024-04-18,14.3,13.574285714285711,0.7257142857142895,0.20000000000000107,False,0.0,평시,남해군
2024-04-19,14.1,13.719999999999999,0.3800000000000008,-0.20000000000000107,False,0.0,평시,남해군
2024-04-20,14.5,13.865714285714287,0.6342857142857135,0.40000000000000036,False,0.0,평시,남해군
2024-04-21,14.9,14.028571428571428,0.8714285714285719,0.40000000000000036,False,0.0,평시,남해군
2024-04-22,15.0,14.197142857142856,0.8028571428571443,0.09999999999999964,False,0.0,평시,남해군
2024-04-23,15.0,14.377142857142857,0.6228571428571428,0.0,False,0.0,평시,남해군
2024-04-24,14.9,14.565714285714286,0.3342857142857145,-0.09999999999999964,False,0.0,평시,남해군
2024-04-25,15.0,14.714285714285714,0.2857142857142865,0.09999999999999964,False,0.0,평시,남해군
2024-04-26,15.1,14.842857142857143,0.25714285714285623,0.09999999999999964,False,0.0,평시,남해군
2024-04-27,15.3,14.931428571428572,0.36857142857142833,0.20000000000000107,False,0.0,평시,남해군
2024-04-28,15.4,15.005714285714287,0.39428571428571324,0.09999999999999964,False,0.0,평시,남해군
2024-04-29,15.9,15.06,0.8399999999999999,0.5,False,0.0,평시,남해군
2024-04-30,15.8,15.120000000000001,0.6799999999999997,-0.09999999999999964,False,0.0,평시,남해군
2024-05-01,16.0,15.162857142857144,0.8371428571428563,0.1999999999999993,False,0.0,평시,남해군
2024-05-02,16.0,15.194285714285716,0.8057142857142843,0.0,False,0.0,평시,남해군
2024-05-03,16.0,15.24,0.7599999999999998,0.0,False,0.0,평시,남해군
2024-05-04,16.4,15.331428571428573,1.0685714285714258,0.3999999999999986,False,0.0,평시,남해군
2024-05-05,16.4,15.44857142857143,0.9514285714285684,0.0,False,0.0,평시,남해군
2024-05-06,16.2,15.597142857142856,0.6028571428571432,-0.1999999999999993,False,0.0,평시,남해군
2024-05-07,16.3,15.705714285714286,0.5942857142857143,0.10000000000000142,False,0.0,평시,남해군
2024-05-08,16.8,15.83142857142857,0.9685714285714315,0.5,False,0.0,평시,남해군
2024-05-09,16.7,15.982857142857142,0.7171428571428571,-0.10000000000000142,False,0.0,평시,남해군
2024-05-10,16.7,16.125714285714285,0.5742857142857147,0.0,False,0.0,평시,남해군
2024-05-11,16.8,16.26285714285714,0.5371428571428609,0.10000000000000142,False,0.0,평시,남해군
2024-05-12,16.7,16.38,0.3200000000000003,-0.10000000000000142,False,0.0,평시,남해군
2024-05-13,17.4,16.405714285714286,0.9942857142857129,0.6999999999999993,False,0.0,평시,남해군
2024-05-14,17.4,16.457142857142856,0.9428571428571431,0.0,False,0.0,평시,남해군
2024-05-15,17.1,16.534285714285712,0.5657142857142894,-0.29999999999999716,False,0.0,평시,남해군
2024-05-16,16.2,16.614285714285714,-0.4142857142857146,-0.9000000000000021,False,0.0,평시,남해군
2024-05-17,16.8,16.671428571428574,0.12857142857142634,0.6000000000000014,False,0.0,평시,남해군
2024-05-18,16.9,16.765714285714285,0.13428571428571345,0.09999999999999787,False,0.0,평시,남해군
2024-05-19,17.3,16.914285714285718,0.38571428571428257,0.40000000000000213,False,0.0,평시,남해군
2024-05-20,17.7,17.137142857142855,0.562857142857144,0.3999999999999986,False,0.0,평시,남해군
2024-05-21,18.2,17.36285714285714,0.8371428571428581,0.5,False,0.0,평시,남해군
2024-05-22,18.4,17.525714285714287,0.8742857142857119,0.1999999999999993,False,0.0,평시,남해군
2024-05-23,18.6,17.657142857142855,0.9428571428571466,0.20000000000000284,False,0.0,평시,남해군
2024-05-24,18.9,17.765714285714285,1.1342857142857135,0.29999999999999716,False,0.0,평시,남해군
2024-05-25,19.1,17.81142857142857,1.28857142857143,0.20000000000000284,False,0.0,평시,남해군
2024-05-26,19.3,17.791428571428572,1.508571428571429,0.1999999999999993,False,0.0,평시,남해군
2024-05-27,18.8,17.825714285714284,0.9742857142857169,-0.5,False,0.0,평시,남해군
2024-05-28,19.3,17.897142857142853,1.4028571428571475,0.5,False,0.0,평시,남해군
2024-05-29,19.0,17.997142857142855,1.0028571428571453,-0.3000000000000007,False,0.0,평시,남해군
2024-05-30,19.1,18.114285714285714,0.9857142857142875,0.10000000000000142,False,0.0,평시,남해군
2024-05-31,19.1,18.302857142857142,0.7971428571428589,0.0,False,0.0,평시,남해군
2024-06-01,19.3,18.525714285714287,0.774285714285714,0.1999999999999993,False,0.0,평시,남해군
2024-06-02,19.8,18.74,1.0600000000000023,0.5,False,0.0,평시,남해군
2024-06-03,20.0,18.845714285714283,1.1542857142857166,0.1999999999999993,False,0.0,평시,남해군
2024-06-04,20.1,18.93142857142857,1.1685714285714326,0.10000000000000142,False,0.0,평시,남해군
2024-06-05,20.2,19.01142857142857,1.1885714285714286,0.09999999999999787,False,0.0,평시,남해군
2024-06-06,20.2,19.125714285714285,1.0742857142857147,0.0,False,0.0,평시,남해군
2024-06-07,20.3,19.205714285714283,1.0942857142857179,0.10000000000000142,False,0.0,평시,남해군
2024-06-08,20.2,19.288571428571426,0.9114285714285728,-0.10000000000000142,False,0.0,평시,남해군
2024-06-09,20.5,19.422857142857143,1.0771428571428565,0.3000000000000007,False,0.0,평시,남해군
2024-06-10,20.1,19.602857142857143,0.4971428571428582,-0.3999999999999986,False,0.0,평시,남해군
2024-06-11,20.2,19.765714285714285,0.43428571428571416,0.09999999999999787,False,0.0,평시,남해군
2024-06-12,20.3,19.931428571428572,0.36857142857142833,0.10000000000000142,False,0.0,평시,남해군
2024-06-13,20.7,20.011428571428574,0.6885714285714251,0.3999999999999986,False,0.0,평시,남해군
2024-06-14,20.9,20.08571428571429,0.8142857142857096,0.1999999999999993,False,0.0,평시,남해군
2024-06-15,20.8,20.16,0.6400000000000006,-0.09999999999999787,False,0.0,평시,남해군
2024-06-16,21.0,20.21428571428572,0.7857142857142811,0.1999999999999993,False,0.0,평시,남해군
2024-06-17,21.8,20.297142857142855,1.5028571428571453,0.8000000000000007,False,0.0,평시,남해군
2024-06-18,21.6,20.342857142857145,1.2571428571428562,-0.1999999999999993,False,0.0,평시,남해군
2024-06-19,21.3,20.368571428571432,0.9314285714285688,-0.3000000000000007,False,0.0,평시,남해군
2024-06-20,20.9,20.43714285714286,0.4628571428571391,-0.40000000000000213,False,0.0,평시,남해군
2024-06-21,21.5,20.517142857142858,0.9828571428571422,0.6000000000000014,False,0.0,평시,남해군
2024-06-22,20.9,20.577142857142857,0.32285714285714207,-0.6000000000000014,False,0.0,평시,남해군
2024-06-23,19.7,20.599999999999998,-0.8999999999999986,-1.1999999999999993,False,0.0,평시,남해군
2024-06-24,20.3,20.597142857142856,-0.2971428571428554,0.6000000000000014,False,0.0,평시,남해군
2024-06-25,20.5,20.657142857142862,-0.1571428571428619,0.1999999999999993,False,0.0,평시,남해군
2024-06-26,21.1,20.711428571428574,0.3885714285714279,0.6000000000000014,False,0.0,평시,남해군
2024-06-27,21.3,20.702857142857145,0.5971428571428561,0.1999999999999993,False,0.0,평시,남해군
2024-06-28,21.4,20.80285714285714,0.5971428571428596,0.09999999999999787,False,0.0,평시,남해군
2024-06-29,21.0,20.965714285714284,0.034285714285715585,-0.3999999999999986,False,0.0,평시,남해군
2024-06-30,18.4,21.165714285714287,-2.7657142857142887,-2.6000000000000014,False,0.0,평시,남해군
2024-07-01,19.9,21.322857142857142,-1.4228571428571435,1.5,False,0.0,평시,남해군
2024-07-02,20.5,21.428571428571427,-0.928571428571427,0.6000000000000014,False,0.0,평시,남해군
2024-07-03,20.3,21.540000000000003,-1.240000000000002,-0.1999999999999993,False,0.0,평시,남해군
2024-07-04,20.9,21.702857142857145,-0.802857142857146,0.5999999999999979,False,0.0,평시,남해군
2024-07-05,20.6,21.791428571428572,-1.1914285714285704,-0.29999999999999716,False,0.0,평시,남해군
2024-07-06,21.2,21.802941176470586,-0.602941176470587,0.5999999999999979,False,0.0,평시,남해군
2024-07-07,20.4,21.769696969696973,-1.3696969696969745,-0.8000000000000007,False,0.0,평시,남해군
2024-07-08,21.1,21.875,-0.7749999999999986,0.7000000000000028,False,0.0,평시,남해군
2024-07-09,20.7,22.0625,-1.3625000000000007,-0.40000000000000213,False,0.0,평시,남해군
2024-07-10,19.5,22.240625,-2.7406250000000014,-1.1999999999999993,False,0.0,평시,남해군
2024-07-11,21.1,22.362499999999997,-1.2624999999999957,1.6000000000000014,False,0.0,평시,남해군
2024-07-12,21.7,22.40625,-0.7062500000000007,0.5999999999999979,False,0.0,평시,남해군
2024-07-13,21.7,22.533333333333335,-0.8333333333333357,0.0,False,0.0,평시,남해군
2024-07-14,22.4,22.700000000000003,-0.30000000000000426,0.6999999999999993,False,0.0,평시,남해군
2024-07-15,22.4,22.73714285714286,-0.33714285714286163,0.0,False,0.0,평시,남해군
2024-07-16,22.2,22.748571428571427,-0.548571428571428,-0.1999999999999993,False,0.0,평시,남해군
2024-07-17,22.1,22.831428571428567,-0.731428571428566,-0.09999999999999787,False,0.0,평시,남해군
2024-07-18,20.7,22.92,-2.2200000000000024,-1.4000000000000021,False,0.0,평시,남해군
2024-07-19,20.7,23.057142857142857,-2.3571428571428577,0.0,False,0.0,평시,남해군
2024-07-20,22.2,23.10285714285714,-0.9028571428571404,1.5,False,0.0,평시,남해군
2024-07-21,21.3,23.108571428571423,-1.8085714285714225,-0.8999999999999986,False,0.0,평시,남해군
2024-07-22,21.6,23.177142857142854,-1.577142857142853,0.3000000000000007,False,0.0,평시,남해군
2024-07-23,21.3,23.299999999999997,-1.9999999999999964,-0.3000000000000007,False,0.0,평시,남해군
2024-07-24,21.5,23.379999999999995,-1.8799999999999955,0.1999999999999993,False,0.0,평시,남해군
2024-07-25,21.7,23.52285714285714,-1.822857142857142,0.1999999999999993,False,0.0,평시,남해군
2024-07-26,21.8,23.65714285714286,-1.8571428571428577,0.10000000000000142,False,0.0,평시,남해군
2024-07-27,21.7,23.808571428571426,-2.1085714285714268,-0.10000000000000142,False,0.0,평시,남해군
2024-07-28,21.5,23.968571428571426,-2.468571428571426,-0.1999999999999993,False,0.0,평시,남해군
2024-07-29,21.4,24.080000000000002,-2.6800000000000033,-0.10000000000000142,False,0.0,평시,남해군
2024-07-30,21.3,24.125714285714285,-2.825714285714284,-0.09999999999999787,False,0.0,평시,남해군
2024-07-31,21.3,24.15428571428571,-2.8542857142857088,0.0,False,0.0,평시,남해군
2024-08-01,21.0,24.151428571428568,-3.1514285714285677,-0.3000000000000007,False,0.0,평시,남해군
2024-08-02,21.6,24.217142857142857,-2.6171428571428557,0.6000000000000014,False,0.0,평시,남해군
2024-08-03,21.7,24.274285714285714,-2.5742857142857147,0.09999999999999787,False,0.0,평시,남해군
2024-08-04,22.0,24.374285714285712,-2.374285714285712,0.3000000000000007,False,0.0,평시,남해군
2024-08-05,22.3,24.568571428571428,-2.268571428571427,0.3000000000000007,False,0.0,평시,남해군
2024-08-06,22.5,24.78,-2.280000000000001,0.1999999999999993,False,0.0,평시,남해군
2024-08-07,22.4,24.94857142857143,-2.5485714285714316,-0.10000000000000142,False,0.0,평시,남해군
2024-08-08,22.0,25.120000000000005,-3.1200000000000045,-0.3999999999999986,False,0.0,평시,남해군
2024-08-09,22.6,25.19428571428572,-2.594285714285718,0.6000000000000014,False,0.0,평시,남해군
2024-08-10,22.5,25.260000000000005,-2.760000000000005,-0.10000000000000142,False,0.0,평시,남해군
2024-08-11,22.6,25.279999999999998,-2.679999999999996,0.10000000000000142,False,0.0,평시,남해군
2024-08-12,22.9,25.245714285714282,-2.3457142857142834,0.29999999999999716,False,0.0,평시,남해군
2024-08-13,23.9,25.231428571428573,-1.3314285714285745,1.0,False,0.0,평시,남해군
2024-08-14,24.6,25.29714285714286,-0.6971428571428575,0.7000000000000028,False,0.0,평시,남해군
2024-08-15,26.1,25.388571428571424,0.7114285714285771,1.5,False,0.0,평시,남해군
2024-08-16,28.7,25.482857142857142,3.217142857142857,2.599999999999998,False,3.0,경보,남해군
2024-08-17,29.2,25.554285714285715,3.645714285714284,0.5,False,3.0,경보,남해군
2024-08-18,29.5,25.66857142857143,3.831428571428571,0.3000000000000007,True,3.0,경보,남해군
2024-08-19,29.8,25.75142857142857,4.048571428571432,0.3000000000000007,True,3.0,경보,남해군
2024-08-20,29.8,25.77714285714286,4.022857142857141,0.0,True,3.0,경보,남해군
2024-08-21,29.2,25.77428571428571,3.425714285714289,-0.6000000000000014,True,3.0,경보,남해군
2024-08-22,29.0,25.757142857142856,3.2428571428571438,-0.1999999999999993,True,3.0,경보,남해군
2024-08-23,28.9,25.70857142857143,3.191428571428567,-0.10000000000000142,True,3.0,경보,남해군
2024-08-24,28.9,25.71714285714286,3.182857142857138,0.0,True,3.0,경보,남해군
2024-08-25,28.5,25.71142857142857,2.78857142857143,-0.3999999999999986,True,3.0,경보,남해군
2024-08-26,27.9,25.658823529411762,2.241176470588236,-0.6000000000000014,False,2.0,주의보,남해군
2024-08-27,28.2,25.61212121212121,2.5878787878787897,0.3000000000000007,False,2.0,주의보,남해군
2024-08-28,28.6,25.549999999999997,3.0500000000000043,0.40000000000000213,False,3.0,경보,남해군
2024-08-29,28.2,25.477419354838712,2.722580645161287,-0.40000000000000213,True,3.0,경보,남해군
2024-08-30,28.0,25.41,2.59,-0.1999999999999993,True,3.0,경보,남해군
2024-08-31,28.3,25.33103448275862,2.9689655172413794,0.3000000000000007,True,3.0,경보,남해군
2024-09-01,28.2,25.317857142857143,2.8821428571428562,-0.10000000000000142,True,3.0,경보,남해군
2024-09-02,28.0,25.410714285714285,2.5892857142857153,-0.1999999999999993,True,3.0,경보,남해군
2024-09-03,28.1,25.49642857142857,2.6035714285714313,0.10000000000000142,True,3.0,경보,남해군
2024-09-04,28.0,25.54642857142857,2.453571428571429,-0.10000000000000142,True,3.0,경보,남해군
2024-09-05,28.0,25.653571428571432,2.346428571428568,0.0,True,3.0,경보,남해군
2024-09-06,28.0,25.821428571428577,2.1785714285714235,0.0,True,3.0,경보,남해군
2024-09-07,28.1,25.946428571428573,2.1535714285714285,0.10000000000000142,True,3.0,경보,남해군
2024-09-08,28.2,25.97857142857143,2.221428571428568,0.09999999999999787,True,3.0,경보,남해군
2024-09-09,28.4,25.971428571428568,2.4285714285714306,0.1999999999999993,True,3.0,경보,남해군
2024-09-10,28.6,25.974999999999994,2.625000000000007,0.20000000000000284,True,3.0,경보,남해군
2024-09-11,28.8,25.989285714285717,2.8107142857142833,0.1999999999999993,True,3.0,경보,남해군
2024-09-12,28.8,25.971428571428568,2.8285714285714327,0.0,True,3.0,경보,남해군
2024-09-13,28.9,25.928571428571434,2.9714285714285644,0.09999999999999787,True,3.0,경보,남해군
2024-09-14,28.9,25.907142857142855,2.9928571428571438,0.0,True,3.0,경보,남해군
2024-09-15,29.3,25.932142857142853,3.3678571428571473,0.40000000000000213,True,3.0,경보,남해군
2024-09-16,29.4,25.985714285714288,3.414285714285711,0.09999999999999787,True,3.0,경보,남해군
2024-09-17,29.4,26.03214285714285,3.3678571428571473,0.0,True,3.0,경보,남해군
2024-09-18,29.3,26.007142857142856,3.2928571428571445,-0.09999999999999787,True,3.0,경보,남해군
2024-09-19,29.4,25.960714285714285,3.439285714285713,0.09999999999999787,True,3.0,경보,남해군
2024-09-20,29.1,25.889285714285712,3.210714285714289,-0.29999999999999716,True,3.0,경보,남해군
2024-09-21,27.6,25.767857142857142,1.832142857142859,-1.5,False,0.0,평시,남해군
2024-09-22,27.9,25.57857142857143,2.3214285714285694,0.29999999999999716,False,2.0,주의보,남해군
2024-09-23,27.6,25.367857142857144,2.2321428571428577,-0.29999999999999716,False,2.0,주의보,남해군
2024-09-24,27.0,25.196428571428577,1.8035714285714235,-0.6000000000000014,False,0.0,평시,남해군
2024-09-25,26.7,25.125000000000004,1.5749999999999957,-0.3000000000000007,False,0.0,평시,남해군
2024-09-26,26.6,25.046428571428574,1.553571428571427,-0.09999999999999787,False,0.0,평시,남해군
2024-09-27,26.7,24.97142857142857,1.7285714285714278,0.09999999999999787,False,0.0,평시,남해군
2024-09-28,26.7,24.93214285714286,1.7678571428571388,0.0,False,0.0,평시,남해군
2024-09-29,26.5,24.900000000000006,1.5999999999999943,-0.1999999999999993,False,0.0,평시,남해군
2024-09-30,26.2,24.828571428571433,1.3714285714285666,-0.3000000000000007,False,0.0,평시,남해군
2024-10-01,26.3,24.70357142857143,1.5964285714285715,0.10000000000000142,False,0.0,평시,남해군
2024-10-02,26.0,24.560714285714287,1.4392857142857132,-0.3000000000000007,False,0.0,평시,남해군
2024-10-03,25.4,24.403448275862072,0.9965517241379267,-0.6000000000000014,False,0.0,평시,남해군
2024-10-04,24.9,24.233333333333334,0.6666666666666643,-0.5,False,0.0,평시,남해군
2024-10-05,24.8,24.05806451612903,0.7419354838709715,-0.09999999999999787,False,0.0,평시,남해군
2024-10-06,24.5,23.8875,0.6125000000000007,-0.3000000000000007,False,0.0,평시,남해군
2024-10-07,24.1,23.742424242424242,0.3575757575757592,-0.3999999999999986,False,0.0,평시,남해군
2024-10-08,24.0,23.623529411764704,0.37647058823529633,-0.10000000000000142,False,0.0,평시,남해군
2024-10-09,23.8,23.497142857142858,0.3028571428571425,-0.1999999999999993,False,0.0,평시,남해군
2024-10-10,23.8,23.348571428571425,0.4514285714285755,0.0,False,0.0,평시,남해군
2024-10-11,23.8,23.22,0.5800000000000018,0.0,False,0.0,평시,남해군
2024-10-12,23.9,23.1,0.7999999999999972,0.09999999999999787,False,0.0,평시,남해군
2024-10-13,23.8,22.99142857142857,0.8085714285714296,-0.09999999999999787,False,0.0,평시,남해군
2024-10-14,23.7,22.868571428571432,0.8314285714285674,-0.10000000000000142,False,0.0,평시,남해군
2024-10-15,23.6,22.74,0.860000000000003,-0.09999999999999787,False,0.0,평시,남해군
2024-10-16,23.7,22.60571428571429,1.0942857142857108,0.09999999999999787,False,0.0,평시,남해군
2024-10-17,23.5,22.457142857142856,1.0428571428571445,-0.1999999999999993,False,0.0,평시,남해군
2024-10-18,23.5,22.274285714285714,1.225714285714286,0.0,False,0.0,평시,남해군
2024-10-19,23.6,22.07428571428571,1.5257142857142902,0.10000000000000142,False,0.0,평시,남해군
2024-10-20,23.2,21.88,1.3200000000000003,-0.40000000000000213,False,0.0,평시,남해군
2024-10-21,22.6,21.685714285714287,0.9142857142857146,-0.5999999999999979,False,0.0,평시,남해군
2024-10-22,22.4,21.48,0.9199999999999982,-0.20000000000000284,False,0.0,평시,남해군
2024-10-23,22.4,21.28857142857143,1.1114285714285685,0.0,False,0.0,평시,남해군
2024-10-24,21.9,21.108571428571427,0.7914285714285718,-0.5,False,0.0,평시,남해군
2024-10-25,21.5,20.968571428571426,0.5314285714285738,-0.3999999999999986,False,0.0,평시,남해군
2024-10-26,21.3,20.834285714285713,0.46571428571428797,-0.1999999999999993,False,0.0,평시,남해군
2024-10-27,21.1,20.69142857142857,0.40857142857143103,-0.1999999999999993,False,0.0,평시,남해군
2024-10-28,21.2,20.57714285714286,0.6228571428571392,0.09999999999999787,False,0.0,평시,남해군
2024-10-29,21.0,20.474285714285717,0.5257142857142831,-0.1999999999999993,False,0.0,평시,남해군
2024-10-30,20.9,20.351428571428574,0.5485714285714245,-0.10000000000000142,False,0.0,평시,남해군
2024-10-31,20.9,20.24,0.6600000000000001,0.0,False,0.0,평시,남해군
2024-11-01,20.8,20.125714285714285,0.6742857142857162,-0.09999999999999787,False,0.0,평시,남해군
2024-11-02,20.5,20.022857142857138,0.4771428571428622,-0.3000000000000007,False,0.0,평시,남해군
2024-11-03,20.5,19.902857142857137,0.5971428571428632,0.0,False,0.0,평시,남해군
2024-11-04,20.5,19.76285714285714,0.7371428571428602,0.0,False,0.0,평시,남해군
2024-11-05,20.3,19.62571428571428,0.6742857142857197,-0.1999999999999993,False,0.0,평시,남해군
2024-11-06,20.2,19.50857142857143,0.6914285714285704,-0.10000000000000142,False,0.0,평시,남해군
2024-11-07,20.2,19.377142857142854,0.8228571428571456,0.0,False,0.0,평시,남해군
2024-11-08,20.0,19.231428571428573,0.7685714285714269,-0.1999999999999993,False,0.0,평시,남해군
2024-11-09,19.7,19.068571428571424,0.6314285714285752,-0.3000000000000007,False,0.0,평시,남해군
2024-11-10,19.4,18.92,0.4799999999999969,-0.3000000000000007,False,0.0,평시,남해군
2024-11-11,19.4,18.77142857142857,0.6285714285714299,0.0,False,0.0,평시,남해군
2024-11-12,19.3,18.61714285714286,0.6828571428571415,-0.09999999999999787,False,0.0,평시,남해군
2024-11-13,19.3,18.462857142857143,0.8371428571428581,0.0,False,0.0,평시,남해군
2024-11-14,19.3,18.31428571428571,0.9857142857142911,0.0,False,0.0,평시,남해군
2024-11-15,19.3,18.14857142857143,1.1514285714285712,0.0,False,0.0,평시,남해군
2024-11-16,19.3,17.98,1.3200000000000003,0.0,False,0.0,평시,남해군
2024-11-17,19.4,17.811428571428568,1.5885714285714307,0.09999999999999787,False,0.0,평시,남해군
2024-11-18,19.0,17.65142857142857,1.3485714285714288,-0.3999999999999986,False,0.0,평시,남해군
2024-11-19,18.6,17.497142857142858,1.1028571428571432,-0.3999999999999986,False,0.0,평시,남해군
2024-11-20,18.4,17.337142857142855,1.062857142857144,-0.20000000000000284,False,0.0,평시,남해군
2024-11-21,18.3,17.202941176470585,1.0970588235294159,-0.09999999999999787,False,0.0,평시,남해군
2024-11-22,18.2,17.08787878787879,1.1121212121212096,-0.10000000000000142,False,0.0,평시,남해군
2024-11-23,18.0,16.94242424242424,1.0575757575757585,-0.1999999999999993,False,0.0,평시,남해군
2024-11-24,17.9,16.7969696969697,1.1030303030302981,-0.10000000000000142,False,0.0,평시,남해군
2024-11-25,17.9,16.63939393939394,1.260606060606058,0.0,False,0.0,평시,남해군
2024-11-26,17.7,16.481818181818184,1.2181818181818151,-0.1999999999999993,False,0.0,평시,남해군
2024-11-27,17.5,16.318181818181817,1.1818181818181834,-0.1999999999999993,False,0.0,평시,남해군
2024-11-28,17.2,16.14117647058824,1.058823529411761,-0.3000000000000007,False,0.0,평시,남해군
2024-11-29,16.8,15.96285714285714,0.8371428571428599,-0.3999999999999986,False,0.0,평시,남해군
2024-11-30,16.6,15.797142857142857,0.8028571428571443,-0.1999999999999993,False,0.0,평시,남해군
2024-12-01,16.5,15.620000000000001,0.879999999999999,-0.10000000000000142,False,0.0,평시,남해군
2024-12-02,16.5,15.44285714285714,1.0571428571428605,0.0,False,0.0,평시,남해군
2024-12-03,16.5,15.251428571428571,1.248571428571429,0.0,False,0.0,평시,남해군
2024-12-04,16.2,15.074285714285715,1.1257142857142846,-0.3000000000000007,False,0.0,평시,남해군
2024-12-05,16.0,14.914285714285715,1.0857142857142854,-0.1999999999999993,False,0.0,평시,남해군
2024-12-06,15.8,14.762857142857142,1.0371428571428591,-0.1999999999999993,False,0.0,평시,남해군
2024-12-07,15.7,14.622857142857143,1.0771428571428565,-0.10000000000000142,False,0.0,평시,남해군
2024-12-08,15.4,14.497142857142856,0.9028571428571439,-0.29999999999999893,False,0.0,평시,남해군
2024-12-09,15.2,14.362857142857143,0.8371428571428563,-0.20000000000000107,False,0.0,평시,남해군
2024-12-10,15.2,14.228571428571428,0.9714285714285715,0.0,False,0.0,평시,남해군
2024-12-11,15.1,14.077142857142857,1.0228571428571431,-0.09999999999999964,False,0.0,평시,남해군
2024-12-12,15.0,13.925714285714287,1.074285714285713,-0.09999999999999964,False,0.0,평시,남해군
2024-12-13,14.5,13.78857142857143,0.71142857142857,-0.5,False,0.0,평시,남해군
2024-12-14,14.2,13.628571428571428,0.5714285714285712,-0.3000000000000007,False,0.0,평시,남해군
2024-12-15,13.8,13.442857142857141,0.3571428571428594,-0.3999999999999986,False,0.0,평시,남해군
2024-12-16,13.8,13.262857142857143,0.5371428571428574,0.0,False,0.0,평시,남해군
2024-12-17,13.7,13.100000000000001,0.5999999999999979,-0.10000000000000142,False,0.0,평시,남해군
2024-12-18,13.2,12.945714285714287,0.25428571428571267,-0.5,False,0.0,평시,남해군
2024-12-19,13.0,12.782857142857143,0.21714285714285708,-0.1999999999999993,False,0.0,평시,남해군
2024-12-20,12.8,12.61142857142857,0.1885714285714304,-0.1999999999999993,False,0.0,평시,남해군
2024-12-21,12.5,12.474285714285715,0.025714285714284912,-0.3000000000000007,False,0.0,평시,남해군
2024-12-22,12.5,12.360000000000001,0.1399999999999988,0.0,False,0.0,평시,남해군
2024-12-23,12.6,12.248571428571429,0.35142857142857054,0.09999999999999964,False,0.0,평시,남해군
2024-12-24,13.0,12.128571428571428,0.8714285714285719,0.40000000000000036,False,0.0,평시,남해군
2024-12-25,12.9,12.037142857142856,0.8628571428571448,-0.09999999999999964,False,0.0,평시,남해군
2024-12-26,12.7,11.962857142857143,0.7371428571428567,-0.20000000000000107,False,0.0,평시,남해군
2024-12-27,12.5,11.871428571428572,0.6285714285714281,-0.1999999999999993,False,0.0,평시,남해군
2024-12-28,12.4,11.754285714285714,0.6457142857142859,-0.09999999999999964,False,0.0,평시,남해군
2024-12-29,12.0,11.616666666666667,0.38333333333333286,-0.40000000000000036,False,0.0,평시,남해군
2024-12-30,11.5,11.475,0.025000000000000355,-0.5,False,0.0,평시,남해군
2024-12-31,11.3,11.341666666666667,-0.041666666666666075,-0.1999999999999993,False,0.0,평시,남해군
2025-01-01,11.5,11.183333333333332,0.3166666666666682,0.1999999999999993,False,0.0,평시,남해군
2025-01-02,11.3,11.027777777777777,0.2722222222222239,-0.1999999999999993,False,0.0,평시,남해군
2025-01-03,11.1,10.88611111111111,0.21388888888889035,-0.20000000000000107,False,0.0,평시,남해군
2025-01-04,10.9,10.741666666666665,0.158333333333335,-0.1999999999999993,False,0.0,평시,남해군
2025-01-05,10.9,10.597142857142858,0.3028571428571425,0.0,False,0.0,평시,남해군
2025-01-06,10.8,10.5,0.3000000000000007,-0.09999999999999964,False,0.0,평시,남해군
2025-01-07,10.7,10.402857142857144,0.2971428571428554,-0.10000000000000142,False,0.0,평시,남해군
2025-01-08,10.8,10.308571428571431,0.4914285714285693,0.10000000000000142,False,0.0,평시,남해군
2025-01-09,10.6,10.202857142857143,0.3971428571428568,-0.20000000000000107,False,0.0,평시,남해군
2025-01-10,10.4,10.108571428571429,0.2914285714285718,-0.1999999999999993,False,0.0,평시,남해군
2025-01-11,10.6,10.028571428571427,0.571428571428573,0.1999999999999993,False,0.0,평시,남해군
2025-01-12,10.5,9.957142857142857,0.5428571428571427,-0.09999999999999964,False,0.0,평시,남해군
2025-01-13,10.4,9.905714285714286,0.49428571428571466,-0.09999999999999964,False,0.0,평시,남해군
2025-01-14,10.3,9.865714285714285,0.43428571428571594,-0.09999999999999964,False,0.0,평시,남해군
2025-01-15,10.2,9.86,0.33999999999999986,-0.10000000000000142,False,0.0,평시,남해군
2025-01-16,10.0,9.874285714285712,0.1257142857142881,-0.1999999999999993,False,0.0,평시,남해군
2025-01-17,9.9,9.885714285714284,0.014285714285716011,-0.09999999999999964,False,0.0,평시,남해군
2025-01-18,9.9,9.899999999999999,1.7763568394002505e-15,0.0,False,0.0,평시,남해군
2025-01-19,9.9,9.908571428571427,-0.00857142857142712,0.0,False,0.0,평시,남해군
2025-01-20,9.9,9.905714285714286,-0.005714285714285339,0.0,False,0.0,평시,남해군
2025-01-21,9.8,9.88,-0.08000000000000007,-0.09999999999999964,False,0.0,평시,남해군
2025-01-22,9.8,9.80857142857143,-0.008571428571428896,0.0,False,0.0,평시,남해군
2025-01-23,9.8,9.74,0.0600000000000005,0.0,False,0.0,평시,남해군
2025-01-24,9.8,9.668571428571429,0.13142857142857167,0.0,False,0.0,평시,남해군
2025-01-25,9.8,9.582857142857144,0.21714285714285708,0.0,False,0.0,평시,남해군
2025-01-26,9.6,9.494285714285715,0.10571428571428498,-0.20000000000000107,False,0.0,평시,남해군
2025-01-27,9.5,9.402857142857142,0.09714285714285786,-0.09999999999999964,False,0.0,평시,남해군
2025-01-28,9.3,9.342857142857143,-0.042857142857142705,-0.1999999999999993,False,0.0,평시,남해군
2025-01-29,9.0,9.308571428571428,-0.30857142857142783,-0.3000000000000007,False,0.0,평시,남해군
2025-01-30,8.9,9.254285714285714,-0.3542857142857141,-0.09999999999999964,False,0.0,평시,남해군
2025-01-31,8.9,9.19142857142857,-0.29142857142857004,0.0,False,0.0,평시,남해군
2025-02-01,8.8,9.128571428571428,-0.3285714285714274,-0.09999999999999964,False,0.0,평시,남해군
2025-02-02,8.7,9.059999999999999,-0.35999999999999943,-0.10000000000000142,False,0.0,평시,남해군
2025-02-03,8.7,8.979999999999999,-0.27999999999999936,0.0,False,0.0,평시,남해군
2025-02-04,8.5,8.882857142857144,-0.38285714285714434,-0.1999999999999993,False,0.0,평시,남해군
2025-02-05,8.4,8.76,-0.35999999999999943,-0.09999999999999964,False,0.0,평시,남해군
2025-02-06,8.3,8.634285714285713,-0.33428571428571274,-0.09999999999999964,False,0.0,평시,남해군
2025-02-07,8.1,8.565714285714286,-0.4657142857142862,-0.20000000000000107,False,0.0,평시,남해군
2025-02-08,7.8,8.53142857142857,-0.7314285714285704,-0.2999999999999998,False,0.0,평시,남해군
2025-02-09,7.5,8.545714285714284,-1.0457142857142845,-0.2999999999999998,False,0.0,평시,남해군
2025-02-10,7.7,8.585714285714282,-0.8857142857142817,0.20000000000000018,False,0.0,평시,남해군
2025-02-11,7.9,8.645714285714284,-0.7457142857142838,0.20000000000000018,False,0.0,평시,남해군
2025-02-12,8.4,8.725714285714284,-0.32571428571428385,0.5,False,0.0,평시,남해군
2025-02-13,8.4,8.84,-0.4399999999999995,0.0,False,0.0,평시,남해군
2025-02-14,8.5,8.899999999999999,-0.3999999999999986,0.09999999999999964,False,0.0,평시,남해군
2025-02-15,8.4,8.945714285714287,-0.5457142857142863,-0.09999999999999964,False,0.0,평시,남해군
2025-02-16,8.4,8.94857142857143,-0.5485714285714298,0.0,False,0.0,평시,남해군
2025-02-17,8.5,8.94,-0.4399999999999995,0.09999999999999964,False,0.0,평시,남해군
2025-02-18,8.5,8.922857142857143,-0.4228571428571435,0.0,False,0.0,평시,남해군
2025-02-19,8.0,8.917142857142858,-0.9171428571428581,-0.5,False,0.0,평시,남해군
2025-02-20,8.0,8.885714285714288,-0.8857142857142879,0.0,False,0.0,평시,남해군
2025-02-21,8.1,8.874285714285715,-0.7742857142857158,0.09999999999999964,False,0.0,평시,남해군
2025-02-22,8.5,8.851428571428572,-0.3514285714285723,0.40000000000000036,False,0.0,평시,남해군
2025-02-23,8.8,8.834285714285715,-0.03428571428571381,0.3000000000000007,False,0.0,평시,남해군
2025-02-24,8.8,8.814285714285713,-0.014285714285712459,0.0,False,0.0,평시,남해군
2025-02-25,8.7,8.822857142857142,-0.12285714285714278,-0.10000000000000142,False,0.0,평시,남해군
2025-02-26,8.7,8.863888888888887,-0.16388888888888786,0.0,False,0.0,평시,남해군
2025-02-27,8.7,8.905555555555553,-0.20555555555555394,0.0,False,0.0,평시,남해군
2025-02-28,8.9,8.941666666666666,-0.041666666666666075,0.20000000000000107,False,0.0,평시,남해군
2025-03-01,9.0,8.983333333333333,0.016666666666667496,0.09999999999999964,False,0.0,평시,남해군
2025-03-02,9.2,9.0,0.1999999999999993,0.1999999999999993,False,0.0,평시,남해군
2025-03-03,9.3,9.033333333333333,0.2666666666666675,0.10000000000000142,False,0.0,평시,남해군
2025-03-04,8.9,9.061111111111112,-0.16111111111111143,-0.40000000000000036,False,0.0,평시,남해군
2025-03-05,8.8,9.065714285714284,-0.26571428571428335,-0.09999999999999964,False,0.0,평시,남해군
2025-03-06,8.8,9.09142857142857,-0.29142857142857004,0.0,False,0.0,평시,남해군
2025-03-07,8.5,9.117142857142856,-0.6171428571428557,-0.3000000000000007,False,0.0,평시,남해군
2025-03-08,8.3,9.16285714285714,-0.8628571428571394,-0.1999999999999993,False,0.0,평시,남해군
2025-03-09,8.4,9.257142857142858,-0.8571428571428577,0.09999999999999964,False,0.0,평시,남해군
2025-03-10,8.4,9.33714285714286,-0.9371428571428595,0.0,False,0.0,평시,남해군
2025-03-11,8.6,9.405714285714284,-0.8057142857142843,0.1999999999999993,False,0.0,평시,남해군
2025-03-12,8.7,9.51142857142857,-0.8114285714285714,0.09999999999999964,False,0.0,평시,남해군
2025-03-13,8.8,9.617142857142857,-0.8171428571428567,0.10000000000000142,False,0.0,평시,남해군
2025-03-14,8.9,9.748571428571427,-0.848571428571427,0.09999999999999964,False,0.0,평시,남해군
2025-03-15,9.0,9.879999999999999,-0.879999999999999,0.09999999999999964,False,0.0,평시,남해군
2025-03-16,9.0,10.00285714285714,-1.00285714285714,0.0,False,0.0,평시,남해군
2025-03-17,8.9,10.139999999999999,-1.2399999999999984,-0.09999999999999964,False,0.0,평시,남해군
2025-03-18,8.9,10.271428571428572,-1.3714285714285719,0.0,False,0.0,평시,남해군
2025-03-19,8.9,10.365714285714287,-1.4657142857142862,0.0,False,0.0,평시,남해군
2025-03-20,9.0,10.465714285714286,-1.4657142857142862,0.09999999999999964,False,0.0,평시,남해군
2025-03-21,9.0,10.551428571428572,-1.5514285714285716,0.0,False,0.0,평시,남해군
2025-03-22,9.1,10.642857142857142,-1.5428571428571427,0.09999999999999964,False,0.0,평시,남해군
2025-03-23,9.2,10.737142857142857,-1.5371428571428574,0.09999999999999964,False,0.0,평시,남해군
2025-03-24,9.3,10.85142857142857,-1.5514285714285698,0.10000000000000142,False,0.0,평시,남해군
2025-03-25,9.4,10.974285714285715,-1.5742857142857147,0.09999999999999964,False,0.0,평시,남해군
2025-03-26,9.6,11.105714285714285,-1.5057142857142853,0.1999999999999993,False,0.0,평시,남해군
2025-03-27,9.9,11.217142857142857,-1.3171428571428567,0.3000000000000007,False,0.0,평시,남해군
2025-03-28,10.2,11.345714285714287,-1.1457142857142877,0.29999999999999893,False,0.0,평시,남해군
2025-03-29,10.4,11.485714285714286,-1.0857142857142854,0.20000000000000107,False,0.0,평시,남해군
2025-03-30,10.1,11.631428571428572,-1.531428571428572,-0.3000000000000007,False,0.0,평시,남해군
2025-03-31,9.9,11.765714285714287,-1.8657142857142865,-0.1999999999999993,False,0.0,평시,남해군
2025-04-01,10.0,11.902857142857142,-1.9028571428571421,0.09999999999999964,False,0.0,평시,남해군
2025-04-02,10.1,12.037142857142857,-1.9371428571428577,0.09999999999999964,False,0.0,평시,남해군
2025-04-03,10.2,12.16,-1.9600000000000009,0.09999999999999964,False,0.0,평시,남해군
2025-04-04,10.5,12.274285714285716,-1.7742857142857158,0.3000000000000007,False,0.0,평시,남해군
2025-04-05,10.5,12.360000000000001,-1.8600000000000012,0.0,False,0.0,평시,남해군
2025-04-06,10.5,12.445714285714285,-1.9457142857142848,0.0,False,0.0,평시,남해군
2025-04-07,10.8,12.52,-1.7199999999999989,0.3000000000000007,False,0.0,평시,남해군
2025-04-08,10.5,12.617142857142856,-2.1171428571428557,-0.3000000000000007,False,0.0,평시,남해군
2025-04-09,10.9,12.731428571428571,-1.831428571428571,0.40000000000000036,False,0.0,평시,남해군
2025-04-10,11.1,12.851428571428572,-1.7514285714285727,0.1999999999999993,False,0.0,평시,남해군
2025-04-11,11.3,12.96,-1.6600000000000001,0.20000000000000107,False,0.0,평시,남해군
2025-04-12,11.8,13.077142857142857,-1.2771428571428558,0.5,False,0.0,평시,남해군
2025-04-13,11.5,13.185714285714283,-1.6857142857142833,-0.3000000000000007,False,0.0,평시,남해군
2025-04-14,11.0,13.28,-2.2799999999999994,-0.5,False,0.0,평시,남해군
2025-04-15,10.9,13.348571428571427,-2.4485714285714266,-0.09999999999999964,False,0.0,평시,남해군
2025-04-16,11.2,13.388571428571428,-2.1885714285714286,0.29999999999999893,False,0.0,평시,남해군
2025-04-17,11.2,13.457142857142856,-2.2571428571428562,0.0,False,0.0,평시,남해군
2025-04-18,11.4,13.574285714285711,-2.174285714285711,0.20000000000000107,False,0.0,평시,남해군
2025-04-19,11.4,13.719999999999999,-2.3199999999999985,0.0,False,0.0,평시,남해군
2025-04-20,11.5,13.865714285714287,-2.3657142857142865,0.09999999999999964,False,0.0,평시,남해군
2025-04-21,12.4,14.028571428571428,-1.6285714285714281,0.9000000000000004,False,0.0,평시,남해군
2025-04-22,12.5,14.197142857142856,-1.6971428571428557,0.09999999999999964,False,0.0,평시,남해군
2025-04-23,12.8,14.377142857142857,-1.5771428571428565,0.3000000000000007,False,0.0,평시,남해군
2025-04-24,12.7,14.565714285714286,-1.8657142857142865,-0.10000000000000142,False,0.0,평시,남해군
2025-04-25,13.0,14.714285714285714,-1.7142857142857135,0.3000000000000007,False,0.0,평시,남해군
2025-04-26,13.0,14.842857142857143,-1.8428571428571434,0.0,False,0.0,평시,남해군
2025-04-27,13.1,14.931428571428572,-1.8314285714285727,0.09999999999999964,False,0.0,평시,남해군
2025-04-28,13.1,15.005714285714287,-1.9057142857142875,0.0,False,0.0,평시,남해군
2025-04-29,13.3,15.06,-1.7599999999999998,0.20000000000000107,False,0.0,평시,남해군
2025-04-30,13.4,15.120000000000001,-1.7200000000000006,0.09999999999999964,False,0.0,평시,남해군
2025-05-01,13.5,15.162857142857144,-1.6628571428571437,0.09999999999999964,False,0.0,평시,남해군
2025-05-02,13.5,15.194285714285716,-1.6942857142857157,0.0,False,0.0,평시,남해군
2025-05-03,14.1,15.24,-1.1400000000000006,0.5999999999999996,False,0.0,평시,남해군
2025-05-04,14.4,15.331428571428573,-0.9314285714285724,0.3000000000000007,False,0.0,평시,남해군
2025-05-05,14.5,15.44857142857143,-0.9485714285714302,0.09999999999999964,False,0.0,평시,남해군
2025-05-06,14.6,15.597142857142856,-0.9971428571428564,0.09999999999999964,False,0.0,평시,남해군
2025-05-07,14.6,15.705714285714286,-1.1057142857142868,0.0,False,0.0,평시,남해군
2025-05-08,14.6,15.83142857142857,-1.2314285714285695,0.0,False,0.0,평시,남해군
2025-05-09,15.0,15.982857142857142,-0.9828571428571422,0.40000000000000036,False,0.0,평시,남해군
2025-05-10,13.6,16.125714285714285,-2.525714285714285,-1.4000000000000004,False,0.0,평시,남해군
2025-05-11,13.9,16.26285714285714,-2.3628571428571394,0.3000000000000007,False,0.0,평시,남해군
2025-05-12,14.4,16.38,-1.9799999999999986,0.5,False,0.0,평시,남해군
2025-05-13,14.5,16.405714285714286,-1.9057142857142857,0.09999999999999964,False,0.0,평시,남해군
2025-05-14,14.6,16.457142857142856,-1.8571428571428559,0.09999999999999964,False,0.0,평시,남해군
2025-05-15,14.8,16.534285714285712,-1.7342857142857113,0.20000000000000107,False,0.0,평시,남해군
2025-05-16,15.1,16.614285714285714,-1.5142857142857142,0.29999999999999893,False,0.0,평시,남해군
2025-05-17,15.3,16.671428571428574,-1.3714285714285737,0.20000000000000107,False,0.0,평시,남해군
2025-05-18,15.5,16.765714285714285,-1.2657142857142851,0.1999999999999993,False,0.0,평시,남해군
2025-05-19,15.5,16.914285714285718,-1.4142857142857181,0.0,False,0.0,평시,남해군
2025-05-20,15.1,17.137142857142855,-2.0371428571428556,-0.40000000000000036,False,0.0,평시,남해군
2025-05-21,16.1,17.36285714285714,-1.2628571428571398,1.0000000000000018,False,0.0,평시,남해군
2025-05-22,16.7,17.525714285714287,-0.8257142857142874,0.5999999999999979,False,0.0,평시,남해군
2025-05-23,16.9,17.657142857142855,-0.7571428571428562,0.1999999999999993,False,0.0,평시,남해군
2025-05-24,17.0,17.765714285714285,-0.7657142857142851,0.10000000000000142,False,0.0,평시,남해군
2025-05-25,16.9,17.81142857142857,-0.9114285714285728,-0.10000000000000142,False,0.0,평시,남해군
2025-05-26,16.8,17.791428571428572,-0.9914285714285711,-0.09999999999999787,False,0.0,평시,남해군
2025-05-27,17.0,17.825714285714284,-0.8257142857142838,0.1999999999999993,False,0.0,평시,남해군
2025-05-28,17.2,17.897142857142853,-0.697142857142854,0.1999999999999993,False,0.0,평시,남해군
2025-05-29,17.3,17.997142857142855,-0.697142857142854,0.10000000000000142,False,0.0,평시,남해군
2025-05-30,17.3,18.114285714285714,-0.8142857142857132,0.0,False,0.0,평시,남해군
2025-05-31,17.3,18.302857142857142,-1.0028571428571418,0.0,False,0.0,평시,남해군
2025-06-01,17.5,18.525714285714287,-1.0257142857142867,0.1999999999999993,False,0.0,평시,남해군
2025-06-02,17.5,18.74,-1.2399999999999984,0.0,False,0.0,평시,남해군
2025-06-03,18.2,18.845714285714283,-0.6457142857142841,0.6999999999999993,False,0.0,평시,남해군
2025-06-04,17.9,18.93142857142857,-1.0314285714285703,-0.3000000000000007,False,0.0,평시,남해군
2025-06-05,17.9,19.01142857142857,-1.111428571428572,0.0,False,0.0,평시,남해군
2025-06-06,17.8,19.125714285714285,-1.3257142857142838,-0.09999999999999787,False,0.0,평시,남해군
2025-06-07,17.9,19.205714285714283,-1.3057142857142843,0.09999999999999787,False,0.0,평시,남해군
2025-06-08,17.8,19.288571428571426,-1.4885714285714258,-0.09999999999999787,False,0.0,평시,남해군
2025-06-09,17.9,19.422857142857143,-1.522857142857145,0.09999999999999787,False,0.0,평시,남해군
2025-06-10,17.9,19.602857142857143,-1.7028571428571446,0.0,False,0.0,평시,남해군
2025-06-11,18.2,19.765714285714285,-1.5657142857142858,0.3000000000000007,False,0.0,평시,남해군
2025-06-12,18.5,19.931428571428572,-1.4314285714285724,0.3000000000000007,False,0.0,평시,남해군
2025-06-13,18.8,20.011428571428574,-1.2114285714285735,0.3000000000000007,False,0.0,평시,남해군
2025-06-14,19.2,20.08571428571429,-0.8857142857142897,0.3999999999999986,False,0.0,평시,남해군
2025-06-15,19.0,20.16,-1.1600000000000001,-0.1999999999999993,False,0.0,평시,남해군
2025-06-16,18.1,20.21428571428572,-2.1142857142857174,-0.8999999999999986,False,0.0,평시,남해군
2025-06-17,18.2,20.297142857142855,-2.097142857142856,0.09999999999999787,False,0.0,평시,남해군
2025-06-18,19.0,20.342857142857145,-1.3428571428571452,0.8000000000000007,False,0.0,평시,남해군
2025-06-19,19.2,20.368571428571432,-1.1685714285714326,0.1999999999999993,False,0.0,평시,남해군
2025-06-20,19.4,20.43714285714286,-1.037142857142861,0.1999999999999993,False,0.0,평시,남해군
2025-06-21,17.2,20.517142857142858,-3.3171428571428585,-2.1999999999999993,False,0.0,평시,남해군
2025-06-22,18.2,20.577142857142857,-2.3771428571428572,1.0,False,0.0,평시,남해군
2025-06-23,19.6,20.599999999999998,-0.9999999999999964,1.4000000000000021,False,0.0,평시,남해군
2025-06-24,20.4,20.597142857142856,-0.1971428571428575,0.7999999999999972,False,0.0,평시,남해군
2025-06-25,19.8,20.657142857142862,-0.8571428571428612,-0.5999999999999979,False,0.0,평시,남해군
2025-06-26,18.8,20.711428571428574,-1.9114285714285728,-1.0,False,0.0,평시,남해군
2025-06-27,19.7,20.702857142857145,-1.0028571428571453,0.8999999999999986,False,0.0,평시,남해군
2025-06-28,19.7,20.80285714285714,-1.1028571428571396,0.0,False,0.0,평시,남해군
2025-06-29,19.6,20.965714285714284,-1.365714285714283,-0.09999999999999787,False,0.0,평시,남해군
2025-06-30,19.8,21.165714285714287,-1.3657142857142865,0.1999999999999993,False,0.0,평시,남해군
2025-07-01,19.9,21.322857142857142,-1.4228571428571435,0.09999999999999787,False,0.0,평시,남해군
2025-07-02,20.2,21.428571428571427,-1.2285714285714278,0.3000000000000007,False,0.0,평시,남해군
2025-07-03,20.3,21.540000000000003,-1.240000000000002,0.10000000000000142,False,0.0,평시,남해군
2025-07-04,20.2,21.702857142857145,-1.5028571428571453,-0.10000000000000142,False,0.0,평시,남해군
2025-07-05,19.9,21.791428571428572,-1.8914285714285732,-0.3000000000000007,False,0.0,평시,남해군
2025-07-06,19.7,21.802941176470586,-2.102941176470587,-0.1999999999999993,False,0.0,평시,남해군
2025-07-07,20.5,21.769696969696973,-1.269696969696973,0.8000000000000007,False,0.0,평시,남해군
2025-07-08,21.8,21.875,-0.07499999999999929,1.3000000000000007,False,0.0,평시,남해군
2025-07-09,22.7,22.0625,0.6374999999999993,0.8999999999999986,False,0.0,평시,남해군
2025-07-10,23.0,22.240625,0.7593749999999986,0.3000000000000007,False,0.0,평시,남해군
2025-07-11,25.0,22.362499999999997,2.637500000000003,2.0,False,2.0,주의보,남해군
2025-07-12,24.7,22.40625,2.2937499999999993,-0.3000000000000007,False,2.0,주의보,남해군
2025-07-13,24.2,22.533333333333335,1.6666666666666643,-0.5,False,0.0,평시,남해군
2025-07-14,24.0,22.700000000000003,1.2999999999999972,-0.1999999999999993,False,0.0,평시,남해군
2025-07-15,23.6,22.73714285714286,0.8628571428571412,-0.3999999999999986,False,0.0,평시,남해군
2025-07-16,23.6,22.748571428571427,0.8514285714285741,0.0,False,0.0,평시,남해군
2025-07-17,23.5,22.831428571428567,0.6685714285714326,-0.10000000000000142,False,0.0,평시,남해군
2025-07-18,23.8,22.92,0.879999999999999,0.3000000000000007,False,0.0,평시,남해군
2025-07-19,24.0,23.057142857142857,0.9428571428571431,0.1999999999999993,False,0.0,평시,남해군
2025-07-20,24.5,23.10285714285714,1.3971428571428604,0.5,False,0.0,평시,남해군
2025-07-21,24.7,23.108571428571423,1.591428571428576,0.1999999999999993,False,0.0,평시,남해군
2025-07-22,24.8,23.177142857142854,1.6228571428571463,0.10000000000000142,False,0.0,평시,남해군
2025-07-23,24.8,23.299999999999997,1.5000000000000036,0.0,False,0.0,평시,남해군
2025-07-24,24.9,23.379999999999995,1.5200000000000031,0.09999999999999787,False,0.0,평시,남해군
2025-07-25,25.0,23.52285714285714,1.4771428571428586,0.10000000000000142,False,0.0,평시,남해군
2025-07-26,25.3,23.65714285714286,1.6428571428571423,0.3000000000000007,False,0.0,평시,남해군
2025-07-27,25.4,23.808571428571426,1.5914285714285725,0.09999999999999787,False,0.0,평시,남해군
2025-07-28,25.5,23.968571428571426,1.5314285714285738,0.10000000000000142,False,0.0,평시,남해군
2025-07-29,26.1,24.080000000000002,2.0199999999999996,0.6000000000000014,False,2.0,주의보,남해군
2025-07-30,26.6,24.125714285714285,2.474285714285717,0.5,False,2.0,주의보,남해군
2025-07-31,26.6,24.15428571428571,2.445714285714292,0.0,False,2.0,주의보,남해군
2025-08-01,26.9,24.151428571428568,2.748571428571431,0.29999999999999716,False,2.0,주의보,남해군
2025-08-02,26.3,24.217142857142857,2.0828571428571436,-0.5999999999999979,False,2.0,주의보,남해군
2025-08-03,25.9,24.274285714285714,1.6257142857142846,-0.40000000000000213,False,0.0,평시,남해군
2025-08-04,24.3,24.374285714285712,-0.07428571428571118,-1.5999999999999979,False,0.0,평시,남해군
2025-08-05,25.7,24.568571428571428,1.1314285714285717,1.3999999999999986,False,0.0,평시,남해군
2025-08-06,25.3,24.78,0.5199999999999996,-0.3999999999999986,False,0.0,평시,남해군
2025-08-07,25.5,24.94857142857143,0.5514285714285698,0.1999999999999993,False,0.0,평시,남해군
2025-08-08,26.4,25.120000000000005,1.279999999999994,0.8999999999999986,False,0.0,평시,남해군
2025-08-09,25.7,25.19428571428572,0.50571428571428,-0.6999999999999993,False,0.0,평시,남해군
2025-08-10,25.6,25.260000000000005,0.3399999999999963,-0.09999999999999787,False,0.0,평시,남해군
2025-08-11,25.2,25.279999999999998,-0.0799999999999983,-0.40000000000000213,False,0.0,평시,남해군
2025-08-12,25.2,25.245714285714282,-0.04571428571428271,0.0,False,0.0,평시,남해군
2025-08-13,24.3,25.231428571428573,-0.9314285714285724,-0.8999999999999986,False,0.0,평시,남해군
2025-08-14,23.8,25.29714285714286,-1.4971428571428582,-0.5,False,0.0,평시,남해군
2025-08-15,23.7,25.388571428571424,-1.688571428571425,-0.10000000000000142,False,0.0,평시,남해군
2025-08-16,23.7,25.482857142857142,-1.782857142857143,0.0,False,0.0,평시,남해군
2025-08-17,23.4,25.554285714285715,-2.1542857142857166,-0.3000000000000007,False,0.0,평시,남해군
2025-08-18,23.4,25.66857142857143,-2.2685714285714305,0.0,False,0.0,평시,남해군
2025-08-19,23.1,25.75142857142857,-2.6514285714285677,-0.29999999999999716,False,0.0,평시,남해군
2025-08-20,22.9,25.77714285714286,-2.8771428571428608,-0.20000000000000284,False,0.0,평시,남해군
2025-08-21,23.5,25.77428571428571,-2.2742857142857105,0.6000000000000014,False,0.0,평시,남해군
2025-08-22,23.4,25.757142857142856,-2.3571428571428577,-0.10000000000000142,False,0.0,평시,남해군
2025-08-23,22.9,25.70857142857143,-2.808571428571433,-0.5,False,0.0,평시,남해군
2025-08-24,22.8,25.71714285714286,-2.91714285714286,-0.09999999999999787,False,0.0,평시,남해군
2025-08-25,22.6,25.71142857142857,-3.1114285714285685,-0.1999999999999993,False,0.0,평시,남해군
2025-08-26,22.2,25.658823529411762,-3.458823529411763,-0.40000000000000213,False,0.0,평시,남해군
2025-08-27,22.6,25.61212121212121,-3.012121212121208,0.40000000000000213,False,0.0,평시,남해군
2025-08-28,22.8,25.549999999999997,-2.7499999999999964,0.1999999999999993,False,0.0,평시,남해군
2025-08-29,22.3,25.477419354838712,-3.1774193548387117,-0.5,False,0.0,평시,남해군
2025-08-30,22.1,25.41,-3.3099999999999987,-0.1999999999999993,False,0.0,평시,남해군
2025-08-31,22.1,25.33103448275862,-3.23103448275862,0.0,False,0.0,평시,남해군
2025-09-01,22.0,25.317857142857143,-3.317857142857143,-0.10000000000000142,False,0.0,평시,남해군
2025-09-02,21.8,25.410714285714285,-3.610714285714284,-0.1999999999999993,False,0.0,평시,남해군
2025-09-03,22.7,25.49642857142857,-2.796428571428571,0.8999999999999986,False,0.0,평시,남해군
2025-09-04,24.3,25.54642857142857,-1.24642857142857,1.6000000000000014,False,0.0,평시,남해군
2025-09-05,24.4,25.653571428571432,-1.2535714285714334,0.09999999999999787,False,0.0,평시,남해군
2025-09-06,23.2,25.821428571428577,-2.621428571428577,-1.1999999999999993,False,0.0,평시,남해군
2025-09-07,22.5,25.946428571428573,-3.446428571428573,-0.6999999999999993,False,0.0,평시,남해군
2025-09-08,24.0,25.97857142857143,-1.9785714285714313,1.5,False,0.0,평시,남해군
2025-09-09,24.7,25.971428571428568,-1.2714285714285687,0.6999999999999993,False,0.0,평시,남해군
2025-09-10,24.3,25.974999999999994,-1.6749999999999936,-0.3999999999999986,False,0.0,평시,남해군
2025-09-11,24.0,25.989285714285717,-1.9892857142857174,-0.3000000000000007,False,0.0,평시,남해군
2025-09-12,23.8,25.971428571428568,-2.1714285714285673,-0.1999999999999993,False,0.0,평시,남해군
2025-09-13,23.1,25.928571428571434,-2.8285714285714327,-0.6999999999999993,False,0.0,평시,남해군
2025-09-14,22.7,25.907142857142855,-3.2071428571428555,-0.40000000000000213,False,0.0,평시,남해군
2025-09-15,23.0,25.932142857142853,-2.9321428571428534,0.3000000000000007,False,0.0,평시,남해군
2025-09-16,23.0,25.985714285714288,-2.9857142857142875,0.0,False,0.0,평시,남해군
2025-09-17,22.9,26.03214285714285,-3.1321428571428527,-0.10000000000000142,False,0.0,평시,남해군
2025-09-18,23.8,26.007142857142856,-2.2071428571428555,0.9000000000000021,False,0.0,평시,남해군
2025-09-19,24.5,25.960714285714285,-1.4607142857142854,0.6999999999999993,False,0.0,평시,남해군
2025-09-20,24.4,25.889285714285712,-1.4892857142857139,-0.10000000000000142,False,0.0,평시,남해군
2025-09-21,24.3,25.767857142857142,-1.4678571428571416,-0.09999999999999787,False,0.0,평시,남해군
2025-09-22,24.2,25.57857142857143,-1.37857142857143,-0.10000000000000142,False,0.0,평시,남해군
2025-09-23,24.0,25.367857142857144,-1.3678571428571438,-0.1999999999999993,False,0.0,평시,남해군
2025-09-24,24.0,25.196428571428577,-1.1964285714285765,0.0,False,0.0,평시,남해군
2025-09-25,24.0,25.125000000000004,-1.1250000000000036,0.0,False,0.0,평시,남해군
2025-09-26,24.1,25.046428571428574,-0.946428571428573,0.10000000000000142,False,0.0,평시,남해군
2025-09-27,24.2,24.97142857142857,-0.7714285714285722,0.09999999999999787,False,0.0,평시,남해군
2025-09-28,24.3,24.93214285714286,-0.6321428571428598,0.10000000000000142,False,0.0,평시,남해군
2025-09-29,24.2,24.900000000000006,-0.7000000000000064,-0.10000000000000142,False,0.0,평시,남해군
2025-09-30,24.2,24.828571428571433,-0.6285714285714334,0.0,False,0.0,평시,남해군
2025-10-01,24.2,24.70357142857143,-0.5035714285714299,0.0,False,0.0,평시,남해군
2025-10-02,24.1,24.560714285714287,-0.4607142857142854,-0.09999999999999787,False,0.0,평시,남해군
2025-10-03,23.8,24.403448275862072,-0.6034482758620712,-0.3000000000000007,False,0.0,평시,남해군
2025-10-04,23.6,24.233333333333334,-0.6333333333333329,-0.1999999999999993,False,0.0,평시,남해군
2025-10-05,23.7,24.05806451612903,-0.3580645161290299,0.09999999999999787,False,0.0,평시,남해군
2025-10-06,23.8,23.8875,-0.08749999999999858,0.10000000000000142,False,0.0,평시,남해군
2025-10-07,23.8,23.742424242424242,0.0575757575757585,0.0,False,0.0,평시,남해군
2025-10-08,23.7,23.623529411764704,0.07647058823529562,-0.10000000000000142,False,0.0,평시,남해군
2025-10-09,23.6,23.497142857142858,0.1028571428571432,-0.09999999999999787,False,0.0,평시,남해군
2025-10-10,23.4,23.348571428571425,0.05142857142857338,-0.20000000000000284,False,0.0,평시,남해군
2025-10-11,23.4,23.22,0.17999999999999972,0.0,False,0.0,평시,남해군
2025-10-12,23.4,23.1,0.29999999999999716,0.0,False,0.0,평시,남해군
2025-10-13,23.4,22.99142857142857,0.4085714285714275,0.0,False,0.0,평시,남해군
2025-10-14,23.4,22.868571428571432,0.5314285714285667,0.0,False,0.0,평시,남해군
2025-10-15,23.2,22.74,0.46000000000000085,-0.1999999999999993,False,0.0,평시,남해군
2025-10-16,23.2,22.60571428571429,0.5942857142857108,0.0,False,0.0,평시,남해군
2025-10-17,23.1,22.457142857142856,0.6428571428571459,-0.09999999999999787,False,0.0,평시,남해군
2025-10-18,23.3,22.274285714285714,1.0257142857142867,0.1999999999999993,False,0.0,평시,남해군
2025-10-19,23.0,22.07428571428571,0.9257142857142888,-0.3000000000000007,False,0.0,평시,남해군
2025-10-20,22.8,21.88,0.9200000000000017,-0.1999999999999993,False,0.0,평시,남해군
2025-10-21,22.6,21.685714285714287,0.9142857142857146,-0.1999999999999993,False,0.0,평시,남해군
2025-10-22,22.4,21.48,0.9199999999999982,-0.20000000000000284,False,0.0,평시,남해군
2025-10-23,22.4,21.28857142857143,1.1114285714285685,0.0,False,0.0,평시,남해군
2025-10-24,22.2,21.108571428571427,1.0914285714285725,-0.1999999999999993,False,0.0,평시,남해군
2025-10-25,22.1,20.968571428571426,1.1314285714285752,-0.09999999999999787,False,0.0,평시,남해군
2025-10-26,22.0,20.834285714285713,1.1657142857142873,-0.10000000000000142,False,0.0,평시,남해군
2025-10-27,21.9,20.69142857142857,1.2085714285714282,-0.10000000000000142,False,0.0,평시,남해군
2025-10-28,21.8,20.57714285714286,1.2228571428571406,-0.09999999999999787,False,0.0,평시,남해군
2025-10-29,21.6,20.474285714285717,1.1257142857142846,-0.1999999999999993,False,0.0,평시,남해군
2025-10-30,21.5,20.351428571428574,1.148571428571426,-0.10000000000000142,False,0.0,평시,남해군
2025-10-31,21.7,20.24,1.4600000000000009,0.1999999999999993,False,0.0,평시,남해군
2025-11-01,21.5,20.125714285714285,1.3742857142857154,-0.1999999999999993,False,0.0,평시,남해군
2025-11-02,21.1,20.022857142857138,1.0771428571428636,-0.3999999999999986,False,0.0,평시,남해군
2025-11-03,20.9,19.902857142857137,0.9971428571428618,-0.20000000000000284,False,0.0,평시,남해군
2025-11-04,20.9,19.76285714285714,1.1371428571428588,0.0,False,0.0,평시,남해군
2025-11-05,20.8,19.62571428571428,1.1742857142857197,-0.09999999999999787,False,0.0,평시,남해군
2025-11-06,20.8,19.50857142857143,1.2914285714285718,0.0,False,0.0,평시,남해군
2025-11-07,20.6,19.377142857142854,1.2228571428571477,-0.1999999999999993,False,0.0,평시,남해군
2025-11-08,20.4,19.231428571428573,1.1685714285714255,-0.20000000000000284,False,0.0,평시,남해군
2025-11-09,20.0,19.068571428571424,0.9314285714285759,-0.3999999999999986,False,0.0,평시,남해군
2025-11-10,19.8,18.92,0.879999999999999,-0.1999999999999993,False,0.0,평시,남해군
2025-11-11,19.6,18.77142857142857,0.8285714285714327,-0.1999999999999993,False,0.0,평시,남해군
2025-11-12,19.3,18.61714285714286,0.6828571428571415,-0.3000000000000007,False,0.0,평시,남해군
2025-11-13,19.1,18.462857142857143,0.6371428571428588,-0.1999999999999993,False,0.0,평시,남해군
2025-11-14,19.0,18.31428571428571,0.6857142857142904,-0.10000000000000142,False,0.0,평시,남해군
2025-11-15,18.9,18.14857142857143,0.7514285714285691,-0.10000000000000142,False,0.0,평시,남해군
2025-11-16,18.8,17.98,0.8200000000000003,-0.09999999999999787,False,0.0,평시,남해군
2025-11-17,18.6,17.811428571428568,0.7885714285714336,-0.1999999999999993,False,0.0,평시,남해군
2025-11-18,18.1,17.65142857142857,0.4485714285714302,-0.5,False,0.0,평시,남해군
2025-11-19,17.9,17.497142857142858,0.40285714285714036,-0.20000000000000284,False,0.0,평시,남해군
2025-11-20,17.8,17.337142857142855,0.4628571428571462,-0.09999999999999787,False,0.0,평시,남해군
2025-11-21,17.6,17.202941176470585,0.39705882352941657,-0.1999999999999993,False,0.0,평시,남해군
2025-11-22,17.5,17.08787878787879,0.41212121212121033,-0.10000000000000142,False,0.0,평시,남해군
2025-11-23,17.4,16.94242424242424,0.4575757575757571,-0.10000000000000142,False,0.0,평시,남해군
2025-11-24,17.3,16.7969696969697,0.5030303030303003,-0.09999999999999787,False,0.0,평시,남해군
2025-11-25,17.2,16.63939393939394,0.5606060606060588,-0.10000000000000142,False,0.0,평시,남해군
2025-11-26,17.1,16.481818181818184,0.6181818181818173,-0.09999999999999787,False,0.0,평시,남해군
2025-11-27,16.9,16.318181818181817,0.581818181818182,-0.20000000000000284,False,0.0,평시,남해군
2025-11-28,16.6,16.14117647058824,0.4588235294117631,-0.29999999999999716,False,0.0,평시,남해군
2025-11-29,16.7,15.96285714285714,0.7371428571428584,0.09999999999999787,False,0.0,평시,남해군
2025-11-30,16.6,15.797142857142857,0.8028571428571443,-0.09999999999999787,False,0.0,평시,남해군
2025-12-01,16.6,15.620000000000001,0.9800000000000004,0.0,False,0.0,평시,남해군
2025-12-02,16.3,15.44285714285714,0.8571428571428612,-0.3000000000000007,False,0.0,평시,남해군
2025-12-03,15.9,15.251428571428571,0.6485714285714295,-0.40000000000000036,False,0.0,평시,남해군
2025-12-04,15.6,15.074285714285715,0.5257142857142849,-0.3000000000000007,False,0.0,평시,남해군
2025-12-05,15.3,14.914285714285715,0.3857142857142861,-0.29999999999999893,False,0.0,평시,남해군
2025-12-06,15.2,14.762857142857142,0.4371428571428577,-0.10000000000000142,False,0.0,평시,남해군
2025-12-07,15.2,14.622857142857143,0.5771428571428565,0.0,False,0.0,평시,남해군
2025-12-08,15.0,14.497142857142856,0.5028571428571436,-0.1999999999999993,False,0.0,평시,남해군
2025-12-09,14.6,14.362857142857143,0.23714285714285666,-0.40000000000000036,False,0.0,평시,남해군
2025-12-10,14.4,14.228571428571428,0.1714285714285726,-0.1999999999999993,False,0.0,평시,남해군
2025-12-11,14.4,14.077142857142857,0.32285714285714384,0.0,False,0.0,평시,남해군
2025-12-12,14.0,13.925714285714287,0.07428571428571296,-0.40000000000000036,False,0.0,평시,남해군
2025-12-13,13.9,13.78857142857143,0.11142857142857032,-0.09999999999999964,False,0.0,평시,남해군
2025-12-14,13.6,13.628571428571428,-0.02857142857142847,-0.3000000000000007,False,0.0,평시,남해군
2025-12-15,13.7,13.442857142857141,0.257142857142858,0.09999999999999964,False,0.0,평시,남해군
2025-12-16,13.8,13.262857142857143,0.5371428571428574,0.10000000000000142,False,0.0,평시,남해군
2025-12-17,13.7,13.100000000000001,0.5999999999999979,-0.10000000000000142,False,0.0,평시,남해군
2025-12-18,13.7,12.945714285714287,0.7542857142857127,0.0,False,0.0,평시,남해군
2025-12-19,13.6,12.782857142857143,0.8171428571428567,-0.09999999999999964,False,0.0,평시,남해군
2025-12-20,13.6,12.61142857142857,0.9885714285714293,0.0,False,0.0,평시,남해군
2025-12-21,13.4,12.474285714285715,0.9257142857142853,-0.1999999999999993,False,0.0,평시,남해군
2025-12-22,13.0,12.360000000000001,0.6399999999999988,-0.40000000000000036,False,0.0,평시,남해군
2025-12-23,13.0,12.248571428571429,0.7514285714285709,0.0,False,0.0,평시,남해군
2025-12-24,13.0,12.128571428571428,0.8714285714285719,0.0,False,0.0,평시,남해군
2025-12-25,12.9,12.037142857142856,0.8628571428571448,-0.09999999999999964,False,0.0,평시,남해군
2025-12-26,12.5,11.962857142857143,0.5371428571428574,-0.40000000000000036,False,0.0,평시,남해군
2025-12-27,12.2,11.871428571428572,0.3285714285714274,-0.3000000000000007,False,0.0,평시,남해군
2025-12-28,12.7,11.754285714285714,0.9457142857142848,0.5,False,0.0,평시,남해군
2025-12-29,13.0,11.616666666666667,1.3833333333333329,0.3000000000000007,False,0.0,평시,남해군
2025-12-30,12.8,11.475,1.325000000000001,-0.1999999999999993,False,0.0,평시,남해군
2025-12-31,12.5,11.341666666666667,1.1583333333333332,-0.3000000000000007,False,0.0,평시,남해군
2026-01-01,12.4,11.183333333333332,1.2166666666666686,-0.09999999999999964,False,0.0,평시,남해군
