¡ˆ¡°,¡ˆ¡°∏Ì,¿œΩ√,±‚ø¬(°∆C),±‚ø¬ QC«√∑°±◊,∞≠ºˆ∑Æ(mm),∞≠ºˆ∑Æ QC«√∑°±◊,«≥º”(m/s),«≥º” QC«√∑°±◊,«≥«‚(16πÊ¿ß),«≥«‚ QC«√∑°±◊,¿œªÁ(MJ/m2),¿œªÁ QC«√∑°±◊
262,∞Ì»Ô,2026-01-01 00:00,-4.9,,,,2.3,,320,,,
262,∞Ì»Ô,2026-01-01 01:00,-5.0,,,,1.1,,20,,,
262,∞Ì»Ô,2026-01-01 02:00,-5.5,,,,1.6,,340,,,
262,∞Ì»Ô,2026-01-01 03:00,-5.5,,,,2.3,,340,,,
262,∞Ì»Ô,2026-01-01 04:00,-4.8,,,,1.8,,340,,,
262,∞Ì»Ô,2026-01-01 05:00,-4.9,,,,2.0,,290,,,
262,∞Ì»Ô,2026-01-01 06:00,-6.0,,,,0.9,,110,,,
262,∞Ì»Ô,2026-01-01 07:00,-5.6,,,,2.8,,320,,,
262,∞Ì»Ô,2026-01-01 08:00,-5.4,,,,1.7,,360,,0.01,
262,∞Ì»Ô,2026-01-01 09:00,-3.8,,,,2.5,,340,,0.18,
262,∞Ì»Ô,2026-01-01 10:00,-3.0,,,,2.3,,340,,0.46,
262,∞Ì»Ô,2026-01-01 11:00,-2.1,,,,2.9,,340,,0.68,
262,∞Ì»Ô,2026-01-01 12:00,-1.1,,,,3.2,,340,,0.88,
262,∞Ì»Ô,2026-01-01 13:00,0.1,,,,4.0,,340,,1.13,
262,∞Ì»Ô,2026-01-01 14:00,0.3,,,,4.9,,340,,1.32,
262,∞Ì»Ô,2026-01-01 15:00,0.1,,,,4.1,,340,,0.98,
262,∞Ì»Ô,2026-01-01 16:00,0.5,,,,4.3,,340,,0.83,
262,∞Ì»Ô,2026-01-01 17:00,-0.7,,,,2.4,,340,,0.42,
262,∞Ì»Ô,2026-01-01 18:00,-2.2,,,,1.7,,340,,0.03,
262,∞Ì»Ô,2026-01-01 19:00,-2.4,,,,2.2,,320,,,
262,∞Ì»Ô,2026-01-01 20:00,-3.2,,,,1.4,,320,,,
262,∞Ì»Ô,2026-01-01 21:00,-3.9,,,,1.7,,320,,,
262,∞Ì»Ô,2026-01-01 22:00,-4.4,,,,1.5,,320,,,
262,∞Ì»Ô,2026-01-01 23:00,-2.9,,,,2.6,,340,,,
262,∞Ì»Ô,2026-01-02 00:00,-3.7,,,,1.7,,340,,,
262,∞Ì»Ô,2026-01-02 01:00,-5.6,,,,0.8,,340,,,
262,∞Ì»Ô,2026-01-02 02:00,-7.0,,,,0.5,,360,,,
262,∞Ì»Ô,2026-01-02 03:00,-5.9,,,,1.2,,340,,,
262,∞Ì»Ô,2026-01-02 04:00,-5.6,,,,1.4,,340,,,
262,∞Ì»Ô,2026-01-02 05:00,-6.2,,,9.0,1.6,,320,,,
262,∞Ì»Ô,2026-01-02 06:00,-6.7,,0.0,,1.7,,320,,,
262,∞Ì»Ô,2026-01-02 07:00,-5.6,,,9.0,3.1,,320,,,
262,∞Ì»Ô,2026-01-02 08:00,-6.4,,,9.0,2.3,,320,,0.01,
262,∞Ì»Ô,2026-01-02 09:00,-4.2,,,9.0,2.7,,340,,0.18,
262,∞Ì»Ô,2026-01-02 10:00,-1.7,,,9.0,2.5,,360,,0.95,
262,∞Ì»Ô,2026-01-02 11:00,-0.9,,,9.0,5.5,,340,,1.61,
262,∞Ì»Ô,2026-01-02 12:00,0.1,,,9.0,6.1,,320,,2.03,
262,∞Ì»Ô,2026-01-02 13:00,0.4,,,9.0,7.7,,320,,2.2,
262,∞Ì»Ô,2026-01-02 14:00,1.3,,,9.0,6.4,,340,,2.09,
262,∞Ì»Ô,2026-01-02 15:00,1.3,,,9.0,6.3,,320,,1.71,
262,∞Ì»Ô,2026-01-02 16:00,1.6,,,9.0,4.4,,320,,1.14,
262,∞Ì»Ô,2026-01-02 17:00,-0.4,,,9.0,3.6,,340,,0.44,
262,∞Ì»Ô,2026-01-02 18:00,-1.3,,,9.0,4.9,,320,,0.03,
262,∞Ì»Ô,2026-01-02 19:00,-1.4,,,9.0,2.9,,340,,,
262,∞Ì»Ô,2026-01-02 20:00,-1.1,,,9.0,4.4,,340,,,
262,∞Ì»Ô,2026-01-02 21:00,-0.8,,0.0,,2.4,,360,,,
262,∞Ì»Ô,2026-01-02 22:00,-0.6,,,9.0,2.9,,340,,,
262,∞Ì»Ô,2026-01-02 23:00,-0.3,,,9.0,4.0,,340,,,
262,∞Ì»Ô,2026-01-03 00:00,-0.7,,0.0,,4.8,,340,,,
262,∞Ì»Ô,2026-01-03 01:00,-0.8,,,,4.6,,340,,,
262,∞Ì»Ô,2026-01-03 02:00,-1.0,,,,4.6,,320,,,
262,∞Ì»Ô,2026-01-03 03:00,-1.2,,,,4.6,,320,,,
262,∞Ì»Ô,2026-01-03 04:00,-2.0,,,,1.4,,360,,,
262,∞Ì»Ô,2026-01-03 05:00,-2.7,,,,2.0,,340,,,
262,∞Ì»Ô,2026-01-03 06:00,-2.8,,,,1.1,,360,,,
262,∞Ì»Ô,2026-01-03 07:00,-4.4,,,,0.4,,0,,,
262,∞Ì»Ô,2026-01-03 08:00,-4.0,,,,1.4,,340,,0.01,
262,∞Ì»Ô,2026-01-03 09:00,-0.4,,,,1.8,,340,,0.22,
262,∞Ì»Ô,2026-01-03 10:00,1.6,,,,3.0,,320,,1.03,
262,∞Ì»Ô,2026-01-03 11:00,4.6,,,,3.4,,360,,1.58,
262,∞Ì»Ô,2026-01-03 12:00,5.6,,,,3.1,,320,,1.86,
262,∞Ì»Ô,2026-01-03 13:00,5.0,,,,4.5,,290,,0.88,
262,∞Ì»Ô,2026-01-03 14:00,6.0,,,,6.4,,290,,1.35,
262,∞Ì»Ô,2026-01-03 15:00,5.6,,,,4.6,,320,,1.66,
262,∞Ì»Ô,2026-01-03 16:00,5.3,,,,4.3,,340,,0.98,
262,∞Ì»Ô,2026-01-03 17:00,3.6,,,,2.8,,340,,0.29,
262,∞Ì»Ô,2026-01-03 18:00,2.5,,,,2.9,,320,,0.02,
262,∞Ì»Ô,2026-01-03 19:00,1.5,,,,2.5,,320,,,
262,∞Ì»Ô,2026-01-03 20:00,-0.7,,,,0.8,,360,,,
262,∞Ì»Ô,2026-01-03 21:00,-1.3,,,,0.6,,20,,,
262,∞Ì»Ô,2026-01-03 22:00,-2.2,,,,0.6,,360,,,
262,∞Ì»Ô,2026-01-03 23:00,-3.3,,,,0.7,,360,,,
262,∞Ì»Ô,2026-01-04 00:00,-2.2,,,,1.2,,270,,,
262,∞Ì»Ô,2026-01-04 01:00,-1.5,,,,1.2,,320,,,
262,∞Ì»Ô,2026-01-04 02:00,-2.3,,,,0.8,,50,,,
262,∞Ì»Ô,2026-01-04 03:00,-3.9,,,,0.6,,70,,,
262,∞Ì»Ô,2026-01-04 04:00,-4.3,,,,0.7,,360,,,
262,∞Ì»Ô,2026-01-04 05:00,-3.8,,,,0.8,,20,,,
262,∞Ì»Ô,2026-01-04 06:00,-4.2,,,,0.6,,50,,,
262,∞Ì»Ô,2026-01-04 07:00,-3.8,,,,0.5,,360,,,
262,∞Ì»Ô,2026-01-04 08:00,-3.5,,,,0.5,,340,,0.01,
262,∞Ì»Ô,2026-01-04 09:00,-1.3,,,,0.5,,70,,0.14,
262,∞Ì»Ô,2026-01-04 10:00,5.2,,,,2.2,,320,,0.93,
262,∞Ì»Ô,2026-01-04 11:00,6.8,,,,2.6,,340,,1.46,
262,∞Ì»Ô,2026-01-04 12:00,7.5,,,,4.6,,290,,1.87,
262,∞Ì»Ô,2026-01-04 13:00,9.0,,,,4.5,,340,,2.04,
262,∞Ì»Ô,2026-01-04 14:00,9.2,,,,4.7,,340,,1.83,
262,∞Ì»Ô,2026-01-04 15:00,9.1,,,,4.3,,320,,1.55,
262,∞Ì»Ô,2026-01-04 16:00,8.4,,,,3.5,,320,,0.96,
262,∞Ì»Ô,2026-01-04 17:00,6.8,,,,3.2,,320,,0.28,
262,∞Ì»Ô,2026-01-04 18:00,5.7,,,,2.4,,320,,0.05,
262,∞Ì»Ô,2026-01-04 19:00,5.3,,,,2.1,,290,,,
262,∞Ì»Ô,2026-01-04 20:00,5.0,,,,2.3,,320,,,
262,∞Ì»Ô,2026-01-04 21:00,4.5,,,,2.1,,320,,,
262,∞Ì»Ô,2026-01-04 22:00,4.5,,,,1.6,,290,,,
262,∞Ì»Ô,2026-01-04 23:00,4.6,,,,2.1,,290,,,
262,∞Ì»Ô,2026-01-05 00:00,4.5,,,,3.4,,320,,,
262,∞Ì»Ô,2026-01-05 01:00,4.5,,,,3.4,,290,,,
262,∞Ì»Ô,2026-01-05 02:00,4.1,,,,2.2,,340,,,
262,∞Ì»Ô,2026-01-05 03:00,4.3,,,,3.6,,340,,,
262,∞Ì»Ô,2026-01-05 04:00,4.1,,,,3.8,,340,,,
262,∞Ì»Ô,2026-01-05 05:00,3.5,,,,2.0,,320,,,
262,∞Ì»Ô,2026-01-05 06:00,3.1,,,,2.6,,320,,,
262,∞Ì»Ô,2026-01-05 07:00,3.3,,,,3.1,,340,,,
262,∞Ì»Ô,2026-01-05 08:00,3.0,,,,2.1,,320,,0.01,
262,∞Ì»Ô,2026-01-05 09:00,3.5,,,,3.1,,340,,0.19,
262,∞Ì»Ô,2026-01-05 10:00,5.5,,,,2.9,,340,,1.0,
262,∞Ì»Ô,2026-01-05 11:00,6.7,,,,3.4,,360,,1.22,
262,∞Ì»Ô,2026-01-05 12:00,6.7,,,,5.7,,320,,1.39,
262,∞Ì»Ô,2026-01-05 13:00,6.7,,,,5.0,,320,,1.54,
262,∞Ì»Ô,2026-01-05 14:00,8.1,,,,4.5,,340,,1.8,
262,∞Ì»Ô,2026-01-05 15:00,8.3,,,,5.9,,290,,1.9,
262,∞Ì»Ô,2026-01-05 16:00,7.1,,,,4.3,,320,,0.93,
262,∞Ì»Ô,2026-01-05 17:00,5.0,,,,3.0,,340,,0.34,
262,∞Ì»Ô,2026-01-05 18:00,2.9,,,,2.5,,320,,0.04,
262,∞Ì»Ô,2026-01-05 19:00,1.9,,,,4.9,,320,,,
262,∞Ì»Ô,2026-01-05 20:00,0.8,,,,3.0,,320,,,
262,∞Ì»Ô,2026-01-05 21:00,-0.5,,,,3.1,,320,,,
262,∞Ì»Ô,2026-01-05 22:00,-0.6,,,,2.5,,340,,,
262,∞Ì»Ô,2026-01-05 23:00,-1.5,,,,1.7,,340,,,
262,∞Ì»Ô,2026-01-06 00:00,-2.4,,,,0.9,,50,,,
262,∞Ì»Ô,2026-01-06 01:00,-2.5,,,,0.9,,360,,,
262,∞Ì»Ô,2026-01-06 02:00,-2.3,,,,2.7,,290,,,
262,∞Ì»Ô,2026-01-06 03:00,-3.0,,,,0.9,,320,,,
262,∞Ì»Ô,2026-01-06 04:00,-2.7,,,,1.2,,340,,,
262,∞Ì»Ô,2026-01-06 05:00,-2.2,,,,3.0,,340,,,
262,∞Ì»Ô,2026-01-06 06:00,-2.5,,,,2.1,,360,,,
262,∞Ì»Ô,2026-01-06 07:00,-2.6,,,,1.6,,360,,,
262,∞Ì»Ô,2026-01-06 08:00,-3.6,,,,0.9,,180,,0.01,
262,∞Ì»Ô,2026-01-06 09:00,-1.1,,,,0.4,,0,,0.26,
262,∞Ì»Ô,2026-01-06 10:00,3.0,,,,2.4,,320,,1.11,
262,∞Ì»Ô,2026-01-06 11:00,5.1,,,,3.0,,320,,1.69,
262,∞Ì»Ô,2026-01-06 12:00,6.6,,,,3.2,,320,,2.11,
262,∞Ì»Ô,2026-01-06 13:00,8.9,,,,1.9,,270,,2.29,
262,∞Ì»Ô,2026-01-06 14:00,9.0,,,,3.3,,290,,2.16,
262,∞Ì»Ô,2026-01-06 15:00,9.6,,,,3.0,,320,,1.8,
262,∞Ì»Ô,2026-01-06 16:00,8.4,,,,1.4,,70,,1.06,
262,∞Ì»Ô,2026-01-06 17:00,6.4,,,,1.8,,340,,0.4,
262,∞Ì»Ô,2026-01-06 18:00,4.1,,,,1.0,,360,,0.03,
262,∞Ì»Ô,2026-01-06 19:00,4.4,,,,4.5,,320,,,
262,∞Ì»Ô,2026-01-06 20:00,3.9,,,,4.3,,290,,,
262,∞Ì»Ô,2026-01-06 21:00,2.7,,,,4.0,,320,,,
262,∞Ì»Ô,2026-01-06 22:00,1.2,,,,1.0,,340,,,
262,∞Ì»Ô,2026-01-06 23:00,0.4,,,,0.8,,360,,,
262,∞Ì»Ô,2026-01-07 00:00,-0.3,,,,0.3,,0,,,
262,∞Ì»Ô,2026-01-07 01:00,-0.7,,,,0.7,,340,,,
262,∞Ì»Ô,2026-01-07 02:00,-0.9,,,,0.8,,360,,,
262,∞Ì»Ô,2026-01-07 03:00,-2.1,,,,0.6,,320,,,
262,∞Ì»Ô,2026-01-07 04:00,-2.6,,,,0.4,,0,,,
262,∞Ì»Ô,2026-01-07 05:00,-2.8,,,,0.8,,20,,,
262,∞Ì»Ô,2026-01-07 06:00,-3.6,,,,0.3,,0,,,
262,∞Ì»Ô,2026-01-07 07:00,-3.2,,,,0.7,,360,,,
262,∞Ì»Ô,2026-01-07 08:00,-1.4,,,,1.1,,200,,0.0,
262,∞Ì»Ô,2026-01-07 09:00,1.8,,,,0.9,,200,,0.17,
262,∞Ì»Ô,2026-01-07 10:00,6.4,,,,2.2,,320,,0.63,
262,∞Ì»Ô,2026-01-07 11:00,6.9,,,,6.5,,320,,1.1,
262,∞Ì»Ô,2026-01-07 12:00,8.1,,,,4.5,,320,,1.47,
262,∞Ì»Ô,2026-01-07 13:00,8.3,,,,6.1,,320,,1.82,
262,∞Ì»Ô,2026-01-07 14:00,8.1,,,,3.7,,320,,1.49,
262,∞Ì»Ô,2026-01-07 15:00,6.8,,,,2.9,,340,,0.85,
262,∞Ì»Ô,2026-01-07 16:00,5.8,,,,4.5,,340,,0.48,
262,∞Ì»Ô,2026-01-07 17:00,4.9,,,,4.5,,340,,0.38,
262,∞Ì»Ô,2026-01-07 18:00,3.4,,,,5.3,,340,,0.03,
262,∞Ì»Ô,2026-01-07 19:00,2.6,,,,4.9,,340,,,
262,∞Ì»Ô,2026-01-07 20:00,1.6,,,,2.9,,340,,,
262,∞Ì»Ô,2026-01-07 21:00,0.8,,,,1.7,,360,,,
262,∞Ì»Ô,2026-01-07 22:00,0.8,,,,2.1,,360,,,
262,∞Ì»Ô,2026-01-07 23:00,0.7,,,,2.1,,340,,,
262,∞Ì»Ô,2026-01-08 00:00,0.8,,,,3.1,,360,,,
262,∞Ì»Ô,2026-01-08 01:00,0.8,,,,5.0,,320,,,
262,∞Ì»Ô,2026-01-08 02:00,0.1,,,,2.3,,360,,,
262,∞Ì»Ô,2026-01-08 03:00,-0.2,,,,2.8,,340,,,
262,∞Ì»Ô,2026-01-08 04:00,-0.9,,,,1.7,,360,,,
262,∞Ì»Ô,2026-01-08 05:00,-1.5,,,,1.9,,360,,,
262,∞Ì»Ô,2026-01-08 06:00,-2.7,,,,1.2,,340,,,
262,∞Ì»Ô,2026-01-08 07:00,-2.7,,,,1.8,,360,,,
262,∞Ì»Ô,2026-01-08 08:00,-2.7,,,,2.7,,340,,0.01,
262,∞Ì»Ô,2026-01-08 09:00,-0.7,,,,3.7,,320,,0.26,
262,∞Ì»Ô,2026-01-08 10:00,0.7,,,,3.8,,340,,1.12,
262,∞Ì»Ô,2026-01-08 11:00,2.2,,,,3.0,,360,,1.69,
262,∞Ì»Ô,2026-01-08 12:00,2.3,,,,4.5,,320,,2.12,
262,∞Ì»Ô,2026-01-08 13:00,2.7,,,,5.0,,290,,2.31,
262,∞Ì»Ô,2026-01-08 14:00,3.7,,,,5.5,,320,,2.2,
262,∞Ì»Ô,2026-01-08 15:00,3.9,,,,6.0,,320,,1.86,
262,∞Ì»Ô,2026-01-08 16:00,3.8,,,,4.6,,320,,1.29,
262,∞Ì»Ô,2026-01-08 17:00,1.6,,,,5.1,,320,,0.51,
262,∞Ì»Ô,2026-01-08 18:00,0.0,,,,3.4,,320,,0.03,
262,∞Ì»Ô,2026-01-08 19:00,-1.4,,,,2.8,,320,,,
262,∞Ì»Ô,2026-01-08 20:00,-2.3,,,,2.3,,320,,,
262,∞Ì»Ô,2026-01-08 21:00,-2.5,,,,2.1,,320,,,
262,∞Ì»Ô,2026-01-08 22:00,-3.3,,,,2.0,,340,,,
262,∞Ì»Ô,2026-01-08 23:00,-3.8,,,,1.5,,340,,,
262,∞Ì»Ô,2026-01-09 00:00,-3.8,,,,1.0,,360,,,
262,∞Ì»Ô,2026-01-09 01:00,-5.5,,,,0.5,,270,,,
262,∞Ì»Ô,2026-01-09 02:00,-6.6,,,,0.5,,90,,,
262,∞Ì»Ô,2026-01-09 03:00,-7.2,,,,0.4,,0,,,
262,∞Ì»Ô,2026-01-09 04:00,-7.6,,,,0.4,,0,,,
262,∞Ì»Ô,2026-01-09 05:00,-6.8,,,,0.6,,20,,,
262,∞Ì»Ô,2026-01-09 06:00,-6.1,,,,0.7,,50,,,
262,∞Ì»Ô,2026-01-09 07:00,-6.8,,,,0.3,,0,,,
262,∞Ì»Ô,2026-01-09 08:00,-7.3,,,,0.4,,0,,0.01,
262,∞Ì»Ô,2026-01-09 09:00,-3.7,,,,0.3,,0,,0.32,
262,∞Ì»Ô,2026-01-09 10:00,4.0,,,,1.5,,160,,1.3,
262,∞Ì»Ô,2026-01-09 11:00,4.9,,,,2.1,,250,,1.67,
262,∞Ì»Ô,2026-01-09 12:00,5.6,,,,3.4,,250,,2.03,
262,∞Ì»Ô,2026-01-09 13:00,6.2,,,,3.3,,290,,2.25,
262,∞Ì»Ô,2026-01-09 14:00,6.6,,,,4.4,,270,,2.16,
262,∞Ì»Ô,2026-01-09 15:00,8.2,,,,2.9,,200,,1.76,
262,∞Ì»Ô,2026-01-09 16:00,7.9,,,,2.7,,270,,0.96,
262,∞Ì»Ô,2026-01-09 17:00,6.7,,,,3.3,,270,,0.34,
262,∞Ì»Ô,2026-01-09 18:00,5.2,,,,0.6,,110,,0.02,
262,∞Ì»Ô,2026-01-09 19:00,3.5,,,,0.2,,0,,,
262,∞Ì»Ô,2026-01-09 20:00,1.1,,,,0.6,,20,,,
262,∞Ì»Ô,2026-01-09 21:00,-0.4,,,,0.2,,0,,,
262,∞Ì»Ô,2026-01-09 22:00,-1.1,,,,1.1,,250,,,
262,∞Ì»Ô,2026-01-09 23:00,-1.6,,,,0.4,,0,,,
262,∞Ì»Ô,2026-01-10 00:00,-1.1,,,,1.0,,140,,,
262,∞Ì»Ô,2026-01-10 01:00,-0.6,,,,1.0,,110,,,
262,∞Ì»Ô,2026-01-10 02:00,6.7,,,,1.1,,320,,,
262,∞Ì»Ô,2026-01-10 03:00,6.6,,,,1.2,,180,,,
262,∞Ì»Ô,2026-01-10 04:00,7.9,,,,2.0,,180,,,
262,∞Ì»Ô,2026-01-10 05:00,8.5,,,,2.9,,230,,,
262,∞Ì»Ô,2026-01-10 06:00,9.4,,,,3.4,,340,,,
262,∞Ì»Ô,2026-01-10 07:00,9.9,,,,3.7,,270,,,
262,∞Ì»Ô,2026-01-10 08:00,9.8,,,,3.7,,340,,0.01,
262,∞Ì»Ô,2026-01-10 09:00,10.3,,,,4.2,,270,,0.25,
262,∞Ì»Ô,2026-01-10 10:00,10.9,,,,4.5,,250,,0.76,
262,∞Ì»Ô,2026-01-10 11:00,11.1,,,,5.3,,200,,1.08,
262,∞Ì»Ô,2026-01-10 12:00,11.0,,,,6.0,,230,,1.73,
262,∞Ì»Ô,2026-01-10 13:00,10.0,,,,5.6,,200,,2.02,
262,∞Ì»Ô,2026-01-10 14:00,9.5,,,,4.8,,200,,1.95,
262,∞Ì»Ô,2026-01-10 15:00,8.6,,,,5.7,,340,,1.64,
262,∞Ì»Ô,2026-01-10 16:00,7.3,,,,4.3,,20,,1.14,
262,∞Ì»Ô,2026-01-10 17:00,5.3,,,,5.9,,340,,0.43,
262,∞Ì»Ô,2026-01-10 18:00,4.7,,,,4.7,,360,,0.04,
262,∞Ì»Ô,2026-01-10 19:00,3.9,,,,4.7,,360,,,
262,∞Ì»Ô,2026-01-10 20:00,2.6,,,,5.4,,340,,,
262,∞Ì»Ô,2026-01-10 21:00,1.3,,0.0,,5.7,,320,,,
262,∞Ì»Ô,2026-01-10 22:00,1.0,,,9.0,4.9,,340,,,
262,∞Ì»Ô,2026-01-10 23:00,0.0,,,9.0,3.7,,320,,,
262,∞Ì»Ô,2026-01-11 00:00,0.2,,0.0,,5.5,,340,,,
262,∞Ì»Ô,2026-01-11 01:00,-1.1,,,9.0,4.0,,320,,,
262,∞Ì»Ô,2026-01-11 02:00,-1.7,,,9.0,3.6,,290,,,
262,∞Ì»Ô,2026-01-11 03:00,-1.7,,0.4,,3.5,,290,,,
262,∞Ì»Ô,2026-01-11 04:00,-1.6,,,9.0,3.4,,320,,,
262,∞Ì»Ô,2026-01-11 05:00,-2.3,,,9.0,1.0,,20,,,
262,∞Ì»Ô,2026-01-11 06:00,-2.2,,0.4,,1.7,,250,,,
262,∞Ì»Ô,2026-01-11 07:00,-3.3,,,9.0,2.4,,340,,,
262,∞Ì»Ô,2026-01-11 08:00,-4.2,,,9.0,0.4,,0,,0.01,
262,∞Ì»Ô,2026-01-11 09:00,-2.3,,0.7,,0.6,,360,,0.25,
262,∞Ì»Ô,2026-01-11 10:00,-0.7,,,9.0,1.6,,320,,1.2,
262,∞Ì»Ô,2026-01-11 11:00,0.1,,,9.0,2.1,,340,,1.48,
262,∞Ì»Ô,2026-01-11 12:00,0.1,,,9.0,3.1,,340,,2.16,
262,∞Ì»Ô,2026-01-11 13:00,0.8,,,9.0,3.4,,320,,2.27,
262,∞Ì»Ô,2026-01-11 14:00,0.6,,,9.0,5.6,,290,,2.16,
262,∞Ì»Ô,2026-01-11 15:00,1.6,,,9.0,5.3,,290,,1.81,
262,∞Ì»Ô,2026-01-11 16:00,1.3,,,9.0,5.3,,320,,1.27,
262,∞Ì»Ô,2026-01-11 17:00,-0.6,,,9.0,3.6,,320,,0.54,
262,∞Ì»Ô,2026-01-11 18:00,-1.7,,,9.0,3.2,,320,,0.04,
262,∞Ì»Ô,2026-01-11 19:00,-2.3,,,9.0,3.2,,320,,,
262,∞Ì»Ô,2026-01-11 20:00,-3.3,,,9.0,1.7,,320,,,
262,∞Ì»Ô,2026-01-11 21:00,-2.6,,,9.0,2.6,,320,,,
262,∞Ì»Ô,2026-01-11 22:00,-3.9,,,9.0,1.1,,360,,,
262,∞Ì»Ô,2026-01-11 23:00,-5.7,,,9.0,0.8,,360,,,
262,∞Ì»Ô,2026-01-12 00:00,-6.4,,,9.0,1.0,,320,,,
262,∞Ì»Ô,2026-01-12 01:00,-7.7,,,,0.4,,0,,,
262,∞Ì»Ô,2026-01-12 02:00,-8.3,,,,0.3,,0,,,
262,∞Ì»Ô,2026-01-12 03:00,-8.9,,,,0.4,,0,,,
262,∞Ì»Ô,2026-01-12 04:00,-9.3,,,,0.3,,0,,,
262,∞Ì»Ô,2026-01-12 05:00,-8.5,,,,0.3,,0,,,
262,∞Ì»Ô,2026-01-12 06:00,-6.5,,,,0.5,,200,,,
262,∞Ì»Ô,2026-01-12 07:00,-6.1,,,,0.4,,0,,,
262,∞Ì»Ô,2026-01-12 08:00,-5.9,,,,0.2,,0,,0.0,
262,∞Ì»Ô,2026-01-12 09:00,-2.6,,,,0.5,,230,,0.26,
262,∞Ì»Ô,2026-01-12 10:00,2.3,,,,0.6,,180,,1.42,
262,∞Ì»Ô,2026-01-12 11:00,4.1,,,,1.6,,340,,1.75,
262,∞Ì»Ô,2026-01-12 12:00,3.5,,,,2.3,,270,,1.05,
262,∞Ì»Ô,2026-01-12 13:00,4.8,,,,3.6,,290,,1.57,
262,∞Ì»Ô,2026-01-12 14:00,5.6,,,,4.0,,270,,1.27,
262,∞Ì»Ô,2026-01-12 15:00,6.6,,,,1.8,,270,,1.16,
262,∞Ì»Ô,2026-01-12 16:00,6.7,,,,1.2,,180,,0.66,
262,∞Ì»Ô,2026-01-12 17:00,6.0,,,,0.9,,180,,0.42,
262,∞Ì»Ô,2026-01-12 18:00,3.6,,,,0.4,,0,,0.06,
262,∞Ì»Ô,2026-01-12 19:00,1.6,,,,0.4,,0,,,
262,∞Ì»Ô,2026-01-12 20:00,0.7,,,,0.6,,360,,,
262,∞Ì»Ô,2026-01-12 21:00,0.3,,,,0.6,,180,,,
262,∞Ì»Ô,2026-01-12 22:00,-0.3,,,,0.6,,50,,,
262,∞Ì»Ô,2026-01-12 23:00,-0.6,,,,0.4,,0,,,
262,∞Ì»Ô,2026-01-13 00:00,0.6,,,,0.8,,50,,,
262,∞Ì»Ô,2026-01-13 01:00,7.1,,,9.0,2.4,,90,,,
262,∞Ì»Ô,2026-01-13 02:00,8.5,,,9.0,4.6,,200,,,
262,∞Ì»Ô,2026-01-13 03:00,7.7,,0.0,,3.1,,180,,,
262,∞Ì»Ô,2026-01-13 04:00,7.0,,,9.0,2.5,,340,,,
262,∞Ì»Ô,2026-01-13 05:00,6.1,,,9.0,3.5,,340,,,
262,∞Ì»Ô,2026-01-13 06:00,4.1,,,9.0,2.2,,320,,,
262,∞Ì»Ô,2026-01-13 07:00,4.8,,,9.0,2.5,,320,,,
262,∞Ì»Ô,2026-01-13 08:00,4.4,,,9.0,2.7,,320,,0.01,
262,∞Ì»Ô,2026-01-13 09:00,5.5,,,9.0,2.1,,50,,0.29,
262,∞Ì»Ô,2026-01-13 10:00,6.8,,,9.0,4.0,,320,,1.02,
262,∞Ì»Ô,2026-01-13 11:00,7.3,,,9.0,5.7,,290,,1.56,
262,∞Ì»Ô,2026-01-13 12:00,7.9,,,9.0,7.1,,320,,1.94,
262,∞Ì»Ô,2026-01-13 13:00,7.9,,,9.0,6.8,,320,,2.25,
262,∞Ì»Ô,2026-01-13 14:00,7.5,,,9.0,6.9,,290,,1.95,
262,∞Ì»Ô,2026-01-13 15:00,7.3,,,9.0,5.2,,320,,1.67,
262,∞Ì»Ô,2026-01-13 16:00,7.0,,,9.0,4.8,,320,,1.15,
262,∞Ì»Ô,2026-01-13 17:00,5.0,,,9.0,4.6,,340,,0.53,
262,∞Ì»Ô,2026-01-13 18:00,3.5,,,9.0,3.8,,320,,0.04,
262,∞Ì»Ô,2026-01-13 19:00,2.2,,,9.0,4.1,,320,,,
262,∞Ì»Ô,2026-01-13 20:00,1.2,,,9.0,2.9,,320,,,
262,∞Ì»Ô,2026-01-13 21:00,0.7,,,9.0,3.5,,320,,,
262,∞Ì»Ô,2026-01-13 22:00,-0.3,,,9.0,2.4,,320,,,
262,∞Ì»Ô,2026-01-13 23:00,-0.9,,,9.0,2.9,,320,,,
262,∞Ì»Ô,2026-01-14 00:00,-1.4,,,9.0,2.2,,340,,,
262,∞Ì»Ô,2026-01-14 01:00,-3.0,,,,1.2,,50,,,
262,∞Ì»Ô,2026-01-14 02:00,-3.3,,,,1.6,,340,,,
262,∞Ì»Ô,2026-01-14 03:00,-3.1,,,,1.3,,290,,,
262,∞Ì»Ô,2026-01-14 04:00,-4.1,,,,1.1,,340,,,
262,∞Ì»Ô,2026-01-14 05:00,-3.7,,,,1.0,,340,,,
262,∞Ì»Ô,2026-01-14 06:00,-4.5,,,,0.9,,70,,,
262,∞Ì»Ô,2026-01-14 07:00,-5.0,,,,0.8,,70,,,
262,∞Ì»Ô,2026-01-14 08:00,-5.6,,,,0.7,,70,,0.01,
262,∞Ì»Ô,2026-01-14 09:00,-2.9,,,,0.2,,0,,0.27,
262,∞Ì»Ô,2026-01-14 10:00,2.0,,,,1.0,,180,,0.96,
262,∞Ì»Ô,2026-01-14 11:00,4.6,,,,1.3,,230,,1.51,
262,∞Ì»Ô,2026-01-14 12:00,5.9,,,,2.2,,320,,1.86,
262,∞Ì»Ô,2026-01-14 13:00,7.4,,,,3.0,,320,,2.01,
262,∞Ì»Ô,2026-01-14 14:00,9.3,,,,1.3,,270,,1.89,
262,∞Ì»Ô,2026-01-14 15:00,10.1,,,,1.7,,160,,1.57,
262,∞Ì»Ô,2026-01-14 16:00,8.4,,,,2.0,,160,,1.02,
262,∞Ì»Ô,2026-01-14 17:00,7.3,,,,0.6,,160,,0.45,
262,∞Ì»Ô,2026-01-14 18:00,4.6,,,,0.5,,200,,0.04,
262,∞Ì»Ô,2026-01-14 19:00,2.0,,,,0.4,,0,,,
262,∞Ì»Ô,2026-01-14 20:00,1.2,,,,0.7,,50,,,
262,∞Ì»Ô,2026-01-14 21:00,1.4,,,,0.4,,0,,,
262,∞Ì»Ô,2026-01-14 22:00,2.9,,,,1.3,,340,,,
262,∞Ì»Ô,2026-01-14 23:00,2.8,,,,1.0,,360,,,
262,∞Ì»Ô,2026-01-15 00:00,3.0,,,,1.6,,340,,,
262,∞Ì»Ô,2026-01-15 01:00,2.7,,,,0.6,,200,,,
262,∞Ì»Ô,2026-01-15 02:00,3.7,,,,0.9,,110,,,
262,∞Ì»Ô,2026-01-15 03:00,3.8,,,,0.9,,20,,,
262,∞Ì»Ô,2026-01-15 04:00,5.1,,,,1.1,,270,,,
262,∞Ì»Ô,2026-01-15 05:00,3.7,,,,0.4,,0,,,
262,∞Ì»Ô,2026-01-15 06:00,3.2,,,,0.8,,360,,,
262,∞Ì»Ô,2026-01-15 07:00,4.0,,,,1.0,,200,,,
262,∞Ì»Ô,2026-01-15 08:00,11.1,,,,1.5,,200,,0.01,
262,∞Ì»Ô,2026-01-15 09:00,12.8,,,,2.4,,140,,0.3,
262,∞Ì»Ô,2026-01-15 10:00,13.7,,,,1.6,,90,,0.51,
262,∞Ì»Ô,2026-01-15 11:00,14.4,,,,5.7,,290,,0.75,
262,∞Ì»Ô,2026-01-15 12:00,16.3,,,,2.7,,250,,1.46,
262,∞Ì»Ô,2026-01-15 13:00,17.0,,,,3.2,,230,,1.86,
262,∞Ì»Ô,2026-01-15 14:00,17.3,,,,2.5,,230,,1.87,
262,∞Ì»Ô,2026-01-15 15:00,17.6,,,,3.1,,250,,1.54,
262,∞Ì»Ô,2026-01-15 16:00,16.2,,,,3.4,,270,,1.09,
262,∞Ì»Ô,2026-01-15 17:00,14.8,,,,2.7,,180,,0.48,
262,∞Ì»Ô,2026-01-15 18:00,12.4,,,,2.4,,320,,0.07,
262,∞Ì»Ô,2026-01-15 19:00,11.4,,,,4.9,,290,,,
262,∞Ì»Ô,2026-01-15 20:00,9.2,,,,3.5,,340,,,
262,∞Ì»Ô,2026-01-15 21:00,8.8,,,,1.9,,320,,,
262,∞Ì»Ô,2026-01-15 22:00,4.9,,,,1.3,,20,,,
262,∞Ì»Ô,2026-01-15 23:00,3.1,,,,0.9,,50,,,
262,∞Ì»Ô,2026-01-16 00:00,3.0,,,,1.0,,20,,,
262,∞Ì»Ô,2026-01-16 01:00,1.7,,,,0.4,,0,,,
262,∞Ì»Ô,2026-01-16 02:00,0.8,,,,0.6,,20,,,
262,∞Ì»Ô,2026-01-16 03:00,0.0,,,,1.1,,340,,,
262,∞Ì»Ô,2026-01-16 04:00,-0.9,,,,1.2,,340,,,
262,∞Ì»Ô,2026-01-16 05:00,-1.8,,,,0.4,,0,,,
262,∞Ì»Ô,2026-01-16 06:00,-2.2,,,,0.6,,70,,,
262,∞Ì»Ô,2026-01-16 07:00,-3.1,,,,0.5,,290,,,
262,∞Ì»Ô,2026-01-16 08:00,-3.3,,,,0.3,,0,,0.02,
262,∞Ì»Ô,2026-01-16 09:00,0.2,,,,0.4,,0,,0.29,
262,∞Ì»Ô,2026-01-16 10:00,7.1,,,,0.4,,0,,1.0,
262,∞Ì»Ô,2026-01-16 11:00,11.1,,,,1.9,,320,,1.67,
262,∞Ì»Ô,2026-01-16 12:00,13.1,,,,2.7,,320,,2.05,
262,∞Ì»Ô,2026-01-16 13:00,14.4,,,,1.7,,320,,2.2,
262,∞Ì»Ô,2026-01-16 14:00,16.4,,,,1.6,,230,,2.13,
262,∞Ì»Ô,2026-01-16 15:00,16.0,,,,2.2,,270,,1.82,
262,∞Ì»Ô,2026-01-16 16:00,16.2,,,,1.6,,230,,1.27,
262,∞Ì»Ô,2026-01-16 17:00,12.8,,,,1.1,,250,,0.57,
262,∞Ì»Ô,2026-01-16 18:00,8.7,,,,0.8,,90,,0.06,
262,∞Ì»Ô,2026-01-16 19:00,5.5,,,,0.3,,0,,,
262,∞Ì»Ô,2026-01-16 20:00,3.5,,,,0.3,,0,,,
262,∞Ì»Ô,2026-01-16 21:00,2.0,,,,0.4,,0,,,
262,∞Ì»Ô,2026-01-16 22:00,1.1,,,,0.6,,180,,,
262,∞Ì»Ô,2026-01-16 23:00,0.9,,,,1.0,,20,,,
262,∞Ì»Ô,2026-01-17 00:00,0.6,,,,1.0,,250,,,
262,∞Ì»Ô,2026-01-17 01:00,0.2,,,,0.6,,90,,,
262,∞Ì»Ô,2026-01-17 02:00,1.2,,,,1.3,,50,,,
262,∞Ì»Ô,2026-01-17 03:00,1.5,,,,0.6,,340,,,
262,∞Ì»Ô,2026-01-17 04:00,-0.1,,,,0.3,,0,,,
262,∞Ì»Ô,2026-01-17 05:00,-0.5,,,,0.8,,180,,,
262,∞Ì»Ô,2026-01-17 06:00,5.8,,,,1.8,,360,,,
262,∞Ì»Ô,2026-01-17 07:00,3.4,,,,0.4,,0,,,
262,∞Ì»Ô,2026-01-17 08:00,2.0,,,,0.8,,360,,0.02,
262,∞Ì»Ô,2026-01-17 09:00,6.0,,,,2.7,,290,,0.27,
262,∞Ì»Ô,2026-01-17 10:00,7.1,,,,3.2,,320,,0.88,
262,∞Ì»Ô,2026-01-17 11:00,8.0,,,,4.7,,290,,1.43,
262,∞Ì»Ô,2026-01-17 12:00,8.4,,,,3.2,,320,,1.54,
262,∞Ì»Ô,2026-01-17 13:00,10.7,,,,2.2,,250,,1.96,
262,∞Ì»Ô,2026-01-17 14:00,11.6,,,,2.2,,200,,1.8,
262,∞Ì»Ô,2026-01-17 15:00,12.6,,,,2.0,,320,,1.73,
262,∞Ì»Ô,2026-01-17 16:00,13.1,,,,1.8,,270,,1.21,
262,∞Ì»Ô,2026-01-17 17:00,10.9,,,,1.1,,320,,0.55,
262,∞Ì»Ô,2026-01-17 18:00,6.2,,,,0.4,,0,,0.06,
262,∞Ì»Ô,2026-01-17 19:00,3.3,,,,0.2,,0,,,
262,∞Ì»Ô,2026-01-17 20:00,1.8,,,,0.6,,200,,,
262,∞Ì»Ô,2026-01-17 21:00,0.6,,,,0.5,,340,,,
262,∞Ì»Ô,2026-01-17 22:00,-0.6,,,,0.2,,0,,,
262,∞Ì»Ô,2026-01-17 23:00,-1.5,,,,0.3,,0,,,
262,∞Ì»Ô,2026-01-18 00:00,-2.0,,,,0.3,,0,,,
262,∞Ì»Ô,2026-01-18 01:00,-2.2,,,,0.3,,0,,,
262,∞Ì»Ô,2026-01-18 02:00,-2.4,,,,0.3,,0,,,
262,∞Ì»Ô,2026-01-18 03:00,-2.5,,,,0.4,,0,,,
262,∞Ì»Ô,2026-01-18 04:00,-2.7,,,,0.3,,0,,,
262,∞Ì»Ô,2026-01-18 05:00,-2.5,,,,0.4,,0,,,
262,∞Ì»Ô,2026-01-18 06:00,-2.7,,,,0.5,,340,,,
262,∞Ì»Ô,2026-01-18 07:00,-2.3,,,,0.5,,250,,,
262,∞Ì»Ô,2026-01-18 08:00,-1.9,,,,0.5,,200,,0.01,
262,∞Ì»Ô,2026-01-18 09:00,1.1,,,,0.8,,180,,0.31,
262,∞Ì»Ô,2026-01-18 10:00,8.4,,,,1.0,,200,,0.91,
262,∞Ì»Ô,2026-01-18 11:00,12.0,,,,2.8,,180,,1.45,
262,∞Ì»Ô,2026-01-18 12:00,13.1,,,,3.4,,180,,1.87,
262,∞Ì»Ô,2026-01-18 13:00,14.7,,,,2.8,,180,,2.02,
262,∞Ì»Ô,2026-01-18 14:00,15.2,,,,2.4,,180,,1.91,
262,∞Ì»Ô,2026-01-18 15:00,14.8,,,,2.6,,160,,1.58,
262,∞Ì»Ô,2026-01-18 16:00,14.1,,,,1.8,,160,,1.06,
262,∞Ì»Ô,2026-01-18 17:00,12.2,,,,1.8,,160,,0.5,
262,∞Ì»Ô,2026-01-18 18:00,10.0,,,,0.9,,160,,0.07,
262,∞Ì»Ô,2026-01-18 19:00,7.0,,,,0.4,,0,,,
262,∞Ì»Ô,2026-01-18 20:00,5.4,,,,0.6,,320,,,
262,∞Ì»Ô,2026-01-18 21:00,4.1,,,,0.8,,230,,,
262,∞Ì»Ô,2026-01-18 22:00,3.4,,,,0.5,,180,,,
262,∞Ì»Ô,2026-01-18 23:00,2.9,,,,0.5,,290,,,
262,∞Ì»Ô,2026-01-19 00:00,2.5,,,,0.8,,320,,,
262,∞Ì»Ô,2026-01-19 01:00,1.9,,,,0.4,,0,,,
262,∞Ì»Ô,2026-01-19 02:00,2.3,,,,1.0,,340,,,
262,∞Ì»Ô,2026-01-19 03:00,2.3,,,,0.7,,20,,,
262,∞Ì»Ô,2026-01-19 04:00,2.4,,,,0.4,,0,,,
262,∞Ì»Ô,2026-01-19 05:00,2.0,,,,0.8,,360,,,
262,∞Ì»Ô,2026-01-19 06:00,4.6,,,,2.9,,290,,,
262,∞Ì»Ô,2026-01-19 07:00,3.0,,,,0.7,,180,,,
262,∞Ì»Ô,2026-01-19 08:00,3.5,,,,3.0,,340,,0.02,
262,∞Ì»Ô,2026-01-19 09:00,4.4,,,,4.2,,340,,0.21,
262,∞Ì»Ô,2026-01-19 10:00,4.8,,,,3.6,,290,,0.37,
262,∞Ì»Ô,2026-01-19 11:00,5.8,,,,3.5,,340,,0.84,
262,∞Ì»Ô,2026-01-19 12:00,5.0,,,,9.2,,320,,1.61,
262,∞Ì»Ô,2026-01-19 13:00,4.4,,,,9.6,,320,,1.36,
262,∞Ì»Ô,2026-01-19 14:00,3.1,,,,7.6,,290,,1.06,
262,∞Ì»Ô,2026-01-19 15:00,3.1,,,,5.6,,320,,0.63,
262,∞Ì»Ô,2026-01-19 16:00,3.1,,,,2.2,,340,,0.4,
262,∞Ì»Ô,2026-01-19 17:00,2.2,,,,2.9,,360,,0.21,
262,∞Ì»Ô,2026-01-19 18:00,0.6,,,,4.6,,320,,0.06,
262,∞Ì»Ô,2026-01-19 19:00,0.0,,,,3.5,,340,,,
262,∞Ì»Ô,2026-01-19 20:00,-0.6,,,,3.6,,340,,,
262,∞Ì»Ô,2026-01-19 21:00,-0.8,,,,4.4,,320,,,
262,∞Ì»Ô,2026-01-19 22:00,-1.1,,,,4.8,,340,,,
262,∞Ì»Ô,2026-01-19 23:00,-1.5,,,,4.0,,340,,,
262,∞Ì»Ô,2026-01-20 00:00,-1.7,,,,4.0,,340,,,
262,∞Ì»Ô,2026-01-20 01:00,-1.9,,,,4.9,,340,,,
262,∞Ì»Ô,2026-01-20 02:00,-2.1,,,,2.8,,340,,,
262,∞Ì»Ô,2026-01-20 03:00,-2.3,,,,5.8,,320,,,
262,∞Ì»Ô,2026-01-20 04:00,-2.6,,,,2.4,,340,,,
262,∞Ì»Ô,2026-01-20 05:00,-2.8,,,,3.1,,340,,,
262,∞Ì»Ô,2026-01-20 06:00,-3.0,,,,2.4,,360,,,
262,∞Ì»Ô,2026-01-20 07:00,-3.1,,,,3.0,,340,,,
262,∞Ì»Ô,2026-01-20 08:00,-3.0,,,,2.0,,340,,0.01,
262,∞Ì»Ô,2026-01-20 09:00,-2.1,,,,2.7,,340,,0.22,
262,∞Ì»Ô,2026-01-20 10:00,-1.0,,,,3.3,,340,,0.6,
262,∞Ì»Ô,2026-01-20 11:00,0.7,,,,3.6,,340,,1.43,
262,∞Ì»Ô,2026-01-20 12:00,3.2,,,,4.5,,340,,2.15,
262,∞Ì»Ô,2026-01-20 13:00,4.3,,,,3.9,,340,,2.33,
262,∞Ì»Ô,2026-01-20 14:00,4.7,,,,5.6,,340,,2.11,
262,∞Ì»Ô,2026-01-20 15:00,4.3,,,,5.7,,320,,1.79,
262,∞Ì»Ô,2026-01-20 16:00,4.3,,,,3.8,,340,,1.38,
262,∞Ì»Ô,2026-01-20 17:00,1.8,,,,2.3,,290,,0.67,
262,∞Ì»Ô,2026-01-20 18:00,-0.4,,,,2.4,,340,,0.06,
262,∞Ì»Ô,2026-01-20 19:00,-1.7,,,,3.5,,340,,,
262,∞Ì»Ô,2026-01-20 20:00,-1.8,,,,4.6,,320,,,
262,∞Ì»Ô,2026-01-20 21:00,-2.7,,,,3.8,,340,,,
262,∞Ì»Ô,2026-01-20 22:00,-3.0,,,,4.2,,340,,,
262,∞Ì»Ô,2026-01-20 23:00,-3.7,,,,3.1,,340,,,
262,∞Ì»Ô,2026-01-21 00:00,-3.5,,,,3.4,,340,,,
262,∞Ì»Ô,2026-01-21 01:00,-3.8,,,,5.1,,320,,,
262,∞Ì»Ô,2026-01-21 02:00,-3.9,,,,3.6,,340,,,
262,∞Ì»Ô,2026-01-21 03:00,-3.9,,,,3.8,,340,,,
262,∞Ì»Ô,2026-01-21 04:00,-4.0,,,,3.6,,340,,,
262,∞Ì»Ô,2026-01-21 05:00,-4.3,,,,3.1,,360,,,
262,∞Ì»Ô,2026-01-21 06:00,-4.8,,,,1.9,,360,,,
262,∞Ì»Ô,2026-01-21 07:00,-5.8,,,,1.9,,340,,,
262,∞Ì»Ô,2026-01-21 08:00,-5.5,,,,3.2,,320,,0.02,
262,∞Ì»Ô,2026-01-21 09:00,-3.8,,,,5.1,,290,,0.31,
262,∞Ì»Ô,2026-01-21 10:00,-2.5,,,,5.0,,320,,1.05,
262,∞Ì»Ô,2026-01-21 11:00,-0.8,,,,5.9,,320,,1.46,
262,∞Ì»Ô,2026-01-21 12:00,-1.0,,,,5.4,,320,,1.73,
262,∞Ì»Ô,2026-01-21 13:00,0.1,,,,5.9,,320,,2.27,
262,∞Ì»Ô,2026-01-21 14:00,-0.2,,,,6.8,,320,,2.33,
262,∞Ì»Ô,2026-01-21 15:00,-0.5,,,,8.0,,320,,1.95,
262,∞Ì»Ô,2026-01-21 16:00,-0.1,,,,5.1,,340,,1.43,
262,∞Ì»Ô,2026-01-21 17:00,-2.2,,,,4.2,,340,,0.71,
262,∞Ì»Ô,2026-01-21 18:00,-3.9,,,,3.6,,340,,0.06,
262,∞Ì»Ô,2026-01-21 19:00,-4.7,,,,4.0,,340,,,
262,∞Ì»Ô,2026-01-21 20:00,-5.0,,,,3.5,,320,,,
262,∞Ì»Ô,2026-01-21 21:00,-4.6,,,,6.1,,320,,,
262,∞Ì»Ô,2026-01-21 22:00,-4.9,,,,4.9,,320,,,
262,∞Ì»Ô,2026-01-21 23:00,-5.0,,,,4.2,,340,,,
262,∞Ì»Ô,2026-01-22 00:00,-5.1,,,,3.4,,340,,,
262,∞Ì»Ô,2026-01-22 01:00,-5.5,,,,2.8,,320,,,
262,∞Ì»Ô,2026-01-22 02:00,-6.3,,,,1.2,,340,,,
262,∞Ì»Ô,2026-01-22 03:00,-6.1,,,,2.8,,320,,,
262,∞Ì»Ô,2026-01-22 04:00,-6.7,,,,1.1,,340,,,
262,∞Ì»Ô,2026-01-22 05:00,-7.9,,,,1.1,,340,,,
262,∞Ì»Ô,2026-01-22 06:00,-7.8,,,,1.8,,340,,,
262,∞Ì»Ô,2026-01-22 07:00,-7.0,,,,2.9,,320,,,
262,∞Ì»Ô,2026-01-22 08:00,-6.5,,,,4.3,,320,,0.02,
262,∞Ì»Ô,2026-01-22 09:00,-5.0,,,,2.9,,340,,0.22,
262,∞Ì»Ô,2026-01-22 10:00,-3.3,,,,5.4,,320,,0.87,
262,∞Ì»Ô,2026-01-22 11:00,-2.6,,,,6.8,,320,,1.32,
262,∞Ì»Ô,2026-01-22 12:00,-0.5,,,,5.0,,340,,2.0,
262,∞Ì»Ô,2026-01-22 13:00,0.1,,,,4.9,,340,,2.47,
262,∞Ì»Ô,2026-01-22 14:00,0.0,,,,7.3,,320,,2.37,
262,∞Ì»Ô,2026-01-22 15:00,0.2,,,,6.6,,320,,2.0,
262,∞Ì»Ô,2026-01-22 16:00,0.1,,,,6.5,,320,,1.44,
262,∞Ì»Ô,2026-01-22 17:00,-1.2,,,,6.4,,320,,0.71,
262,∞Ì»Ô,2026-01-22 18:00,-2.2,,,,4.2,,320,,0.07,
262,∞Ì»Ô,2026-01-22 19:00,-2.7,,,,4.3,,320,,,
262,∞Ì»Ô,2026-01-22 20:00,-3.2,,,,4.1,,320,,,
262,∞Ì»Ô,2026-01-22 21:00,-3.8,,,,3.2,,320,,,
262,∞Ì»Ô,2026-01-22 22:00,-4.1,,,,3.5,,320,,,
262,∞Ì»Ô,2026-01-22 23:00,-4.9,,,,1.7,,320,,,
262,∞Ì»Ô,2026-01-23 00:00,-4.8,,,,2.0,,340,,,
262,∞Ì»Ô,2026-01-23 01:00,-4.5,,,,1.9,,290,,,
262,∞Ì»Ô,2026-01-23 02:00,-4.7,,,,1.7,,320,,,
262,∞Ì»Ô,2026-01-23 03:00,-4.9,,,,1.5,,340,,,
262,∞Ì»Ô,2026-01-23 04:00,-4.3,,,,2.3,,290,,,
262,∞Ì»Ô,2026-01-23 05:00,-5.7,,,9.0,0.9,,110,,,
262,∞Ì»Ô,2026-01-23 06:00,-7.0,,0.0,,0.3,,0,,,
262,∞Ì»Ô,2026-01-23 07:00,-7.6,,,9.0,0.5,,270,,,
262,∞Ì»Ô,2026-01-23 08:00,-8.2,,,9.0,0.3,,0,,0.02,
262,∞Ì»Ô,2026-01-23 09:00,-4.6,,0.0,,0.6,,70,,0.35,
262,∞Ì»Ô,2026-01-23 10:00,0.5,,,9.0,1.3,,200,,1.12,
262,∞Ì»Ô,2026-01-23 11:00,1.8,,,9.0,1.9,,290,,1.66,
262,∞Ì»Ô,2026-01-23 12:00,3.3,,,9.0,2.5,,250,,2.0,
262,∞Ì»Ô,2026-01-23 13:00,3.6,,,9.0,2.6,,230,,1.98,
262,∞Ì»Ô,2026-01-23 14:00,5.5,,,9.0,3.2,,340,,1.83,
262,∞Ì»Ô,2026-01-23 15:00,4.7,,,9.0,1.5,,340,,0.8,
262,∞Ì»Ô,2026-01-23 16:00,4.0,,,9.0,4.1,,250,,0.65,
262,∞Ì»Ô,2026-01-23 17:00,3.7,,,9.0,2.9,,270,,0.4,
262,∞Ì»Ô,2026-01-23 18:00,3.0,,,9.0,1.3,,50,,0.07,
262,∞Ì»Ô,2026-01-23 19:00,2.4,,,9.0,1.2,,360,,,
262,∞Ì»Ô,2026-01-23 20:00,1.6,,,9.0,0.8,,340,,,
262,∞Ì»Ô,2026-01-23 21:00,1.3,,,9.0,1.3,,180,,,
262,∞Ì»Ô,2026-01-23 22:00,1.7,,,9.0,1.6,,180,,,
262,∞Ì»Ô,2026-01-23 23:00,-0.2,,,9.0,1.2,,290,,,
262,∞Ì»Ô,2026-01-24 00:00,-1.5,,,9.0,0.6,,340,,,
262,∞Ì»Ô,2026-01-24 01:00,-2.8,,,,0.8,,50,,,
262,∞Ì»Ô,2026-01-24 02:00,-0.8,,,9.0,1.2,,290,,,
262,∞Ì»Ô,2026-01-24 03:00,-0.2,,0.0,,1.2,,180,,,
262,∞Ì»Ô,2026-01-24 04:00,0.0,,,9.0,1.3,,340,,,
262,∞Ì»Ô,2026-01-24 05:00,1.1,,,9.0,2.7,,340,,,
262,∞Ì»Ô,2026-01-24 06:00,1.0,,,9.0,2.4,,360,,,
262,∞Ì»Ô,2026-01-24 07:00,1.6,,,9.0,3.5,,320,,,
262,∞Ì»Ô,2026-01-24 08:00,1.0,,,9.0,2.1,,360,,0.01,
262,∞Ì»Ô,2026-01-24 09:00,1.2,,,9.0,3.8,,340,,0.25,
262,∞Ì»Ô,2026-01-24 10:00,2.0,,,9.0,3.9,,340,,0.9,
262,∞Ì»Ô,2026-01-24 11:00,2.2,,,9.0,5.1,,320,,1.54,
262,∞Ì»Ô,2026-01-24 12:00,2.7,,,9.0,5.0,,320,,1.91,
262,∞Ì»Ô,2026-01-24 13:00,3.7,,,9.0,5.5,,320,,2.38,
262,∞Ì»Ô,2026-01-24 14:00,3.9,,,9.0,5.7,,340,,2.33,
262,∞Ì»Ô,2026-01-24 15:00,4.2,,,9.0,5.0,,320,,1.97,
262,∞Ì»Ô,2026-01-24 16:00,3.9,,,9.0,4.1,,320,,1.4,
262,∞Ì»Ô,2026-01-24 17:00,2.2,,,9.0,3.7,,320,,0.72,
262,∞Ì»Ô,2026-01-24 18:00,0.4,,,9.0,2.2,,320,,0.08,
262,∞Ì»Ô,2026-01-24 19:00,-0.4,,,9.0,3.0,,320,,,
262,∞Ì»Ô,2026-01-24 20:00,-0.7,,,9.0,4.2,,320,,,
262,∞Ì»Ô,2026-01-24 21:00,-1.7,,,9.0,2.5,,340,,,
262,∞Ì»Ô,2026-01-24 22:00,-2.2,,,9.0,2.1,,340,,,
262,∞Ì»Ô,2026-01-24 23:00,-2.7,,,9.0,1.2,,340,,,
262,∞Ì»Ô,2026-01-25 00:00,-3.6,,,9.0,0.8,,360,,,
262,∞Ì»Ô,2026-01-25 01:00,-4.4,,,,0.5,,70,,,
262,∞Ì»Ô,2026-01-25 02:00,-4.8,,,,0.8,,340,,,
262,∞Ì»Ô,2026-01-25 03:00,-5.0,,,,0.8,,320,,,
262,∞Ì»Ô,2026-01-25 04:00,-4.0,,,9.0,1.3,,320,,,
262,∞Ì»Ô,2026-01-25 05:00,-2.5,,,9.0,1.8,,340,,,
262,∞Ì»Ô,2026-01-25 06:00,-3.4,,0.0,,1.1,,340,,,
262,∞Ì»Ô,2026-01-25 07:00,-3.4,,,9.0,3.1,,320,,,
262,∞Ì»Ô,2026-01-25 08:00,-3.9,,,9.0,0.9,,320,,0.0,
262,∞Ì»Ô,2026-01-25 09:00,-1.7,,,9.0,2.2,,320,,0.26,
262,∞Ì»Ô,2026-01-25 10:00,0.0,,,9.0,3.9,,320,,1.14,
262,∞Ì»Ô,2026-01-25 11:00,1.2,,,9.0,5.0,,290,,1.8,
262,∞Ì»Ô,2026-01-25 12:00,2.1,,,9.0,5.6,,290,,2.12,
262,∞Ì»Ô,2026-01-25 13:00,3.0,,,9.0,6.7,,290,,2.03,
262,∞Ì»Ô,2026-01-25 14:00,3.9,,,9.0,4.9,,320,,2.27,
262,∞Ì»Ô,2026-01-25 15:00,4.6,,,9.0,4.0,,320,,1.76,
262,∞Ì»Ô,2026-01-25 16:00,4.3,,,9.0,6.4,,290,,1.54,
262,∞Ì»Ô,2026-01-25 17:00,2.9,,,9.0,4.0,,290,,0.77,
262,∞Ì»Ô,2026-01-25 18:00,1.3,,,9.0,4.0,,290,,0.09,
262,∞Ì»Ô,2026-01-25 19:00,0.0,,,9.0,4.1,,320,,,
262,∞Ì»Ô,2026-01-25 20:00,-0.8,,,9.0,3.4,,340,,,
262,∞Ì»Ô,2026-01-25 21:00,-2.2,,,9.0,1.8,,360,,,
262,∞Ì»Ô,2026-01-25 22:00,-4.1,,,9.0,0.4,,0,,,
262,∞Ì»Ô,2026-01-25 23:00,-5.3,,,9.0,0.3,,0,,,
262,∞Ì»Ô,2026-01-26 00:00,-6.2,,,9.0,0.7,,290,,,
262,∞Ì»Ô,2026-01-26 01:00,-6.9,,,,0.8,,180,,,
262,∞Ì»Ô,2026-01-26 02:00,-7.7,,,,0.5,,20,,,
262,∞Ì»Ô,2026-01-26 03:00,-8.4,,,,0.3,,0,,,
262,∞Ì»Ô,2026-01-26 04:00,-9.1,,,,0.6,,290,,,
262,∞Ì»Ô,2026-01-26 05:00,-9.6,,,,0.5,,230,,,
262,∞Ì»Ô,2026-01-26 06:00,-9.4,,,,0.5,,180,,,
262,∞Ì»Ô,2026-01-26 07:00,-9.4,,,,0.4,,0,,,
262,∞Ì»Ô,2026-01-26 08:00,-9.5,,,,0.4,,0,,0.02,
262,∞Ì»Ô,2026-01-26 09:00,-4.5,,,,0.8,,70,,0.31,
262,∞Ì»Ô,2026-01-26 10:00,0.7,,,,0.7,,290,,1.15,
262,∞Ì»Ô,2026-01-26 11:00,1.4,,,,0.9,,320,,1.18,
262,∞Ì»Ô,2026-01-26 12:00,2.2,,,,1.3,,320,,0.8,
262,∞Ì»Ô,2026-01-26 13:00,2.5,,,,2.0,,290,,0.96,
262,∞Ì»Ô,2026-01-26 14:00,3.3,,,,1.4,,270,,0.73,
262,∞Ì»Ô,2026-01-26 15:00,3.3,,,,1.6,,320,,0.6,
262,∞Ì»Ô,2026-01-26 16:00,3.1,,,,2.6,,320,,0.37,
262,∞Ì»Ô,2026-01-26 17:00,3.0,,,,2.6,,340,,0.27,
262,∞Ì»Ô,2026-01-26 18:00,2.0,,,,2.9,,320,,0.07,
262,∞Ì»Ô,2026-01-26 19:00,1.9,,,,4.1,,320,,,
262,∞Ì»Ô,2026-01-26 20:00,1.6,,,,3.6,,320,,,
262,∞Ì»Ô,2026-01-26 21:00,1.1,,,,1.1,,360,,,
262,∞Ì»Ô,2026-01-26 22:00,1.3,,,,5.2,,290,,,
262,∞Ì»Ô,2026-01-26 23:00,0.4,,,,3.1,,320,,,
262,∞Ì»Ô,2026-01-27 00:00,0.2,,,,4.0,,290,,,
262,∞Ì»Ô,2026-01-27 01:00,-0.3,,,,3.4,,320,,,
262,∞Ì»Ô,2026-01-27 02:00,-0.7,,,,1.4,,320,,,
262,∞Ì»Ô,2026-01-27 03:00,0.1,,,,1.6,,290,,,
262,∞Ì»Ô,2026-01-27 04:00,1.0,,,,3.7,,290,,,
262,∞Ì»Ô,2026-01-27 05:00,1.3,,,,4.4,,320,,,
262,∞Ì»Ô,2026-01-27 06:00,0.8,,,,4.8,,320,,,
262,∞Ì»Ô,2026-01-27 07:00,0.6,,,,2.2,,360,,,
262,∞Ì»Ô,2026-01-27 08:00,-0.3,,,,1.8,,360,,0.03,
262,∞Ì»Ô,2026-01-27 09:00,1.5,,,,3.3,,340,,0.35,
262,∞Ì»Ô,2026-01-27 10:00,3.2,,,,4.3,,320,,1.09,
262,∞Ì»Ô,2026-01-27 11:00,4.9,,,,2.7,,340,,1.72,
262,∞Ì»Ô,2026-01-27 12:00,4.1,,,,5.7,,290,,2.21,
262,∞Ì»Ô,2026-01-27 13:00,5.1,,,,4.9,,320,,2.44,
262,∞Ì»Ô,2026-01-27 14:00,6.1,,,,4.8,,320,,2.38,
262,∞Ì»Ô,2026-01-27 15:00,6.2,,,,5.2,,320,,2.07,
262,∞Ì»Ô,2026-01-27 16:00,5.2,,,,5.8,,320,,1.52,
262,∞Ì»Ô,2026-01-27 17:00,3.7,,,,4.0,,320,,0.81,
262,∞Ì»Ô,2026-01-27 18:00,1.3,,,,4.1,,320,,0.08,
262,∞Ì»Ô,2026-01-27 19:00,-0.2,,,,4.3,,320,,,
262,∞Ì»Ô,2026-01-27 20:00,-1.0,,,,3.8,,320,,,
262,∞Ì»Ô,2026-01-27 21:00,-2.1,,,,4.0,,340,,,
262,∞Ì»Ô,2026-01-27 22:00,-2.1,,,,5.5,,320,,,
262,∞Ì»Ô,2026-01-27 23:00,-2.7,,,,2.9,,320,,,
262,∞Ì»Ô,2026-01-28 00:00,-2.9,,,,2.9,,340,,,
262,∞Ì»Ô,2026-01-28 01:00,-2.7,,,,4.4,,320,,,
262,∞Ì»Ô,2026-01-28 02:00,-4.7,,,,1.9,,320,,,
262,∞Ì»Ô,2026-01-28 03:00,-4.9,,,,0.9,,340,,,
262,∞Ì»Ô,2026-01-28 04:00,-3.4,,,,1.8,,340,,,
262,∞Ì»Ô,2026-01-28 05:00,-2.9,,,,1.9,,340,,,
262,∞Ì»Ô,2026-01-28 06:00,-2.6,,,,2.2,,360,,,
262,∞Ì»Ô,2026-01-28 07:00,-2.7,,,,1.7,,340,,,
262,∞Ì»Ô,2026-01-28 08:00,-2.8,,,,1.7,,360,,0.01,
262,∞Ì»Ô,2026-01-28 09:00,-2.0,,,,2.7,,320,,0.23,
262,∞Ì»Ô,2026-01-28 10:00,0.1,,,,3.7,,320,,0.62,
262,∞Ì»Ô,2026-01-28 11:00,1.9,,,,4.4,,320,,1.53,
262,∞Ì»Ô,2026-01-28 12:00,4.1,,,,3.8,,360,,2.34,
262,∞Ì»Ô,2026-01-28 13:00,4.1,,,,5.8,,320,,2.31,
262,∞Ì»Ô,2026-01-28 14:00,4.6,,,,5.4,,340,,2.51,
262,∞Ì»Ô,2026-01-28 15:00,5.9,,,,4.3,,340,,2.09,
262,∞Ì»Ô,2026-01-28 16:00,6.0,,,,3.6,,340,,1.5,
262,∞Ì»Ô,2026-01-28 17:00,4.0,,,,3.4,,340,,0.79,
262,∞Ì»Ô,2026-01-28 18:00,2.0,,,,2.1,,340,,0.12,
262,∞Ì»Ô,2026-01-28 19:00,0.2,,,,2.0,,340,,,
262,∞Ì»Ô,2026-01-28 20:00,-0.5,,,,1.8,,340,,,
262,∞Ì»Ô,2026-01-28 21:00,-2.6,,,,0.6,,360,,,
262,∞Ì»Ô,2026-01-28 22:00,-3.2,,,,1.4,,340,,,
262,∞Ì»Ô,2026-01-28 23:00,-2.9,,,,1.4,,340,,,
262,∞Ì»Ô,2026-01-29 00:00,-3.4,,,,1.2,,340,,,
262,∞Ì»Ô,2026-01-29 01:00,-4.0,,,,1.0,,340,,,
262,∞Ì»Ô,2026-01-29 02:00,-4.3,,,,0.7,,360,,,
262,∞Ì»Ô,2026-01-29 03:00,-4.0,,,,2.4,,320,,,
262,∞Ì»Ô,2026-01-29 04:00,-3.8,,,,1.3,,340,,,
262,∞Ì»Ô,2026-01-29 05:00,-5.6,,,,1.0,,180,,,
262,∞Ì»Ô,2026-01-29 06:00,-6.0,,,,1.0,,340,,,
262,∞Ì»Ô,2026-01-29 07:00,-4.1,,,,1.0,,20,,,
262,∞Ì»Ô,2026-01-29 08:00,-6.1,,,,0.7,,360,,0.02,
262,∞Ì»Ô,2026-01-29 09:00,-1.9,,,,0.9,,360,,0.34,
262,∞Ì»Ô,2026-01-29 10:00,1.0,,,,1.4,,290,,1.08,
262,∞Ì»Ô,2026-01-29 11:00,1.9,,,,3.7,,270,,1.54,
262,∞Ì»Ô,2026-01-29 12:00,2.8,,,,4.6,,290,,1.99,
262,∞Ì»Ô,2026-01-29 13:00,3.4,,,,3.2,,320,,1.53,
262,∞Ì»Ô,2026-01-29 14:00,4.5,,,,3.9,,290,,1.4,
262,∞Ì»Ô,2026-01-29 15:00,4.8,,,,6.1,,320,,1.77,
262,∞Ì»Ô,2026-01-29 16:00,4.8,,,,4.2,,320,,1.21,
262,∞Ì»Ô,2026-01-29 17:00,3.7,,,,3.9,,320,,0.72,
262,∞Ì»Ô,2026-01-29 18:00,1.7,,,,3.7,,320,,0.12,
262,∞Ì»Ô,2026-01-29 19:00,0.6,,,,3.4,,320,,,
262,∞Ì»Ô,2026-01-29 20:00,-0.3,,,,3.1,,320,,,
262,∞Ì»Ô,2026-01-29 21:00,-1.1,,,,1.8,,320,,,
262,∞Ì»Ô,2026-01-29 22:00,-1.4,,,,3.1,,340,,,
262,∞Ì»Ô,2026-01-29 23:00,-1.4,,,,3.4,,320,,,
262,∞Ì»Ô,2026-01-30 00:00,-1.4,,,,2.6,,320,,,
262,∞Ì»Ô,2026-01-30 01:00,-2.4,,,,2.3,,320,,,
262,∞Ì»Ô,2026-01-30 02:00,-2.6,,,,3.3,,320,,,
262,∞Ì»Ô,2026-01-30 03:00,-2.7,,,,3.5,,320,,,
262,∞Ì»Ô,2026-01-30 04:00,-3.5,,,,3.5,,320,,,
262,∞Ì»Ô,2026-01-30 05:00,-3.8,,,,3.3,,320,,,
262,∞Ì»Ô,2026-01-30 06:00,-5.0,,,,2.3,,340,,,
262,∞Ì»Ô,2026-01-30 07:00,-5.8,,,,1.4,,340,,,
262,∞Ì»Ô,2026-01-30 08:00,-4.6,,,,1.8,,360,,0.0,
262,∞Ì»Ô,2026-01-30 09:00,-3.3,,,,2.8,,340,,0.13,
262,∞Ì»Ô,2026-01-30 10:00,-1.9,,,,2.8,,340,,0.38,
262,∞Ì»Ô,2026-01-30 11:00,-1.5,,,,5.4,,290,,0.53,
262,∞Ì»Ô,2026-01-30 12:00,0.1,,,,5.1,,290,,0.95,
262,∞Ì»Ô,2026-01-30 13:00,0.6,,,,4.8,,290,,1.14,
262,∞Ì»Ô,2026-01-30 14:00,1.7,,,,3.0,,290,,0.98,
262,∞Ì»Ô,2026-01-30 15:00,2.7,,,,4.5,,290,,1.1,
262,∞Ì»Ô,2026-01-30 16:00,2.8,,,,6.2,,290,,0.95,
262,∞Ì»Ô,2026-01-30 17:00,2.3,,,,3.6,,290,,0.8,
262,∞Ì»Ô,2026-01-30 18:00,0.8,,,,2.7,,290,,0.1,
262,∞Ì»Ô,2026-01-30 19:00,-0.9,,,,3.1,,320,,,
262,∞Ì»Ô,2026-01-30 20:00,-1.7,,,,1.2,,70,,,
262,∞Ì»Ô,2026-01-30 21:00,-2.3,,,,1.8,,340,,,
262,∞Ì»Ô,2026-01-30 22:00,-3.6,,,,1.9,,340,,,
262,∞Ì»Ô,2026-01-30 23:00,-3.6,,,,1.2,,320,,,
262,∞Ì»Ô,2026-01-31 00:00,-4.0,,,,1.3,,360,,,
262,∞Ì»Ô,2026-01-31 01:00,-4.3,,,,1.2,,290,,,
262,∞Ì»Ô,2026-01-31 02:00,-4.8,,,,0.8,,270,,,
262,∞Ì»Ô,2026-01-31 03:00,-4.2,,,,1.2,,360,,,
262,∞Ì»Ô,2026-01-31 04:00,-4.3,,,,1.1,,360,,,
262,∞Ì»Ô,2026-01-31 05:00,-5.3,,,,0.7,,360,,,
262,∞Ì»Ô,2026-01-31 06:00,-4.2,,,,0.3,,0,,,
262,∞Ì»Ô,2026-01-31 07:00,-2.7,,,,2.0,,320,,,
262,∞Ì»Ô,2026-01-31 08:00,-3.8,,,,0.3,,0,,0.02,
262,∞Ì»Ô,2026-01-31 09:00,-1.1,,,,2.3,,340,,0.36,
262,∞Ì»Ô,2026-01-31 10:00,1.4,,,,2.9,,290,,1.02,
262,∞Ì»Ô,2026-01-31 11:00,3.4,,,,4.1,,320,,1.78,
262,∞Ì»Ô,2026-01-31 12:00,4.5,,,,4.8,,320,,2.35,
262,∞Ì»Ô,2026-01-31 13:00,5.3,,,,5.9,,290,,2.53,
262,∞Ì»Ô,2026-01-31 14:00,5.4,,,,7.4,,290,,2.38,
262,∞Ì»Ô,2026-01-31 15:00,5.8,,,,6.5,,290,,2.03,
262,∞Ì»Ô,2026-01-31 16:00,6.1,,,,4.2,,320,,1.45,
262,∞Ì»Ô,2026-01-31 17:00,3.8,,,,3.7,,320,,0.68,
262,∞Ì»Ô,2026-01-31 18:00,1.9,,,,4.0,,320,,0.13,
262,∞Ì»Ô,2026-01-31 19:00,0.6,,,,2.5,,320,,,
262,∞Ì»Ô,2026-01-31 20:00,0.0,,,,2.8,,320,,,
262,∞Ì»Ô,2026-01-31 21:00,-0.2,,,,3.8,,320,,,
262,∞Ì»Ô,2026-01-31 22:00,-0.4,,,,2.4,,340,,,
262,∞Ì»Ô,2026-01-31 23:00,-1.9,,,,1.0,,340,,,
262,∞Ì»Ô,2026-02-01 00:00,-3.2,,,,0.8,,360,,,
262,∞Ì»Ô,2026-02-01 01:00,-2.3,,,,0.9,,340,,,
262,∞Ì»Ô,2026-02-01 02:00,-3.3,,,,0.7,,340,,,
262,∞Ì»Ô,2026-02-01 03:00,-4.2,,,,0.7,,360,,,
262,∞Ì»Ô,2026-02-01 04:00,-4.9,,,,1.0,,50,,,
262,∞Ì»Ô,2026-02-01 05:00,-4.2,,,,1.0,,180,,,
262,∞Ì»Ô,2026-02-01 06:00,-4.3,,,,0.7,,50,,,
262,∞Ì»Ô,2026-02-01 07:00,-2.7,,,,0.5,,340,,,
262,∞Ì»Ô,2026-02-01 08:00,-3.6,,,,0.7,,180,,0.01,
262,∞Ì»Ô,2026-02-01 09:00,0.4,,,,0.8,,360,,0.32,
262,∞Ì»Ô,2026-02-01 10:00,2.2,,,,3.6,,340,,0.98,
262,∞Ì»Ô,2026-02-01 11:00,3.6,,,,3.2,,290,,1.1,
262,∞Ì»Ô,2026-02-01 12:00,4.2,,,,5.0,,320,,2.21,
262,∞Ì»Ô,2026-02-01 13:00,4.4,,,,6.4,,290,,2.54,
262,∞Ì»Ô,2026-02-01 14:00,5.5,,,,4.8,,290,,2.39,
262,∞Ì»Ô,2026-02-01 15:00,6.3,,,,5.3,,320,,2.13,
262,∞Ì»Ô,2026-02-01 16:00,6.4,,,,4.4,,320,,1.55,
262,∞Ì»Ô,2026-02-01 17:00,5.7,,,,3.4,,320,,0.86,
262,∞Ì»Ô,2026-02-01 18:00,3.2,,,,1.6,,320,,0.11,
262,∞Ì»Ô,2026-02-01 19:00,1.8,,,,1.6,,340,,0.0,
262,∞Ì»Ô,2026-02-01 20:00,-0.1,,,,1.0,,340,,,
262,∞Ì»Ô,2026-02-01 21:00,-2.7,,,,0.4,,0,,,
262,∞Ì»Ô,2026-02-01 22:00,-4.3,,,,0.4,,0,,,
262,∞Ì»Ô,2026-02-01 23:00,-5.3,,,,0.5,,70,,,
262,∞Ì»Ô,2026-02-02 00:00,-5.9,,,,0.4,,0,,,
262,∞Ì»Ô,2026-02-02 01:00,-6.8,,,,0.2,,0,,,
262,∞Ì»Ô,2026-02-02 02:00,-6.9,,,,0.3,,0,,,
262,∞Ì»Ô,2026-02-02 03:00,-7.4,,,,0.4,,0,,,
262,∞Ì»Ô,2026-02-02 04:00,-7.5,,,,0.5,,50,,,
262,∞Ì»Ô,2026-02-02 05:00,-6.0,,,,0.4,,0,,,
262,∞Ì»Ô,2026-02-02 06:00,-4.1,,0.0,,0.9,,110,,,
262,∞Ì»Ô,2026-02-02 07:00,-0.4,,,9.0,1.0,,250,,,
262,∞Ì»Ô,2026-02-02 08:00,0.1,,,9.0,2.4,,230,,0.02,
262,∞Ì»Ô,2026-02-02 09:00,1.2,,0.3,,2.7,,320,,0.24,
262,∞Ì»Ô,2026-02-02 10:00,2.9,,,9.0,4.0,,320,,0.92,
262,∞Ì»Ô,2026-02-02 11:00,3.5,,,9.0,5.6,,320,,1.82,
262,∞Ì»Ô,2026-02-02 12:00,3.2,,,9.0,5.8,,340,,2.15,
262,∞Ì»Ô,2026-02-02 13:00,3.0,,,9.0,5.3,,320,,2.19,
262,∞Ì»Ô,2026-02-02 14:00,2.7,,,9.0,6.1,,320,,1.66,
262,∞Ì»Ô,2026-02-02 15:00,3.4,,0.0,,4.9,,340,,1.25,
262,∞Ì»Ô,2026-02-02 16:00,2.0,,,9.0,4.2,,340,,1.0,
262,∞Ì»Ô,2026-02-02 17:00,2.3,,,9.0,4.4,,340,,0.82,
262,∞Ì»Ô,2026-02-02 18:00,0.2,,,9.0,5.1,,320,,0.13,
262,∞Ì»Ô,2026-02-02 19:00,-0.6,,,9.0,4.2,,320,,0.0,
262,∞Ì»Ô,2026-02-02 20:00,-1.6,,,9.0,2.3,,340,,,
262,∞Ì»Ô,2026-02-02 21:00,-1.7,,,9.0,3.4,,340,,,
262,∞Ì»Ô,2026-02-02 22:00,-1.7,,,9.0,3.6,,340,,,
262,∞Ì»Ô,2026-02-02 23:00,-2.7,,,9.0,2.1,,340,,,
262,∞Ì»Ô,2026-02-03 00:00,-3.3,,,9.0,1.4,,340,,,
262,∞Ì»Ô,2026-02-03 01:00,-3.8,,,,0.6,,360,,,
262,∞Ì»Ô,2026-02-03 02:00,-4.6,,,,1.5,,320,,,
262,∞Ì»Ô,2026-02-03 03:00,-3.7,,,,1.0,,360,,,
262,∞Ì»Ô,2026-02-03 04:00,-4.4,,,,0.7,,200,,,
262,∞Ì»Ô,2026-02-03 05:00,-5.0,,,,0.5,,360,,,
262,∞Ì»Ô,2026-02-03 06:00,-4.3,,,,1.4,,360,,,
262,∞Ì»Ô,2026-02-03 07:00,-3.3,,,,0.8,,360,,,
262,∞Ì»Ô,2026-02-03 08:00,-3.8,,,,1.4,,340,,0.02,
262,∞Ì»Ô,2026-02-03 09:00,0.2,,,,3.5,,320,,0.36,
262,∞Ì»Ô,2026-02-03 10:00,2.1,,,,3.0,,340,,1.34,
262,∞Ì»Ô,2026-02-03 11:00,3.7,,,,3.0,,290,,1.95,
262,∞Ì»Ô,2026-02-03 12:00,4.6,,,,3.4,,320,,2.45,
262,∞Ì»Ô,2026-02-03 13:00,6.1,,,,3.3,,290,,2.67,
262,∞Ì»Ô,2026-02-03 14:00,6.9,,,,3.2,,250,,2.57,
262,∞Ì»Ô,2026-02-03 15:00,8.7,,,,2.4,,250,,2.21,
262,∞Ì»Ô,2026-02-03 16:00,8.5,,,,2.3,,290,,1.56,
262,∞Ì»Ô,2026-02-03 17:00,7.6,,,,3.0,,320,,0.85,
262,∞Ì»Ô,2026-02-03 18:00,5.6,,,,2.4,,290,,0.17,
262,∞Ì»Ô,2026-02-03 19:00,4.1,,,,3.2,,290,,0.0,
262,∞Ì»Ô,2026-02-03 20:00,3.2,,,,4.9,,320,,,
262,∞Ì»Ô,2026-02-03 21:00,2.1,,,,1.7,,320,,,
262,∞Ì»Ô,2026-02-03 22:00,1.6,,,,1.2,,290,,,
262,∞Ì»Ô,2026-02-03 23:00,2.1,,,,1.8,,340,,,
262,∞Ì»Ô,2026-02-04 00:00,2.7,,,,2.6,,320,,,
262,∞Ì»Ô,2026-02-04 01:00,1.7,,,,0.6,,270,,,
262,∞Ì»Ô,2026-02-04 02:00,0.8,,,,0.6,,70,,,
262,∞Ì»Ô,2026-02-04 03:00,1.2,,,,1.7,,340,,,
262,∞Ì»Ô,2026-02-04 04:00,1.6,,,,2.7,,320,,,
262,∞Ì»Ô,2026-02-04 05:00,-0.2,,,,1.6,,320,,,
262,∞Ì»Ô,2026-02-04 06:00,-1.2,,,,0.9,,340,,,
262,∞Ì»Ô,2026-02-04 07:00,-2.6,,,,1.0,,340,,,
262,∞Ì»Ô,2026-02-04 08:00,-3.7,,,,0.6,,160,,0.01,
262,∞Ì»Ô,2026-02-04 09:00,0.0,,,,0.3,,0,,0.43,
262,∞Ì»Ô,2026-02-04 10:00,5.3,,,,2.3,,290,,1.17,
262,∞Ì»Ô,2026-02-04 11:00,6.2,,,,3.9,,290,,1.77,
262,∞Ì»Ô,2026-02-04 12:00,8.1,,,,2.7,,320,,2.27,
262,∞Ì»Ô,2026-02-04 13:00,8.3,,,,2.7,,320,,2.03,
262,∞Ì»Ô,2026-02-04 14:00,9.7,,,,3.7,,270,,2.42,
262,∞Ì»Ô,2026-02-04 15:00,10.5,,,,3.5,,270,,2.09,
262,∞Ì»Ô,2026-02-04 16:00,10.3,,,,3.4,,250,,1.48,
262,∞Ì»Ô,2026-02-04 17:00,9.8,,,,2.0,,270,,0.77,
262,∞Ì»Ô,2026-02-04 18:00,7.2,,,,0.9,,200,,0.14,
262,∞Ì»Ô,2026-02-04 19:00,3.6,,,,0.6,,20,,0.0,
262,∞Ì»Ô,2026-02-04 20:00,1.6,,,,0.5,,20,,,
262,∞Ì»Ô,2026-02-04 21:00,0.7,,,,0.4,,0,,,
262,∞Ì»Ô,2026-02-04 22:00,0.0,,,,0.5,,320,,,
262,∞Ì»Ô,2026-02-04 23:00,-0.6,,,,0.2,,0,,,
262,∞Ì»Ô,2026-02-05 00:00,-0.9,,,,0.8,,20,,,
262,∞Ì»Ô,2026-02-05 01:00,-0.7,,,,0.8,,360,,,
262,∞Ì»Ô,2026-02-05 02:00,-0.7,,,,0.3,,0,,,
262,∞Ì»Ô,2026-02-05 03:00,-0.8,,,,0.4,,0,,,
262,∞Ì»Ô,2026-02-05 04:00,-0.7,,,,0.2,,0,,,
262,∞Ì»Ô,2026-02-05 05:00,-0.3,,,,0.2,,0,,,
262,∞Ì»Ô,2026-02-05 06:00,0.6,,,,0.3,,0,,,
262,∞Ì»Ô,2026-02-05 07:00,0.7,,,,0.6,,180,,,
262,∞Ì»Ô,2026-02-05 08:00,1.0,,,,0.4,,0,,0.02,
262,∞Ì»Ô,2026-02-05 09:00,2.7,,,,0.4,,0,,0.21,
262,∞Ì»Ô,2026-02-05 10:00,6.6,,,,1.9,,340,,0.75,
262,∞Ì»Ô,2026-02-05 11:00,11.5,,,,0.5,,360,,1.11,
262,∞Ì»Ô,2026-02-05 12:00,12.8,,,,2.6,,230,,1.52,
262,∞Ì»Ô,2026-02-05 13:00,13.8,,,,3.1,,250,,2.36,
262,∞Ì»Ô,2026-02-05 14:00,14.1,,,,3.1,,230,,2.36,
262,∞Ì»Ô,2026-02-05 15:00,15.0,,,,3.0,,250,,2.08,
262,∞Ì»Ô,2026-02-05 16:00,15.2,,,,2.6,,250,,1.51,
262,∞Ì»Ô,2026-02-05 17:00,13.6,,,,2.0,,250,,0.71,
262,∞Ì»Ô,2026-02-05 18:00,10.9,,,,3.4,,340,,0.17,
262,∞Ì»Ô,2026-02-05 19:00,9.9,,,,4.1,,320,,0.0,
262,∞Ì»Ô,2026-02-05 20:00,8.9,,,,2.8,,320,,,
262,∞Ì»Ô,2026-02-05 21:00,6.9,,,,1.8,,320,,,
262,∞Ì»Ô,2026-02-05 22:00,6.1,,,,3.6,,320,,,
262,∞Ì»Ô,2026-02-05 23:00,5.9,,,,3.2,,290,,,
262,∞Ì»Ô,2026-02-06 00:00,5.2,,,,5.0,,320,,,
262,∞Ì»Ô,2026-02-06 01:00,4.3,,,,3.2,,320,,,
262,∞Ì»Ô,2026-02-06 02:00,2.9,,,,3.3,,320,,,
262,∞Ì»Ô,2026-02-06 03:00,2.8,,,,3.9,,320,,,
262,∞Ì»Ô,2026-02-06 04:00,2.4,,,,2.7,,320,,,
262,∞Ì»Ô,2026-02-06 05:00,1.8,,,,6.4,,290,,,
262,∞Ì»Ô,2026-02-06 06:00,1.2,,,,4.1,,290,,,
262,∞Ì»Ô,2026-02-06 07:00,0.4,,,,3.8,,320,,,
262,∞Ì»Ô,2026-02-06 08:00,0.4,,,,3.6,,340,,0.03,
262,∞Ì»Ô,2026-02-06 09:00,1.4,,,,3.3,,340,,0.41,
262,∞Ì»Ô,2026-02-06 10:00,2.2,,,,2.5,,340,,0.86,
262,∞Ì»Ô,2026-02-06 11:00,3.4,,,,4.3,,340,,1.2,
262,∞Ì»Ô,2026-02-06 12:00,4.7,,,,3.2,,320,,1.69,
262,∞Ì»Ô,2026-02-06 13:00,6.5,,,,3.0,,340,,2.22,
262,∞Ì»Ô,2026-02-06 14:00,7.7,,,,5.2,,320,,2.65,
262,∞Ì»Ô,2026-02-06 15:00,8.0,,,,3.6,,360,,2.11,
262,∞Ì»Ô,2026-02-06 16:00,6.7,,,,3.2,,340,,1.02,
262,∞Ì»Ô,2026-02-06 17:00,4.7,,,,6.6,,290,,0.58,
262,∞Ì»Ô,2026-02-06 18:00,2.4,,,,7.8,,320,,0.16,
262,∞Ì»Ô,2026-02-06 19:00,0.7,,,,6.4,,320,,0.0,
262,∞Ì»Ô,2026-02-06 20:00,-0.3,,,,3.0,,200,,,
262,∞Ì»Ô,2026-02-06 21:00,-0.3,,,,1.6,,360,,,
262,∞Ì»Ô,2026-02-06 22:00,-0.9,,,,2.4,,320,,,
262,∞Ì»Ô,2026-02-06 23:00,-1.3,,,,3.0,,340,,,
262,∞Ì»Ô,2026-02-07 00:00,-1.3,,,,2.7,,320,,,
262,∞Ì»Ô,2026-02-07 01:00,-1.7,,,,3.5,,340,,,
262,∞Ì»Ô,2026-02-07 02:00,-1.8,,,,3.2,,340,,,
262,∞Ì»Ô,2026-02-07 03:00,-2.4,,,,3.6,,340,,,
262,∞Ì»Ô,2026-02-07 04:00,-2.8,,,,4.5,,320,,,
262,∞Ì»Ô,2026-02-07 05:00,-3.1,,,,4.0,,340,,,
262,∞Ì»Ô,2026-02-07 06:00,-3.0,,,,3.2,,320,,,
262,∞Ì»Ô,2026-02-07 07:00,-4.0,,,,3.1,,320,,,
262,∞Ì»Ô,2026-02-07 08:00,-4.4,,,,2.8,,340,,0.04,
262,∞Ì»Ô,2026-02-07 09:00,-2.9,,,,2.1,,20,,0.34,
262,∞Ì»Ô,2026-02-07 10:00,-1.9,,,,5.5,,320,,1.18,
262,∞Ì»Ô,2026-02-07 11:00,-0.8,,,,6.9,,320,,1.96,
262,∞Ì»Ô,2026-02-07 12:00,-0.6,,,,7.6,,320,,2.46,
262,∞Ì»Ô,2026-02-07 13:00,1.1,,,,7.3,,340,,2.77,
262,∞Ì»Ô,2026-02-07 14:00,0.5,,,,4.8,,340,,2.55,
262,∞Ì»Ô,2026-02-07 15:00,0.1,,,,6.7,,320,,1.62,
262,∞Ì»Ô,2026-02-07 16:00,-0.6,,,,7.2,,320,,1.71,
262,∞Ì»Ô,2026-02-07 17:00,-1.2,,,,6.3,,320,,1.02,
262,∞Ì»Ô,2026-02-07 18:00,-3.5,,,,4.6,,320,,0.16,
262,∞Ì»Ô,2026-02-07 19:00,-4.4,,,,3.7,,340,,0.01,
262,∞Ì»Ô,2026-02-07 20:00,-4.9,,,,3.3,,340,,,
262,∞Ì»Ô,2026-02-07 21:00,-5.6,,,,1.3,,360,,,
262,∞Ì»Ô,2026-02-07 22:00,-6.6,,,,0.7,,320,,,
262,∞Ì»Ô,2026-02-07 23:00,-5.5,,,,2.7,,320,,,
262,∞Ì»Ô,2026-02-08 00:00,-5.3,,0.0,,3.1,,320,,,
262,∞Ì»Ô,2026-02-08 01:00,-5.4,,,9.0,2.6,,320,,,
262,∞Ì»Ô,2026-02-08 02:00,-5.9,,,9.0,1.5,,360,,,
262,∞Ì»Ô,2026-02-08 03:00,-6.4,,0.2,,1.6,,360,,,
262,∞Ì»Ô,2026-02-08 04:00,-6.6,,,9.0,3.3,,320,,,
262,∞Ì»Ô,2026-02-08 05:00,-6.6,,,9.0,3.5,,340,,,
262,∞Ì»Ô,2026-02-08 06:00,-7.0,,,9.0,2.5,,340,,,
262,∞Ì»Ô,2026-02-08 07:00,-6.5,,,9.0,4.2,,340,,,
262,∞Ì»Ô,2026-02-08 08:00,-6.4,,,9.0,3.7,,340,,0.05,
262,∞Ì»Ô,2026-02-08 09:00,-4.9,,,9.0,6.2,,320,,0.44,
262,∞Ì»Ô,2026-02-08 10:00,-4.2,,,9.0,8.5,,320,,0.22,
262,∞Ì»Ô,2026-02-08 11:00,-2.4,,,9.0,6.4,,320,,0.25,
262,∞Ì»Ô,2026-02-08 12:00,-1.9,,,9.0,6.6,,320,,0.35,
262,∞Ì»Ô,2026-02-08 13:00,-1.7,,,9.0,9.6,,320,,0.71,
262,∞Ì»Ô,2026-02-08 14:00,-1.2,,,9.0,7.6,,320,,1.43,
262,∞Ì»Ô,2026-02-08 15:00,-0.3,,,9.0,5.8,,320,,2.08,
262,∞Ì»Ô,2026-02-08 16:00,-0.1,,,9.0,6.5,,320,,1.73,
262,∞Ì»Ô,2026-02-08 17:00,-0.9,,,9.0,4.5,,320,,1.02,
262,∞Ì»Ô,2026-02-08 18:00,-3.1,,,9.0,2.8,,270,,0.18,
262,∞Ì»Ô,2026-02-08 19:00,-4.1,,,9.0,1.0,,270,,0.0,
262,∞Ì»Ô,2026-02-08 20:00,-4.5,,,9.0,2.0,,290,,,
262,∞Ì»Ô,2026-02-08 21:00,-4.5,,,9.0,4.3,,320,,,
262,∞Ì»Ô,2026-02-08 22:00,-4.7,,,9.0,5.4,,320,,,
262,∞Ì»Ô,2026-02-08 23:00,-4.6,,,9.0,3.0,,340,,,
262,∞Ì»Ô,2026-02-09 00:00,-4.7,,,9.0,3.3,,320,,,
262,∞Ì»Ô,2026-02-09 01:00,-4.3,,,,3.8,,320,,,
262,∞Ì»Ô,2026-02-09 02:00,-5.0,,,,2.2,,320,,,
262,∞Ì»Ô,2026-02-09 03:00,-3.8,,,,2.5,,360,,,
262,∞Ì»Ô,2026-02-09 04:00,-3.3,,,,3.1,,320,,,
262,∞Ì»Ô,2026-02-09 05:00,-4.5,,,,1.1,,340,,,
262,∞Ì»Ô,2026-02-09 06:00,-5.4,,,,0.9,,20,,,
262,∞Ì»Ô,2026-02-09 07:00,-6.2,,,,0.6,,160,,,
262,∞Ì»Ô,2026-02-09 08:00,-5.7,,,,0.8,,360,,0.04,
262,∞Ì»Ô,2026-02-09 09:00,0.2,,,,1.2,,290,,0.5,
262,∞Ì»Ô,2026-02-09 10:00,1.5,,,,5.3,,320,,1.4,
262,∞Ì»Ô,2026-02-09 11:00,3.3,,,,4.5,,290,,2.07,
262,∞Ì»Ô,2026-02-09 12:00,4.6,,,,5.5,,290,,2.58,
262,∞Ì»Ô,2026-02-09 13:00,6.5,,,,3.4,,320,,2.77,
262,∞Ì»Ô,2026-02-09 14:00,7.0,,,,3.9,,320,,2.66,
262,∞Ì»Ô,2026-02-09 15:00,7.6,,,,3.2,,290,,2.12,
262,∞Ì»Ô,2026-02-09 16:00,8.2,,,,1.9,,270,,1.64,
262,∞Ì»Ô,2026-02-09 17:00,6.6,,,,3.2,,270,,0.79,
262,∞Ì»Ô,2026-02-09 18:00,4.9,,,,1.8,,250,,0.2,
262,∞Ì»Ô,2026-02-09 19:00,4.2,,,,4.0,,270,,0.0,
262,∞Ì»Ô,2026-02-09 20:00,3.5,,,,1.8,,250,,,
262,∞Ì»Ô,2026-02-09 21:00,0.3,,,,1.0,,110,,,
262,∞Ì»Ô,2026-02-09 22:00,-1.4,,,,0.8,,70,,,
262,∞Ì»Ô,2026-02-09 23:00,-1.7,,,,1.0,,50,,,
262,∞Ì»Ô,2026-02-10 00:00,-1.7,,,,0.9,,50,,,
262,∞Ì»Ô,2026-02-10 01:00,-2.0,,,,0.6,,140,,,
262,∞Ì»Ô,2026-02-10 02:00,-0.8,,,,1.2,,200,,,
262,∞Ì»Ô,2026-02-10 03:00,-1.0,,,,0.3,,0,,,
262,∞Ì»Ô,2026-02-10 04:00,-0.9,,,,0.2,,0,,,
262,∞Ì»Ô,2026-02-10 05:00,-0.8,,,,0.7,,70,,,
262,∞Ì»Ô,2026-02-10 06:00,-0.4,,,,0.3,,0,,,
262,∞Ì»Ô,2026-02-10 07:00,0.3,,,,1.0,,160,,,
262,∞Ì»Ô,2026-02-10 08:00,0.8,,,9.0,0.4,,0,,0.01,
262,∞Ì»Ô,2026-02-10 09:00,1.1,,0.5,,0.5,,180,,0.07,
262,∞Ì»Ô,2026-02-10 10:00,2.3,,,9.0,0.8,,270,,0.27,
262,∞Ì»Ô,2026-02-10 11:00,3.7,,,9.0,0.3,,0,,0.43,
262,∞Ì»Ô,2026-02-10 12:00,6.2,,0.2,,0.8,,320,,0.87,
262,∞Ì»Ô,2026-02-10 13:00,5.4,,,9.0,0.7,,360,,0.43,
262,∞Ì»Ô,2026-02-10 14:00,4.5,,,9.0,1.3,,320,,0.23,
262,∞Ì»Ô,2026-02-10 15:00,4.2,,0.7,,0.9,,340,,0.18,
262,∞Ì»Ô,2026-02-10 16:00,4.0,,,9.0,0.6,,290,,0.09,
262,∞Ì»Ô,2026-02-10 17:00,4.1,,,9.0,0.3,,0,,0.05,
262,∞Ì»Ô,2026-02-10 18:00,4.0,,0.4,,0.3,,0,,0.02,
262,∞Ì»Ô,2026-02-10 19:00,3.9,,,9.0,0.6,,340,,0.0,
262,∞Ì»Ô,2026-02-10 20:00,3.8,,,9.0,0.4,,0,,,
262,∞Ì»Ô,2026-02-10 21:00,3.7,,0.1,,0.6,,50,,,
262,∞Ì»Ô,2026-02-10 22:00,3.4,,,9.0,0.6,,160,,,
262,∞Ì»Ô,2026-02-10 23:00,2.7,,,9.0,0.7,,20,,,
262,∞Ì»Ô,2026-02-11 00:00,3.0,,,9.0,0.7,,90,,,
262,∞Ì»Ô,2026-02-11 01:00,3.0,,,,1.5,,50,,,
262,∞Ì»Ô,2026-02-11 02:00,3.1,,,,1.1,,70,,,
262,∞Ì»Ô,2026-02-11 03:00,2.4,,,,1.1,,320,,,
262,∞Ì»Ô,2026-02-11 04:00,2.2,,,,0.8,,50,,,
262,∞Ì»Ô,2026-02-11 05:00,3.3,,,,3.9,,320,,,
262,∞Ì»Ô,2026-02-11 06:00,3.0,,,,1.8,,320,,,
262,∞Ì»Ô,2026-02-11 07:00,1.8,,,,2.2,,320,,,
262,∞Ì»Ô,2026-02-11 08:00,1.7,,,,2.9,,320,,0.04,
262,∞Ì»Ô,2026-02-11 09:00,4.5,,,,3.1,,320,,0.5,
262,∞Ì»Ô,2026-02-11 10:00,5.7,,,,4.9,,290,,1.19,
262,∞Ì»Ô,2026-02-11 11:00,6.8,,,,4.0,,320,,1.51,
262,∞Ì»Ô,2026-02-11 12:00,8.7,,,,5.5,,320,,2.47,
262,∞Ì»Ô,2026-02-11 13:00,8.7,,,,5.5,,320,,2.16,
262,∞Ì»Ô,2026-02-11 14:00,7.8,,,,4.9,,340,,0.79,
262,∞Ì»Ô,2026-02-11 15:00,7.2,,,,4.5,,320,,0.47,
262,∞Ì»Ô,2026-02-11 16:00,7.9,,,,7.6,,290,,0.79,
262,∞Ì»Ô,2026-02-11 17:00,7.3,,,,3.9,,320,,0.48,
262,∞Ì»Ô,2026-02-11 18:00,5.7,,,,3.1,,340,,0.15,
262,∞Ì»Ô,2026-02-11 19:00,4.7,,,,2.3,,340,,0.01,
262,∞Ì»Ô,2026-02-11 20:00,3.6,,,,3.0,,340,,,
262,∞Ì»Ô,2026-02-11 21:00,2.4,,,,1.2,,160,,,
262,∞Ì»Ô,2026-02-11 22:00,0.7,,,,1.9,,320,,,
262,∞Ì»Ô,2026-02-11 23:00,2.3,,,,5.3,,320,,,
262,∞Ì»Ô,2026-02-12 00:00,1.1,,,,2.5,,320,,,
262,∞Ì»Ô,2026-02-12 01:00,0.1,,,,2.3,,340,,,
262,∞Ì»Ô,2026-02-12 02:00,-0.7,,,,0.9,,160,,,
262,∞Ì»Ô,2026-02-12 03:00,-1.9,,,,1.0,,70,,,
262,∞Ì»Ô,2026-02-12 04:00,-1.5,,,,1.4,,340,,,
262,∞Ì»Ô,2026-02-12 05:00,-2.2,,,,1.2,,340,,,
262,∞Ì»Ô,2026-02-12 06:00,-3.4,,,,0.6,,50,,,
262,∞Ì»Ô,2026-02-12 07:00,-3.5,,,,1.0,,50,,,
262,∞Ì»Ô,2026-02-12 08:00,-4.0,,,,1.0,,50,,0.04,
262,∞Ì»Ô,2026-02-12 09:00,0.6,,,,1.0,,160,,0.6,
262,∞Ì»Ô,2026-02-12 10:00,4.7,,,,2.3,,290,,1.4,
262,∞Ì»Ô,2026-02-12 11:00,6.2,,,,2.8,,270,,2.03,
262,∞Ì»Ô,2026-02-12 12:00,7.9,,,,3.1,,290,,2.55,
262,∞Ì»Ô,2026-02-12 13:00,9.7,,,,2.6,,290,,2.78,
262,∞Ì»Ô,2026-02-12 14:00,10.9,,,,3.6,,290,,2.68,
262,∞Ì»Ô,2026-02-12 15:00,11.7,,,,3.5,,320,,2.31,
262,∞Ì»Ô,2026-02-12 16:00,11.1,,,,5.3,,290,,1.72,
262,∞Ì»Ô,2026-02-12 17:00,10.2,,,,4.7,,290,,1.0,
262,∞Ì»Ô,2026-02-12 18:00,8.2,,,,2.6,,290,,0.24,
262,∞Ì»Ô,2026-02-12 19:00,5.0,,,,1.7,,320,,0.01,
262,∞Ì»Ô,2026-02-12 20:00,4.4,,,,1.3,,270,,,
262,∞Ì»Ô,2026-02-12 21:00,1.6,,,,0.9,,340,,,
262,∞Ì»Ô,2026-02-12 22:00,0.0,,,,0.6,,90,,,
262,∞Ì»Ô,2026-02-12 23:00,-0.9,,,,0.5,,340,,,
262,∞Ì»Ô,2026-02-13 00:00,-1.7,,,,0.6,,140,,,
262,∞Ì»Ô,2026-02-13 01:00,-2.7,,,,0.3,,0,,,
262,∞Ì»Ô,2026-02-13 02:00,-3.5,,,,0.4,,0,,,
262,∞Ì»Ô,2026-02-13 03:00,-4.0,,,,0.5,,290,,,
262,∞Ì»Ô,2026-02-13 04:00,-4.1,,,,0.4,,0,,,
262,∞Ì»Ô,2026-02-13 05:00,-4.7,,,,0.5,,340,,,
262,∞Ì»Ô,2026-02-13 06:00,-5.3,,,,0.2,,0,,,
262,∞Ì»Ô,2026-02-13 07:00,-5.4,,,,0.4,,0,,,
262,∞Ì»Ô,2026-02-13 08:00,-5.3,,,,0.3,,0,,0.05,
262,∞Ì»Ô,2026-02-13 09:00,-1.7,,,,0.2,,0,,0.51,
262,∞Ì»Ô,2026-02-13 10:00,7.6,,,,0.8,,140,,1.51,
262,∞Ì»Ô,2026-02-13 11:00,9.0,,,,3.2,,270,,1.93,
262,∞Ì»Ô,2026-02-13 12:00,10.7,,,,3.0,,290,,2.27,
262,∞Ì»Ô,2026-02-13 13:00,11.7,,,,3.7,,270,,2.63,
262,∞Ì»Ô,2026-02-13 14:00,12.9,,,,2.9,,270,,2.63,
262,∞Ì»Ô,2026-02-13 15:00,13.9,,,,2.5,,200,,2.27,
262,∞Ì»Ô,2026-02-13 16:00,13.3,,,,3.3,,180,,1.69,
262,∞Ì»Ô,2026-02-13 17:00,12.5,,,,2.3,,200,,0.98,
262,∞Ì»Ô,2026-02-13 18:00,10.0,,,,1.1,,230,,0.25,
262,∞Ì»Ô,2026-02-13 19:00,6.0,,,,1.4,,50,,0.0,
262,∞Ì»Ô,2026-02-13 20:00,3.8,,,,0.3,,0,,,
262,∞Ì»Ô,2026-02-13 21:00,2.2,,,,0.4,,0,,,
262,∞Ì»Ô,2026-02-13 22:00,1.1,,,,0.4,,0,,,
262,∞Ì»Ô,2026-02-13 23:00,0.4,,,,0.3,,0,,,
262,∞Ì»Ô,2026-02-14 00:00,-0.5,,,,0.4,,0,,,
262,∞Ì»Ô,2026-02-14 01:00,-1.2,,,,0.4,,0,,,
262,∞Ì»Ô,2026-02-14 02:00,-1.6,,,,0.2,,0,,,
262,∞Ì»Ô,2026-02-14 03:00,-1.8,,,,0.3,,0,,,
262,∞Ì»Ô,2026-02-14 04:00,-2.2,,,,0.3,,0,,,
262,∞Ì»Ô,2026-02-14 05:00,-2.4,,,,0.2,,0,,,
262,∞Ì»Ô,2026-02-14 06:00,-2.8,,,,0.6,,200,,,
262,∞Ì»Ô,2026-02-14 07:00,-2.5,,,,0.4,,0,,,
262,∞Ì»Ô,2026-02-14 08:00,-1.8,,,,0.3,,0,,0.03,
262,∞Ì»Ô,2026-02-14 09:00,2.1,,,,0.2,,0,,0.39,
262,∞Ì»Ô,2026-02-14 10:00,8.8,,,,1.0,,320,,1.05,
262,∞Ì»Ô,2026-02-14 11:00,13.8,,,,1.5,,200,,1.81,
262,∞Ì»Ô,2026-02-14 12:00,14.7,,,,1.9,,320,,1.48,
262,∞Ì»Ô,2026-02-14 13:00,16.3,,,,1.6,,180,,1.85,
262,∞Ì»Ô,2026-02-14 14:00,15.1,,,,2.5,,290,,1.61,
262,∞Ì»Ô,2026-02-14 15:00,14.1,,,,2.1,,290,,0.6,
262,∞Ì»Ô,2026-02-14 16:00,13.9,,,,1.9,,270,,0.47,
262,∞Ì»Ô,2026-02-14 17:00,14.0,,,,1.2,,290,,0.33,
262,∞Ì»Ô,2026-02-14 18:00,13.1,,,,1.7,,250,,0.16,
262,∞Ì»Ô,2026-02-14 19:00,9.5,,,,0.6,,360,,0.01,
262,∞Ì»Ô,2026-02-14 20:00,6.9,,,,0.2,,0,,,
262,∞Ì»Ô,2026-02-14 21:00,5.3,,,,0.2,,0,,,
262,∞Ì»Ô,2026-02-14 22:00,4.2,,,,0.3,,0,,,
262,∞Ì»Ô,2026-02-14 23:00,3.2,,,,0.2,,0,,,
262,∞Ì»Ô,2026-02-15 00:00,2.5,,,,0.3,,0,,,
262,∞Ì»Ô,2026-02-15 01:00,1.9,,,,0.5,,180,,,
262,∞Ì»Ô,2026-02-15 02:00,1.6,,,,0.4,,0,,,
262,∞Ì»Ô,2026-02-15 03:00,0.9,,,,0.5,,140,,,
262,∞Ì»Ô,2026-02-15 04:00,0.7,,,,0.4,,0,,,
262,∞Ì»Ô,2026-02-15 05:00,1.4,,,,0.3,,0,,,
262,∞Ì»Ô,2026-02-15 06:00,1.6,,,,0.6,,360,,,
262,∞Ì»Ô,2026-02-15 07:00,4.6,,,,1.2,,340,,,
262,∞Ì»Ô,2026-02-15 08:00,5.3,,,,0.6,,320,,0.06,
262,∞Ì»Ô,2026-02-15 09:00,9.2,,,,2.9,,320,,0.52,
262,∞Ì»Ô,2026-02-15 10:00,11.2,,,,2.9,,320,,1.26,
262,∞Ì»Ô,2026-02-15 11:00,14.6,,,,1.3,,180,,1.98,
262,∞Ì»Ô,2026-02-15 12:00,14.4,,,,3.3,,320,,2.46,
262,∞Ì»Ô,2026-02-15 13:00,15.3,,,,5.2,,320,,2.67,
262,∞Ì»Ô,2026-02-15 14:00,16.0,,,,5.9,,320,,2.51,
262,∞Ì»Ô,2026-02-15 15:00,16.3,,,,6.9,,290,,2.13,
262,∞Ì»Ô,2026-02-15 16:00,16.0,,,,6.5,,290,,1.49,
262,∞Ì»Ô,2026-02-15 17:00,13.9,,,,5.5,,290,,0.81,
262,∞Ì»Ô,2026-02-15 18:00,11.1,,,,5.4,,320,,0.17,
262,∞Ì»Ô,2026-02-15 19:00,8.9,,,,1.8,,340,,0.01,
262,∞Ì»Ô,2026-02-15 20:00,7.1,,,,1.5,,320,,,
262,∞Ì»Ô,2026-02-15 21:00,6.3,,,,1.0,,340,,,
262,∞Ì»Ô,2026-02-15 22:00,6.9,,,,1.0,,200,,,
262,∞Ì»Ô,2026-02-15 23:00,5.5,,,,1.2,,340,,,
262,∞Ì»Ô,2026-02-16 00:00,3.5,,,,0.9,,320,,,
262,∞Ì»Ô,2026-02-16 01:00,3.2,,,,3.1,,320,,,
262,∞Ì»Ô,2026-02-16 02:00,2.8,,,,3.1,,340,,,
262,∞Ì»Ô,2026-02-16 03:00,2.1,,,,2.1,,340,,,
262,∞Ì»Ô,2026-02-16 04:00,2.3,,,,1.9,,340,,,
262,∞Ì»Ô,2026-02-16 05:00,2.5,,,,4.1,,320,,,
262,∞Ì»Ô,2026-02-16 06:00,2.3,,,,3.3,,320,,,
262,∞Ì»Ô,2026-02-16 07:00,2.4,,,,1.5,,360,,,
262,∞Ì»Ô,2026-02-16 08:00,2.6,,,,1.5,,340,,0.03,
262,∞Ì»Ô,2026-02-16 09:00,3.4,,,,4.1,,320,,0.3,
262,∞Ì»Ô,2026-02-16 10:00,4.1,,,,2.7,,340,,0.36,
262,∞Ì»Ô,2026-02-16 11:00,5.9,,,,2.4,,340,,0.84,
262,∞Ì»Ô,2026-02-16 12:00,7.4,,,,2.6,,340,,0.98,
262,∞Ì»Ô,2026-02-16 13:00,8.6,,,,4.8,,290,,1.92,
262,∞Ì»Ô,2026-02-16 14:00,9.2,,,,3.4,,290,,1.95,
262,∞Ì»Ô,2026-02-16 15:00,8.9,,,,5.1,,290,,1.79,
262,∞Ì»Ô,2026-02-16 16:00,10.0,,,,4.8,,290,,1.67,
262,∞Ì»Ô,2026-02-16 17:00,9.3,,,,4.2,,290,,1.05,
262,∞Ì»Ô,2026-02-16 18:00,7.1,,,,3.2,,320,,0.26,
262,∞Ì»Ô,2026-02-16 19:00,4.2,,,,1.9,,320,,0.01,
262,∞Ì»Ô,2026-02-16 20:00,2.7,,,,0.7,,250,,,
262,∞Ì»Ô,2026-02-16 21:00,1.0,,,,0.8,,50,,,
262,∞Ì»Ô,2026-02-16 22:00,0.1,,,,0.9,,50,,,
262,∞Ì»Ô,2026-02-16 23:00,-1.0,,,,0.4,,0,,,
262,∞Ì»Ô,2026-02-17 00:00,-1.3,,,,0.2,,0,,,
262,∞Ì»Ô,2026-02-17 01:00,-1.4,,,,0.5,,20,,,
262,∞Ì»Ô,2026-02-17 02:00,-1.9,,,,0.6,,320,,,
262,∞Ì»Ô,2026-02-17 03:00,-2.4,,,,0.6,,360,,,
262,∞Ì»Ô,2026-02-17 04:00,-2.7,,,,0.8,,90,,,
262,∞Ì»Ô,2026-02-17 05:00,-3.2,,,,0.7,,270,,,
262,∞Ì»Ô,2026-02-17 06:00,-3.4,,,,0.5,,360,,,
262,∞Ì»Ô,2026-02-17 07:00,-4.1,,,,0.3,,0,,,
262,∞Ì»Ô,2026-02-17 08:00,-4.1,,,,0.3,,0,,0.05,
262,∞Ì»Ô,2026-02-17 09:00,1.9,,,,0.4,,0,,0.59,
262,∞Ì»Ô,2026-02-17 10:00,5.7,,,,2.3,,340,,1.14,
262,∞Ì»Ô,2026-02-17 11:00,6.8,,,,4.0,,320,,2.11,
262,∞Ì»Ô,2026-02-17 12:00,8.4,,,,4.3,,290,,2.75,
262,∞Ì»Ô,2026-02-17 13:00,9.8,,,,4.4,,290,,2.95,
262,∞Ì»Ô,2026-02-17 14:00,11.1,,,,3.9,,290,,2.84,
262,∞Ì»Ô,2026-02-17 15:00,11.3,,,,6.0,,290,,2.55,
262,∞Ì»Ô,2026-02-17 16:00,11.7,,,,5.2,,320,,1.94,
262,∞Ì»Ô,2026-02-17 17:00,10.6,,,,5.5,,320,,1.19,
262,∞Ì»Ô,2026-02-17 18:00,7.7,,,,4.3,,320,,0.33,
262,∞Ì»Ô,2026-02-17 19:00,5.6,,,,3.8,,320,,0.01,
262,∞Ì»Ô,2026-02-17 20:00,4.2,,,,3.1,,320,,,
262,∞Ì»Ô,2026-02-17 21:00,1.8,,,,1.7,,340,,,
262,∞Ì»Ô,2026-02-17 22:00,0.2,,,,0.4,,0,,,
262,∞Ì»Ô,2026-02-17 23:00,-1.5,,,,0.5,,360,,,
262,∞Ì»Ô,2026-02-18 00:00,1.6,,,,4.9,,320,,,
262,∞Ì»Ô,2026-02-18 01:00,1.7,,,,4.6,,320,,,
262,∞Ì»Ô,2026-02-18 02:00,1.8,,,,4.7,,290,,,
262,∞Ì»Ô,2026-02-18 03:00,0.9,,,,2.1,,200,,,
262,∞Ì»Ô,2026-02-18 04:00,-2.1,,,,0.9,,360,,,
262,∞Ì»Ô,2026-02-18 05:00,-3.3,,,,0.6,,20,,,
262,∞Ì»Ô,2026-02-18 06:00,-3.9,,,,0.6,,200,,,
262,∞Ì»Ô,2026-02-18 07:00,-4.4,,,,0.7,,50,,,
262,∞Ì»Ô,2026-02-18 08:00,-4.4,,,,0.5,,320,,0.06,
262,∞Ì»Ô,2026-02-18 09:00,3.0,,,,1.6,,250,,0.67,
262,∞Ì»Ô,2026-02-18 10:00,5.6,,,,2.3,,250,,1.39,
262,∞Ì»Ô,2026-02-18 11:00,8.5,,,,2.5,,290,,2.0,
262,∞Ì»Ô,2026-02-18 12:00,9.7,,,,3.8,,290,,2.48,
262,∞Ì»Ô,2026-02-18 13:00,10.8,,,,4.2,,340,,2.56,
262,∞Ì»Ô,2026-02-18 14:00,11.7,,,,3.8,,320,,2.5,
262,∞Ì»Ô,2026-02-18 15:00,11.8,,,,5.4,,320,,2.22,
262,∞Ì»Ô,2026-02-18 16:00,11.2,,,,7.4,,320,,1.76,
262,∞Ì»Ô,2026-02-18 17:00,10.8,,,,5.5,,320,,1.1,
262,∞Ì»Ô,2026-02-18 18:00,7.8,,,,5.4,,320,,0.34,
262,∞Ì»Ô,2026-02-18 19:00,6.0,,,,2.2,,340,,0.01,
262,∞Ì»Ô,2026-02-18 20:00,4.2,,,,4.7,,340,,,
262,∞Ì»Ô,2026-02-18 21:00,2.3,,,,4.5,,340,,,
262,∞Ì»Ô,2026-02-18 22:00,1.2,,,,1.9,,320,,,
262,∞Ì»Ô,2026-02-18 23:00,0.9,,,,3.1,,270,,,
262,∞Ì»Ô,2026-02-19 00:00,1.1,,,,6.8,,320,,,
262,∞Ì»Ô,2026-02-19 01:00,-0.3,,,,2.8,,340,,,
262,∞Ì»Ô,2026-02-19 02:00,-1.0,,,,1.8,,360,,,
262,∞Ì»Ô,2026-02-19 03:00,-2.6,,,,0.8,,20,,,
262,∞Ì»Ô,2026-02-19 04:00,-4.7,,,,0.6,,90,,,
262,∞Ì»Ô,2026-02-19 05:00,-5.4,,,,0.4,,0,,,
262,∞Ì»Ô,2026-02-19 06:00,-6.5,,,,0.4,,0,,,
262,∞Ì»Ô,2026-02-19 07:00,-6.9,,,,0.6,,160,,,
262,∞Ì»Ô,2026-02-19 08:00,-6.1,,,,1.1,,50,,0.05,
262,∞Ì»Ô,2026-02-19 09:00,1.3,,,,1.6,,290,,0.84,
262,∞Ì»Ô,2026-02-19 10:00,4.8,,,,1.0,,340,,1.67,
262,∞Ì»Ô,2026-02-19 11:00,5.7,,,,4.1,,270,,2.37,
262,∞Ì»Ô,2026-02-19 12:00,8.3,,,,3.5,,320,,2.92,
262,∞Ì»Ô,2026-02-19 13:00,10.6,,,,2.4,,340,,3.03,
262,∞Ì»Ô,2026-02-19 14:00,10.3,,,,2.6,,360,,2.82,
262,∞Ì»Ô,2026-02-19 15:00,11.7,,,,2.7,,340,,2.51,
262,∞Ì»Ô,2026-02-19 16:00,10.6,,,,2.7,,270,,1.63,
262,∞Ì»Ô,2026-02-19 17:00,9.2,,,,4.8,,270,,0.77,
262,∞Ì»Ô,2026-02-19 18:00,8.1,,,,2.1,,270,,0.22,
262,∞Ì»Ô,2026-02-19 19:00,7.3,,,,1.3,,270,,0.0,
262,∞Ì»Ô,2026-02-19 20:00,5.9,,,,1.3,,340,,,
262,∞Ì»Ô,2026-02-19 21:00,5.6,,,,2.3,,290,,,
262,∞Ì»Ô,2026-02-19 22:00,5.7,,,,2.5,,290,,,
262,∞Ì»Ô,2026-02-19 23:00,4.8,,,,0.8,,70,,,
262,∞Ì»Ô,2026-02-20 00:00,4.4,,,,1.2,,70,,,
262,∞Ì»Ô,2026-02-20 01:00,3.0,,,,0.4,,0,,,
262,∞Ì»Ô,2026-02-20 02:00,1.8,,,,1.1,,90,,,
262,∞Ì»Ô,2026-02-20 03:00,1.0,,,,0.5,,180,,,
262,∞Ì»Ô,2026-02-20 04:00,0.7,,,,1.0,,180,,,
262,∞Ì»Ô,2026-02-20 05:00,2.0,,,,1.6,,230,,,
262,∞Ì»Ô,2026-02-20 06:00,-0.5,,,,0.6,,200,,,
262,∞Ì»Ô,2026-02-20 07:00,-1.8,,,,0.4,,0,,,
262,∞Ì»Ô,2026-02-20 08:00,-2.1,,,,0.9,,200,,0.04,
262,∞Ì»Ô,2026-02-20 09:00,3.5,,,,0.5,,200,,0.6,
262,∞Ì»Ô,2026-02-20 10:00,10.4,,,,1.2,,90,,1.41,
262,∞Ì»Ô,2026-02-20 11:00,10.8,,,,2.8,,270,,2.1,
262,∞Ì»Ô,2026-02-20 12:00,12.1,,,,4.1,,290,,2.6,
262,∞Ì»Ô,2026-02-20 13:00,12.3,,,,6.0,,290,,2.73,
262,∞Ì»Ô,2026-02-20 14:00,14.1,,,,3.3,,200,,2.66,
262,∞Ì»Ô,2026-02-20 15:00,13.7,,,,3.3,,200,,2.28,
262,∞Ì»Ô,2026-02-20 16:00,12.9,,,,4.1,,180,,1.71,
262,∞Ì»Ô,2026-02-20 17:00,12.3,,,,3.3,,180,,1.02,
262,∞Ì»Ô,2026-02-20 18:00,10.6,,,,2.4,,200,,0.32,
262,∞Ì»Ô,2026-02-20 19:00,9.1,,,,1.5,,180,,0.02,
262,∞Ì»Ô,2026-02-20 20:00,8.3,,,,1.0,,360,,,
262,∞Ì»Ô,2026-02-20 21:00,4.8,,,,0.8,,50,,,
262,∞Ì»Ô,2026-02-20 22:00,2.9,,,,0.4,,0,,,
262,∞Ì»Ô,2026-02-20 23:00,2.1,,,,0.5,,360,,,
262,∞Ì»Ô,2026-02-21 00:00,1.0,,,,0.2,,0,,,
262,∞Ì»Ô,2026-02-21 01:00,0.2,,,,0.4,,0,,,
262,∞Ì»Ô,2026-02-21 02:00,-0.4,,,,0.2,,0,,,
262,∞Ì»Ô,2026-02-21 03:00,-0.8,,,,0.3,,0,,,
262,∞Ì»Ô,2026-02-21 04:00,-1.3,,,,0.2,,0,,,
262,∞Ì»Ô,2026-02-21 05:00,-1.7,,,,0.3,,0,,,
262,∞Ì»Ô,2026-02-21 06:00,-1.6,,,,0.4,,0,,,
262,∞Ì»Ô,2026-02-21 07:00,-1.9,,,,0.5,,110,,,
262,∞Ì»Ô,2026-02-21 08:00,-1.6,,,,0.6,,180,,0.08,
262,∞Ì»Ô,2026-02-21 09:00,3.8,,,,0.3,,0,,0.58,
262,∞Ì»Ô,2026-02-21 10:00,11.1,,,,0.7,,180,,1.4,
262,∞Ì»Ô,2026-02-21 11:00,15.3,,,,1.8,,180,,2.09,
262,∞Ì»Ô,2026-02-21 12:00,15.0,,,,5.4,,290,,2.65,
262,∞Ì»Ô,2026-02-21 13:00,16.7,,,,2.5,,200,,2.81,
262,∞Ì»Ô,2026-02-21 14:00,16.4,,,,3.3,,230,,2.78,
262,∞Ì»Ô,2026-02-21 15:00,16.9,,,,3.7,,180,,2.47,
262,∞Ì»Ô,2026-02-21 16:00,16.0,,,,3.6,,200,,1.87,
262,∞Ì»Ô,2026-02-21 17:00,15.5,,,,2.9,,180,,1.16,
262,∞Ì»Ô,2026-02-21 18:00,13.0,,,,1.4,,230,,0.36,
262,∞Ì»Ô,2026-02-21 19:00,9.2,,,,0.7,,70,,0.01,
262,∞Ì»Ô,2026-02-21 20:00,9.8,,,,0.8,,180,,,
262,∞Ì»Ô,2026-02-21 21:00,11.7,,,,2.6,,180,,,
262,∞Ì»Ô,2026-02-21 22:00,8.5,,,,0.7,,50,,,
262,∞Ì»Ô,2026-02-21 23:00,6.1,,,,0.9,,70,,,
262,∞Ì»Ô,2026-02-22 00:00,6.5,,,,1.0,,70,,,
262,∞Ì»Ô,2026-02-22 01:00,10.9,,,,2.1,,160,,,
262,∞Ì»Ô,2026-02-22 02:00,10.4,,,,1.0,,20,,,
262,∞Ì»Ô,2026-02-22 03:00,8.9,,,,0.8,,340,,,
262,∞Ì»Ô,2026-02-22 04:00,6.5,,,,1.9,,340,,,
262,∞Ì»Ô,2026-02-22 05:00,5.5,,,,0.3,,0,,,
262,∞Ì»Ô,2026-02-22 06:00,5.7,,,,0.8,,340,,,
262,∞Ì»Ô,2026-02-22 07:00,6.2,,,,0.7,,90,,,
262,∞Ì»Ô,2026-02-22 08:00,7.5,,,,0.7,,360,,0.07,
262,∞Ì»Ô,2026-02-22 09:00,14.9,,,,3.1,,200,,0.44,
262,∞Ì»Ô,2026-02-22 10:00,15.6,,,,2.5,,200,,0.77,
262,∞Ì»Ô,2026-02-22 11:00,16.5,,,,5.9,,180,,1.45,
262,∞Ì»Ô,2026-02-22 12:00,17.2,,,,3.0,,230,,2.12,
262,∞Ì»Ô,2026-02-22 13:00,17.4,,,,5.1,,270,,2.56,
262,∞Ì»Ô,2026-02-22 14:00,17.0,,,,4.4,,270,,2.51,
262,∞Ì»Ô,2026-02-22 15:00,16.9,,,,5.7,,230,,2.07,
262,∞Ì»Ô,2026-02-22 16:00,16.5,,,,4.5,,320,,1.46,
262,∞Ì»Ô,2026-02-22 17:00,14.4,,,,4.2,,320,,0.81,
262,∞Ì»Ô,2026-02-22 18:00,12.2,,,,4.7,,320,,0.3,
262,∞Ì»Ô,2026-02-22 19:00,9.2,,,,2.6,,340,,0.02,
262,∞Ì»Ô,2026-02-22 20:00,6.4,,,,5.1,,340,,,
262,∞Ì»Ô,2026-02-22 21:00,5.4,,,,5.2,,320,,,
262,∞Ì»Ô,2026-02-22 22:00,4.7,,,,6.1,,320,,,
262,∞Ì»Ô,2026-02-22 23:00,3.8,,,,3.8,,320,,,
262,∞Ì»Ô,2026-02-23 00:00,4.3,,,,7.1,,320,,,
262,∞Ì»Ô,2026-02-23 01:00,3.9,,,,6.1,,340,,,
262,∞Ì»Ô,2026-02-23 02:00,3.6,,,,5.3,,340,,,
262,∞Ì»Ô,2026-02-23 03:00,2.8,,,,3.1,,340,,,
262,∞Ì»Ô,2026-02-23 04:00,0.6,,,,1.0,,320,,,
262,∞Ì»Ô,2026-02-23 05:00,0.1,,,,1.2,,340,,,
262,∞Ì»Ô,2026-02-23 06:00,1.5,,,,2.1,,340,,,
262,∞Ì»Ô,2026-02-23 07:00,-2.0,,,,0.4,,0,,,
262,∞Ì»Ô,2026-02-23 08:00,-2.3,,,,0.6,,320,,0.09,
262,∞Ì»Ô,2026-02-23 09:00,4.6,,,,2.2,,340,,0.72,
262,∞Ì»Ô,2026-02-23 10:00,7.2,,,,2.2,,320,,1.55,
262,∞Ì»Ô,2026-02-23 11:00,9.5,,,,3.4,,340,,2.25,
262,∞Ì»Ô,2026-02-23 12:00,10.5,,,,4.3,,340,,2.74,
262,∞Ì»Ô,2026-02-23 13:00,11.9,,,,4.1,,290,,2.61,
262,∞Ì»Ô,2026-02-23 14:00,12.8,,,,3.8,,320,,2.76,
262,∞Ì»Ô,2026-02-23 15:00,13.9,,,,3.4,,290,,2.48,
262,∞Ì»Ô,2026-02-23 16:00,13.6,,,,3.9,,290,,1.89,
262,∞Ì»Ô,2026-02-23 17:00,11.7,,,,3.5,,200,,1.16,
262,∞Ì»Ô,2026-02-23 18:00,8.8,,,,3.6,,200,,0.41,
262,∞Ì»Ô,2026-02-23 19:00,5.8,,,,1.1,,70,,0.01,
262,∞Ì»Ô,2026-02-23 20:00,3.4,,,,0.5,,70,,,
262,∞Ì»Ô,2026-02-23 21:00,2.1,,,,0.8,,180,,,
262,∞Ì»Ô,2026-02-23 22:00,0.8,,,,0.4,,0,,,
262,∞Ì»Ô,2026-02-23 23:00,0.2,,,,0.5,,180,,,
262,∞Ì»Ô,2026-02-24 00:00,-0.5,,,,0.3,,0,,,
262,∞Ì»Ô,2026-02-24 01:00,-0.7,,,,0.6,,230,,,
262,∞Ì»Ô,2026-02-24 02:00,-0.1,,,,0.8,,200,,,
262,∞Ì»Ô,2026-02-24 03:00,5.2,,,,1.8,,20,,,
262,∞Ì»Ô,2026-02-24 04:00,5.6,,,,2.7,,50,,,
262,∞Ì»Ô,2026-02-24 05:00,5.7,,,,3.1,,50,,,
262,∞Ì»Ô,2026-02-24 06:00,5.8,,,,2.3,,20,,,
262,∞Ì»Ô,2026-02-24 07:00,5.6,,,,1.8,,320,,,
262,∞Ì»Ô,2026-02-24 08:00,5.5,,,,0.6,,110,,0.01,
262,∞Ì»Ô,2026-02-24 09:00,5.4,,0.3,,2.3,,50,,0.05,
262,∞Ì»Ô,2026-02-24 10:00,2.9,,,9.0,1.7,,20,,0.11,
262,∞Ì»Ô,2026-02-24 11:00,3.3,,,9.0,1.9,,20,,0.18,
262,∞Ì»Ô,2026-02-24 12:00,3.6,,6.3,,2.7,,70,,0.2,
262,∞Ì»Ô,2026-02-24 13:00,3.0,,,9.0,3.1,,50,,0.17,
262,∞Ì»Ô,2026-02-24 14:00,3.2,,,9.0,4.0,,50,,0.13,
262,∞Ì»Ô,2026-02-24 15:00,3.1,,13.0,,3.3,,20,,0.12,
262,∞Ì»Ô,2026-02-24 16:00,3.5,,,9.0,3.1,,50,,0.12,
262,∞Ì»Ô,2026-02-24 17:00,4.0,,,9.0,4.2,,50,,0.1,
262,∞Ì»Ô,2026-02-24 18:00,4.1,,12.5,,3.7,,50,,0.05,
262,∞Ì»Ô,2026-02-24 19:00,4.2,,,9.0,3.2,,50,,0.01,
262,∞Ì»Ô,2026-02-24 20:00,4.5,,,9.0,3.6,,50,,,
262,∞Ì»Ô,2026-02-24 21:00,4.4,,2.9,,2.6,,50,,,
262,∞Ì»Ô,2026-02-24 22:00,4.4,,,9.0,2.3,,50,,,
262,∞Ì»Ô,2026-02-24 23:00,4.4,,,9.0,2.0,,20,,,
262,∞Ì»Ô,2026-02-25 00:00,4.2,,,9.0,2.1,,50,,,
262,∞Ì»Ô,2026-02-25 01:00,3.7,,,,1.1,,50,,,
262,∞Ì»Ô,2026-02-25 02:00,2.4,,,,0.8,,20,,,
262,∞Ì»Ô,2026-02-25 03:00,3.6,,,,1.9,,20,,,
262,∞Ì»Ô,2026-02-25 04:00,3.8,,,,2.0,,20,,,
262,∞Ì»Ô,2026-02-25 05:00,4.4,,,,2.1,,20,,,
262,∞Ì»Ô,2026-02-25 06:00,5.4,,,,2.3,,70,,,
262,∞Ì»Ô,2026-02-25 07:00,5.9,,,,2.5,,70,,,
262,∞Ì»Ô,2026-02-25 08:00,6.3,,,,1.9,,70,,0.03,
262,∞Ì»Ô,2026-02-25 09:00,6.6,,,,1.3,,90,,0.15,
262,∞Ì»Ô,2026-02-25 10:00,7.3,,,,1.8,,50,,0.32,
262,∞Ì»Ô,2026-02-25 11:00,8.2,,,,1.8,,20,,0.52,
262,∞Ì»Ô,2026-02-25 12:00,10.0,,,,2.8,,50,,1.33,
262,∞Ì»Ô,2026-02-25 13:00,12.1,,,,2.9,,20,,2.26,
262,∞Ì»Ô,2026-02-25 14:00,13.2,,,,2.5,,20,,2.99,
262,∞Ì»Ô,2026-02-25 15:00,13.8,,,,2.3,,70,,2.61,
262,∞Ì»Ô,2026-02-25 16:00,13.6,,,,2.2,,70,,1.91,
262,∞Ì»Ô,2026-02-25 17:00,12.9,,,,2.4,,50,,1.2,
262,∞Ì»Ô,2026-02-25 18:00,10.8,,,,1.3,,140,,0.42,
262,∞Ì»Ô,2026-02-25 19:00,7.0,,,,0.6,,360,,0.01,
262,∞Ì»Ô,2026-02-25 20:00,4.9,,,,0.3,,0,,,
262,∞Ì»Ô,2026-02-25 21:00,6.0,,,,1.4,,50,,,
262,∞Ì»Ô,2026-02-25 22:00,7.3,,,,1.5,,70,,,
262,∞Ì»Ô,2026-02-25 23:00,7.7,,,,3.3,,50,,,
262,∞Ì»Ô,2026-02-26 00:00,6.5,,,,1.2,,70,,,
262,∞Ì»Ô,2026-02-26 01:00,5.6,,,,1.8,,360,,,
262,∞Ì»Ô,2026-02-26 02:00,5.6,,,,2.2,,50,,,
262,∞Ì»Ô,2026-02-26 03:00,5.8,,,,2.3,,20,,,
262,∞Ì»Ô,2026-02-26 04:00,5.0,,,,2.1,,50,,,
262,∞Ì»Ô,2026-02-26 05:00,4.8,,,,1.0,,50,,,
262,∞Ì»Ô,2026-02-26 06:00,3.6,,,,1.0,,50,,,
262,∞Ì»Ô,2026-02-26 07:00,4.6,,,,1.6,,20,,,
262,∞Ì»Ô,2026-02-26 08:00,5.6,,,,2.2,,20,,0.1,
262,∞Ì»Ô,2026-02-26 09:00,8.3,,,,2.5,,360,,0.87,
262,∞Ì»Ô,2026-02-26 10:00,10.0,,,,4.5,,50,,1.49,
262,∞Ì»Ô,2026-02-26 11:00,10.3,,,,2.9,,20,,0.95,
262,∞Ì»Ô,2026-02-26 12:00,11.2,,,,3.0,,70,,1.19,
262,∞Ì»Ô,2026-02-26 13:00,11.8,,,,2.7,,50,,1.27,
262,∞Ì»Ô,2026-02-26 14:00,12.2,,,,3.5,,50,,1.24,
262,∞Ì»Ô,2026-02-26 15:00,12.4,,,,3.2,,50,,1.2,
262,∞Ì»Ô,2026-02-26 16:00,12.5,,,,2.1,,50,,0.95,
262,∞Ì»Ô,2026-02-26 17:00,11.5,,,,2.7,,50,,0.27,
262,∞Ì»Ô,2026-02-26 18:00,11.1,,,,1.6,,90,,0.09,
262,∞Ì»Ô,2026-02-26 19:00,10.8,,,,2.1,,20,,0.01,
262,∞Ì»Ô,2026-02-26 20:00,10.4,,,,1.2,,20,,,
262,∞Ì»Ô,2026-02-26 21:00,10.1,,,,0.9,,20,,,
262,∞Ì»Ô,2026-02-26 22:00,10.2,,,,1.7,,50,,,
262,∞Ì»Ô,2026-02-26 23:00,9.9,,,,1.4,,20,,,
262,∞Ì»Ô,2026-02-27 00:00,9.7,,,,1.9,,50,,,
262,∞Ì»Ô,2026-02-27 01:00,9.5,,,,2.5,,50,,,
262,∞Ì»Ô,2026-02-27 02:00,9.4,,,,3.2,,50,,,
262,∞Ì»Ô,2026-02-27 03:00,8.8,,0.2,,2.8,,70,,,
262,∞Ì»Ô,2026-02-27 04:00,8.1,,,9.0,1.7,,50,,,
262,∞Ì»Ô,2026-02-27 05:00,7.8,,,9.0,2.2,,20,,,
262,∞Ì»Ô,2026-02-27 06:00,7.5,,2.6,,1.8,,50,,,
262,∞Ì»Ô,2026-02-27 07:00,7.4,,,9.0,1.8,,20,,,
262,∞Ì»Ô,2026-02-27 08:00,7.6,,,9.0,1.7,,50,,0.01,
262,∞Ì»Ô,2026-02-27 09:00,7.7,,3.1,,2.1,,50,,0.07,
262,∞Ì»Ô,2026-02-27 10:00,8.2,,,9.0,2.2,,20,,0.3,
262,∞Ì»Ô,2026-02-27 11:00,8.5,,,9.0,2.0,,50,,0.46,
262,∞Ì»Ô,2026-02-27 12:00,9.6,,0.2,,2.3,,50,,0.89,
262,∞Ì»Ô,2026-02-27 13:00,11.2,,,9.0,2.9,,50,,1.47,
262,∞Ì»Ô,2026-02-27 14:00,12.1,,,9.0,1.7,,340,,1.21,
262,∞Ì»Ô,2026-02-27 15:00,13.4,,,9.0,1.3,,160,,1.33,
262,∞Ì»Ô,2026-02-27 16:00,12.1,,,9.0,2.7,,290,,0.75,
262,∞Ì»Ô,2026-02-27 17:00,11.6,,,9.0,0.8,,200,,0.17,
262,∞Ì»Ô,2026-02-27 18:00,11.6,,,9.0,0.7,,320,,0.19,
262,∞Ì»Ô,2026-02-27 19:00,10.6,,,9.0,0.4,,0,,0.02,
262,∞Ì»Ô,2026-02-27 20:00,9.5,,,9.0,0.7,,110,,,
262,∞Ì»Ô,2026-02-27 21:00,8.8,,,9.0,0.7,,340,,,
262,∞Ì»Ô,2026-02-27 22:00,9.2,,,9.0,0.4,,0,,,
262,∞Ì»Ô,2026-02-27 23:00,9.0,,,9.0,0.4,,0,,,
262,∞Ì»Ô,2026-02-28 00:00,8.8,,,9.0,0.5,,50,,,
262,∞Ì»Ô,2026-02-28 01:00,8.6,,,,0.5,,140,,,
262,∞Ì»Ô,2026-02-28 02:00,7.0,,,,0.7,,360,,,
262,∞Ì»Ô,2026-02-28 03:00,6.6,,,,0.4,,0,,,
262,∞Ì»Ô,2026-02-28 04:00,6.3,,,,0.3,,0,,,
262,∞Ì»Ô,2026-02-28 05:00,6.1,,,,0.2,,0,,,
262,∞Ì»Ô,2026-02-28 06:00,6.2,,,,0.1,,0,,,
262,∞Ì»Ô,2026-02-28 07:00,6.1,,,,0.6,,200,,,
262,∞Ì»Ô,2026-02-28 08:00,5.7,,,,0.3,,0,,0.12,
262,∞Ì»Ô,2026-02-28 09:00,9.6,,,,1.1,,180,,0.7,
262,∞Ì»Ô,2026-02-28 10:00,10.0,,,,2.2,,180,,1.29,
262,∞Ì»Ô,2026-02-28 11:00,11.0,,,,2.3,,160,,1.18,
262,∞Ì»Ô,2026-02-28 12:00,12.9,,,,2.9,,180,,2.46,
262,∞Ì»Ô,2026-02-28 13:00,13.3,,,,2.4,,140,,2.98,
262,∞Ì»Ô,2026-02-28 14:00,13.7,,,,3.1,,160,,2.65,
262,∞Ì»Ô,2026-02-28 15:00,13.1,,,,3.1,,160,,2.4,
262,∞Ì»Ô,2026-02-28 16:00,11.7,,,,1.9,,140,,1.3,
262,∞Ì»Ô,2026-02-28 17:00,11.6,,,,1.8,,140,,1.06,
262,∞Ì»Ô,2026-02-28 18:00,10.1,,,,2.0,,160,,0.42,
262,∞Ì»Ô,2026-02-28 19:00,8.7,,,,1.3,,180,,0.02,
262,∞Ì»Ô,2026-02-28 20:00,6.9,,,,0.7,,340,,,
262,∞Ì»Ô,2026-02-28 21:00,7.4,,,,1.2,,90,,,
262,∞Ì»Ô,2026-02-28 22:00,7.5,,,,1.4,,90,,,
262,∞Ì»Ô,2026-02-28 23:00,7.2,,,,1.8,,70,,,
262,∞Ì»Ô,2026-03-01 00:00,6.8,,,,1.6,,70,,,
262,∞Ì»Ô,2026-03-01 01:00,6.8,,,,2.5,,50,,,
262,∞Ì»Ô,2026-03-01 02:00,6.7,,,,2.0,,70,,,
262,∞Ì»Ô,2026-03-01 03:00,6.0,,,,2.3,,20,,,
262,∞Ì»Ô,2026-03-01 04:00,5.8,,,,2.4,,50,,,
262,∞Ì»Ô,2026-03-01 05:00,5.9,,,,1.3,,50,,,
262,∞Ì»Ô,2026-03-01 06:00,5.8,,,,1.8,,90,,,
262,∞Ì»Ô,2026-03-01 07:00,6.8,,,,3.0,,70,,,
262,∞Ì»Ô,2026-03-01 08:00,7.1,,,,2.3,,20,,0.13,
262,∞Ì»Ô,2026-03-01 09:00,8.5,,,,2.1,,20,,0.3,
262,∞Ì»Ô,2026-03-01 10:00,9.5,,,,2.4,,50,,0.51,
262,∞Ì»Ô,2026-03-01 11:00,10.1,,,,2.5,,50,,0.63,
262,∞Ì»Ô,2026-03-01 12:00,11.1,,,,3.2,,50,,0.91,
262,∞Ì»Ô,2026-03-01 13:00,11.1,,,,2.8,,50,,0.71,
262,∞Ì»Ô,2026-03-01 14:00,12.1,,,,2.8,,50,,1.18,
262,∞Ì»Ô,2026-03-01 15:00,11.7,,,,4.1,,70,,0.95,
262,∞Ì»Ô,2026-03-01 16:00,11.5,,,,2.8,,70,,0.58,
262,∞Ì»Ô,2026-03-01 17:00,11.1,,,,2.3,,90,,0.23,
262,∞Ì»Ô,2026-03-01 18:00,10.9,,,,2.1,,70,,0.08,
262,∞Ì»Ô,2026-03-01 19:00,10.7,,,,2.7,,90,,0.01,
262,∞Ì»Ô,2026-03-01 20:00,10.5,,,,3.4,,90,,,
262,∞Ì»Ô,2026-03-01 21:00,10.0,,,,3.1,,90,,,
262,∞Ì»Ô,2026-03-01 22:00,9.6,,,,3.9,,70,,,
262,∞Ì»Ô,2026-03-01 23:00,8.3,,,9.0,2.4,,90,,,
262,∞Ì»Ô,2026-03-02 00:00,7.0,,0.8,,1.7,,70,,,
262,∞Ì»Ô,2026-03-02 01:00,6.3,,,9.0,2.9,,50,,,
262,∞Ì»Ô,2026-03-02 02:00,5.8,,,9.0,3.6,,70,,,
262,∞Ì»Ô,2026-03-02 03:00,5.6,,4.3,,3.1,,70,,,
262,∞Ì»Ô,2026-03-02 04:00,5.5,,,9.0,4.0,,90,,,
262,∞Ì»Ô,2026-03-02 05:00,5.6,,,9.0,3.7,,70,,,
262,∞Ì»Ô,2026-03-02 06:00,5.7,,3.5,,2.7,,50,,,
262,∞Ì»Ô,2026-03-02 07:00,5.9,,,9.0,2.1,,50,,0.0,
262,∞Ì»Ô,2026-03-02 08:00,6.4,,,9.0,2.4,,50,,0.01,
262,∞Ì»Ô,2026-03-02 09:00,6.7,,4.9,,2.8,,50,,0.06,
262,∞Ì»Ô,2026-03-02 10:00,6.8,,,9.0,2.3,,50,,0.16,
262,∞Ì»Ô,2026-03-02 11:00,7.2,,,9.0,2.9,,70,,0.17,
262,∞Ì»Ô,2026-03-02 12:00,7.0,,6.4,,3.7,,50,,0.2,
262,∞Ì»Ô,2026-03-02 13:00,7.2,,,9.0,3.7,,70,,0.32,
262,∞Ì»Ô,2026-03-02 14:00,7.2,,,9.0,4.6,,50,,0.34,
262,∞Ì»Ô,2026-03-02 15:00,7.1,,2.7,,4.1,,70,,0.25,
262,∞Ì»Ô,2026-03-02 16:00,7.0,,,9.0,3.4,,70,,0.1,
262,∞Ì»Ô,2026-03-02 17:00,7.1,,,9.0,2.5,,70,,0.05,
262,∞Ì»Ô,2026-03-02 18:00,6.9,,1.3,,4.1,,70,,0.03,
262,∞Ì»Ô,2026-03-02 19:00,6.7,,,9.0,4.0,,50,,0.01,
262,∞Ì»Ô,2026-03-02 20:00,6.3,,,9.0,4.6,,70,,,
262,∞Ì»Ô,2026-03-02 21:00,6.3,,5.9,,3.2,,50,,,
262,∞Ì»Ô,2026-03-02 22:00,6.1,,,9.0,3.1,,70,,,
262,∞Ì»Ô,2026-03-02 23:00,6.2,,,9.0,2.6,,70,,,
262,∞Ì»Ô,2026-03-03 00:00,6.2,,3.4,,1.6,,20,,,
262,∞Ì»Ô,2026-03-03 01:00,6.2,,,,1.4,,290,,,
262,∞Ì»Ô,2026-03-03 02:00,6.0,,,,0.3,,0,,,
262,∞Ì»Ô,2026-03-03 03:00,5.9,,,,0.4,,0,,,
262,∞Ì»Ô,2026-03-03 04:00,5.8,,,,0.9,,20,,,
262,∞Ì»Ô,2026-03-03 05:00,6.3,,,,0.8,,70,,,
262,∞Ì»Ô,2026-03-03 06:00,6.4,,,,1.7,,90,,,
262,∞Ì»Ô,2026-03-03 07:00,5.1,,,,0.6,,360,,0.0,
262,∞Ì»Ô,2026-03-03 08:00,6.0,,,,0.3,,0,,0.07,
262,∞Ì»Ô,2026-03-03 09:00,7.7,,,,0.9,,320,,0.38,
262,∞Ì»Ô,2026-03-03 10:00,10.0,,,,2.6,,50,,1.17,
262,∞Ì»Ô,2026-03-03 11:00,11.9,,,,3.8,,50,,2.33,
262,∞Ì»Ô,2026-03-03 12:00,12.6,,,,3.7,,50,,2.94,
262,∞Ì»Ô,2026-03-03 13:00,11.8,,,,3.4,,50,,1.87,
262,∞Ì»Ô,2026-03-03 14:00,12.6,,,,2.9,,20,,1.72,
262,∞Ì»Ô,2026-03-03 15:00,13.2,,,,1.9,,50,,1.39,
262,∞Ì»Ô,2026-03-03 16:00,14.2,,,,1.6,,180,,1.52,
262,∞Ì»Ô,2026-03-03 17:00,11.6,,,,1.8,,160,,1.09,
262,∞Ì»Ô,2026-03-03 18:00,10.7,,,,1.6,,200,,0.21,
262,∞Ì»Ô,2026-03-03 19:00,9.5,,,,0.7,,340,,0.02,
262,∞Ì»Ô,2026-03-03 20:00,8.8,,,,0.2,,0,,,
262,∞Ì»Ô,2026-03-03 21:00,8.7,,,,0.4,,0,,,
262,∞Ì»Ô,2026-03-03 22:00,8.5,,,,0.6,,110,,,
262,∞Ì»Ô,2026-03-03 23:00,8.7,,,,1.5,,250,,,
262,∞Ì»Ô,2026-03-04 00:00,8.0,,,,0.9,,140,,,
262,∞Ì»Ô,2026-03-04 01:00,6.9,,,,0.7,,70,,,
262,∞Ì»Ô,2026-03-04 02:00,4.8,,,,0.5,,340,,,
262,∞Ì»Ô,2026-03-04 03:00,3.4,,,,0.6,,20,,,
262,∞Ì»Ô,2026-03-04 04:00,2.4,,,,0.2,,0,,,
262,∞Ì»Ô,2026-03-04 05:00,1.8,,,,0.4,,0,,,
262,∞Ì»Ô,2026-03-04 06:00,1.2,,,,0.3,,0,,,
262,∞Ì»Ô,2026-03-04 07:00,0.9,,,,0.5,,20,,0.0,
262,∞Ì»Ô,2026-03-04 08:00,1.7,,,,0.4,,0,,0.15,
262,∞Ì»Ô,2026-03-04 09:00,7.2,,,,0.5,,200,,0.77,
262,∞Ì»Ô,2026-03-04 10:00,9.8,,,,2.2,,320,,1.65,
262,∞Ì»Ô,2026-03-04 11:00,12.0,,,,2.1,,340,,2.25,
262,∞Ì»Ô,2026-03-04 12:00,12.1,,,,2.6,,270,,2.84,
262,∞Ì»Ô,2026-03-04 13:00,13.6,,,,2.6,,270,,2.9,
262,∞Ì»Ô,2026-03-04 14:00,14.0,,,,3.2,,270,,2.82,
262,∞Ì»Ô,2026-03-04 15:00,15.0,,,,2.6,,290,,2.49,
262,∞Ì»Ô,2026-03-04 16:00,15.2,,,,1.9,,250,,1.94,
262,∞Ì»Ô,2026-03-04 17:00,13.0,,,,3.3,,180,,1.19,
262,∞Ì»Ô,2026-03-04 18:00,11.0,,,,2.4,,200,,0.47,
262,∞Ì»Ô,2026-03-04 19:00,8.1,,,,0.7,,360,,0.04,
262,∞Ì»Ô,2026-03-04 20:00,6.3,,,,0.3,,0,,,
262,∞Ì»Ô,2026-03-04 21:00,5.1,,,,0.3,,0,,,
262,∞Ì»Ô,2026-03-04 22:00,4.2,,,,0.4,,0,,,
262,∞Ì»Ô,2026-03-04 23:00,3.2,,,,0.2,,0,,,
262,∞Ì»Ô,2026-03-05 00:00,2.8,,,,0.3,,0,,,
262,∞Ì»Ô,2026-03-05 01:00,2.1,,,,0.4,,0,,,
262,∞Ì»Ô,2026-03-05 02:00,1.8,,,,0.5,,70,,,
262,∞Ì»Ô,2026-03-05 03:00,1.7,,,,0.2,,0,,,
262,∞Ì»Ô,2026-03-05 04:00,1.4,,,,0.2,,0,,,
262,∞Ì»Ô,2026-03-05 05:00,0.9,,,,0.3,,0,,,
262,∞Ì»Ô,2026-03-05 06:00,0.5,,,,0.2,,0,,,
262,∞Ì»Ô,2026-03-05 07:00,0.4,,,,0.4,,0,,0.0,
262,∞Ì»Ô,2026-03-05 08:00,2.0,,,,0.2,,0,,0.17,
262,∞Ì»Ô,2026-03-05 09:00,6.0,,,,0.5,,290,,0.67,
262,∞Ì»Ô,2026-03-05 10:00,11.1,,,,2.6,,180,,1.44,
262,∞Ì»Ô,2026-03-05 11:00,13.2,,,,2.8,,160,,2.38,
262,∞Ì»Ô,2026-03-05 12:00,12.9,,,,2.5,,180,,2.01,
262,∞Ì»Ô,2026-03-05 13:00,12.3,,,,2.9,,180,,1.53,
262,∞Ì»Ô,2026-03-05 14:00,13.5,,,,3.0,,180,,1.74,
262,∞Ì»Ô,2026-03-05 15:00,12.5,,,,1.7,,160,,0.92,
262,∞Ì»Ô,2026-03-05 16:00,12.4,,,,2.5,,160,,0.64,
262,∞Ì»Ô,2026-03-05 17:00,11.7,,,,1.7,,160,,0.58,
262,∞Ì»Ô,2026-03-05 18:00,10.9,,,,1.0,,110,,0.19,
262,∞Ì»Ô,2026-03-05 19:00,10.3,,,,1.2,,200,,0.01,
262,∞Ì»Ô,2026-03-05 20:00,10.2,,,9.0,1.5,,160,,,
262,∞Ì»Ô,2026-03-05 21:00,10.0,,0.0,,1.2,,160,,,
262,∞Ì»Ô,2026-03-05 22:00,9.9,,,9.0,0.9,,180,,,
262,∞Ì»Ô,2026-03-05 23:00,9.1,,,9.0,0.9,,110,,,
262,∞Ì»Ô,2026-03-06 00:00,9.2,,0.1,,0.5,,340,,,
262,∞Ì»Ô,2026-03-06 01:00,8.8,,,9.0,1.5,,340,,,
262,∞Ì»Ô,2026-03-06 02:00,7.3,,,9.0,2.4,,340,,,
262,∞Ì»Ô,2026-03-06 03:00,6.2,,2.4,,1.5,,340,,,
262,∞Ì»Ô,2026-03-06 04:00,6.0,,,9.0,2.9,,320,,,
262,∞Ì»Ô,2026-03-06 05:00,5.7,,,9.0,2.9,,340,,,
262,∞Ì»Ô,2026-03-06 06:00,4.6,,0.2,,3.0,,340,,,
262,∞Ì»Ô,2026-03-06 07:00,3.5,,,9.0,2.7,,340,,0.0,
262,∞Ì»Ô,2026-03-06 08:00,3.6,,,9.0,3.6,,320,,0.05,
262,∞Ì»Ô,2026-03-06 09:00,4.5,,,9.0,3.4,,340,,0.34,
262,∞Ì»Ô,2026-03-06 10:00,5.5,,,9.0,5.7,,320,,0.75,
262,∞Ì»Ô,2026-03-06 11:00,7.8,,,9.0,3.4,,340,,1.5,
262,∞Ì»Ô,2026-03-06 12:00,9.7,,,9.0,5.9,,320,,2.49,
262,∞Ì»Ô,2026-03-06 13:00,10.8,,,9.0,5.6,,320,,2.94,
262,∞Ì»Ô,2026-03-06 14:00,10.4,,,9.0,5.2,,340,,2.83,
262,∞Ì»Ô,2026-03-06 15:00,8.9,,,9.0,6.7,,290,,1.83,
262,∞Ì»Ô,2026-03-06 16:00,8.2,,,9.0,4.4,,340,,0.89,
262,∞Ì»Ô,2026-03-06 17:00,8.0,,,9.0,3.4,,340,,0.95,
262,∞Ì»Ô,2026-03-06 18:00,6.1,,,9.0,3.9,,340,,0.26,
262,∞Ì»Ô,2026-03-06 19:00,4.3,,,9.0,3.4,,340,,0.03,
262,∞Ì»Ô,2026-03-06 20:00,3.6,,,9.0,3.8,,340,,,
262,∞Ì»Ô,2026-03-06 21:00,2.4,,,9.0,4.5,,340,,,
262,∞Ì»Ô,2026-03-06 22:00,2.3,,,9.0,4.0,,320,,,
262,∞Ì»Ô,2026-03-06 23:00,2.0,,,9.0,2.8,,340,,,
262,∞Ì»Ô,2026-03-07 00:00,1.7,,,9.0,3.4,,340,,,
262,∞Ì»Ô,2026-03-07 01:00,1.4,,,,2.8,,340,,,
262,∞Ì»Ô,2026-03-07 02:00,1.0,,,,2.2,,340,,,
262,∞Ì»Ô,2026-03-07 03:00,0.3,,,,2.2,,340,,,
262,∞Ì»Ô,2026-03-07 04:00,0.0,,,,2.9,,340,,,
262,∞Ì»Ô,2026-03-07 05:00,-0.7,,,,1.8,,340,,,
262,∞Ì»Ô,2026-03-07 06:00,-1.2,,,,0.9,,340,,,
262,∞Ì»Ô,2026-03-07 07:00,0.2,,,,3.6,,340,,0.0,
262,∞Ì»Ô,2026-03-07 08:00,0.7,,,,2.8,,340,,0.13,
262,∞Ì»Ô,2026-03-07 09:00,2.0,,,,2.3,,340,,0.55,
262,∞Ì»Ô,2026-03-07 10:00,2.9,,,,5.3,,320,,1.06,
262,∞Ì»Ô,2026-03-07 11:00,4.5,,,,4.6,,320,,1.58,
262,∞Ì»Ô,2026-03-07 12:00,6.5,,,,3.7,,340,,2.72,
262,∞Ì»Ô,2026-03-07 13:00,7.9,,,,4.6,,340,,3.03,
262,∞Ì»Ô,2026-03-07 14:00,8.5,,,,5.2,,340,,2.94,
262,∞Ì»Ô,2026-03-07 15:00,8.5,,,,6.0,,320,,2.7,
262,∞Ì»Ô,2026-03-07 16:00,8.2,,,,5.5,,290,,2.22,
262,∞Ì»Ô,2026-03-07 17:00,7.3,,,,5.7,,290,,1.46,
262,∞Ì»Ô,2026-03-07 18:00,5.4,,,,4.4,,320,,0.63,
262,∞Ì»Ô,2026-03-07 19:00,3.6,,,,4.2,,320,,0.03,
262,∞Ì»Ô,2026-03-07 20:00,2.0,,,,4.3,,320,,,
262,∞Ì»Ô,2026-03-07 21:00,1.8,,,,3.7,,290,,,
262,∞Ì»Ô,2026-03-07 22:00,-0.4,,,,1.1,,340,,,
262,∞Ì»Ô,2026-03-07 23:00,-1.2,,,,1.5,,20,,,
262,∞Ì»Ô,2026-03-08 00:00,-2.4,,,,0.4,,0,,,
262,∞Ì»Ô,2026-03-08 01:00,-3.8,,,,0.5,,360,,,
262,∞Ì»Ô,2026-03-08 02:00,-4.1,,,,0.8,,20,,,
262,∞Ì»Ô,2026-03-08 03:00,-4.6,,,,0.9,,360,,,
262,∞Ì»Ô,2026-03-08 04:00,-5.2,,,,0.3,,0,,,
262,∞Ì»Ô,2026-03-08 05:00,-5.4,,,,1.0,,340,,,
262,∞Ì»Ô,2026-03-08 06:00,-5.8,,,,0.6,,70,,,
262,∞Ì»Ô,2026-03-08 07:00,-6.1,,,,0.4,,0,,0.0,
262,∞Ì»Ô,2026-03-08 08:00,-3.6,,,,0.8,,70,,0.25,
262,∞Ì»Ô,2026-03-08 09:00,1.9,,,,1.2,,360,,1.39,
262,∞Ì»Ô,2026-03-08 10:00,6.0,,,,1.2,,360,,1.88,
262,∞Ì»Ô,2026-03-08 11:00,6.9,,,,1.3,,340,,2.22,
262,∞Ì»Ô,2026-03-08 12:00,8.3,,,,3.3,,290,,2.69,
262,∞Ì»Ô,2026-03-08 13:00,9.6,,,,3.8,,270,,2.79,
262,∞Ì»Ô,2026-03-08 14:00,9.7,,,,2.7,,270,,2.54,
262,∞Ì»Ô,2026-03-08 15:00,11.4,,,,2.2,,320,,2.74,
262,∞Ì»Ô,2026-03-08 16:00,10.0,,,,2.1,,250,,1.58,
262,∞Ì»Ô,2026-03-08 17:00,9.3,,,,3.0,,200,,0.99,
262,∞Ì»Ô,2026-03-08 18:00,8.6,,,,0.8,,230,,0.55,
262,∞Ì»Ô,2026-03-08 19:00,4.9,,,,0.6,,360,,0.05,
262,∞Ì»Ô,2026-03-08 20:00,3.0,,,,0.7,,110,,,
262,∞Ì»Ô,2026-03-08 21:00,2.4,,,,1.1,,360,,,
262,∞Ì»Ô,2026-03-08 22:00,0.8,,,,0.6,,70,,,
262,∞Ì»Ô,2026-03-08 23:00,0.7,,,,0.7,,20,,,
262,∞Ì»Ô,2026-03-09 00:00,0.1,,,,0.9,,340,,,
262,∞Ì»Ô,2026-03-09 01:00,0.4,,,,0.6,,200,,,
262,∞Ì»Ô,2026-03-09 02:00,0.3,,,,1.2,,360,,,
262,∞Ì»Ô,2026-03-09 03:00,-0.2,,,,1.3,,340,,,
262,∞Ì»Ô,2026-03-09 04:00,-0.8,,,,0.9,,50,,,
262,∞Ì»Ô,2026-03-09 05:00,-1.4,,,,0.8,,290,,,
262,∞Ì»Ô,2026-03-09 06:00,0.4,,,,2.2,,340,,,
262,∞Ì»Ô,2026-03-09 07:00,0.8,,,,2.3,,340,,0.0,
262,∞Ì»Ô,2026-03-09 08:00,2.6,,,,2.4,,340,,0.25,
262,∞Ì»Ô,2026-03-09 09:00,3.9,,,,4.9,,320,,0.75,
262,∞Ì»Ô,2026-03-09 10:00,5.9,,,,5.7,,290,,1.49,
262,∞Ì»Ô,2026-03-09 11:00,5.9,,,,2.6,,340,,1.05,
262,∞Ì»Ô,2026-03-09 12:00,7.3,,,,5.0,,320,,1.22,
262,∞Ì»Ô,2026-03-09 13:00,9.2,,,,4.9,,340,,2.22,
262,∞Ì»Ô,2026-03-09 14:00,9.8,,,,5.6,,340,,2.91,
262,∞Ì»Ô,2026-03-09 15:00,10.2,,,,6.0,,320,,2.75,
262,∞Ì»Ô,2026-03-09 16:00,9.7,,,,6.7,,320,,2.08,
262,∞Ì»Ô,2026-03-09 17:00,8.4,,,,5.7,,320,,1.33,
262,∞Ì»Ô,2026-03-09 18:00,6.3,,,,5.6,,340,,0.56,
262,∞Ì»Ô,2026-03-09 19:00,4.5,,,,4.8,,320,,0.05,
262,∞Ì»Ô,2026-03-09 20:00,3.3,,,,2.4,,320,,,
262,∞Ì»Ô,2026-03-09 21:00,1.9,,,,2.1,,340,,,
262,∞Ì»Ô,2026-03-09 22:00,1.5,,,,2.7,,320,,,
262,∞Ì»Ô,2026-03-09 23:00,1.1,,,,2.1,,320,,,
262,∞Ì»Ô,2026-03-10 00:00,0.2,,,,0.8,,360,,,
262,∞Ì»Ô,2026-03-10 01:00,-1.0,,,,0.8,,340,,,
262,∞Ì»Ô,2026-03-10 02:00,-2.3,,,,0.5,,90,,,
262,∞Ì»Ô,2026-03-10 03:00,-3.2,,,,0.7,,340,,,
262,∞Ì»Ô,2026-03-10 04:00,-3.5,,,,0.7,,20,,,
262,∞Ì»Ô,2026-03-10 05:00,-4.0,,,,0.3,,0,,,
262,∞Ì»Ô,2026-03-10 06:00,-4.3,,,,0.5,,360,,,
262,∞Ì»Ô,2026-03-10 07:00,-4.7,,,,0.2,,0,,0.0,
262,∞Ì»Ô,2026-03-10 08:00,-2.7,,,,0.2,,0,,0.21,
262,∞Ì»Ô,2026-03-10 09:00,2.9,,,,0.7,,180,,1.03,
262,∞Ì»Ô,2026-03-10 10:00,7.4,,,,0.9,,160,,1.82,
262,∞Ì»Ô,2026-03-10 11:00,8.1,,,,1.7,,270,,2.58,
262,∞Ì»Ô,2026-03-10 12:00,9.8,,,,2.5,,270,,2.86,
262,∞Ì»Ô,2026-03-10 13:00,10.8,,,,3.3,,200,,2.8,
262,∞Ì»Ô,2026-03-10 14:00,11.2,,,,2.2,,250,,2.77,
262,∞Ì»Ô,2026-03-10 15:00,11.7,,,,2.0,,230,,2.66,
262,∞Ì»Ô,2026-03-10 16:00,12.2,,,,2.4,,230,,2.22,
262,∞Ì»Ô,2026-03-10 17:00,10.2,,,,3.0,,230,,1.39,
262,∞Ì»Ô,2026-03-10 18:00,8.0,,,,1.9,,200,,0.57,
262,∞Ì»Ô,2026-03-10 19:00,4.9,,,,0.6,,50,,0.04,
262,∞Ì»Ô,2026-03-10 20:00,2.4,,,,0.5,,90,,,
262,∞Ì»Ô,2026-03-10 21:00,5.2,,,,3.2,,320,,,
262,∞Ì»Ô,2026-03-10 22:00,1.5,,,,0.7,,70,,,
262,∞Ì»Ô,2026-03-10 23:00,-0.3,,,,0.6,,50,,,
262,∞Ì»Ô,2026-03-11 00:00,-1.5,,,,0.4,,0,,,
262,∞Ì»Ô,2026-03-11 01:00,-2.3,,,,0.3,,0,,,
262,∞Ì»Ô,2026-03-11 02:00,-2.7,,,,0.5,,340,,,
262,∞Ì»Ô,2026-03-11 03:00,-3.1,,,,0.5,,360,,,
262,∞Ì»Ô,2026-03-11 04:00,-3.2,,,,0.5,,50,,,
262,∞Ì»Ô,2026-03-11 05:00,-3.9,,,,0.3,,0,,,
262,∞Ì»Ô,2026-03-11 06:00,-4.1,,,,0.3,,0,,,
262,∞Ì»Ô,2026-03-11 07:00,-3.9,,,,0.4,,0,,0.0,
262,∞Ì»Ô,2026-03-11 08:00,-2.2,,,,0.4,,0,,0.24,
262,∞Ì»Ô,2026-03-11 09:00,3.7,,,,0.5,,230,,1.2,
262,∞Ì»Ô,2026-03-11 10:00,7.4,,,,1.6,,320,,1.84,
262,∞Ì»Ô,2026-03-11 11:00,10.1,,,,1.2,,250,,2.56,
262,∞Ì»Ô,2026-03-11 12:00,10.7,,,,2.8,,270,,2.78,
262,∞Ì»Ô,2026-03-11 13:00,11.8,,,,2.9,,270,,2.74,
262,∞Ì»Ô,2026-03-11 14:00,12.7,,,,2.9,,290,,2.67,
262,∞Ì»Ô,2026-03-11 15:00,13.1,,,,2.5,,230,,2.34,
262,∞Ì»Ô,2026-03-11 16:00,12.5,,,,2.1,,160,,1.51,
262,∞Ì»Ô,2026-03-11 17:00,11.5,,,,2.4,,200,,1.1,
262,∞Ì»Ô,2026-03-11 18:00,9.6,,,,1.8,,200,,0.5,
262,∞Ì»Ô,2026-03-11 19:00,6.5,,,,0.8,,320,,0.04,
262,∞Ì»Ô,2026-03-11 20:00,3.8,,,,0.6,,20,,,
262,∞Ì»Ô,2026-03-11 21:00,2.3,,,,0.6,,360,,,
262,∞Ì»Ô,2026-03-11 22:00,1.5,,,,0.5,,360,,,
262,∞Ì»Ô,2026-03-11 23:00,0.8,,,,0.5,,340,,,
262,∞Ì»Ô,2026-03-12 00:00,0.0,,,,0.4,,0,,,
262,∞Ì»Ô,2026-03-12 01:00,-0.6,,,,0.4,,0,,,
262,∞Ì»Ô,2026-03-12 02:00,-1.3,,,,0.3,,0,,,
262,∞Ì»Ô,2026-03-12 03:00,-1.6,,,,0.4,,0,,,
262,∞Ì»Ô,2026-03-12 04:00,-2.0,,,,0.4,,0,,,
262,∞Ì»Ô,2026-03-12 05:00,-2.3,,,,0.2,,0,,,
262,∞Ì»Ô,2026-03-12 06:00,-2.6,,,,0.4,,0,,,
262,∞Ì»Ô,2026-03-12 07:00,-2.8,,,,0.5,,180,,0.0,
262,∞Ì»Ô,2026-03-12 08:00,-0.7,,,,0.3,,0,,0.23,
262,∞Ì»Ô,2026-03-12 09:00,5.2,,,,0.6,,50,,0.9,
262,∞Ì»Ô,2026-03-12 10:00,10.0,,,,1.1,,360,,1.7,
262,∞Ì»Ô,2026-03-12 11:00,11.9,,,,2.4,,340,,2.41,
262,∞Ì»Ô,2026-03-12 12:00,13.4,,,,2.5,,70,,2.69,
262,∞Ì»Ô,2026-03-12 13:00,14.3,,,,3.0,,360,,2.74,
262,∞Ì»Ô,2026-03-12 14:00,14.4,,,,3.1,,320,,2.7,
262,∞Ì»Ô,2026-03-12 15:00,14.2,,,,2.2,,290,,2.21,
262,∞Ì»Ô,2026-03-12 16:00,13.5,,,,2.1,,160,,1.24,
262,∞Ì»Ô,2026-03-12 17:00,12.3,,,,1.9,,90,,0.95,
262,∞Ì»Ô,2026-03-12 18:00,10.3,,,,1.6,,200,,0.26,
262,∞Ì»Ô,2026-03-12 19:00,9.5,,,,0.7,,50,,0.03,
262,∞Ì»Ô,2026-03-12 20:00,7.2,,,9.0,1.3,,340,,,
262,∞Ì»Ô,2026-03-12 21:00,5.7,,0.2,,0.8,,320,,,
262,∞Ì»Ô,2026-03-12 22:00,5.4,,,9.0,1.0,,140,,,
262,∞Ì»Ô,2026-03-12 23:00,4.3,,,9.0,0.4,,0,,,
262,∞Ì»Ô,2026-03-13 00:00,3.2,,0.0,,0.6,,20,,,
262,∞Ì»Ô,2026-03-13 01:00,6.3,,,,2.3,,70,,,
262,∞Ì»Ô,2026-03-13 02:00,6.2,,,,2.2,,70,,,
262,∞Ì»Ô,2026-03-13 03:00,6.3,,,,3.1,,70,,,
262,∞Ì»Ô,2026-03-13 04:00,5.2,,,,0.8,,50,,,
262,∞Ì»Ô,2026-03-13 05:00,4.9,,,,2.3,,50,,,
262,∞Ì»Ô,2026-03-13 06:00,4.5,,,,2.1,,50,,,
262,∞Ì»Ô,2026-03-13 07:00,4.4,,,,1.4,,20,,0.01,
262,∞Ì»Ô,2026-03-13 08:00,6.5,,,,2.8,,50,,0.26,
262,∞Ì»Ô,2026-03-13 09:00,8.2,,,,3.1,,50,,1.14,
262,∞Ì»Ô,2026-03-13 10:00,9.4,,,,3.7,,50,,1.95,
262,∞Ì»Ô,2026-03-13 11:00,10.7,,,,3.3,,50,,2.63,
262,∞Ì»Ô,2026-03-13 12:00,11.7,,,,3.1,,70,,2.86,
262,∞Ì»Ô,2026-03-13 13:00,11.7,,,,3.0,,50,,2.81,
262,∞Ì»Ô,2026-03-13 14:00,12.8,,,,2.6,,140,,2.71,
262,∞Ì»Ô,2026-03-13 15:00,12.9,,,,2.7,,180,,2.64,
262,∞Ì»Ô,2026-03-13 16:00,12.2,,,,3.4,,180,,2.22,
262,∞Ì»Ô,2026-03-13 17:00,12.2,,,,2.2,,180,,1.43,
262,∞Ì»Ô,2026-03-13 18:00,10.4,,,,2.0,,200,,0.61,
262,∞Ì»Ô,2026-03-13 19:00,6.9,,,,0.8,,110,,0.04,
262,∞Ì»Ô,2026-03-13 20:00,4.2,,,,0.5,,110,,,
262,∞Ì»Ô,2026-03-13 21:00,2.7,,,,0.5,,20,,,
262,∞Ì»Ô,2026-03-13 22:00,1.9,,,,0.5,,340,,,
262,∞Ì»Ô,2026-03-13 23:00,1.2,,,,0.3,,0,,,
262,∞Ì»Ô,2026-03-14 00:00,0.4,,,,0.5,,20,,,
262,∞Ì»Ô,2026-03-14 01:00,-0.3,,,,0.3,,0,,,
262,∞Ì»Ô,2026-03-14 02:00,-0.8,,,,0.4,,0,,,
262,∞Ì»Ô,2026-03-14 03:00,-1.1,,,,0.4,,0,,,
262,∞Ì»Ô,2026-03-14 04:00,-1.8,,,,0.3,,0,,,
262,∞Ì»Ô,2026-03-14 05:00,-2.0,,,,0.2,,0,,,
262,∞Ì»Ô,2026-03-14 06:00,-2.2,,,,0.3,,0,,,
262,∞Ì»Ô,2026-03-14 07:00,-2.3,,,,0.3,,0,,0.01,
262,∞Ì»Ô,2026-03-14 08:00,0.5,,,,0.3,,0,,0.28,
262,∞Ì»Ô,2026-03-14 09:00,7.0,,,,1.3,,360,,1.11,
262,∞Ì»Ô,2026-03-14 10:00,9.0,,,,1.7,,270,,1.91,
262,∞Ì»Ô,2026-03-14 11:00,11.8,,,,1.4,,140,,2.58,
262,∞Ì»Ô,2026-03-14 12:00,12.2,,,,2.9,,270,,2.79,
262,∞Ì»Ô,2026-03-14 13:00,14.0,,,,2.6,,320,,2.76,
262,∞Ì»Ô,2026-03-14 14:00,14.9,,,,1.7,,320,,2.74,
262,∞Ì»Ô,2026-03-14 15:00,14.0,,,,3.7,,270,,2.61,
262,∞Ì»Ô,2026-03-14 16:00,12.6,,,,4.2,,200,,1.97,
262,∞Ì»Ô,2026-03-14 17:00,12.9,,,,3.1,,200,,1.45,
262,∞Ì»Ô,2026-03-14 18:00,11.3,,,,2.0,,180,,0.65,
262,∞Ì»Ô,2026-03-14 19:00,7.8,,,,0.8,,360,,0.05,
262,∞Ì»Ô,2026-03-14 20:00,6.3,,,,0.9,,360,,,
262,∞Ì»Ô,2026-03-14 21:00,5.5,,,,0.8,,360,,,
262,∞Ì»Ô,2026-03-14 22:00,4.3,,,,0.7,,20,,,
262,∞Ì»Ô,2026-03-14 23:00,2.6,,,,0.9,,180,,,
262,∞Ì»Ô,2026-03-15 00:00,1.6,,,,0.5,,290,,,
262,∞Ì»Ô,2026-03-15 01:00,0.7,,,,0.4,,0,,,
262,∞Ì»Ô,2026-03-15 02:00,0.0,,,,0.5,,340,,,
262,∞Ì»Ô,2026-03-15 03:00,-0.1,,,,0.5,,50,,,
262,∞Ì»Ô,2026-03-15 04:00,0.9,,,,0.5,,90,,,
262,∞Ì»Ô,2026-03-15 05:00,1.8,,,,0.4,,0,,,
262,∞Ì»Ô,2026-03-15 06:00,2.3,,,,0.7,,320,,,
262,∞Ì»Ô,2026-03-15 07:00,2.8,,,,0.6,,20,,0.0,
262,∞Ì»Ô,2026-03-15 08:00,4.2,,,,0.4,,0,,0.17,
262,∞Ì»Ô,2026-03-15 09:00,7.0,,,,0.4,,0,,0.44,
262,∞Ì»Ô,2026-03-15 10:00,9.1,,,,0.9,,340,,0.72,
262,∞Ì»Ô,2026-03-15 11:00,10.0,,,,1.3,,340,,0.63,
262,∞Ì»Ô,2026-03-15 12:00,11.1,,,,1.0,,320,,0.9,
262,∞Ì»Ô,2026-03-15 13:00,12.5,,,,2.7,,320,,1.54,
262,∞Ì»Ô,2026-03-15 14:00,13.6,,,,2.3,,290,,1.92,
262,∞Ì»Ô,2026-03-15 15:00,14.5,,,,1.8,,250,,1.82,
262,∞Ì»Ô,2026-03-15 16:00,13.6,,,,5.0,,290,,1.77,
262,∞Ì»Ô,2026-03-15 17:00,13.4,,,,3.6,,320,,1.14,
262,∞Ì»Ô,2026-03-15 18:00,11.1,,,,3.2,,290,,0.46,
262,∞Ì»Ô,2026-03-15 19:00,9.2,,,,4.3,,320,,0.05,
262,∞Ì»Ô,2026-03-15 20:00,7.9,,,,1.6,,340,,,
262,∞Ì»Ô,2026-03-15 21:00,7.1,,,,2.1,,340,,,
262,∞Ì»Ô,2026-03-15 22:00,6.2,,,,1.8,,290,,,
262,∞Ì»Ô,2026-03-15 23:00,5.2,,,,1.0,,90,,,
262,∞Ì»Ô,2026-03-16 00:00,3.9,,,,1.3,,340,,,
262,∞Ì»Ô,2026-03-16 01:00,3.7,,,,1.0,,110,,,
262,∞Ì»Ô,2026-03-16 02:00,2.7,,,,0.6,,360,,,
262,∞Ì»Ô,2026-03-16 03:00,2.8,,,,0.5,,360,,,
262,∞Ì»Ô,2026-03-16 04:00,1.6,,,,0.5,,50,,,
262,∞Ì»Ô,2026-03-16 05:00,0.6,,,,0.5,,50,,,
262,∞Ì»Ô,2026-03-16 06:00,-0.4,,,,0.5,,180,,,
262,∞Ì»Ô,2026-03-16 07:00,-0.9,,,,0.8,,110,,0.01,
262,∞Ì»Ô,2026-03-16 08:00,1.1,,,,0.4,,0,,0.28,
262,∞Ì»Ô,2026-03-16 09:00,7.0,,,,1.0,,340,,1.02,
262,∞Ì»Ô,2026-03-16 10:00,9.9,,,,2.1,,20,,1.67,
262,∞Ì»Ô,2026-03-16 11:00,12.6,,,,1.2,,230,,2.16,
262,∞Ì»Ô,2026-03-16 12:00,13.5,,,,2.8,,160,,2.16,
262,∞Ì»Ô,2026-03-16 13:00,13.9,,,,2.4,,180,,2.44,
262,∞Ì»Ô,2026-03-16 14:00,12.3,,,,4.4,,270,,1.66,
262,∞Ì»Ô,2026-03-16 15:00,13.7,,,,2.2,,270,,1.49,
262,∞Ì»Ô,2026-03-16 16:00,13.6,,,,3.0,,320,,1.6,
262,∞Ì»Ô,2026-03-16 17:00,13.4,,,,1.5,,250,,0.62,
262,∞Ì»Ô,2026-03-16 18:00,11.8,,,,1.7,,200,,0.37,
262,∞Ì»Ô,2026-03-16 19:00,10.9,,,,1.2,,230,,0.05,
262,∞Ì»Ô,2026-03-16 20:00,9.1,,,,0.8,,270,,,
262,∞Ì»Ô,2026-03-16 21:00,6.6,,,,0.7,,50,,,
262,∞Ì»Ô,2026-03-16 22:00,5.3,,,,0.3,,0,,,
262,∞Ì»Ô,2026-03-16 23:00,5.0,,,,0.3,,0,,,
262,∞Ì»Ô,2026-03-17 00:00,4.0,,,,0.4,,0,,,
262,∞Ì»Ô,2026-03-17 01:00,3.7,,,,0.5,,110,,,
262,∞Ì»Ô,2026-03-17 02:00,3.3,,,,0.1,,0,,,
262,∞Ì»Ô,2026-03-17 03:00,3.1,,,,0.3,,0,,,
262,∞Ì»Ô,2026-03-17 04:00,2.9,,,,0.2,,0,,,
262,∞Ì»Ô,2026-03-17 05:00,3.5,,,,0.2,,0,,,
262,∞Ì»Ô,2026-03-17 06:00,4.5,,,,0.5,,70,,,
262,∞Ì»Ô,2026-03-17 07:00,4.4,,,,0.4,,0,,0.01,
262,∞Ì»Ô,2026-03-17 08:00,5.4,,,,0.2,,0,,0.26,
262,∞Ì»Ô,2026-03-17 09:00,10.2,,,,0.7,,320,,0.89,
262,∞Ì»Ô,2026-03-17 10:00,13.4,,,,1.6,,200,,1.66,
262,∞Ì»Ô,2026-03-17 11:00,15.3,,,,2.4,,180,,2.48,
262,∞Ì»Ô,2026-03-17 12:00,15.9,,,,2.6,,160,,2.74,
262,∞Ì»Ô,2026-03-17 13:00,15.8,,,,1.7,,160,,2.32,
262,∞Ì»Ô,2026-03-17 14:00,15.6,,,,1.3,,110,,1.38,
262,∞Ì»Ô,2026-03-17 15:00,14.8,,,,1.8,,160,,0.62,
262,∞Ì»Ô,2026-03-17 16:00,14.0,,,,1.2,,90,,0.3,
262,∞Ì»Ô,2026-03-17 17:00,15.5,,,,3.4,,230,,1.23,
262,∞Ì»Ô,2026-03-17 18:00,13.8,,,,2.1,,160,,0.73,
262,∞Ì»Ô,2026-03-17 19:00,11.3,,,,1.0,,90,,0.06,
262,∞Ì»Ô,2026-03-17 20:00,9.1,,,,1.5,,70,,,
262,∞Ì»Ô,2026-03-17 21:00,7.7,,,,0.8,,70,,,
262,∞Ì»Ô,2026-03-17 22:00,7.1,,,,0.6,,360,,,
262,∞Ì»Ô,2026-03-17 23:00,7.3,,,,0.7,,20,,,
262,∞Ì»Ô,2026-03-18 00:00,7.7,,,,0.5,,340,,,
262,∞Ì»Ô,2026-03-18 01:00,8.3,,,9.0,0.4,,0,,,
262,∞Ì»Ô,2026-03-18 02:00,8.7,,,9.0,0.5,,360,,,
262,∞Ì»Ô,2026-03-18 03:00,8.9,,3.2,,0.3,,0,,,
262,∞Ì»Ô,2026-03-18 04:00,9.1,,,9.0,0.5,,200,,,
262,∞Ì»Ô,2026-03-18 05:00,9.6,,,9.0,1.0,,160,,,
262,∞Ì»Ô,2026-03-18 06:00,9.8,,4.3,,0.9,,160,,,
262,∞Ì»Ô,2026-03-18 07:00,9.9,,,9.0,1.8,,140,,0.0,
262,∞Ì»Ô,2026-03-18 08:00,10.0,,,9.0,2.7,,160,,0.02,
262,∞Ì»Ô,2026-03-18 09:00,9.8,,3.4,,2.1,,70,,0.06,
262,∞Ì»Ô,2026-03-18 10:00,9.9,,,9.0,1.1,,70,,0.08,
262,∞Ì»Ô,2026-03-18 11:00,10.2,,,9.0,1.4,,70,,0.3,
262,∞Ì»Ô,2026-03-18 12:00,10.3,,4.5,,2.2,,20,,0.32,
262,∞Ì»Ô,2026-03-18 13:00,10.1,,,9.0,1.9,,20,,0.44,
262,∞Ì»Ô,2026-03-18 14:00,10.0,,,9.0,1.9,,340,,0.41,
262,∞Ì»Ô,2026-03-18 15:00,11.0,,0.4,,1.2,,320,,0.54,
262,∞Ì»Ô,2026-03-18 16:00,10.5,,,9.0,1.5,,290,,0.42,
262,∞Ì»Ô,2026-03-18 17:00,10.2,,,9.0,6.0,,320,,0.21,
262,∞Ì»Ô,2026-03-18 18:00,9.1,,,9.0,6.3,,320,,0.24,
262,∞Ì»Ô,2026-03-18 19:00,8.5,,,9.0,4.0,,320,,0.05,
262,∞Ì»Ô,2026-03-18 20:00,8.0,,,9.0,3.2,,320,,,
262,∞Ì»Ô,2026-03-18 21:00,7.6,,,9.0,3.4,,320,,,
262,∞Ì»Ô,2026-03-18 22:00,7.3,,,9.0,3.4,,320,,,
262,∞Ì»Ô,2026-03-18 23:00,6.7,,,9.0,3.6,,320,,,
262,∞Ì»Ô,2026-03-19 00:00,6.1,,,9.0,3.8,,340,,,
262,∞Ì»Ô,2026-03-19 01:00,5.5,,,,4.1,,320,,,
262,∞Ì»Ô,2026-03-19 02:00,5.2,,,,5.2,,320,,,
262,∞Ì»Ô,2026-03-19 03:00,4.3,,,,2.4,,340,,,
262,∞Ì»Ô,2026-03-19 04:00,4.3,,,,3.6,,320,,,
262,∞Ì»Ô,2026-03-19 05:00,2.8,,,,1.5,,340,,,
262,∞Ì»Ô,2026-03-19 06:00,2.4,,,,1.5,,360,,,
262,∞Ì»Ô,2026-03-19 07:00,1.2,,,,0.8,,360,,0.02,
262,∞Ì»Ô,2026-03-19 08:00,4.4,,,,1.7,,340,,0.38,
262,∞Ì»Ô,2026-03-19 09:00,7.2,,,,1.9,,320,,1.29,
262,∞Ì»Ô,2026-03-19 10:00,9.5,,,,2.5,,270,,2.16,
262,∞Ì»Ô,2026-03-19 11:00,10.7,,,,2.9,,250,,2.83,
262,∞Ì»Ô,2026-03-19 12:00,12.8,,,,1.7,,250,,2.89,
262,∞Ì»Ô,2026-03-19 13:00,14.6,,,,1.9,,270,,2.8,
262,∞Ì»Ô,2026-03-19 14:00,15.8,,,,2.5,,200,,2.78,
262,∞Ì»Ô,2026-03-19 15:00,15.6,,,,2.9,,270,,2.68,
262,∞Ì»Ô,2026-03-19 16:00,15.5,,,,2.9,,250,,2.45,
262,∞Ì»Ô,2026-03-19 17:00,14.6,,,,2.7,,290,,1.65,
262,∞Ì»Ô,2026-03-19 18:00,13.0,,,,2.2,,250,,0.75,
262,∞Ì»Ô,2026-03-19 19:00,9.4,,,,1.2,,320,,0.05,
262,∞Ì»Ô,2026-03-19 20:00,7.5,,,,1.7,,340,,,
262,∞Ì»Ô,2026-03-19 21:00,6.5,,,,1.4,,360,,,
262,∞Ì»Ô,2026-03-19 22:00,5.9,,,,2.2,,340,,,
262,∞Ì»Ô,2026-03-19 23:00,5.0,,,,1.2,,360,,,
262,∞Ì»Ô,2026-03-20 00:00,4.1,,,,0.9,,360,,,
262,∞Ì»Ô,2026-03-20 01:00,2.2,,,,0.3,,0,,,
262,∞Ì»Ô,2026-03-20 02:00,3.3,,,,1.5,,340,,,
262,∞Ì»Ô,2026-03-20 03:00,4.4,,,,1.3,,20,,,
262,∞Ì»Ô,2026-03-20 04:00,2.9,,,,0.8,,20,,,
262,∞Ì»Ô,2026-03-20 05:00,2.2,,,,0.4,,0,,,
262,∞Ì»Ô,2026-03-20 06:00,1.7,,,,0.8,,20,,,
262,∞Ì»Ô,2026-03-20 07:00,2.5,,,,0.8,,340,,0.02,
262,∞Ì»Ô,2026-03-20 08:00,4.3,,,,0.8,,70,,0.28,
262,∞Ì»Ô,2026-03-20 09:00,8.1,,,,1.1,,340,,0.95,
262,∞Ì»Ô,2026-03-20 10:00,10.6,,,,3.7,,320,,2.21,
262,∞Ì»Ô,2026-03-20 11:00,12.7,,,,4.8,,320,,2.85,
262,∞Ì»Ô,2026-03-20 12:00,14.1,,,,4.6,,320,,2.88,
262,∞Ì»Ô,2026-03-20 13:00,15.2,,,,2.6,,290,,2.68,
262,∞Ì»Ô,2026-03-20 14:00,16.1,,,,3.0,,320,,2.76,
262,∞Ì»Ô,2026-03-20 15:00,16.4,,,,2.6,,320,,2.52,
262,∞Ì»Ô,2026-03-20 16:00,16.6,,,,3.2,,320,,2.17,
262,∞Ì»Ô,2026-03-20 17:00,16.1,,,,3.5,,320,,1.54,
262,∞Ì»Ô,2026-03-20 18:00,14.5,,,,4.9,,290,,0.78,
262,∞Ì»Ô,2026-03-20 19:00,11.8,,,,2.6,,320,,0.07,
262,∞Ì»Ô,2026-03-20 20:00,10.9,,,,3.7,,290,,,
262,∞Ì»Ô,2026-03-20 21:00,7.6,,,,0.8,,360,,,
262,∞Ì»Ô,2026-03-20 22:00,6.0,,,,1.3,,360,,,
262,∞Ì»Ô,2026-03-20 23:00,4.8,,,,1.2,,140,,,
262,∞Ì»Ô,2026-03-21 00:00,3.3,,,,1.0,,90,,,
262,∞Ì»Ô,2026-03-21 01:00,2.1,,,,0.5,,110,,,
262,∞Ì»Ô,2026-03-21 02:00,1.1,,,,0.4,,0,,,
262,∞Ì»Ô,2026-03-21 03:00,0.4,,,,0.4,,0,,,
262,∞Ì»Ô,2026-03-21 04:00,-0.6,,,,0.3,,0,,,
262,∞Ì»Ô,2026-03-21 05:00,-1.0,,,,0.2,,0,,,
262,∞Ì»Ô,2026-03-21 06:00,-1.4,,,,0.5,,50,,,
262,∞Ì»Ô,2026-03-21 07:00,-1.6,,,,0.2,,0,,0.02,
262,∞Ì»Ô,2026-03-21 08:00,2.3,,,,0.3,,0,,0.42,
262,∞Ì»Ô,2026-03-21 09:00,8.9,,,,0.5,,270,,1.24,
262,∞Ì»Ô,2026-03-21 10:00,14.3,,,,1.1,,360,,2.12,
262,∞Ì»Ô,2026-03-21 11:00,15.9,,,,1.7,,180,,2.74,
262,∞Ì»Ô,2026-03-21 12:00,16.1,,,,2.8,,290,,2.76,
262,∞Ì»Ô,2026-03-21 13:00,16.3,,,,3.5,,270,,2.73,
262,∞Ì»Ô,2026-03-21 14:00,16.6,,,,4.0,,320,,2.7,
262,∞Ì»Ô,2026-03-21 15:00,17.6,,,,2.5,,290,,2.3,
262,∞Ì»Ô,2026-03-21 16:00,17.0,,,,3.2,,180,,2.34,
262,∞Ì»Ô,2026-03-21 17:00,15.6,,,,3.6,,200,,1.62,
262,∞Ì»Ô,2026-03-21 18:00,13.5,,,,2.5,,230,,0.72,
262,∞Ì»Ô,2026-03-21 19:00,10.6,,,,1.4,,250,,0.06,
262,∞Ì»Ô,2026-03-21 20:00,7.7,,,,0.5,,340,,,
262,∞Ì»Ô,2026-03-21 21:00,5.8,,,,0.3,,0,,,
262,∞Ì»Ô,2026-03-21 22:00,4.3,,,,0.6,,50,,,
262,∞Ì»Ô,2026-03-21 23:00,3.5,,,,0.5,,320,,,
262,∞Ì»Ô,2026-03-22 00:00,2.8,,,,0.3,,0,,,
262,∞Ì»Ô,2026-03-22 01:00,2.8,,,,0.8,,340,,,
262,∞Ì»Ô,2026-03-22 02:00,2.5,,,,0.5,,290,,,
262,∞Ì»Ô,2026-03-22 03:00,3.1,,,,0.5,,290,,,
262,∞Ì»Ô,2026-03-22 04:00,2.9,,,,0.8,,20,,,
262,∞Ì»Ô,2026-03-22 05:00,3.1,,,,0.6,,50,,,
262,∞Ì»Ô,2026-03-22 06:00,3.1,,,,0.7,,360,,,
262,∞Ì»Ô,2026-03-22 07:00,2.9,,,,0.8,,360,,0.01,
262,∞Ì»Ô,2026-03-22 08:00,4.9,,,,0.3,,0,,0.31,
262,∞Ì»Ô,2026-03-22 09:00,9.3,,,,0.7,,290,,0.76,
262,∞Ì»Ô,2026-03-22 10:00,12.0,,,,2.4,,320,,1.2,
262,∞Ì»Ô,2026-03-22 11:00,13.3,,,,0.9,,250,,1.22,
262,∞Ì»Ô,2026-03-22 12:00,15.1,,,,1.7,,320,,1.3,
262,∞Ì»Ô,2026-03-22 13:00,14.5,,,,1.1,,250,,1.05,
262,∞Ì»Ô,2026-03-22 14:00,17.1,,,,1.4,,250,,2.06,
262,∞Ì»Ô,2026-03-22 15:00,18.4,,,,3.1,,290,,2.75,
262,∞Ì»Ô,2026-03-22 16:00,19.0,,,,2.3,,340,,2.42,
262,∞Ì»Ô,2026-03-22 17:00,18.3,,,,1.9,,250,,1.6,
262,∞Ì»Ô,2026-03-22 18:00,15.5,,,,1.7,,290,,0.74,
262,∞Ì»Ô,2026-03-22 19:00,10.9,,,,0.8,,70,,0.06,
262,∞Ì»Ô,2026-03-22 20:00,8.0,,,,0.4,,0,,,
262,∞Ì»Ô,2026-03-22 21:00,6.0,,,,0.5,,90,,,
262,∞Ì»Ô,2026-03-22 22:00,4.9,,,,0.4,,0,,,
262,∞Ì»Ô,2026-03-22 23:00,3.7,,,,0.4,,0,,,
262,∞Ì»Ô,2026-03-23 00:00,3.1,,,,0.3,,0,,,
262,∞Ì»Ô,2026-03-23 01:00,2.3,,,,0.3,,0,,,
262,∞Ì»Ô,2026-03-23 02:00,1.6,,,,0.4,,0,,,
262,∞Ì»Ô,2026-03-23 03:00,1.0,,,,0.4,,0,,,
262,∞Ì»Ô,2026-03-23 04:00,0.5,,,,0.4,,0,,,
262,∞Ì»Ô,2026-03-23 05:00,0.0,,,,0.3,,0,,,
262,∞Ì»Ô,2026-03-23 06:00,-0.5,,,,0.3,,0,,,
262,∞Ì»Ô,2026-03-23 07:00,-0.2,,,,0.4,,0,,0.02,
262,∞Ì»Ô,2026-03-23 08:00,4.1,,,,0.4,,0,,0.45,
262,∞Ì»Ô,2026-03-23 09:00,12.2,,,,0.7,,160,,1.35,
262,∞Ì»Ô,2026-03-23 10:00,15.5,,,,2.3,,320,,2.19,
262,∞Ì»Ô,2026-03-23 11:00,17.9,,,,2.7,,340,,2.79,
262,∞Ì»Ô,2026-03-23 12:00,18.7,,,,3.1,,320,,2.83,
262,∞Ì»Ô,2026-03-23 13:00,19.4,,,,3.0,,290,,2.75,
262,∞Ì»Ô,2026-03-23 14:00,19.5,,,,3.2,,270,,2.72,
262,∞Ì»Ô,2026-03-23 15:00,20.1,,,,3.6,,200,,2.61,
262,∞Ì»Ô,2026-03-23 16:00,18.1,,,,3.8,,180,,2.37,
262,∞Ì»Ô,2026-03-23 17:00,16.2,,,,3.8,,160,,1.57,
262,∞Ì»Ô,2026-03-23 18:00,14.1,,,,3.2,,160,,0.66,
262,∞Ì»Ô,2026-03-23 19:00,12.7,,,,2.6,,160,,0.07,
262,∞Ì»Ô,2026-03-23 20:00,11.8,,,,1.5,,180,,,
262,∞Ì»Ô,2026-03-23 21:00,11.3,,,,1.7,,160,,,
262,∞Ì»Ô,2026-03-23 22:00,10.8,,,,1.7,,140,,,
262,∞Ì»Ô,2026-03-23 23:00,9.5,,,,1.1,,50,,,
262,∞Ì»Ô,2026-03-24 00:00,8.7,,,,0.8,,50,,,
262,∞Ì»Ô,2026-03-24 01:00,8.6,,,,0.8,,140,,,
262,∞Ì»Ô,2026-03-24 02:00,6.3,,,,0.4,,0,,,
262,∞Ì»Ô,2026-03-24 03:00,4.9,,,,0.4,,0,,,
262,∞Ì»Ô,2026-03-24 04:00,4.1,,,,0.3,,0,,,
262,∞Ì»Ô,2026-03-24 05:00,3.8,,,,0.5,,90,,,
262,∞Ì»Ô,2026-03-24 06:00,3.9,,,,0.3,,0,,,
262,∞Ì»Ô,2026-03-24 07:00,4.3,,,,0.9,,50,,0.03,
262,∞Ì»Ô,2026-03-24 08:00,9.0,,,,1.5,,20,,0.4,
262,∞Ì»Ô,2026-03-24 09:00,11.3,,,,2.4,,20,,1.06,
262,∞Ì»Ô,2026-03-24 10:00,13.8,,,,2.0,,50,,1.67,
262,∞Ì»Ô,2026-03-24 11:00,15.5,,,,3.1,,160,,2.55,
262,∞Ì»Ô,2026-03-24 12:00,16.2,,,,2.6,,160,,2.5,
262,∞Ì»Ô,2026-03-24 13:00,16.0,,,,3.3,,180,,2.5,
262,∞Ì»Ô,2026-03-24 14:00,16.0,,,,2.5,,160,,2.07,
262,∞Ì»Ô,2026-03-24 15:00,15.2,,,,3.1,,180,,1.38,
262,∞Ì»Ô,2026-03-24 16:00,15.4,,,,2.9,,180,,1.0,
262,∞Ì»Ô,2026-03-24 17:00,14.6,,,,2.0,,180,,0.68,
262,∞Ì»Ô,2026-03-24 18:00,13.8,,,,1.6,,110,,0.27,
262,∞Ì»Ô,2026-03-24 19:00,13.0,,,,1.6,,140,,0.03,
262,∞Ì»Ô,2026-03-24 20:00,12.5,,,,0.5,,290,,,
262,∞Ì»Ô,2026-03-24 21:00,12.2,,0.0,,0.9,,160,,,
262,∞Ì»Ô,2026-03-24 22:00,11.8,,,9.0,1.1,,20,,,
262,∞Ì»Ô,2026-03-24 23:00,11.3,,,9.0,0.5,,90,,,
262,∞Ì»Ô,2026-03-25 00:00,10.7,,0.1,,1.2,,340,,,
262,∞Ì»Ô,2026-03-25 01:00,10.1,,,9.0,0.5,,340,,,
262,∞Ì»Ô,2026-03-25 02:00,9.7,,,9.0,0.9,,340,,,
262,∞Ì»Ô,2026-03-25 03:00,9.5,,3.7,,0.7,,70,,,
262,∞Ì»Ô,2026-03-25 04:00,9.0,,,9.0,1.8,,50,,,
262,∞Ì»Ô,2026-03-25 05:00,9.1,,,9.0,1.5,,20,,,
262,∞Ì»Ô,2026-03-25 06:00,9.5,,2.5,,1.8,,50,,,
262,∞Ì»Ô,2026-03-25 07:00,9.5,,,9.0,0.8,,340,,0.02,
262,∞Ì»Ô,2026-03-25 08:00,9.8,,,9.0,0.8,,340,,0.1,
262,∞Ì»Ô,2026-03-25 09:00,10.7,,0.2,,0.5,,90,,0.33,
262,∞Ì»Ô,2026-03-25 10:00,11.2,,,9.0,0.8,,360,,0.53,
262,∞Ì»Ô,2026-03-25 11:00,11.6,,,9.0,0.8,,320,,0.43,
262,∞Ì»Ô,2026-03-25 12:00,11.9,,0.6,,0.7,,360,,0.48,
262,∞Ì»Ô,2026-03-25 13:00,12.5,,,9.0,0.8,,320,,0.63,
262,∞Ì»Ô,2026-03-25 14:00,14.8,,,9.0,1.6,,290,,1.8,
262,∞Ì»Ô,2026-03-25 15:00,17.0,,0.5,,1.0,,160,,2.54,
262,∞Ì»Ô,2026-03-25 16:00,16.8,,,9.0,1.8,,110,,2.18,
262,∞Ì»Ô,2026-03-25 17:00,16.7,,,9.0,2.7,,270,,1.39,
262,∞Ì»Ô,2026-03-25 18:00,15.7,,,9.0,1.0,,250,,0.62,
262,∞Ì»Ô,2026-03-25 19:00,12.3,,,9.0,0.9,,290,,0.08,
262,∞Ì»Ô,2026-03-25 20:00,12.0,,,9.0,1.8,,290,,,
262,∞Ì»Ô,2026-03-25 21:00,10.4,,,9.0,1.1,,340,,,
262,∞Ì»Ô,2026-03-25 22:00,8.9,,,9.0,1.1,,360,,,
262,∞Ì»Ô,2026-03-25 23:00,9.2,,,9.0,1.6,,340,,,
262,∞Ì»Ô,2026-03-26 00:00,8.6,,,9.0,0.9,,360,,,
262,∞Ì»Ô,2026-03-26 01:00,7.3,,,,1.0,,20,,,
262,∞Ì»Ô,2026-03-26 02:00,7.0,,,,1.0,,20,,,
262,∞Ì»Ô,2026-03-26 03:00,5.5,,,,0.7,,140,,,
262,∞Ì»Ô,2026-03-26 04:00,5.0,,,,0.8,,110,,,
262,∞Ì»Ô,2026-03-26 05:00,4.4,,,,0.5,,110,,,
262,∞Ì»Ô,2026-03-26 06:00,4.1,,,,0.5,,70,,,
262,∞Ì»Ô,2026-03-26 07:00,3.9,,,,0.6,,90,,0.03,
262,∞Ì»Ô,2026-03-26 08:00,6.4,,,,0.2,,0,,0.41,
262,∞Ì»Ô,2026-03-26 09:00,11.6,,,,0.8,,200,,1.1,
262,∞Ì»Ô,2026-03-26 10:00,16.1,,,,0.8,,230,,1.92,
262,∞Ì»Ô,2026-03-26 11:00,17.8,,,,3.1,,320,,2.54,
262,∞Ì»Ô,2026-03-26 12:00,19.8,,,,3.0,,290,,2.69,
262,∞Ì»Ô,2026-03-26 13:00,20.4,,,,3.7,,290,,2.7,
262,∞Ì»Ô,2026-03-26 14:00,21.6,,,,2.5,,250,,2.68,
262,∞Ì»Ô,2026-03-26 15:00,21.8,,,,3.0,,250,,2.5,
262,∞Ì»Ô,2026-03-26 16:00,20.1,,,,2.9,,200,,2.2,
262,∞Ì»Ô,2026-03-26 17:00,18.6,,,,3.2,,230,,1.34,
262,∞Ì»Ô,2026-03-26 18:00,18.1,,,,1.7,,290,,0.62,
262,∞Ì»Ô,2026-03-26 19:00,16.5,,,,2.4,,250,,0.08,
262,∞Ì»Ô,2026-03-26 20:00,13.6,,,,1.6,,340,,,
262,∞Ì»Ô,2026-03-26 21:00,12.4,,,,1.3,,20,,,
262,∞Ì»Ô,2026-03-26 22:00,13.4,,,,1.5,,360,,,
262,∞Ì»Ô,2026-03-26 23:00,11.8,,,,0.7,,360,,,
262,∞Ì»Ô,2026-03-27 00:00,10.5,,,,0.5,,50,,,
262,∞Ì»Ô,2026-03-27 01:00,9.0,,,,0.3,,0,,,
262,∞Ì»Ô,2026-03-27 02:00,7.6,,,,0.4,,0,,,
262,∞Ì»Ô,2026-03-27 03:00,6.6,,,,0.2,,0,,,
262,∞Ì»Ô,2026-03-27 04:00,5.6,,,,0.4,,0,,,
262,∞Ì»Ô,2026-03-27 05:00,4.7,,,,1.1,,180,,,
262,∞Ì»Ô,2026-03-27 06:00,4.3,,,,0.5,,340,,,
262,∞Ì»Ô,2026-03-27 07:00,4.2,,,,0.3,,0,,0.04,
262,∞Ì»Ô,2026-03-27 08:00,7.6,,,,0.6,,360,,0.44,
262,∞Ì»Ô,2026-03-27 09:00,14.6,,,,0.6,,140,,1.12,
262,∞Ì»Ô,2026-03-27 10:00,17.6,,,,2.9,,320,,1.89,
262,∞Ì»Ô,2026-03-27 11:00,19.0,,,,2.7,,290,,2.42,
262,∞Ì»Ô,2026-03-27 12:00,21.3,,,,1.7,,250,,2.35,
262,∞Ì»Ô,2026-03-27 13:00,21.2,,,,3.5,,290,,2.47,
262,∞Ì»Ô,2026-03-27 14:00,22.1,,,,3.0,,270,,2.56,
262,∞Ì»Ô,2026-03-27 15:00,22.5,,,,3.6,,250,,2.41,
262,∞Ì»Ô,2026-03-27 16:00,22.4,,,,3.5,,230,,2.07,
262,∞Ì»Ô,2026-03-27 17:00,21.4,,,,5.1,,290,,1.41,
262,∞Ì»Ô,2026-03-27 18:00,19.0,,,,4.0,,320,,0.65,
262,∞Ì»Ô,2026-03-27 19:00,16.4,,,,2.5,,230,,0.08,
262,∞Ì»Ô,2026-03-27 20:00,14.6,,,,2.0,,290,,,
262,∞Ì»Ô,2026-03-27 21:00,11.9,,,,1.5,,340,,,
262,∞Ì»Ô,2026-03-27 22:00,13.7,,,,4.7,,270,,,
262,∞Ì»Ô,2026-03-27 23:00,12.0,,,,2.3,,290,,,
262,∞Ì»Ô,2026-03-28 00:00,10.8,,,,1.3,,20,,,
262,∞Ì»Ô,2026-03-28 01:00,10.6,,,,1.3,,340,,,
262,∞Ì»Ô,2026-03-28 02:00,9.5,,,,1.4,,70,,,
262,∞Ì»Ô,2026-03-28 03:00,10.5,,,,1.7,,320,,,
262,∞Ì»Ô,2026-03-28 04:00,9.5,,,,0.8,,140,,,
262,∞Ì»Ô,2026-03-28 05:00,8.5,,,,1.1,,340,,,
262,∞Ì»Ô,2026-03-28 06:00,8.4,,,,0.5,,340,,,
262,∞Ì»Ô,2026-03-28 07:00,7.0,,,,0.5,,20,,0.05,
262,∞Ì»Ô,2026-03-28 08:00,11.0,,,,0.7,,360,,0.51,
262,∞Ì»Ô,2026-03-28 09:00,15.1,,,,1.5,,340,,1.54,
262,∞Ì»Ô,2026-03-28 10:00,18.2,,,,2.1,,340,,2.21,
262,∞Ì»Ô,2026-03-28 11:00,19.3,,,,2.6,,290,,2.81,
262,∞Ì»Ô,2026-03-28 12:00,21.2,,,,2.4,,250,,2.78,
262,∞Ì»Ô,2026-03-28 13:00,22.3,,,,3.2,,290,,2.81,
262,∞Ì»Ô,2026-03-28 14:00,22.6,,,,3.4,,250,,2.74,
262,∞Ì»Ô,2026-03-28 15:00,23.7,,,,2.4,,320,,2.63,
262,∞Ì»Ô,2026-03-28 16:00,23.5,,,,3.2,,230,,2.38,
262,∞Ì»Ô,2026-03-28 17:00,21.4,,,,2.8,,230,,1.71,
262,∞Ì»Ô,2026-03-28 18:00,19.1,,,,2.7,,160,,0.79,
262,∞Ì»Ô,2026-03-28 19:00,15.2,,,,1.2,,110,,0.09,
262,∞Ì»Ô,2026-03-28 20:00,12.0,,,,0.7,,50,,,
262,∞Ì»Ô,2026-03-28 21:00,10.1,,,,0.3,,0,,,
262,∞Ì»Ô,2026-03-28 22:00,8.8,,,,0.5,,50,,,
262,∞Ì»Ô,2026-03-28 23:00,7.6,,,,0.5,,70,,,
262,∞Ì»Ô,2026-03-29 00:00,7.0,,,,0.5,,140,,,
262,∞Ì»Ô,2026-03-29 01:00,7.0,,,,0.4,,0,,,
262,∞Ì»Ô,2026-03-29 02:00,7.1,,,,0.4,,0,,,
262,∞Ì»Ô,2026-03-29 03:00,7.7,,,,0.3,,0,,,
262,∞Ì»Ô,2026-03-29 04:00,8.1,,,,0.6,,360,,,
262,∞Ì»Ô,2026-03-29 05:00,9.4,,,,0.5,,200,,,
262,∞Ì»Ô,2026-03-29 06:00,8.7,,,,0.4,,0,,,
262,∞Ì»Ô,2026-03-29 07:00,8.9,,,,0.5,,50,,0.04,
262,∞Ì»Ô,2026-03-29 08:00,11.4,,,,0.4,,0,,0.37,
262,∞Ì»Ô,2026-03-29 09:00,14.3,,,,2.7,,180,,1.1,
262,∞Ì»Ô,2026-03-29 10:00,15.4,,,,2.3,,180,,1.28,
262,∞Ì»Ô,2026-03-29 11:00,17.0,,,,2.4,,160,,2.07,
262,∞Ì»Ô,2026-03-29 12:00,17.7,,,,2.7,,180,,2.41,
262,∞Ì»Ô,2026-03-29 13:00,18.5,,,,2.7,,160,,2.2,
262,∞Ì»Ô,2026-03-29 14:00,19.2,,,,2.0,,160,,2.35,
262,∞Ì»Ô,2026-03-29 15:00,18.7,,,,2.5,,140,,1.68,
262,∞Ì»Ô,2026-03-29 16:00,17.1,,,,4.7,,230,,1.42,
262,∞Ì»Ô,2026-03-29 17:00,16.6,,,,3.0,,200,,0.72,
262,∞Ì»Ô,2026-03-29 18:00,16.3,,,,1.7,,270,,0.6,
262,∞Ì»Ô,2026-03-29 19:00,13.5,,,,1.0,,20,,0.08,
262,∞Ì»Ô,2026-03-29 20:00,12.1,,,,0.7,,340,,,
262,∞Ì»Ô,2026-03-29 21:00,10.5,,,,0.7,,320,,,
262,∞Ì»Ô,2026-03-29 22:00,9.4,,,,0.6,,20,,,
262,∞Ì»Ô,2026-03-29 23:00,8.8,,,,0.7,,340,,,
262,∞Ì»Ô,2026-03-30 00:00,8.5,,,,0.7,,20,,,
262,∞Ì»Ô,2026-03-30 01:00,8.1,,,,0.4,,0,,,
262,∞Ì»Ô,2026-03-30 02:00,8.1,,,,0.2,,0,,,
262,∞Ì»Ô,2026-03-30 03:00,8.4,,,,0.4,,0,,,
262,∞Ì»Ô,2026-03-30 04:00,8.6,,,,0.3,,0,,,
262,∞Ì»Ô,2026-03-30 05:00,8.8,,,,0.5,,230,,,
262,∞Ì»Ô,2026-03-30 06:00,8.6,,,,0.4,,0,,,
262,∞Ì»Ô,2026-03-30 07:00,9.1,,,,0.2,,0,,0.03,
262,∞Ì»Ô,2026-03-30 08:00,10.7,,,,0.3,,0,,0.18,
262,∞Ì»Ô,2026-03-30 09:00,13.2,,,,0.8,,360,,0.51,
262,∞Ì»Ô,2026-03-30 10:00,14.5,,,,1.7,,20,,0.56,
262,∞Ì»Ô,2026-03-30 11:00,15.1,,,9.0,1.3,,110,,0.55,
262,∞Ì»Ô,2026-03-30 12:00,14.9,,0.4,,1.1,,50,,0.46,
262,∞Ì»Ô,2026-03-30 13:00,14.7,,,9.0,1.4,,50,,0.34,
262,∞Ì»Ô,2026-03-30 14:00,14.3,,,9.0,3.3,,20,,0.53,
262,∞Ì»Ô,2026-03-30 15:00,13.2,,2.1,,1.8,,50,,0.21,
262,∞Ì»Ô,2026-03-30 16:00,13.0,,,9.0,3.1,,50,,0.17,
262,∞Ì»Ô,2026-03-30 17:00,12.4,,,9.0,3.7,,50,,0.12,
262,∞Ì»Ô,2026-03-30 18:00,12.5,,4.3,,2.9,,50,,0.04,
262,∞Ì»Ô,2026-03-30 19:00,12.5,,,9.0,4.7,,50,,0.01,
262,∞Ì»Ô,2026-03-30 20:00,12.1,,,9.0,2.8,,50,,,
262,∞Ì»Ô,2026-03-30 21:00,11.7,,15.4,,3.1,,50,,,
262,∞Ì»Ô,2026-03-30 22:00,11.9,,,9.0,3.2,,50,,,
262,∞Ì»Ô,2026-03-30 23:00,12.1,,,9.0,2.8,,50,,,
262,∞Ì»Ô,2026-03-31 00:00,12.0,,6.0,,2.8,,50,,,
262,∞Ì»Ô,2026-03-31 01:00,11.9,,,9.0,1.9,,360,,,
262,∞Ì»Ô,2026-03-31 02:00,11.7,,,9.0,1.6,,360,,,
262,∞Ì»Ô,2026-03-31 03:00,11.8,,1.4,,2.4,,340,,,
262,∞Ì»Ô,2026-03-31 04:00,11.7,,,9.0,1.6,,270,,,
262,∞Ì»Ô,2026-03-31 05:00,12.0,,,9.0,3.3,,320,,,
262,∞Ì»Ô,2026-03-31 06:00,11.8,,,9.0,3.4,,290,,,
262,∞Ì»Ô,2026-03-31 07:00,11.4,,,9.0,2.0,,360,,0.04,
262,∞Ì»Ô,2026-03-31 08:00,12.6,,,9.0,0.8,,340,,0.28,
262,∞Ì»Ô,2026-03-31 09:00,15.1,,,9.0,2.2,,340,,1.24,
262,∞Ì»Ô,2026-03-31 10:00,16.9,,,9.0,2.4,,360,,2.07,
262,∞Ì»Ô,2026-03-31 11:00,17.2,,,9.0,1.4,,320,,1.98,
262,∞Ì»Ô,2026-03-31 12:00,17.6,,,9.0,2.7,,290,,1.43,
262,∞Ì»Ô,2026-03-31 13:00,20.2,,,9.0,1.6,,160,,2.12,
262,∞Ì»Ô,2026-03-31 14:00,19.7,,,9.0,2.4,,250,,1.88,
262,∞Ì»Ô,2026-03-31 15:00,18.5,,,9.0,2.2,,110,,1.34,
262,∞Ì»Ô,2026-03-31 16:00,19.0,,,9.0,2.4,,160,,1.37,
262,∞Ì»Ô,2026-03-31 17:00,16.4,,,9.0,2.9,,160,,0.68,
262,∞Ì»Ô,2026-03-31 18:00,15.5,,,9.0,2.6,,160,,0.13,
262,∞Ì»Ô,2026-03-31 19:00,15.0,,,9.0,1.6,,200,,0.01,
262,∞Ì»Ô,2026-03-31 20:00,14.2,,,9.0,0.9,,50,,,
262,∞Ì»Ô,2026-03-31 21:00,13.7,,,9.0,0.6,,50,,,
262,∞Ì»Ô,2026-03-31 22:00,13.7,,,9.0,1.1,,160,,,
262,∞Ì»Ô,2026-03-31 23:00,13.7,,,9.0,1.2,,180,,,
262,∞Ì»Ô,2026-04-01 00:00,13.5,,,9.0,1.2,,180,,,
262,∞Ì»Ô,2026-04-01 01:00,13.5,,,,2.4,,180,,,
262,∞Ì»Ô,2026-04-01 02:00,13.3,,,,2.1,,180,,,
262,∞Ì»Ô,2026-04-01 03:00,13.0,,,,1.3,,160,,,
262,∞Ì»Ô,2026-04-01 04:00,13.0,,,,1.4,,160,,,
262,∞Ì»Ô,2026-04-01 05:00,12.7,,,,1.0,,110,,,
262,∞Ì»Ô,2026-04-01 06:00,12.5,,,,1.0,,90,,,
262,∞Ì»Ô,2026-04-01 07:00,12.3,,,,0.3,,0,,0.01,
262,∞Ì»Ô,2026-04-01 08:00,12.9,,,,0.7,,140,,0.23,
262,∞Ì»Ô,2026-04-01 09:00,13.8,,,,0.9,,70,,0.45,
262,∞Ì»Ô,2026-04-01 10:00,14.2,,,,1.2,,180,,0.54,
262,∞Ì»Ô,2026-04-01 11:00,13.9,,,,1.5,,110,,0.38,
262,∞Ì»Ô,2026-04-01 12:00,14.6,,,,1.3,,180,,0.5,
262,∞Ì»Ô,2026-04-01 13:00,15.0,,,,1.8,,250,,0.77,
262,∞Ì»Ô,2026-04-01 14:00,15.6,,,,2.6,,270,,1.05,
262,∞Ì»Ô,2026-04-01 15:00,15.6,,,,2.7,,290,,1.01,
262,∞Ì»Ô,2026-04-01 16:00,15.5,,,,2.2,,250,,0.84,
262,∞Ì»Ô,2026-04-01 17:00,14.8,,,,2.0,,290,,0.49,
262,∞Ì»Ô,2026-04-01 18:00,13.1,,0.4,,1.2,,50,,0.04,
262,∞Ì»Ô,2026-04-01 19:00,12.6,,0.0,,1.3,,340,,0.04,
262,∞Ì»Ô,2026-04-01 20:00,12.0,,,9.0,1.8,,320,,,
262,∞Ì»Ô,2026-04-01 21:00,10.5,,,9.0,0.7,,340,,,
262,∞Ì»Ô,2026-04-01 22:00,10.0,,,9.0,1.0,,340,,,
262,∞Ì»Ô,2026-04-01 23:00,10.2,,,9.0,0.7,,360,,,
262,∞Ì»Ô,2026-04-02 00:00,10.1,,,9.0,1.6,,50,,,
262,∞Ì»Ô,2026-04-02 01:00,8.3,,,,1.8,,340,,,
262,∞Ì»Ô,2026-04-02 02:00,7.6,,,,0.8,,360,,,
262,∞Ì»Ô,2026-04-02 03:00,5.3,,,,0.5,,70,,,
262,∞Ì»Ô,2026-04-02 04:00,4.4,,,,0.5,,20,,,
262,∞Ì»Ô,2026-04-02 05:00,5.3,,,,1.0,,340,,,
262,∞Ì»Ô,2026-04-02 06:00,5.7,,,,1.6,,340,,,
262,∞Ì»Ô,2026-04-02 07:00,8.2,,,,3.2,,320,,0.05,
262,∞Ì»Ô,2026-04-02 08:00,10.4,,,,4.5,,290,,0.62,
262,∞Ì»Ô,2026-04-02 09:00,11.9,,,,4.1,,320,,1.48,
262,∞Ì»Ô,2026-04-02 10:00,14.1,,,,3.0,,320,,2.36,
262,∞Ì»Ô,2026-04-02 11:00,15.8,,,,4.9,,320,,2.75,
262,∞Ì»Ô,2026-04-02 12:00,17.8,,,,4.0,,320,,2.79,
262,∞Ì»Ô,2026-04-02 13:00,19.1,,,,4.9,,290,,2.88,
262,∞Ì»Ô,2026-04-02 14:00,20.1,,,,3.7,,340,,2.76,
262,∞Ì»Ô,2026-04-02 15:00,20.7,,,,3.9,,340,,2.52,
262,∞Ì»Ô,2026-04-02 16:00,20.5,,,,3.9,,290,,2.13,
262,∞Ì»Ô,2026-04-02 17:00,19.4,,,,4.4,,320,,1.65,
262,∞Ì»Ô,2026-04-02 18:00,17.6,,,,3.5,,340,,0.75,
262,∞Ì»Ô,2026-04-02 19:00,15.7,,,,1.9,,320,,0.11,
262,∞Ì»Ô,2026-04-02 20:00,14.4,,,,1.4,,230,,,
262,∞Ì»Ô,2026-04-02 21:00,14.1,,,,4.6,,290,,,
262,∞Ì»Ô,2026-04-02 22:00,13.1,,,,3.8,,270,,,
262,∞Ì»Ô,2026-04-02 23:00,10.0,,,,0.9,,70,,,
262,∞Ì»Ô,2026-04-03 00:00,9.5,,,,1.0,,70,,,
262,∞Ì»Ô,2026-04-03 01:00,8.6,,,,0.6,,50,,,
262,∞Ì»Ô,2026-04-03 02:00,8.3,,,,0.5,,360,,,
262,∞Ì»Ô,2026-04-03 03:00,8.0,,,,0.6,,340,,,
262,∞Ì»Ô,2026-04-03 04:00,7.7,,,,0.5,,70,,,
262,∞Ì»Ô,2026-04-03 05:00,7.1,,,,0.4,,0,,,
262,∞Ì»Ô,2026-04-03 06:00,6.4,,,,0.6,,50,,,
262,∞Ì»Ô,2026-04-03 07:00,6.5,,,,0.6,,360,,0.08,
262,∞Ì»Ô,2026-04-03 08:00,10.3,,,,0.8,,230,,0.55,
262,∞Ì»Ô,2026-04-03 09:00,15.5,,,,0.9,,180,,1.39,
262,∞Ì»Ô,2026-04-03 10:00,17.7,,,,1.7,,200,,1.72,
262,∞Ì»Ô,2026-04-03 11:00,19.7,,,,2.2,,200,,2.13,
262,∞Ì»Ô,2026-04-03 12:00,21.0,,,,3.0,,180,,2.58,
262,∞Ì»Ô,2026-04-03 13:00,20.8,,,,4.2,,270,,2.73,
262,∞Ì»Ô,2026-04-03 14:00,21.3,,,,2.4,,110,,2.46,
262,∞Ì»Ô,2026-04-03 15:00,19.4,,,,1.8,,160,,1.46,
262,∞Ì»Ô,2026-04-03 16:00,17.1,,,,2.9,,180,,0.75,
262,∞Ì»Ô,2026-04-03 17:00,16.3,,,,1.7,,90,,0.36,
262,∞Ì»Ô,2026-04-03 18:00,15.8,,,,1.4,,160,,0.14,
262,∞Ì»Ô,2026-04-03 19:00,15.3,,,,1.7,,180,,0.02,
262,∞Ì»Ô,2026-04-03 20:00,14.5,,,,1.1,,110,,,
262,∞Ì»Ô,2026-04-03 21:00,14.4,,0.0,,2.2,,180,,,
262,∞Ì»Ô,2026-04-03 22:00,13.6,,0.4,,1.5,,140,,,
262,∞Ì»Ô,2026-04-03 23:00,12.2,,1.5,,1.1,,140,,,
262,∞Ì»Ô,2026-04-04 00:00,12.0,,3.9,,1.7,,90,,,
262,∞Ì»Ô,2026-04-04 01:00,12.2,,5.3,,2.2,,110,,,
262,∞Ì»Ô,2026-04-04 02:00,12.8,,5.3,,2.8,,140,,,
262,∞Ì»Ô,2026-04-04 03:00,13.2,,7.0,,3.4,,160,,,
262,∞Ì»Ô,2026-04-04 04:00,14.5,,10.8,,3.3,,110,,,
262,∞Ì»Ô,2026-04-04 05:00,15.3,,18.3,,3.9,,90,,,
262,∞Ì»Ô,2026-04-04 06:00,14.7,,26.6,,3.9,,180,,,
262,∞Ì»Ô,2026-04-04 07:00,15.1,,6.7,,3.0,,180,,0.0,
262,∞Ì»Ô,2026-04-04 08:00,14.9,,0.4,,0.5,,270,,0.09,
262,∞Ì»Ô,2026-04-04 09:00,13.6,,1.1,,3.9,,340,,0.24,
262,∞Ì»Ô,2026-04-04 10:00,13.6,,0.2,,3.0,,340,,0.45,
262,∞Ì»Ô,2026-04-04 11:00,16.0,,,9.0,4.2,,320,,1.6,
262,∞Ì»Ô,2026-04-04 12:00,18.1,,,9.0,3.9,,320,,2.33,
262,∞Ì»Ô,2026-04-04 13:00,18.0,,,9.0,5.7,,290,,2.03,
262,∞Ì»Ô,2026-04-04 14:00,19.8,,,9.0,5.7,,340,,1.88,
262,∞Ì»Ô,2026-04-04 15:00,17.7,,,9.0,6.4,,290,,1.98,
262,∞Ì»Ô,2026-04-04 16:00,15.8,,,9.0,5.9,,320,,0.78,
262,∞Ì»Ô,2026-04-04 17:00,15.3,,,9.0,5.0,,320,,0.69,
262,∞Ì»Ô,2026-04-04 18:00,14.0,,,9.0,3.7,,340,,0.35,
262,∞Ì»Ô,2026-04-04 19:00,13.0,,,9.0,2.2,,360,,0.09,
262,∞Ì»Ô,2026-04-04 20:00,12.6,,,9.0,3.9,,290,,,
262,∞Ì»Ô,2026-04-04 21:00,11.7,,,9.0,2.0,,250,,,
262,∞Ì»Ô,2026-04-04 22:00,10.8,,,9.0,1.8,,320,,,
262,∞Ì»Ô,2026-04-04 23:00,10.1,,,9.0,2.0,,250,,,
262,∞Ì»Ô,2026-04-05 00:00,9.9,,,9.0,3.2,,340,,,
262,∞Ì»Ô,2026-04-05 01:00,9.0,,,,2.9,,340,,,
262,∞Ì»Ô,2026-04-05 02:00,7.7,,,,1.7,,360,,,
262,∞Ì»Ô,2026-04-05 03:00,6.5,,,,1.5,,320,,,
262,∞Ì»Ô,2026-04-05 04:00,5.9,,,,3.1,,320,,,
262,∞Ì»Ô,2026-04-05 05:00,6.6,,,,3.9,,320,,,
262,∞Ì»Ô,2026-04-05 06:00,5.6,,,,1.4,,270,,,
262,∞Ì»Ô,2026-04-05 07:00,4.8,,,,0.8,,360,,0.06,
262,∞Ì»Ô,2026-04-05 08:00,8.4,,,,2.4,,290,,0.8,
262,∞Ì»Ô,2026-04-05 09:00,9.7,,,,1.6,,270,,1.65,
262,∞Ì»Ô,2026-04-05 10:00,10.7,,,,3.5,,270,,2.43,
262,∞Ì»Ô,2026-04-05 11:00,12.9,,,,4.3,,270,,2.67,
262,∞Ì»Ô,2026-04-05 12:00,14.3,,,,3.3,,290,,2.24,
262,∞Ì»Ô,2026-04-05 13:00,16.3,,,,2.8,,250,,2.93,
262,∞Ì»Ô,2026-04-05 14:00,17.6,,,,3.0,,200,,2.76,
262,∞Ì»Ô,2026-04-05 15:00,18.2,,,,2.0,,290,,2.52,
262,∞Ì»Ô,2026-04-05 16:00,17.5,,,,2.9,,200,,2.37,
262,∞Ì»Ô,2026-04-05 17:00,17.1,,,,2.3,,200,,1.96,
262,∞Ì»Ô,2026-04-05 18:00,15.4,,,,1.9,,250,,0.94,
262,∞Ì»Ô,2026-04-05 19:00,13.1,,,,1.8,,160,,0.11,
262,∞Ì»Ô,2026-04-05 20:00,11.0,,,,0.7,,360,,,
262,∞Ì»Ô,2026-04-05 21:00,9.0,,,,0.4,,0,,,
262,∞Ì»Ô,2026-04-05 22:00,8.0,,,,0.6,,360,,,
262,∞Ì»Ô,2026-04-05 23:00,7.8,,,,0.5,,320,,,
262,∞Ì»Ô,2026-04-06 00:00,7.4,,,,0.6,,20,,,
262,∞Ì»Ô,2026-04-06 01:00,7.0,,,,0.3,,0,,,
262,∞Ì»Ô,2026-04-06 02:00,7.0,,,,0.6,,20,,,
262,∞Ì»Ô,2026-04-06 03:00,7.0,,,,0.4,,0,,,
262,∞Ì»Ô,2026-04-06 04:00,7.3,,,,0.4,,0,,,
262,∞Ì»Ô,2026-04-06 05:00,7.2,,,,0.5,,50,,,
262,∞Ì»Ô,2026-04-06 06:00,7.7,,,,0.5,,20,,,
262,∞Ì»Ô,2026-04-06 07:00,8.6,,,,0.6,,140,,0.06,
262,∞Ì»Ô,2026-04-06 08:00,11.5,,,,1.3,,320,,0.4,
262,∞Ì»Ô,2026-04-06 09:00,14.1,,,,1.1,,340,,0.78,
262,∞Ì»Ô,2026-04-06 10:00,15.5,,,,0.8,,270,,0.91,
262,∞Ì»Ô,2026-04-06 11:00,17.8,,,,1.2,,320,,1.1,
262,∞Ì»Ô,2026-04-06 12:00,19.8,,,,1.1,,180,,1.71,
262,∞Ì»Ô,2026-04-06 13:00,19.7,,,,3.6,,200,,1.17,
262,∞Ì»Ô,2026-04-06 14:00,20.0,,,,3.5,,230,,1.42,
262,∞Ì»Ô,2026-04-06 15:00,19.0,,,,2.8,,290,,0.89,
262,∞Ì»Ô,2026-04-06 16:00,18.4,,,,1.8,,230,,0.19,
262,∞Ì»Ô,2026-04-06 17:00,18.2,,,,2.4,,250,,0.17,
262,∞Ì»Ô,2026-04-06 18:00,17.6,,,,2.5,,250,,0.18,
262,∞Ì»Ô,2026-04-06 19:00,15.6,,,,4.4,,320,,0.04,
262,∞Ì»Ô,2026-04-06 20:00,14.6,,,,2.5,,320,,,
262,∞Ì»Ô,2026-04-06 21:00,13.4,,,,2.3,,360,,,
262,∞Ì»Ô,2026-04-06 22:00,12.3,,,,2.7,,340,,,
262,∞Ì»Ô,2026-04-06 23:00,12.0,,,,2.8,,340,,,
262,∞Ì»Ô,2026-04-07 00:00,10.9,,,,2.6,,340,,,
262,∞Ì»Ô,2026-04-07 01:00,9.9,,,,2.0,,340,,,
262,∞Ì»Ô,2026-04-07 02:00,9.5,,,,2.3,,340,,,
262,∞Ì»Ô,2026-04-07 03:00,6.8,,,,0.7,,180,,,
262,∞Ì»Ô,2026-04-07 04:00,6.7,,,,2.0,,340,,,
262,∞Ì»Ô,2026-04-07 05:00,4.9,,,,0.4,,0,,,
262,∞Ì»Ô,2026-04-07 06:00,3.5,,,,0.3,,0,,,
262,∞Ì»Ô,2026-04-07 07:00,3.7,,,,0.5,,290,,0.08,
262,∞Ì»Ô,2026-04-07 08:00,9.2,,,,3.8,,340,,0.7,
262,∞Ì»Ô,2026-04-07 09:00,11.3,,,,3.6,,320,,1.78,
262,∞Ì»Ô,2026-04-07 10:00,12.6,,,,2.4,,340,,2.54,
262,∞Ì»Ô,2026-04-07 11:00,14.3,,,,4.3,,340,,2.79,
262,∞Ì»Ô,2026-04-07 12:00,15.1,,,,3.7,,360,,2.87,
262,∞Ì»Ô,2026-04-07 13:00,14.7,,,,4.4,,320,,3.01,
262,∞Ì»Ô,2026-04-07 14:00,15.4,,,,3.3,,340,,2.83,
262,∞Ì»Ô,2026-04-07 15:00,16.1,,,,3.2,,320,,2.6,
262,∞Ì»Ô,2026-04-07 16:00,16.6,,,,3.1,,340,,2.41,
262,∞Ì»Ô,2026-04-07 17:00,15.6,,,,5.4,,290,,2.06,
262,∞Ì»Ô,2026-04-07 18:00,13.5,,,,4.6,,320,,1.02,
262,∞Ì»Ô,2026-04-07 19:00,10.8,,,,4.2,,340,,0.09,
262,∞Ì»Ô,2026-04-07 20:00,8.7,,,,1.9,,320,,,
262,∞Ì»Ô,2026-04-07 21:00,6.7,,,,1.7,,340,,,
262,∞Ì»Ô,2026-04-07 22:00,5.6,,,,1.7,,20,,,
262,∞Ì»Ô,2026-04-07 23:00,5.1,,,,1.3,,340,,,
262,∞Ì»Ô,2026-04-08 00:00,4.2,,,,1.0,,360,,,
262,∞Ì»Ô,2026-04-08 01:00,2.3,,,,0.9,,340,,,
262,∞Ì»Ô,2026-04-08 02:00,0.8,,,,0.7,,180,,,
262,∞Ì»Ô,2026-04-08 03:00,0.3,,,,0.7,,360,,,
262,∞Ì»Ô,2026-04-08 04:00,-0.5,,,,0.4,,0,,,
262,∞Ì»Ô,2026-04-08 05:00,-1.2,,,,0.4,,0,,,
262,∞Ì»Ô,2026-04-08 06:00,-1.4,,,,0.7,,20,,,
262,∞Ì»Ô,2026-04-08 07:00,-1.3,,,,0.3,,0,,0.08,
262,∞Ì»Ô,2026-04-08 08:00,6.0,,,,0.4,,0,,0.89,
262,∞Ì»Ô,2026-04-08 09:00,11.2,,,,1.2,,50,,1.83,
262,∞Ì»Ô,2026-04-08 10:00,12.8,,,,1.5,,270,,2.59,
262,∞Ì»Ô,2026-04-08 11:00,15.6,,,,1.9,,230,,2.74,
262,∞Ì»Ô,2026-04-08 12:00,16.2,,,,2.5,,270,,2.79,
262,∞Ì»Ô,2026-04-08 13:00,16.8,,,,2.8,,320,,2.92,
262,∞Ì»Ô,2026-04-08 14:00,17.4,,,,3.1,,250,,2.79,
262,∞Ì»Ô,2026-04-08 15:00,17.3,,,,2.6,,140,,2.57,
262,∞Ì»Ô,2026-04-08 16:00,16.7,,,,3.8,,230,,2.4,
262,∞Ì»Ô,2026-04-08 17:00,15.6,,,,3.3,,230,,2.03,
262,∞Ì»Ô,2026-04-08 18:00,13.6,,,,1.4,,230,,0.9,
262,∞Ì»Ô,2026-04-08 19:00,10.3,,,,0.7,,50,,0.14,
262,∞Ì»Ô,2026-04-08 20:00,7.9,,,,0.3,,0,,,
262,∞Ì»Ô,2026-04-08 21:00,6.9,,,,0.7,,360,,,
262,∞Ì»Ô,2026-04-08 22:00,6.6,,,,0.5,,360,,,
262,∞Ì»Ô,2026-04-08 23:00,6.4,,,,0.4,,0,,,
262,∞Ì»Ô,2026-04-09 00:00,6.8,,,,0.3,,0,,,
262,∞Ì»Ô,2026-04-09 01:00,7.6,,,,0.5,,90,,,
262,∞Ì»Ô,2026-04-09 02:00,8.3,,,,0.5,,160,,,
262,∞Ì»Ô,2026-04-09 03:00,8.9,,0.2,,0.4,,0,,,
262,∞Ì»Ô,2026-04-09 04:00,9.0,,0.9,,1.2,,340,,,
262,∞Ì»Ô,2026-04-09 05:00,9.1,,2.7,,0.8,,340,,,
262,∞Ì»Ô,2026-04-09 06:00,8.9,,1.2,,1.2,,90,,,
262,∞Ì»Ô,2026-04-09 07:00,9.4,,1.2,,1.2,,340,,0.01,
262,∞Ì»Ô,2026-04-09 08:00,9.8,,1.6,,1.4,,90,,0.03,
262,∞Ì»Ô,2026-04-09 09:00,11.1,,1.1,,1.4,,180,,0.09,
262,∞Ì»Ô,2026-04-09 10:00,13.3,,3.3,,2.3,,140,,0.1,
262,∞Ì»Ô,2026-04-09 11:00,15.7,,5.8,,2.6,,160,,0.18,
262,∞Ì»Ô,2026-04-09 12:00,15.6,,7.2,,3.9,,180,,0.12,
262,∞Ì»Ô,2026-04-09 13:00,15.7,,7.9,,3.3,,140,,0.1,
262,∞Ì»Ô,2026-04-09 14:00,15.8,,7.1,,3.0,,140,,0.17,
262,∞Ì»Ô,2026-04-09 15:00,16.1,,11.6,,3.1,,140,,0.07,
262,∞Ì»Ô,2026-04-09 16:00,16.8,,7.2,,5.3,,160,,0.1,
262,∞Ì»Ô,2026-04-09 17:00,17.6,,5.9,,4.4,,180,,0.04,
262,∞Ì»Ô,2026-04-09 18:00,17.6,,4.5,,3.0,,200,,0.02,
262,∞Ì»Ô,2026-04-09 19:00,16.9,,0.2,,3.4,,230,,0.01,
262,∞Ì»Ô,2026-04-09 20:00,16.6,,0.1,,2.7,,230,,,
262,∞Ì»Ô,2026-04-09 21:00,16.2,,0.0,,3.2,,200,,,
262,∞Ì»Ô,2026-04-09 22:00,16.1,,,9.0,2.2,,200,,,
262,∞Ì»Ô,2026-04-09 23:00,16.3,,,9.0,2.9,,200,,,
262,∞Ì»Ô,2026-04-10 00:00,16.0,,,9.0,3.6,,160,,,
262,∞Ì»Ô,2026-04-10 01:00,16.1,,0.2,,0.9,,140,,,
262,∞Ì»Ô,2026-04-10 02:00,16.2,,0.2,,1.9,,270,,,
262,∞Ì»Ô,2026-04-10 03:00,15.8,,0.3,,1.5,,180,,,
262,∞Ì»Ô,2026-04-10 04:00,15.7,,0.9,,1.3,,230,,,
262,∞Ì»Ô,2026-04-10 05:00,14.9,,0.0,,3.1,,230,,,
262,∞Ì»Ô,2026-04-10 06:00,14.6,,,9.0,6.4,,270,,,
262,∞Ì»Ô,2026-04-10 07:00,13.9,,,9.0,4.3,,270,,0.07,
262,∞Ì»Ô,2026-04-10 08:00,13.3,,,9.0,3.4,,270,,0.22,
262,∞Ì»Ô,2026-04-10 09:00,13.3,,,9.0,3.3,,320,,0.49,
262,∞Ì»Ô,2026-04-10 10:00,13.5,,,9.0,5.2,,320,,0.81,
262,∞Ì»Ô,2026-04-10 11:00,13.9,,,9.0,3.2,,320,,0.55,
262,∞Ì»Ô,2026-04-10 12:00,14.7,,,9.0,4.5,,290,,0.91,
262,∞Ì»Ô,2026-04-10 13:00,14.8,,,9.0,5.5,,320,,1.33,
262,∞Ì»Ô,2026-04-10 14:00,14.7,,,9.0,4.9,,320,,1.22,
262,∞Ì»Ô,2026-04-10 15:00,15.1,,,9.0,5.1,,290,,0.89,
262,∞Ì»Ô,2026-04-10 16:00,15.3,,,9.0,3.6,,320,,0.97,
262,∞Ì»Ô,2026-04-10 17:00,15.4,,,9.0,3.4,,340,,0.99,
262,∞Ì»Ô,2026-04-10 18:00,13.4,,,9.0,3.9,,320,,0.79,
262,∞Ì»Ô,2026-04-10 19:00,11.6,,,9.0,5.7,,320,,0.13,
262,∞Ì»Ô,2026-04-10 20:00,11.3,,,9.0,4.8,,320,,,
262,∞Ì»Ô,2026-04-10 21:00,11.3,,,9.0,3.8,,340,,,
262,∞Ì»Ô,2026-04-10 22:00,11.0,,,9.0,4.0,,320,,,
262,∞Ì»Ô,2026-04-10 23:00,10.3,,,9.0,3.9,,320,,,
262,∞Ì»Ô,2026-04-11 00:00,10.1,,,9.0,2.8,,320,,,
262,∞Ì»Ô,2026-04-11 01:00,9.7,,,,2.1,,320,,,
262,∞Ì»Ô,2026-04-11 02:00,9.2,,,,1.9,,340,,,
262,∞Ì»Ô,2026-04-11 03:00,9.6,,,,3.5,,340,,,
262,∞Ì»Ô,2026-04-11 04:00,9.2,,,,2.8,,320,,,
262,∞Ì»Ô,2026-04-11 05:00,7.8,,,,0.6,,290,,,
262,∞Ì»Ô,2026-04-11 06:00,7.3,,,,1.4,,360,,,
262,∞Ì»Ô,2026-04-11 07:00,7.8,,,,1.0,,200,,0.11,
262,∞Ì»Ô,2026-04-11 08:00,11.2,,,,2.2,,270,,0.84,
262,∞Ì»Ô,2026-04-11 09:00,13.2,,,,3.0,,320,,1.75,
262,∞Ì»Ô,2026-04-11 10:00,15.9,,,,1.2,,340,,2.46,
262,∞Ì»Ô,2026-04-11 11:00,17.2,,,,3.4,,270,,2.61,
262,∞Ì»Ô,2026-04-11 12:00,18.3,,,,3.0,,270,,2.78,
262,∞Ì»Ô,2026-04-11 13:00,19.5,,,,4.8,,270,,2.9,
262,∞Ì»Ô,2026-04-11 14:00,20.7,,,,4.1,,270,,2.63,
262,∞Ì»Ô,2026-04-11 15:00,21.7,,,,3.3,,250,,2.21,
262,∞Ì»Ô,2026-04-11 16:00,21.7,,,,2.2,,340,,1.37,
262,∞Ì»Ô,2026-04-11 17:00,20.0,,,,5.3,,320,,1.15,
262,∞Ì»Ô,2026-04-11 18:00,18.8,,,,2.9,,340,,0.5,
262,∞Ì»Ô,2026-04-11 19:00,17.7,,,,1.5,,270,,0.1,
262,∞Ì»Ô,2026-04-11 20:00,15.5,,,,2.3,,320,,,
262,∞Ì»Ô,2026-04-11 21:00,15.0,,,,1.0,,160,,,
262,∞Ì»Ô,2026-04-11 22:00,14.5,,,,0.9,,90,,,
262,∞Ì»Ô,2026-04-11 23:00,13.5,,,,1.0,,200,,,
262,∞Ì»Ô,2026-04-12 00:00,13.0,,,,0.8,,50,,,
262,∞Ì»Ô,2026-04-12 01:00,12.4,,,,0.5,,50,,,
262,∞Ì»Ô,2026-04-12 02:00,11.4,,,,0.8,,140,,,
262,∞Ì»Ô,2026-04-12 03:00,10.7,,,,0.2,,0,,,
262,∞Ì»Ô,2026-04-12 04:00,10.4,,,,0.5,,320,,,
262,∞Ì»Ô,2026-04-12 05:00,9.3,,,,1.0,,20,,,
262,∞Ì»Ô,2026-04-12 06:00,8.1,,,,0.4,,0,,,
262,∞Ì»Ô,2026-04-12 07:00,8.2,,,,0.7,,250,,0.14,
262,∞Ì»Ô,2026-04-12 08:00,12.7,,,,0.5,,250,,0.94,
262,∞Ì»Ô,2026-04-12 09:00,17.2,,,,2.0,,160,,1.4,
262,∞Ì»Ô,2026-04-12 10:00,17.7,,,,1.7,,140,,1.9,
262,∞Ì»Ô,2026-04-12 11:00,17.3,,,,2.9,,180,,1.62,
262,∞Ì»Ô,2026-04-12 12:00,17.5,,,,1.9,,160,,1.62,
262,∞Ì»Ô,2026-04-12 13:00,17.4,,,,2.4,,180,,1.59,
262,∞Ì»Ô,2026-04-12 14:00,18.8,,,,2.5,,180,,1.72,
262,∞Ì»Ô,2026-04-12 15:00,18.3,,,,1.6,,140,,1.29,
262,∞Ì»Ô,2026-04-12 16:00,17.4,,,,2.0,,110,,0.83,
262,∞Ì»Ô,2026-04-12 17:00,16.6,,,,0.5,,200,,0.34,
262,∞Ì»Ô,2026-04-12 18:00,15.3,,,,0.8,,20,,0.17,
262,∞Ì»Ô,2026-04-12 19:00,14.0,,,,0.9,,340,,0.06,
262,∞Ì»Ô,2026-04-12 20:00,13.0,,,,1.0,,360,,,
262,∞Ì»Ô,2026-04-12 21:00,13.1,,0.0,,0.6,,200,,,
262,∞Ì»Ô,2026-04-12 22:00,12.1,,0.2,,0.9,,50,,,
262,∞Ì»Ô,2026-04-12 23:00,11.2,,0.1,,1.0,,360,,,
262,∞Ì»Ô,2026-04-13 00:00,11.0,,0.0,,0.9,,340,,,
262,∞Ì»Ô,2026-04-13 01:00,10.7,,0.6,,1.1,,160,,,
262,∞Ì»Ô,2026-04-13 02:00,10.1,,0.7,,0.6,,50,,,
262,∞Ì»Ô,2026-04-13 03:00,10.0,,0.3,,0.6,,50,,,
262,∞Ì»Ô,2026-04-13 04:00,9.6,,0.1,,0.5,,20,,,
262,∞Ì»Ô,2026-04-13 05:00,9.4,,,9.0,0.3,,0,,,
262,∞Ì»Ô,2026-04-13 06:00,9.6,,,9.0,0.4,,0,,,
262,∞Ì»Ô,2026-04-13 07:00,10.2,,,9.0,0.3,,0,,0.05,
262,∞Ì»Ô,2026-04-13 08:00,11.9,,,9.0,0.3,,0,,0.33,
262,∞Ì»Ô,2026-04-13 09:00,16.7,,,9.0,0.7,,320,,1.27,
262,∞Ì»Ô,2026-04-13 10:00,19.9,,,9.0,2.3,,50,,1.8,
262,∞Ì»Ô,2026-04-13 11:00,21.2,,,9.0,1.1,,200,,1.99,
262,∞Ì»Ô,2026-04-13 12:00,22.0,,,9.0,1.1,,230,,1.67,
262,∞Ì»Ô,2026-04-13 13:00,22.3,,,9.0,2.3,,160,,1.73,
262,∞Ì»Ô,2026-04-13 14:00,21.7,,,9.0,3.2,,180,,1.94,
262,∞Ì»Ô,2026-04-13 15:00,19.9,,,9.0,2.3,,160,,0.97,
262,∞Ì»Ô,2026-04-13 16:00,19.3,,,9.0,1.6,,180,,0.71,
262,∞Ì»Ô,2026-04-13 17:00,18.5,,,9.0,1.6,,200,,0.49,
262,∞Ì»Ô,2026-04-13 18:00,17.6,,,9.0,0.8,,360,,0.17,
262,∞Ì»Ô,2026-04-13 19:00,17.0,,,9.0,0.9,,360,,0.05,
262,∞Ì»Ô,2026-04-13 20:00,16.5,,,9.0,0.9,,340,,0.0,
262,∞Ì»Ô,2026-04-13 21:00,15.4,,,9.0,0.7,,20,,,
262,∞Ì»Ô,2026-04-13 22:00,14.8,,,9.0,0.4,,0,,,
262,∞Ì»Ô,2026-04-13 23:00,14.4,,,9.0,0.6,,70,,,
262,∞Ì»Ô,2026-04-14 00:00,14.7,,,9.0,1.1,,160,,,
262,∞Ì»Ô,2026-04-14 01:00,14.5,,,,0.7,,110,,,
262,∞Ì»Ô,2026-04-14 02:00,13.4,,,,0.4,,0,,,
262,∞Ì»Ô,2026-04-14 03:00,13.6,,,,0.7,,20,,,
262,∞Ì»Ô,2026-04-14 04:00,14.1,,,,1.2,,50,,,
262,∞Ì»Ô,2026-04-14 05:00,13.7,,,,0.3,,0,,,
262,∞Ì»Ô,2026-04-14 06:00,13.8,,,,0.5,,290,,,
262,∞Ì»Ô,2026-04-14 07:00,14.0,,,,0.3,,0,,0.02,
262,∞Ì»Ô,2026-04-14 08:00,14.8,,,,1.1,,180,,0.13,
262,∞Ì»Ô,2026-04-14 09:00,17.0,,,,1.8,,50,,0.5,
262,∞Ì»Ô,2026-04-14 10:00,17.7,,,,2.1,,50,,0.63,
262,∞Ì»Ô,2026-04-14 11:00,18.7,,,,2.1,,50,,0.81,
262,∞Ì»Ô,2026-04-14 12:00,18.2,,,,1.9,,180,,0.82,
262,∞Ì»Ô,2026-04-14 13:00,17.4,,,,1.6,,140,,0.79,
262,∞Ì»Ô,2026-04-14 14:00,17.0,,,,1.7,,160,,0.58,
262,∞Ì»Ô,2026-04-14 15:00,16.7,,,,1.4,,180,,0.39,
262,∞Ì»Ô,2026-04-14 16:00,15.9,,,,1.7,,160,,0.46,
262,∞Ì»Ô,2026-04-14 17:00,15.7,,,,1.8,,200,,0.35,
262,∞Ì»Ô,2026-04-14 18:00,15.7,,,,1.6,,180,,0.29,
262,∞Ì»Ô,2026-04-14 19:00,15.4,,,,0.9,,290,,0.07,
262,∞Ì»Ô,2026-04-14 20:00,14.8,,,,0.3,,0,,0.0,
262,∞Ì»Ô,2026-04-14 21:00,14.3,,,,0.6,,360,,,
262,∞Ì»Ô,2026-04-14 22:00,13.7,,,,0.6,,20,,,
262,∞Ì»Ô,2026-04-14 23:00,13.0,,,,0.3,,0,,,
262,∞Ì»Ô,2026-04-15 00:00,12.9,,,,0.6,,20,,,
262,∞Ì»Ô,2026-04-15 01:00,13.4,,,,0.3,,0,,,
262,∞Ì»Ô,2026-04-15 02:00,13.3,,,,0.9,,340,,,
262,∞Ì»Ô,2026-04-15 03:00,13.2,,,,0.5,,70,,,
262,∞Ì»Ô,2026-04-15 04:00,12.6,,,,0.1,,0,,,
262,∞Ì»Ô,2026-04-15 05:00,12.3,,,,0.7,,340,,,
262,∞Ì»Ô,2026-04-15 06:00,11.2,,,,0.6,,340,,,
262,∞Ì»Ô,2026-04-15 07:00,11.5,,,,0.4,,0,,0.14,
262,∞Ì»Ô,2026-04-15 08:00,13.3,,,,0.3,,0,,0.39,
262,∞Ì»Ô,2026-04-15 09:00,17.3,,,,0.7,,180,,1.09,
262,∞Ì»Ô,2026-04-15 10:00,20.1,,,,1.1,,250,,2.4,
262,∞Ì»Ô,2026-04-15 11:00,22.0,,,,2.4,,320,,2.55,
262,∞Ì»Ô,2026-04-15 12:00,24.0,,,,1.2,,20,,2.68,
262,∞Ì»Ô,2026-04-15 13:00,24.7,,,,2.3,,200,,2.83,
262,∞Ì»Ô,2026-04-15 14:00,24.9,,,,3.2,,290,,2.67,
262,∞Ì»Ô,2026-04-15 15:00,25.1,,,,3.0,,180,,2.39,
262,∞Ì»Ô,2026-04-15 16:00,23.9,,,,2.3,,200,,2.17,
262,∞Ì»Ô,2026-04-15 17:00,23.3,,,,1.9,,180,,1.82,
262,∞Ì»Ô,2026-04-15 18:00,21.4,,,,1.7,,160,,0.92,
262,∞Ì»Ô,2026-04-15 19:00,18.1,,,,0.6,,160,,0.16,
262,∞Ì»Ô,2026-04-15 20:00,15.0,,,,0.8,,20,,0.0,
262,∞Ì»Ô,2026-04-15 21:00,13.6,,,,0.7,,230,,,
262,∞Ì»Ô,2026-04-15 22:00,14.9,,,,2.9,,180,,,
262,∞Ì»Ô,2026-04-15 23:00,14.5,,,,2.4,,180,,,
262,∞Ì»Ô,2026-04-16 00:00,13.6,,,,1.4,,160,,,
262,∞Ì»Ô,2026-04-16 01:00,12.9,,,,1.5,,110,,,
262,∞Ì»Ô,2026-04-16 02:00,12.1,,,,0.5,,20,,,
262,∞Ì»Ô,2026-04-16 03:00,10.6,,,,0.6,,20,,,
262,∞Ì»Ô,2026-04-16 04:00,9.6,,,,0.3,,0,,,
262,∞Ì»Ô,2026-04-16 05:00,9.0,,,,0.5,,180,,,
262,∞Ì»Ô,2026-04-16 06:00,8.7,,,,0.5,,90,,0.0,
262,∞Ì»Ô,2026-04-16 07:00,10.0,,,,0.5,,50,,0.17,
262,∞Ì»Ô,2026-04-16 08:00,15.7,,,,1.1,,50,,0.91,
262,∞Ì»Ô,2026-04-16 09:00,18.5,,,,3.2,,50,,1.88,
262,∞Ì»Ô,2026-04-16 10:00,20.6,,,,2.9,,50,,2.62,
262,∞Ì»Ô,2026-04-16 11:00,21.0,,,,3.1,,90,,2.71,
262,∞Ì»Ô,2026-04-16 12:00,20.3,,,,3.1,,160,,2.87,
262,∞Ì»Ô,2026-04-16 13:00,20.0,,,,3.2,,160,,2.98,
262,∞Ì»Ô,2026-04-16 14:00,21.1,,,,2.8,,180,,2.84,
262,∞Ì»Ô,2026-04-16 15:00,20.2,,,,3.2,,160,,2.59,
262,∞Ì»Ô,2026-04-16 16:00,19.6,,,,4.1,,180,,2.35,
262,∞Ì»Ô,2026-04-16 17:00,18.1,,,,3.1,,160,,1.98,
262,∞Ì»Ô,2026-04-16 18:00,16.5,,,,3.0,,160,,0.79,
262,∞Ì»Ô,2026-04-16 19:00,14.9,,,,1.5,,110,,0.17,
262,∞Ì»Ô,2026-04-16 20:00,13.3,,,,1.7,,90,,0.0,
262,∞Ì»Ô,2026-04-16 21:00,13.3,,,,1.3,,110,,,
262,∞Ì»Ô,2026-04-16 22:00,14.2,,,,2.3,,160,,,
262,∞Ì»Ô,2026-04-16 23:00,14.7,,,,1.7,,180,,,
262,∞Ì»Ô,2026-04-17 00:00,13.9,,,,0.6,,290,,,
262,∞Ì»Ô,2026-04-17 01:00,13.2,,,,0.8,,90,,,
262,∞Ì»Ô,2026-04-17 02:00,12.5,,,,1.2,,160,,,
262,∞Ì»Ô,2026-04-17 03:00,13.3,,,,1.1,,360,,,
262,∞Ì»Ô,2026-04-17 04:00,12.1,,,,1.0,,50,,,
262,∞Ì»Ô,2026-04-17 05:00,11.7,,,,0.4,,0,,,
262,∞Ì»Ô,2026-04-17 06:00,11.8,,,,0.6,,160,,0.0,
262,∞Ì»Ô,2026-04-17 07:00,12.2,,0.0,,0.5,,180,,0.03,
262,∞Ì»Ô,2026-04-17 08:00,12.5,,0.2,,1.4,,20,,0.16,
262,∞Ì»Ô,2026-04-17 09:00,12.4,,0.4,,0.6,,20,,0.15,
262,∞Ì»Ô,2026-04-17 10:00,12.1,,2.8,,0.9,,360,,0.16,
262,∞Ì»Ô,2026-04-17 11:00,13.4,,0.5,,0.7,,70,,0.65,
262,∞Ì»Ô,2026-04-17 12:00,14.8,,0.0,,1.6,,360,,1.63,
262,∞Ì»Ô,2026-04-17 13:00,14.4,,,9.0,2.8,,20,,1.26,
262,∞Ì»Ô,2026-04-17 14:00,14.3,,0.0,,2.2,,360,,0.72,
262,∞Ì»Ô,2026-04-17 15:00,15.0,,0.0,,1.0,,20,,0.62,
262,∞Ì»Ô,2026-04-17 16:00,14.6,,0.1,,2.1,,20,,0.44,
262,∞Ì»Ô,2026-04-17 17:00,14.2,,1.4,,1.7,,20,,0.19,
262,∞Ì»Ô,2026-04-17 18:00,14.2,,1.4,,1.7,,20,,0.1,
262,∞Ì»Ô,2026-04-17 19:00,14.4,,2.2,,2.2,,20,,0.02,
262,∞Ì»Ô,2026-04-17 20:00,14.5,,1.7,,2.2,,20,,0.0,
262,∞Ì»Ô,2026-04-17 21:00,14.5,,0.7,,2.3,,20,,,
262,∞Ì»Ô,2026-04-17 22:00,14.4,,1.8,,2.8,,20,,,
262,∞Ì»Ô,2026-04-17 23:00,14.2,,2.1,,3.1,,20,,,
262,∞Ì»Ô,2026-04-18 00:00,14.2,,2.5,,3.0,,20,,,
262,∞Ì»Ô,2026-04-18 01:00,14.2,,1.8,,2.3,,20,,,
262,∞Ì»Ô,2026-04-18 02:00,14.3,,1.2,,3.0,,20,,,
262,∞Ì»Ô,2026-04-18 03:00,14.5,,1.3,,2.6,,20,,,
262,∞Ì»Ô,2026-04-18 04:00,14.5,,1.2,,3.2,,20,,,
262,∞Ì»Ô,2026-04-18 05:00,14.6,,0.7,,2.6,,50,,,
262,∞Ì»Ô,2026-04-18 06:00,14.7,,0.4,,3.3,,50,,0.0,
262,∞Ì»Ô,2026-04-18 07:00,14.9,,0.2,,2.5,,20,,0.03,
262,∞Ì»Ô,2026-04-18 08:00,15.3,,,9.0,2.6,,20,,0.18,
262,∞Ì»Ô,2026-04-18 09:00,15.9,,,9.0,2.8,,20,,0.33,
262,∞Ì»Ô,2026-04-18 10:00,16.5,,,9.0,2.3,,20,,0.5,
262,∞Ì»Ô,2026-04-18 11:00,19.4,,,9.0,2.4,,110,,1.58,
262,∞Ì»Ô,2026-04-18 12:00,19.4,,,9.0,1.4,,160,,1.95,
262,∞Ì»Ô,2026-04-18 13:00,20.4,,,9.0,3.7,,180,,3.17,
262,∞Ì»Ô,2026-04-18 14:00,19.8,,,9.0,3.0,,160,,1.7,
262,∞Ì»Ô,2026-04-18 15:00,20.2,,,9.0,2.6,,180,,1.54,
262,∞Ì»Ô,2026-04-18 16:00,19.1,,,9.0,2.6,,160,,1.09,
262,∞Ì»Ô,2026-04-18 17:00,18.8,,,9.0,2.1,,140,,0.61,
262,∞Ì»Ô,2026-04-18 18:00,18.0,,,9.0,2.1,,160,,0.34,
262,∞Ì»Ô,2026-04-18 19:00,17.2,,,9.0,2.1,,180,,0.09,
262,∞Ì»Ô,2026-04-18 20:00,16.2,,,9.0,0.7,,70,,0.0,
262,∞Ì»Ô,2026-04-18 21:00,14.9,,,9.0,0.7,,360,,,
262,∞Ì»Ô,2026-04-18 22:00,14.2,,,9.0,0.4,,0,,,
262,∞Ì»Ô,2026-04-18 23:00,14.0,,,9.0,1.0,,360,,,
262,∞Ì»Ô,2026-04-19 00:00,13.9,,,9.0,0.6,,340,,,
262,∞Ì»Ô,2026-04-19 01:00,13.9,,,,0.7,,140,,,
262,∞Ì»Ô,2026-04-19 02:00,13.8,,,,0.8,,20,,,
262,∞Ì»Ô,2026-04-19 03:00,13.9,,,,0.8,,160,,,
262,∞Ì»Ô,2026-04-19 04:00,14.4,,,,0.9,,160,,,
262,∞Ì»Ô,2026-04-19 05:00,14.1,,,,0.6,,70,,,
262,∞Ì»Ô,2026-04-19 06:00,14.0,,0.0,,0.5,,160,,0.0,
262,∞Ì»Ô,2026-04-19 07:00,14.5,,0.5,,0.2,,0,,0.04,
262,∞Ì»Ô,2026-04-19 08:00,15.1,,1.6,,0.4,,0,,0.09,
262,∞Ì»Ô,2026-04-19 09:00,17.0,,0.1,,1.0,,180,,0.5,
262,∞Ì»Ô,2026-04-19 10:00,17.8,,,9.0,0.9,,140,,0.7,
262,∞Ì»Ô,2026-04-19 11:00,18.5,,,9.0,1.2,,160,,0.82,
262,∞Ì»Ô,2026-04-19 12:00,19.3,,,9.0,2.3,,180,,1.07,
262,∞Ì»Ô,2026-04-19 13:00,20.8,,,9.0,2.2,,160,,1.89,
262,∞Ì»Ô,2026-04-19 14:00,20.7,,,9.0,1.4,,140,,1.46,
262,∞Ì»Ô,2026-04-19 15:00,20.3,,,9.0,2.3,,180,,1.26,
262,∞Ì»Ô,2026-04-19 16:00,19.2,,0.0,,0.9,,90,,0.76,
262,∞Ì»Ô,2026-04-19 17:00,18.8,,0.0,,1.1,,180,,0.63,
262,∞Ì»Ô,2026-04-19 18:00,18.1,,0.1,,0.7,,270,,0.33,
262,∞Ì»Ô,2026-04-19 19:00,17.5,,,9.0,1.6,,200,,0.11,
262,∞Ì»Ô,2026-04-19 20:00,16.5,,,9.0,1.0,,70,,0.0,
262,∞Ì»Ô,2026-04-19 21:00,15.7,,0.0,,0.4,,0,,,
262,∞Ì»Ô,2026-04-19 22:00,15.2,,,9.0,0.4,,0,,,
262,∞Ì»Ô,2026-04-19 23:00,14.4,,,9.0,0.3,,0,,,
262,∞Ì»Ô,2026-04-20 00:00,13.4,,,9.0,0.5,,50,,,
262,∞Ì»Ô,2026-04-20 01:00,12.8,,,,0.4,,0,,,
262,∞Ì»Ô,2026-04-20 02:00,12.4,,,,0.7,,20,,,
262,∞Ì»Ô,2026-04-20 03:00,11.9,,,,0.4,,0,,,
262,∞Ì»Ô,2026-04-20 04:00,11.6,,,,0.5,,50,,,
262,∞Ì»Ô,2026-04-20 05:00,11.9,,,,0.5,,230,,,
262,∞Ì»Ô,2026-04-20 06:00,12.4,,,,0.5,,360,,0.0,
262,∞Ì»Ô,2026-04-20 07:00,13.5,,,,0.5,,20,,0.14,
262,∞Ì»Ô,2026-04-20 08:00,15.9,,,,0.5,,90,,0.54,
262,∞Ì»Ô,2026-04-20 09:00,19.0,,,,0.8,,140,,1.16,
262,∞Ì»Ô,2026-04-20 10:00,20.1,,,,2.2,,270,,1.5,
262,∞Ì»Ô,2026-04-20 11:00,20.4,,,,3.3,,230,,1.43,
262,∞Ì»Ô,2026-04-20 12:00,20.4,,,,2.9,,230,,1.72,
262,∞Ì»Ô,2026-04-20 13:00,19.8,,,,3.9,,270,,1.13,
262,∞Ì»Ô,2026-04-20 14:00,20.2,,,,4.5,,320,,0.82,
262,∞Ì»Ô,2026-04-20 15:00,20.1,,,,2.1,,360,,1.31,
262,∞Ì»Ô,2026-04-20 16:00,18.8,,,,4.2,,320,,1.03,
262,∞Ì»Ô,2026-04-20 17:00,18.0,,,,1.4,,230,,0.42,
262,∞Ì»Ô,2026-04-20 18:00,16.5,,,,3.3,,320,,0.48,
262,∞Ì»Ô,2026-04-20 19:00,14.1,,,,5.2,,290,,0.15,
262,∞Ì»Ô,2026-04-20 20:00,11.7,,,,1.1,,20,,0.01,
262,∞Ì»Ô,2026-04-20 21:00,10.7,,,,6.2,,290,,,
262,∞Ì»Ô,2026-04-20 22:00,9.0,,,,4.9,,320,,,
262,∞Ì»Ô,2026-04-20 23:00,7.9,,,,3.2,,340,,,
262,∞Ì»Ô,2026-04-21 00:00,7.3,,,,3.9,,340,,,
262,∞Ì»Ô,2026-04-21 01:00,6.4,,,,2.7,,320,,,
262,∞Ì»Ô,2026-04-21 02:00,5.2,,,,2.3,,340,,,
262,∞Ì»Ô,2026-04-21 03:00,6.6,,,,1.5,,360,,,
262,∞Ì»Ô,2026-04-21 04:00,6.2,,,,1.8,,340,,,
262,∞Ì»Ô,2026-04-21 05:00,3.1,,,,1.0,,70,,,
262,∞Ì»Ô,2026-04-21 06:00,2.5,,,,0.6,,340,,0.0,
262,∞Ì»Ô,2026-04-21 07:00,4.3,,,,0.6,,200,,0.19,
262,∞Ì»Ô,2026-04-21 08:00,8.0,,,,0.8,,320,,0.7,
262,∞Ì»Ô,2026-04-21 09:00,12.8,,,,1.3,,180,,1.59,
262,∞Ì»Ô,2026-04-21 10:00,17.1,,,,1.3,,230,,2.55,
262,∞Ì»Ô,2026-04-21 11:00,19.2,,,,1.6,,250,,2.55,
262,∞Ì»Ô,2026-04-21 12:00,20.4,,,,2.9,,290,,2.82,
262,∞Ì»Ô,2026-04-21 13:00,21.2,,,,2.3,,200,,2.96,
262,∞Ì»Ô,2026-04-21 14:00,20.9,,,,3.0,,180,,2.64,
262,∞Ì»Ô,2026-04-21 15:00,20.7,,,,3.5,,200,,2.47,
262,∞Ì»Ô,2026-04-21 16:00,19.3,,,,4.3,,200,,2.32,
262,∞Ì»Ô,2026-04-21 17:00,19.0,,,,2.7,,230,,2.08,
262,∞Ì»Ô,2026-04-21 18:00,16.9,,,,2.9,,230,,1.16,
262,∞Ì»Ô,2026-04-21 19:00,14.7,,,,0.8,,270,,0.22,
262,∞Ì»Ô,2026-04-21 20:00,10.9,,,,0.8,,90,,0.0,
262,∞Ì»Ô,2026-04-21 21:00,10.5,,,,0.9,,90,,,
262,∞Ì»Ô,2026-04-21 22:00,10.1,,,,0.4,,0,,,
262,∞Ì»Ô,2026-04-21 23:00,10.4,,,,0.9,,360,,,
262,∞Ì»Ô,2026-04-22 00:00,10.6,,,,0.4,,0,,,
262,∞Ì»Ô,2026-04-22 01:00,10.7,,,,0.5,,360,,,
262,∞Ì»Ô,2026-04-22 02:00,10.6,,,,0.5,,360,,,
262,∞Ì»Ô,2026-04-22 03:00,10.8,,,,0.6,,340,,,
262,∞Ì»Ô,2026-04-22 04:00,11.5,,,,1.2,,320,,,
262,∞Ì»Ô,2026-04-22 05:00,11.0,,,,0.6,,90,,,
262,∞Ì»Ô,2026-04-22 06:00,11.4,,,,1.3,,290,,0.0,
262,∞Ì»Ô,2026-04-22 07:00,11.9,,,,0.8,,360,,0.03,
262,∞Ì»Ô,2026-04-22 08:00,12.3,,,,0.2,,0,,0.17,
262,∞Ì»Ô,2026-04-22 09:00,13.0,,,,2.0,,180,,0.25,
262,∞Ì»Ô,2026-04-22 10:00,13.7,,0.0,,1.2,,250,,0.26,
262,∞Ì»Ô,2026-04-22 11:00,13.4,,0.2,,1.1,,360,,0.29,
262,∞Ì»Ô,2026-04-22 12:00,15.1,,0.3,,1.8,,50,,0.76,
262,∞Ì»Ô,2026-04-22 13:00,15.0,,0.2,,1.8,,360,,0.66,
262,∞Ì»Ô,2026-04-22 14:00,15.2,,0.1,,2.1,,20,,0.8,
262,∞Ì»Ô,2026-04-22 15:00,14.8,,0.0,,2.6,,70,,0.53,
262,∞Ì»Ô,2026-04-22 16:00,14.5,,0.0,,2.1,,70,,0.44,
262,∞Ì»Ô,2026-04-22 17:00,14.5,,,9.0,2.2,,90,,0.26,
262,∞Ì»Ô,2026-04-22 18:00,14.0,,0.0,,1.9,,70,,0.19,
262,∞Ì»Ô,2026-04-22 19:00,12.8,,0.2,,2.2,,50,,0.06,
262,∞Ì»Ô,2026-04-22 20:00,11.8,,0.1,,0.8,,20,,0.0,
262,∞Ì»Ô,2026-04-22 21:00,11.4,,0.4,,2.6,,90,,,
262,∞Ì»Ô,2026-04-22 22:00,10.9,,0.7,,1.1,,20,,,
262,∞Ì»Ô,2026-04-22 23:00,11.0,,0.6,,1.7,,50,,,
262,∞Ì»Ô,2026-04-23 00:00,11.2,,0.0,,1.0,,20,,,
262,∞Ì»Ô,2026-04-23 01:00,11.2,,0.0,,1.8,,50,,,
262,∞Ì»Ô,2026-04-23 02:00,10.9,,0.5,,1.4,,50,,,
262,∞Ì»Ô,2026-04-23 03:00,10.8,,0.3,,0.7,,360,,,
262,∞Ì»Ô,2026-04-23 04:00,10.7,,0.5,,0.4,,0,,,
262,∞Ì»Ô,2026-04-23 05:00,10.5,,0.3,,0.5,,70,,,
262,∞Ì»Ô,2026-04-23 06:00,10.5,,0.0,,0.8,,20,,0.0,
262,∞Ì»Ô,2026-04-23 07:00,10.9,,0.0,,0.3,,0,,0.05,
262,∞Ì»Ô,2026-04-23 08:00,12.0,,0.2,,0.9,,20,,0.26,
262,∞Ì»Ô,2026-04-23 09:00,14.0,,,9.0,1.1,,20,,0.68,
262,∞Ì»Ô,2026-04-23 10:00,15.3,,,9.0,0.7,,360,,0.97,
262,∞Ì»Ô,2026-04-23 11:00,17.1,,,9.0,1.2,,50,,1.18,
262,∞Ì»Ô,2026-04-23 12:00,19.3,,,9.0,2.5,,70,,2.02,
262,∞Ì»Ô,2026-04-23 13:00,19.6,,,9.0,4.0,,90,,2.82,
262,∞Ì»Ô,2026-04-23 14:00,20.4,,,9.0,1.4,,140,,2.24,
262,∞Ì»Ô,2026-04-23 15:00,20.4,,,9.0,2.2,,160,,1.81,
262,∞Ì»Ô,2026-04-23 16:00,20.4,,,9.0,2.3,,160,,2.41,
262,∞Ì»Ô,2026-04-23 17:00,19.8,,,9.0,1.9,,160,,1.85,
262,∞Ì»Ô,2026-04-23 18:00,18.6,,,9.0,1.2,,140,,0.92,
262,∞Ì»Ô,2026-04-23 19:00,15.8,,,9.0,1.6,,140,,0.15,
262,∞Ì»Ô,2026-04-23 20:00,13.7,,,9.0,0.7,,360,,0.0,
262,∞Ì»Ô,2026-04-23 21:00,12.1,,,9.0,0.9,,90,,,
262,∞Ì»Ô,2026-04-23 22:00,11.5,,,9.0,0.4,,0,,,
262,∞Ì»Ô,2026-04-23 23:00,10.7,,,9.0,0.5,,160,,,
262,∞Ì»Ô,2026-04-24 00:00,10.6,,,9.0,0.4,,0,,,
262,∞Ì»Ô,2026-04-24 01:00,9.9,,,,0.6,,70,,,
262,∞Ì»Ô,2026-04-24 02:00,9.8,,,,0.9,,360,,,
262,∞Ì»Ô,2026-04-24 03:00,8.1,,,,0.6,,160,,,
262,∞Ì»Ô,2026-04-24 04:00,6.9,,,,0.4,,0,,,
262,∞Ì»Ô,2026-04-24 05:00,5.7,,,,0.4,,0,,,
262,∞Ì»Ô,2026-04-24 06:00,4.8,,,,0.3,,0,,0.0,
262,∞Ì»Ô,2026-04-24 07:00,6.5,,,,0.4,,0,,0.25,
262,∞Ì»Ô,2026-04-24 08:00,12.8,,,,1.2,,360,,1.0,
262,∞Ì»Ô,2026-04-24 09:00,17.1,,,,2.5,,50,,1.94,
262,∞Ì»Ô,2026-04-24 10:00,19.0,,,,2.3,,20,,2.51,
262,∞Ì»Ô,2026-04-24 11:00,19.9,,,,2.5,,50,,2.54,
262,∞Ì»Ô,2026-04-24 12:00,21.2,,,,2.2,,20,,2.81,
262,∞Ì»Ô,2026-04-24 13:00,22.3,,,,2.3,,50,,3.01,
262,∞Ì»Ô,2026-04-24 14:00,22.4,,,,2.1,,180,,2.8,
262,∞Ì»Ô,2026-04-24 15:00,22.3,,,,3.1,,180,,2.57,
262,∞Ì»Ô,2026-04-24 16:00,21.9,,,,2.0,,90,,2.37,
262,∞Ì»Ô,2026-04-24 17:00,21.2,,,,3.9,,320,,2.07,
262,∞Ì»Ô,2026-04-24 18:00,18.6,,,,1.5,,90,,1.13,
262,∞Ì»Ô,2026-04-24 19:00,15.8,,,,1.4,,160,,0.23,
262,∞Ì»Ô,2026-04-24 20:00,12.7,,,,0.6,,20,,0.0,
262,∞Ì»Ô,2026-04-24 21:00,10.9,,,,0.4,,0,,,
262,∞Ì»Ô,2026-04-24 22:00,9.6,,,,0.5,,20,,,
262,∞Ì»Ô,2026-04-24 23:00,8.6,,,,0.4,,0,,,
262,∞Ì»Ô,2026-04-25 00:00,7.7,,,,0.4,,0,,,
262,∞Ì»Ô,2026-04-25 01:00,7.2,,,,0.4,,0,,,
262,∞Ì»Ô,2026-04-25 02:00,6.4,,,,0.6,,160,,,
262,∞Ì»Ô,2026-04-25 03:00,6.1,,,,0.5,,50,,,
262,∞Ì»Ô,2026-04-25 04:00,5.5,,,,0.5,,20,,,
262,∞Ì»Ô,2026-04-25 05:00,5.0,,,,0.5,,200,,,
262,∞Ì»Ô,2026-04-25 06:00,4.9,,,,0.4,,0,,0.0,
262,∞Ì»Ô,2026-04-25 07:00,7.2,,,,0.4,,0,,0.27,
262,∞Ì»Ô,2026-04-25 08:00,12.1,,,,0.5,,200,,1.1,
262,∞Ì»Ô,2026-04-25 09:00,17.6,,,,1.2,,360,,2.02,
262,∞Ì»Ô,2026-04-25 10:00,19.9,,,,1.6,,360,,2.57,
262,∞Ì»Ô,2026-04-25 11:00,21.4,,,,2.6,,180,,2.54,
262,∞Ì»Ô,2026-04-25 12:00,22.1,,,,3.8,,180,,2.82,
262,∞Ì»Ô,2026-04-25 13:00,22.5,,,,3.4,,180,,2.93,
262,∞Ì»Ô,2026-04-25 14:00,23.5,,,,3.3,,180,,2.85,
262,∞Ì»Ô,2026-04-25 15:00,23.8,,,,3.4,,160,,2.45,
262,∞Ì»Ô,2026-04-25 16:00,23.8,,,,3.9,,90,,2.26,
262,∞Ì»Ô,2026-04-25 17:00,23.8,,,,2.4,,70,,1.95,
262,∞Ì»Ô,2026-04-25 18:00,22.3,,,,1.8,,180,,1.19,
262,∞Ì»Ô,2026-04-25 19:00,18.0,,,,0.6,,180,,0.22,
262,∞Ì»Ô,2026-04-25 20:00,15.4,,,,1.8,,140,,0.01,
262,∞Ì»Ô,2026-04-25 21:00,13.3,,,,0.7,,160,,,
262,∞Ì»Ô,2026-04-25 22:00,11.3,,,,0.5,,340,,,
262,∞Ì»Ô,2026-04-25 23:00,9.9,,,,0.6,,20,,,
262,∞Ì»Ô,2026-04-26 00:00,9.2,,,,0.5,,340,,,
262,∞Ì»Ô,2026-04-26 01:00,8.8,,,,0.3,,0,,,
262,∞Ì»Ô,2026-04-26 02:00,8.3,,,,0.6,,340,,,
262,∞Ì»Ô,2026-04-26 03:00,7.9,,,,0.5,,50,,,
262,∞Ì»Ô,2026-04-26 04:00,7.6,,,,0.5,,140,,,
262,∞Ì»Ô,2026-04-26 05:00,7.7,,,,0.6,,180,,,
262,∞Ì»Ô,2026-04-26 06:00,8.3,,,,0.4,,0,,0.01,
262,∞Ì»Ô,2026-04-26 07:00,10.1,,,,0.5,,50,,0.23,
262,∞Ì»Ô,2026-04-26 08:00,15.0,,,,0.5,,70,,0.91,
262,∞Ì»Ô,2026-04-26 09:00,18.0,,,,0.9,,230,,1.38,
262,∞Ì»Ô,2026-04-26 10:00,20.4,,,,1.7,,180,,2.21,
262,∞Ì»Ô,2026-04-26 11:00,22.3,,,,1.6,,320,,2.35,
262,∞Ì»Ô,2026-04-26 12:00,22.4,,,,1.9,,180,,2.44,
262,∞Ì»Ô,2026-04-26 13:00,22.0,,,,2.9,,230,,2.21,
262,∞Ì»Ô,2026-04-26 14:00,22.5,,,,3.0,,200,,2.29,
262,∞Ì»Ô,2026-04-26 15:00,22.1,,,,2.7,,200,,1.76,
262,∞Ì»Ô,2026-04-26 16:00,23.1,,,,2.8,,230,,2.2,
262,∞Ì»Ô,2026-04-26 17:00,22.8,,,,2.2,,270,,1.97,
262,∞Ì»Ô,2026-04-26 18:00,21.4,,,,2.5,,230,,1.1,
262,∞Ì»Ô,2026-04-26 19:00,18.3,,,,0.5,,230,,0.24,
262,∞Ì»Ô,2026-04-26 20:00,17.2,,,,1.2,,180,,0.0,
262,∞Ì»Ô,2026-04-26 21:00,16.5,,,,2.9,,250,,,
262,∞Ì»Ô,2026-04-26 22:00,14.0,,,,1.1,,50,,,
262,∞Ì»Ô,2026-04-26 23:00,13.4,,,,2.0,,50,,,
262,∞Ì»Ô,2026-04-27 00:00,12.2,,,,0.9,,50,,,
262,∞Ì»Ô,2026-04-27 01:00,11.4,,,,0.8,,340,,,
262,∞Ì»Ô,2026-04-27 02:00,10.5,,,,0.6,,70,,,
262,∞Ì»Ô,2026-04-27 03:00,9.6,,,,0.3,,0,,,
262,∞Ì»Ô,2026-04-27 04:00,8.8,,,,0.6,,20,,,
262,∞Ì»Ô,2026-04-27 05:00,8.0,,,,0.3,,0,,,
262,∞Ì»Ô,2026-04-27 06:00,7.4,,,,0.3,,0,,0.01,
262,∞Ì»Ô,2026-04-27 07:00,10.0,,,,0.3,,0,,0.29,
262,∞Ì»Ô,2026-04-27 08:00,15.5,,,,0.2,,0,,1.08,
262,∞Ì»Ô,2026-04-27 09:00,19.3,,,,1.4,,340,,1.91,
262,∞Ì»Ô,2026-04-27 10:00,22.4,,,,1.3,,230,,2.52,
262,∞Ì»Ô,2026-04-27 11:00,23.0,,,,3.5,,270,,2.54,
262,∞Ì»Ô,2026-04-27 12:00,24.0,,,,2.8,,200,,2.84,
262,∞Ì»Ô,2026-04-27 13:00,24.2,,,,3.6,,200,,3.01,
262,∞Ì»Ô,2026-04-27 14:00,23.7,,,,4.9,,200,,2.85,
262,∞Ì»Ô,2026-04-27 15:00,23.2,,,,3.9,,230,,2.53,
262,∞Ì»Ô,2026-04-27 16:00,23.5,,,,3.2,,230,,2.1,
262,∞Ì»Ô,2026-04-27 17:00,21.5,,,,3.7,,200,,1.49,
262,∞Ì»Ô,2026-04-27 18:00,19.3,,,,2.9,,250,,0.71,
262,∞Ì»Ô,2026-04-27 19:00,17.6,,,,0.6,,50,,0.24,
262,∞Ì»Ô,2026-04-27 20:00,14.9,,,,0.7,,50,,0.0,
262,∞Ì»Ô,2026-04-27 21:00,13.3,,,,1.1,,50,,,
262,∞Ì»Ô,2026-04-27 22:00,13.1,,,,1.0,,90,,,
262,∞Ì»Ô,2026-04-27 23:00,11.4,,,,1.2,,50,,,
262,∞Ì»Ô,2026-04-28 00:00,10.0,,,,0.7,,50,,,
262,∞Ì»Ô,2026-04-28 01:00,10.1,,,,0.3,,0,,,
262,∞Ì»Ô,2026-04-28 02:00,10.2,,,,1.3,,290,,,
262,∞Ì»Ô,2026-04-28 03:00,14.9,,,,1.7,,270,,,
262,∞Ì»Ô,2026-04-28 04:00,15.6,,,,2.3,,290,,,
262,∞Ì»Ô,2026-04-28 05:00,15.8,,,,3.6,,270,,,
262,∞Ì»Ô,2026-04-28 06:00,15.4,,,,3.9,,270,,0.0,
262,∞Ì»Ô,2026-04-28 07:00,15.2,,,,1.9,,230,,0.15,
262,∞Ì»Ô,2026-04-28 08:00,15.2,,,,4.7,,290,,0.29,
262,∞Ì»Ô,2026-04-28 09:00,16.0,,,,4.4,,320,,0.97,
262,∞Ì»Ô,2026-04-28 10:00,16.8,,,,5.6,,290,,1.63,
262,∞Ì»Ô,2026-04-28 11:00,17.6,,,,5.7,,290,,2.17,
262,∞Ì»Ô,2026-04-28 12:00,19.3,,,,6.2,,290,,3.4,
262,∞Ì»Ô,2026-04-28 13:00,19.0,,,,4.8,,320,,2.75,
262,∞Ì»Ô,2026-04-28 14:00,18.2,,,,5.0,,290,,1.79,
262,∞Ì»Ô,2026-04-28 15:00,18.7,,,,4.6,,320,,1.65,
262,∞Ì»Ô,2026-04-28 16:00,17.8,,,,3.5,,320,,1.49,
262,∞Ì»Ô,2026-04-28 17:00,17.3,,,,3.8,,290,,1.11,
262,∞Ì»Ô,2026-04-28 18:00,15.9,,,,5.5,,320,,0.57,
262,∞Ì»Ô,2026-04-28 19:00,14.7,,,,5.7,,320,,0.18,
262,∞Ì»Ô,2026-04-28 20:00,14.0,,,,3.0,,340,,0.01,
262,∞Ì»Ô,2026-04-28 21:00,13.3,,,,1.5,,360,,,
262,∞Ì»Ô,2026-04-28 22:00,12.8,,,,2.3,,340,,,
262,∞Ì»Ô,2026-04-28 23:00,12.4,,,,2.0,,320,,,
262,∞Ì»Ô,2026-04-29 00:00,12.3,,,,1.3,,360,,,
262,∞Ì»Ô,2026-04-29 01:00,12.3,,,,4.8,,320,,,
262,∞Ì»Ô,2026-04-29 02:00,11.7,,,,2.1,,340,,,
262,∞Ì»Ô,2026-04-29 03:00,11.3,,,,1.4,,340,,,
262,∞Ì»Ô,2026-04-29 04:00,11.2,,,,1.2,,340,,,
262,∞Ì»Ô,2026-04-29 05:00,10.4,,,,1.1,,50,,,
262,∞Ì»Ô,2026-04-29 06:00,9.9,,,,0.8,,50,,0.0,
262,∞Ì»Ô,2026-04-29 07:00,10.6,,,,0.5,,160,,0.15,
262,∞Ì»Ô,2026-04-29 08:00,13.2,,,,1.0,,340,,0.52,
262,∞Ì»Ô,2026-04-29 09:00,15.3,,,,1.1,,250,,1.1,
262,∞Ì»Ô,2026-04-29 10:00,16.4,,,,1.6,,340,,1.53,
262,∞Ì»Ô,2026-04-29 11:00,17.0,,,,1.7,,360,,1.62,
262,∞Ì»Ô,2026-04-29 12:00,17.6,,,,1.0,,320,,1.59,
262,∞Ì»Ô,2026-04-29 13:00,18.5,,,,2.1,,320,,1.8,
262,∞Ì»Ô,2026-04-29 14:00,19.5,,,,1.3,,90,,1.94,
262,∞Ì»Ô,2026-04-29 15:00,18.1,,,,2.6,,180,,1.31,
262,∞Ì»Ô,2026-04-29 16:00,17.7,,,,2.6,,230,,1.11,
262,∞Ì»Ô,2026-04-29 17:00,17.3,,,,1.9,,200,,1.07,
262,∞Ì»Ô,2026-04-29 18:00,16.1,,,,1.3,,160,,0.39,
262,∞Ì»Ô,2026-04-29 19:00,14.6,,,,1.2,,140,,0.09,
262,∞Ì»Ô,2026-04-29 20:00,13.5,,,,0.5,,320,,0.0,
262,∞Ì»Ô,2026-04-29 21:00,12.8,,,,0.5,,20,,,
262,∞Ì»Ô,2026-04-29 22:00,12.4,,,,0.5,,340,,,
262,∞Ì»Ô,2026-04-29 23:00,11.9,,,,0.4,,0,,,
262,∞Ì»Ô,2026-04-30 00:00,11.7,,,,0.2,,0,,,
262,∞Ì»Ô,2026-04-30 01:00,11.4,,0.0,,0.5,,340,,,
262,∞Ì»Ô,2026-04-30 02:00,11.1,,0.0,,0.7,,200,,,
262,∞Ì»Ô,2026-04-30 03:00,10.9,,0.1,,0.4,,0,,,
262,∞Ì»Ô,2026-04-30 04:00,10.9,,0.1,,0.3,,0,,,
262,∞Ì»Ô,2026-04-30 05:00,10.9,,0.2,,0.3,,0,,,
262,∞Ì»Ô,2026-04-30 06:00,10.9,,0.0,,0.2,,0,,0.0,
262,∞Ì»Ô,2026-04-30 07:00,11.5,,0.0,,0.3,,0,,0.1,
262,∞Ì»Ô,2026-04-30 08:00,12.8,,,9.0,0.8,,180,,0.31,
262,∞Ì»Ô,2026-04-30 09:00,15.2,,,9.0,1.4,,340,,0.97,
262,∞Ì»Ô,2026-04-30 10:00,18.0,,,9.0,1.8,,50,,2.41,
262,∞Ì»Ô,2026-04-30 11:00,17.4,,,9.0,2.0,,360,,1.85,
262,∞Ì»Ô,2026-04-30 12:00,18.7,,,9.0,1.7,,70,,1.49,
262,∞Ì»Ô,2026-04-30 13:00,19.9,,,9.0,2.0,,160,,1.9,
262,∞Ì»Ô,2026-04-30 14:00,17.4,,,9.0,3.0,,180,,1.47,
262,∞Ì»Ô,2026-04-30 15:00,17.1,,,9.0,2.1,,230,,0.63,
262,∞Ì»Ô,2026-04-30 16:00,16.3,,,9.0,2.4,,270,,0.55,
262,∞Ì»Ô,2026-04-30 17:00,16.0,,,9.0,2.3,,180,,0.45,
262,∞Ì»Ô,2026-04-30 18:00,15.5,,,9.0,1.5,,180,,0.21,
262,∞Ì»Ô,2026-04-30 19:00,15.1,,,9.0,2.4,,250,,0.06,
262,∞Ì»Ô,2026-04-30 20:00,15.3,,,9.0,2.9,,270,,0.0,
262,∞Ì»Ô,2026-04-30 21:00,15.2,,,9.0,2.8,,320,,,
262,∞Ì»Ô,2026-04-30 22:00,14.5,,0.0,,3.9,,290,,,
262,∞Ì»Ô,2026-04-30 23:00,12.8,,0.0,,3.2,,270,,,
262,∞Ì»Ô,2026-05-01 00:00,10.9,,0.4,,0.7,,320,,,
262,∞Ì»Ô,2026-05-01 01:00,10.8,,0.0,,0.9,,50,,,
262,∞Ì»Ô,2026-05-01 02:00,9.8,,0.0,,1.1,,360,,,
262,∞Ì»Ô,2026-05-01 03:00,9.4,,,9.0,1.8,,320,,,
262,∞Ì»Ô,2026-05-01 04:00,10.8,,,9.0,2.3,,290,,,
262,∞Ì»Ô,2026-05-01 05:00,10.2,,,9.0,2.8,,290,,,
262,∞Ì»Ô,2026-05-01 06:00,10.5,,,9.0,2.8,,340,,0.01,
262,∞Ì»Ô,2026-05-01 07:00,12.7,,,9.0,2.4,,290,,0.29,
262,∞Ì»Ô,2026-05-01 08:00,14.2,,,9.0,2.6,,200,,0.99,
262,∞Ì»Ô,2026-05-01 09:00,15.3,,,9.0,2.7,,270,,1.51,
262,∞Ì»Ô,2026-05-01 10:00,17.2,,,9.0,3.7,,340,,2.45,
262,∞Ì»Ô,2026-05-01 11:00,18.5,,,9.0,6.5,,290,,2.65,
262,∞Ì»Ô,2026-05-01 12:00,20.5,,,9.0,5.8,,290,,2.99,
262,∞Ì»Ô,2026-05-01 13:00,21.1,,,9.0,8.6,,290,,3.18,
262,∞Ì»Ô,2026-05-01 14:00,22.3,,,9.0,6.3,,290,,2.96,
262,∞Ì»Ô,2026-05-01 15:00,23.2,,,9.0,4.4,,340,,2.55,
262,∞Ì»Ô,2026-05-01 16:00,22.7,,,9.0,5.7,,320,,2.25,
262,∞Ì»Ô,2026-05-01 17:00,22.7,,,9.0,4.7,,340,,2.03,
262,∞Ì»Ô,2026-05-01 18:00,20.9,,,9.0,4.1,,320,,1.19,
262,∞Ì»Ô,2026-05-01 19:00,18.4,,,9.0,3.3,,290,,0.28,
262,∞Ì»Ô,2026-05-01 20:00,17.4,,,9.0,1.9,,320,,0.0,
262,∞Ì»Ô,2026-05-01 21:00,16.2,,,9.0,3.9,,320,,,
262,∞Ì»Ô,2026-05-01 22:00,16.4,,,9.0,4.1,,270,,,
262,∞Ì»Ô,2026-05-01 23:00,15.6,,,9.0,4.5,,270,,,
262,∞Ì»Ô,2026-05-02 00:00,12.8,,,9.0,1.0,,340,,,
262,∞Ì»Ô,2026-05-02 01:00,10.8,,,,0.8,,70,,,
262,∞Ì»Ô,2026-05-02 02:00,10.5,,,,0.6,,180,,,
262,∞Ì»Ô,2026-05-02 03:00,12.1,,,,1.5,,70,,,
262,∞Ì»Ô,2026-05-02 04:00,10.3,,,,0.9,,320,,,
262,∞Ì»Ô,2026-05-02 05:00,10.0,,,,1.0,,160,,,
262,∞Ì»Ô,2026-05-02 06:00,9.4,,,,0.9,,340,,0.01,
262,∞Ì»Ô,2026-05-02 07:00,12.3,,,,0.8,,90,,0.32,
262,∞Ì»Ô,2026-05-02 08:00,15.1,,,,0.6,,180,,0.51,
262,∞Ì»Ô,2026-05-02 09:00,18.6,,,,0.9,,180,,1.14,
262,∞Ì»Ô,2026-05-02 10:00,20.9,,,,1.0,,160,,1.89,
262,∞Ì»Ô,2026-05-02 11:00,21.1,,,,2.7,,270,,1.99,
262,∞Ì»Ô,2026-05-02 12:00,21.6,,,,1.7,,270,,1.56,
262,∞Ì»Ô,2026-05-02 13:00,22.8,,,,3.0,,250,,1.84,
262,∞Ì»Ô,2026-05-02 14:00,22.0,,,,1.7,,180,,1.24,
262,∞Ì»Ô,2026-05-02 15:00,21.4,,,,1.7,,180,,0.88,
262,∞Ì»Ô,2026-05-02 16:00,21.0,,,,1.3,,250,,0.79,
262,∞Ì»Ô,2026-05-02 17:00,19.8,,,,2.0,,200,,0.37,
262,∞Ì»Ô,2026-05-02 18:00,19.6,,,,1.0,,200,,0.37,
262,∞Ì»Ô,2026-05-02 19:00,18.4,,,,0.6,,20,,0.12,
262,∞Ì»Ô,2026-05-02 20:00,16.7,,,,0.8,,20,,0.01,
262,∞Ì»Ô,2026-05-02 21:00,16.1,,,,0.8,,140,,,
262,∞Ì»Ô,2026-05-02 22:00,15.3,,,,0.9,,50,,,
262,∞Ì»Ô,2026-05-02 23:00,14.7,,0.0,,1.2,,50,,,
262,∞Ì»Ô,2026-05-03 00:00,14.4,,0.0,,0.4,,0,,,
262,∞Ì»Ô,2026-05-03 01:00,13.8,,0.3,,0.7,,90,,,
262,∞Ì»Ô,2026-05-03 02:00,13.4,,1.1,,1.2,,70,,,
262,∞Ì»Ô,2026-05-03 03:00,12.9,,0.7,,1.1,,90,,,
262,∞Ì»Ô,2026-05-03 04:00,12.5,,2.5,,1.5,,90,,,
262,∞Ì»Ô,2026-05-03 05:00,12.2,,1.8,,1.2,,140,,,
262,∞Ì»Ô,2026-05-03 06:00,12.4,,2.2,,0.7,,70,,0.0,
262,∞Ì»Ô,2026-05-03 07:00,12.7,,2.0,,1.3,,70,,0.01,
262,∞Ì»Ô,2026-05-03 08:00,13.3,,1.0,,0.7,,50,,0.05,
262,∞Ì»Ô,2026-05-03 09:00,13.4,,1.0,,1.8,,20,,0.13,
262,∞Ì»Ô,2026-05-03 10:00,13.7,,2.0,,1.2,,20,,0.23,
262,∞Ì»Ô,2026-05-03 11:00,14.6,,2.4,,0.5,,270,,0.36,
262,∞Ì»Ô,2026-05-03 12:00,14.9,,1.1,,1.6,,320,,0.55,
262,∞Ì»Ô,2026-05-03 13:00,15.6,,0.0,,3.1,,270,,0.74,
262,∞Ì»Ô,2026-05-03 14:00,15.6,,,9.0,2.7,,250,,0.69,
262,∞Ì»Ô,2026-05-03 15:00,16.0,,,9.0,5.7,,230,,0.6,
262,∞Ì»Ô,2026-05-03 16:00,16.5,,,9.0,4.3,,230,,0.88,
262,∞Ì»Ô,2026-05-03 17:00,15.5,,,9.0,2.3,,110,,0.29,
262,∞Ì»Ô,2026-05-03 18:00,15.0,,,9.0,5.1,,320,,0.19,
262,∞Ì»Ô,2026-05-03 19:00,14.3,,,9.0,6.6,,290,,0.07,
262,∞Ì»Ô,2026-05-03 20:00,13.7,,,9.0,4.4,,320,,0.01,
262,∞Ì»Ô,2026-05-03 21:00,13.4,,,9.0,3.3,,340,,,
262,∞Ì»Ô,2026-05-03 22:00,13.5,,,9.0,1.4,,70,,,
262,∞Ì»Ô,2026-05-03 23:00,13.4,,,9.0,2.2,,250,,,
262,∞Ì»Ô,2026-05-04 00:00,13.3,,,9.0,2.0,,90,,,
262,∞Ì»Ô,2026-05-04 01:00,12.5,,,,4.6,,320,,,
262,∞Ì»Ô,2026-05-04 02:00,11.8,,,,3.3,,320,,,
262,∞Ì»Ô,2026-05-04 03:00,12.0,,,,4.3,,320,,,
262,∞Ì»Ô,2026-05-04 04:00,11.4,,,,4.9,,320,,,
262,∞Ì»Ô,2026-05-04 05:00,10.7,,,,2.7,,340,,,
262,∞Ì»Ô,2026-05-04 06:00,10.8,,,,4.0,,290,,0.01,
262,∞Ì»Ô,2026-05-04 07:00,11.9,,,,3.9,,320,,0.35,
262,∞Ì»Ô,2026-05-04 08:00,13.3,,,,4.9,,320,,1.3,
262,∞Ì»Ô,2026-05-04 09:00,14.4,,,,6.2,,320,,2.09,
262,∞Ì»Ô,2026-05-04 10:00,16.1,,,,5.4,,290,,2.61,
262,∞Ì»Ô,2026-05-04 11:00,17.5,,,,4.5,,320,,2.71,
262,∞Ì»Ô,2026-05-04 12:00,18.2,,,,5.8,,290,,3.09,
262,∞Ì»Ô,2026-05-04 13:00,19.2,,,,6.4,,320,,3.15,
262,∞Ì»Ô,2026-05-04 14:00,19.8,,,,3.9,,320,,2.22,
262,∞Ì»Ô,2026-05-04 15:00,20.2,,,,5.4,,340,,1.96,
262,∞Ì»Ô,2026-05-04 16:00,19.9,,,,6.2,,320,,2.17,
262,∞Ì»Ô,2026-05-04 17:00,19.5,,,,3.6,,340,,1.85,
262,∞Ì»Ô,2026-05-04 18:00,18.8,,,,3.8,,340,,1.17,
262,∞Ì»Ô,2026-05-04 19:00,16.1,,,,3.3,,340,,0.32,
262,∞Ì»Ô,2026-05-04 20:00,12.7,,,,1.4,,340,,0.01,
262,∞Ì»Ô,2026-05-04 21:00,11.5,,,,1.0,,50,,,
262,∞Ì»Ô,2026-05-04 22:00,9.2,,,,1.1,,90,,,
262,∞Ì»Ô,2026-05-04 23:00,8.9,,,,1.2,,50,,,
262,∞Ì»Ô,2026-05-05 00:00,7.8,,,,0.7,,90,,,
262,∞Ì»Ô,2026-05-05 01:00,6.7,,,,0.7,,360,,,
262,∞Ì»Ô,2026-05-05 02:00,5.8,,,,0.6,,20,,,
262,∞Ì»Ô,2026-05-05 03:00,5.1,,,,1.1,,140,,,
262,∞Ì»Ô,2026-05-05 04:00,4.7,,,,1.0,,50,,,
262,∞Ì»Ô,2026-05-05 05:00,3.9,,,,0.3,,0,,,
262,∞Ì»Ô,2026-05-05 06:00,3.7,,,,0.5,,340,,0.01,
262,∞Ì»Ô,2026-05-05 07:00,7.4,,,,0.5,,70,,0.38,
262,∞Ì»Ô,2026-05-05 08:00,12.8,,,,0.5,,320,,1.21,
262,∞Ì»Ô,2026-05-05 09:00,16.3,,,,0.8,,270,,2.15,
262,∞Ì»Ô,2026-05-05 10:00,18.9,,,,1.2,,140,,2.63,
262,∞Ì»Ô,2026-05-05 11:00,19.1,,,,3.0,,290,,2.68,
262,∞Ì»Ô,2026-05-05 12:00,19.6,,,,3.9,,290,,3.03,
262,∞Ì»Ô,2026-05-05 13:00,19.8,,,,4.4,,290,,3.2,
262,∞Ì»Ô,2026-05-05 14:00,21.0,,,,3.2,,200,,2.96,
262,∞Ì»Ô,2026-05-05 15:00,20.6,,,,4.2,,200,,2.6,
262,∞Ì»Ô,2026-05-05 16:00,19.8,,,,3.5,,180,,2.37,
262,∞Ì»Ô,2026-05-05 17:00,18.9,,,,3.5,,180,,2.23,
262,∞Ì»Ô,2026-05-05 18:00,17.7,,,,2.8,,180,,1.41,
262,∞Ì»Ô,2026-05-05 19:00,15.1,,,,0.8,,230,,0.32,
262,∞Ì»Ô,2026-05-05 20:00,12.1,,,,0.5,,20,,0.01,
262,∞Ì»Ô,2026-05-05 21:00,10.1,,,,0.6,,360,,,
262,∞Ì»Ô,2026-05-05 22:00,9.3,,,,0.6,,340,,,
262,∞Ì»Ô,2026-05-05 23:00,8.8,,,,0.5,,20,,,
262,∞Ì»Ô,2026-05-06 00:00,8.5,,,,0.5,,70,,,
262,∞Ì»Ô,2026-05-06 01:00,8.0,,,,0.2,,0,,,
262,∞Ì»Ô,2026-05-06 02:00,7.6,,,,0.3,,0,,,
262,∞Ì»Ô,2026-05-06 03:00,7.2,,,,0.3,,0,,,
262,∞Ì»Ô,2026-05-06 04:00,6.7,,,,0.4,,0,,,
262,∞Ì»Ô,2026-05-06 05:00,6.1,,,,0.2,,0,,,
262,∞Ì»Ô,2026-05-06 06:00,6.1,,,,0.4,,0,,0.01,
262,∞Ì»Ô,2026-05-06 07:00,9.0,,,,0.2,,0,,0.34,
262,∞Ì»Ô,2026-05-06 08:00,14.6,,,,0.7,,360,,1.25,
262,∞Ì»Ô,2026-05-06 09:00,17.9,,,,0.7,,250,,2.17,
262,∞Ì»Ô,2026-05-06 10:00,21.0,,,,1.3,,70,,2.58,
262,∞Ì»Ô,2026-05-06 11:00,21.4,,,,2.0,,270,,2.63,
262,∞Ì»Ô,2026-05-06 12:00,22.0,,,,3.4,,290,,2.95,
262,∞Ì»Ô,2026-05-06 13:00,22.5,,,,3.0,,270,,3.11,
262,∞Ì»Ô,2026-05-06 14:00,23.2,,,,3.7,,270,,2.91,
262,∞Ì»Ô,2026-05-06 15:00,23.7,,,,3.1,,200,,2.56,
262,∞Ì»Ô,2026-05-06 16:00,22.3,,,,4.3,,200,,2.3,
262,∞Ì»Ô,2026-05-06 17:00,21.5,,,,3.4,,230,,2.09,
262,∞Ì»Ô,2026-05-06 18:00,20.0,,,,3.9,,230,,1.33,
262,∞Ì»Ô,2026-05-06 19:00,17.8,,,,2.4,,250,,0.33,
262,∞Ì»Ô,2026-05-06 20:00,14.7,,,,1.2,,50,,0.01,
262,∞Ì»Ô,2026-05-06 21:00,12.6,,,,0.5,,90,,,
262,∞Ì»Ô,2026-05-06 22:00,11.2,,,,0.5,,360,,,
262,∞Ì»Ô,2026-05-06 23:00,10.4,,,,0.4,,0,,,
262,∞Ì»Ô,2026-05-07 00:00,9.7,,,,0.5,,20,,,
262,∞Ì»Ô,2026-05-07 01:00,9.2,,,,0.4,,0,,,
262,∞Ì»Ô,2026-05-07 02:00,8.8,,,,0.3,,0,,,
262,∞Ì»Ô,2026-05-07 03:00,8.5,,,,0.9,,360,,,
262,∞Ì»Ô,2026-05-07 04:00,9.2,,,,0.5,,320,,,
262,∞Ì»Ô,2026-05-07 05:00,9.5,,,,0.5,,140,,,
262,∞Ì»Ô,2026-05-07 06:00,10.3,,,,0.6,,180,,0.02,
262,∞Ì»Ô,2026-05-07 07:00,12.7,,,,0.4,,0,,0.34,
262,∞Ì»Ô,2026-05-07 08:00,16.6,,,,0.6,,50,,1.08,
262,∞Ì»Ô,2026-05-07 09:00,18.7,,,,2.4,,290,,1.94,
262,∞Ì»Ô,2026-05-07 10:00,20.3,,,,2.6,,290,,2.39,
262,∞Ì»Ô,2026-05-07 11:00,21.3,,,,3.1,,320,,2.27,
262,∞Ì»Ô,2026-05-07 12:00,22.1,,,,3.6,,290,,2.77,
262,∞Ì»Ô,2026-05-07 13:00,23.2,,,,2.7,,230,,2.84,
262,∞Ì»Ô,2026-05-07 14:00,22.3,,,,3.3,,290,,2.29,
262,∞Ì»Ô,2026-05-07 15:00,24.0,,,,3.4,,230,,2.7,
262,∞Ì»Ô,2026-05-07 16:00,23.2,,,,3.3,,230,,2.26,
262,∞Ì»Ô,2026-05-07 17:00,22.5,,,,3.7,,200,,1.89,
262,∞Ì»Ô,2026-05-07 18:00,20.8,,,,2.6,,200,,0.89,
262,∞Ì»Ô,2026-05-07 19:00,19.4,,,,1.9,,200,,0.26,
262,∞Ì»Ô,2026-05-07 20:00,18.6,,,,2.0,,320,,0.01,
262,∞Ì»Ô,2026-05-07 21:00,17.6,,,,0.9,,140,,,
262,∞Ì»Ô,2026-05-07 22:00,17.4,,,,3.7,,270,,,
262,∞Ì»Ô,2026-05-07 23:00,17.0,,,,2.6,,340,,,
262,∞Ì»Ô,2026-05-08 00:00,16.5,,,,5.2,,290,,,
262,∞Ì»Ô,2026-05-08 01:00,16.1,,,,5.1,,290,,,
262,∞Ì»Ô,2026-05-08 02:00,15.2,,0.0,,5.4,,290,,,
262,∞Ì»Ô,2026-05-08 03:00,14.3,,,9.0,5.6,,290,,,
262,∞Ì»Ô,2026-05-08 04:00,12.8,,,9.0,1.9,,320,,,
262,∞Ì»Ô,2026-05-08 05:00,11.6,,,9.0,0.9,,340,,,
262,∞Ì»Ô,2026-05-08 06:00,12.1,,,9.0,4.8,,320,,0.01,
262,∞Ì»Ô,2026-05-08 07:00,13.5,,,9.0,3.6,,320,,0.43,
262,∞Ì»Ô,2026-05-08 08:00,15.2,,,9.0,3.2,,340,,1.35,
262,∞Ì»Ô,2026-05-08 09:00,17.8,,,9.0,3.7,,340,,2.27,
262,∞Ì»Ô,2026-05-08 10:00,19.1,,,9.0,3.5,,340,,2.65,
262,∞Ì»Ô,2026-05-08 11:00,20.2,,,9.0,4.2,,290,,2.8,
262,∞Ì»Ô,2026-05-08 12:00,21.5,,,9.0,5.6,,340,,3.15,
262,∞Ì»Ô,2026-05-08 13:00,21.7,,,9.0,7.7,,320,,3.31,
262,∞Ì»Ô,2026-05-08 14:00,22.1,,,9.0,6.1,,320,,2.98,
262,∞Ì»Ô,2026-05-08 15:00,21.7,,,9.0,6.3,,340,,2.57,
262,∞Ì»Ô,2026-05-08 16:00,21.4,,,9.0,5.8,,340,,2.29,
262,∞Ì»Ô,2026-05-08 17:00,20.6,,,9.0,5.9,,340,,2.2,
262,∞Ì»Ô,2026-05-08 18:00,19.3,,,9.0,4.9,,340,,1.37,
262,∞Ì»Ô,2026-05-08 19:00,17.1,,,9.0,3.4,,340,,0.35,
262,∞Ì»Ô,2026-05-08 20:00,15.7,,,9.0,2.2,,340,,0.01,
262,∞Ì»Ô,2026-05-08 21:00,13.6,,,9.0,0.8,,360,,,
262,∞Ì»Ô,2026-05-08 22:00,12.4,,,9.0,2.1,,320,,,
262,∞Ì»Ô,2026-05-08 23:00,10.4,,,9.0,2.0,,340,,,
262,∞Ì»Ô,2026-05-09 00:00,9.8,,,9.0,1.2,,140,,,
262,∞Ì»Ô,2026-05-09 01:00,10.2,,,,1.0,,20,,,
262,∞Ì»Ô,2026-05-09 02:00,8.4,,,,1.7,,50,,,
262,∞Ì»Ô,2026-05-09 03:00,7.2,,,,1.2,,340,,,
262,∞Ì»Ô,2026-05-09 04:00,6.1,,,,0.3,,0,,,
262,∞Ì»Ô,2026-05-09 05:00,4.6,,,,0.3,,0,,,
262,∞Ì»Ô,2026-05-09 06:00,4.4,,,,0.6,,360,,0.02,
262,∞Ì»Ô,2026-05-09 07:00,8.1,,,,0.6,,160,,0.46,
262,∞Ì»Ô,2026-05-09 08:00,15.7,,,,0.5,,140,,1.42,
262,∞Ì»Ô,2026-05-09 09:00,17.9,,,,1.1,,340,,2.33,
262,∞Ì»Ô,2026-05-09 10:00,19.4,,,,1.3,,230,,2.72,
262,∞Ì»Ô,2026-05-09 11:00,20.7,,,,1.5,,290,,2.72,
262,∞Ì»Ô,2026-05-09 12:00,21.9,,,,2.0,,200,,3.08,
262,∞Ì»Ô,2026-05-09 13:00,22.1,,,,3.9,,290,,3.26,
262,∞Ì»Ô,2026-05-09 14:00,22.7,,,,3.5,,200,,2.99,
262,∞Ì»Ô,2026-05-09 15:00,21.8,,,,4.4,,200,,2.57,
262,∞Ì»Ô,2026-05-09 16:00,21.2,,,,3.7,,180,,2.32,
262,∞Ì»Ô,2026-05-09 17:00,20.6,,,,3.4,,230,,2.17,
262,∞Ì»Ô,2026-05-09 18:00,18.7,,,,3.0,,230,,1.3,
262,∞Ì»Ô,2026-05-09 19:00,16.2,,,,1.3,,230,,0.34,
262,∞Ì»Ô,2026-05-09 20:00,13.3,,,,0.6,,20,,0.02,
262,∞Ì»Ô,2026-05-09 21:00,11.0,,,,0.8,,90,,,
262,∞Ì»Ô,2026-05-09 22:00,9.9,,,,0.2,,0,,,
262,∞Ì»Ô,2026-05-09 23:00,9.1,,,,0.6,,50,,,
262,∞Ì»Ô,2026-05-10 00:00,8.3,,,,0.2,,0,,,
262,∞Ì»Ô,2026-05-10 01:00,8.0,,,,0.6,,160,,,
262,∞Ì»Ô,2026-05-10 02:00,7.5,,,,0.3,,0,,,
262,∞Ì»Ô,2026-05-10 03:00,6.9,,,,0.4,,0,,,
262,∞Ì»Ô,2026-05-10 04:00,6.3,,,,0.3,,0,,,
262,∞Ì»Ô,2026-05-10 05:00,6.0,,,,0.4,,0,,,
262,∞Ì»Ô,2026-05-10 06:00,5.8,,,,0.6,,360,,0.02,
262,∞Ì»Ô,2026-05-10 07:00,9.3,,,,0.5,,140,,0.37,
262,∞Ì»Ô,2026-05-10 08:00,15.1,,,,0.4,,0,,1.28,
262,∞Ì»Ô,2026-05-10 09:00,18.3,,,,1.5,,200,,2.16,
262,∞Ì»Ô,2026-05-10 10:00,20.5,,,,1.9,,140,,2.53,
262,∞Ì»Ô,2026-05-10 11:00,21.6,,,,2.6,,70,,2.62,
262,∞Ì»Ô,2026-05-10 12:00,22.7,,,,2.9,,90,,3.01,
262,∞Ì»Ô,2026-05-10 13:00,22.9,,,,2.0,,160,,3.17,
262,∞Ì»Ô,2026-05-10 14:00,22.9,,,,2.6,,160,,2.96,
262,∞Ì»Ô,2026-05-10 15:00,22.6,,,,2.9,,200,,2.55,
262,∞Ì»Ô,2026-05-10 16:00,22.3,,,,2.9,,200,,2.35,
262,∞Ì»Ô,2026-05-10 17:00,21.0,,,,3.8,,230,,2.22,
262,∞Ì»Ô,2026-05-10 18:00,20.6,,,,1.6,,200,,1.35,
262,∞Ì»Ô,2026-05-10 19:00,17.4,,,,1.6,,230,,0.35,
262,∞Ì»Ô,2026-05-10 20:00,14.5,,,,0.7,,360,,0.02,
262,∞Ì»Ô,2026-05-10 21:00,13.1,,,,0.7,,20,,,
262,∞Ì»Ô,2026-05-10 22:00,12.0,,,,0.6,,20,,,
262,∞Ì»Ô,2026-05-10 23:00,11.4,,,,0.6,,360,,,
262,∞Ì»Ô,2026-05-11 00:00,11.3,,,,0.8,,360,,,
262,∞Ì»Ô,2026-05-11 01:00,11.1,,,,0.3,,0,,,
262,∞Ì»Ô,2026-05-11 02:00,11.2,,,,0.5,,180,,,
262,∞Ì»Ô,2026-05-11 03:00,11.8,,,,0.6,,340,,,
262,∞Ì»Ô,2026-05-11 04:00,12.3,,,,0.4,,0,,,
262,∞Ì»Ô,2026-05-11 05:00,11.9,,,,0.6,,70,,,
262,∞Ì»Ô,2026-05-11 06:00,12.0,,,,0.4,,0,,0.02,
262,∞Ì»Ô,2026-05-11 07:00,14.0,,,,0.4,,0,,0.29,
262,∞Ì»Ô,2026-05-11 08:00,17.6,,,,0.8,,360,,0.9,
262,∞Ì»Ô,2026-05-11 09:00,21.1,,,,0.7,,360,,1.74,
262,∞Ì»Ô,2026-05-11 10:00,22.1,,,,2.5,,160,,1.95,
262,∞Ì»Ô,2026-05-11 11:00,22.1,,,,2.4,,180,,2.23,
262,∞Ì»Ô,2026-05-11 12:00,23.4,,,,4.2,,230,,2.42,
262,∞Ì»Ô,2026-05-11 13:00,24.4,,,,3.8,,180,,3.46,
262,∞Ì»Ô,2026-05-11 14:00,24.0,,,,3.5,,160,,3.31,
262,∞Ì»Ô,2026-05-11 15:00,23.9,,,,3.8,,230,,2.86,
262,∞Ì»Ô,2026-05-11 16:00,23.1,,,,4.5,,230,,2.38,
262,∞Ì»Ô,2026-05-11 17:00,22.7,,,,3.3,,200,,1.92,
262,∞Ì»Ô,2026-05-11 18:00,21.4,,,,3.2,,230,,1.14,
262,∞Ì»Ô,2026-05-11 19:00,19.5,,,,1.4,,200,,0.21,
262,∞Ì»Ô,2026-05-11 20:00,18.7,,,,1.5,,180,,0.01,
262,∞Ì»Ô,2026-05-11 21:00,17.7,,,,0.6,,290,,,
262,∞Ì»Ô,2026-05-11 22:00,18.2,,,,1.7,,230,,,
262,∞Ì»Ô,2026-05-11 23:00,16.9,,,,0.7,,70,,,
262,∞Ì»Ô,2026-05-12 00:00,16.1,,,,0.9,,20,,,
262,∞Ì»Ô,2026-05-12 01:00,15.8,,,,0.8,,340,,,
262,∞Ì»Ô,2026-05-12 02:00,14.9,,,,0.3,,0,,,
262,∞Ì»Ô,2026-05-12 03:00,14.4,,,,0.4,,0,,,
262,∞Ì»Ô,2026-05-12 04:00,14.3,,,,0.3,,0,,,
262,∞Ì»Ô,2026-05-12 05:00,14.0,,,,0.3,,0,,,
262,∞Ì»Ô,2026-05-12 06:00,14.7,,,,0.4,,0,,0.01,
262,∞Ì»Ô,2026-05-12 07:00,15.9,,,,0.9,,320,,0.06,
262,∞Ì»Ô,2026-05-12 08:00,17.5,,0.1,,0.6,,320,,0.11,
262,∞Ì»Ô,2026-05-12 09:00,17.4,,9.8,,1.3,,110,,0.16,
262,∞Ì»Ô,2026-05-12 10:00,15.7,,15.1,,3.0,,340,,0.06,
262,∞Ì»Ô,2026-05-12 11:00,14.7,,5.3,,1.8,,340,,0.03,
262,∞Ì»Ô,2026-05-12 12:00,14.4,,2.6,,2.4,,180,,0.08,
262,∞Ì»Ô,2026-05-12 13:00,15.6,,0.2,,1.6,,360,,0.5,
262,∞Ì»Ô,2026-05-12 14:00,17.6,,0.0,,0.7,,250,,1.17,
262,∞Ì»Ô,2026-05-12 15:00,18.0,,,9.0,1.2,,270,,1.12,
262,∞Ì»Ô,2026-05-12 16:00,19.7,,,9.0,1.2,,290,,1.51,
262,∞Ì»Ô,2026-05-12 17:00,18.3,,,9.0,2.9,,290,,1.22,
262,∞Ì»Ô,2026-05-12 18:00,19.0,,,9.0,1.2,,230,,0.81,
262,∞Ì»Ô,2026-05-12 19:00,16.6,,,9.0,0.6,,360,,0.31,
262,∞Ì»Ô,2026-05-12 20:00,14.8,,,9.0,0.7,,320,,0.03,
262,∞Ì»Ô,2026-05-12 21:00,13.4,,,9.0,0.9,,50,,,
262,∞Ì»Ô,2026-05-12 22:00,12.6,,,9.0,0.3,,0,,,
262,∞Ì»Ô,2026-05-12 23:00,12.1,,,9.0,0.8,,160,,,
262,∞Ì»Ô,2026-05-13 00:00,12.6,,,9.0,0.6,,20,,,
262,∞Ì»Ô,2026-05-13 01:00,12.3,,,,0.8,,70,,,
262,∞Ì»Ô,2026-05-13 02:00,12.2,,,,0.4,,0,,,
262,∞Ì»Ô,2026-05-13 03:00,11.7,,,,0.4,,0,,,
262,∞Ì»Ô,2026-05-13 04:00,11.4,,,,1.0,,70,,,
262,∞Ì»Ô,2026-05-13 05:00,11.2,,,,0.8,,20,,,
262,∞Ì»Ô,2026-05-13 06:00,11.0,,,,0.3,,0,,0.02,
262,∞Ì»Ô,2026-05-13 07:00,13.5,,,,0.4,,0,,0.34,
262,∞Ì»Ô,2026-05-13 08:00,17.7,,,,0.5,,160,,1.21,
262,∞Ì»Ô,2026-05-13 09:00,19.7,,,,0.8,,270,,2.05,
262,∞Ì»Ô,2026-05-13 10:00,22.2,,,,0.8,,200,,2.49,
262,∞Ì»Ô,2026-05-13 11:00,23.6,,,,2.8,,180,,2.86,
262,∞Ì»Ô,2026-05-13 12:00,22.6,,,,2.6,,270,,2.37,
262,∞Ì»Ô,2026-05-13 13:00,24.0,,,,3.5,,270,,2.72,
262,∞Ì»Ô,2026-05-13 14:00,24.7,,,,2.6,,270,,3.19,
262,∞Ì»Ô,2026-05-13 15:00,24.8,,,,3.1,,250,,2.75,
262,∞Ì»Ô,2026-05-13 16:00,25.8,,,,2.5,,200,,2.28,
262,∞Ì»Ô,2026-05-13 17:00,24.6,,,,3.0,,200,,1.96,
262,∞Ì»Ô,2026-05-13 18:00,23.1,,,,2.2,,200,,1.32,
262,∞Ì»Ô,2026-05-13 19:00,20.3,,,,0.6,,20,,0.38,
262,∞Ì»Ô,2026-05-13 20:00,17.5,,,,0.7,,360,,0.01,
262,∞Ì»Ô,2026-05-13 21:00,16.0,,,,0.4,,0,,,
262,∞Ì»Ô,2026-05-13 22:00,15.0,,,,0.5,,20,,,
262,∞Ì»Ô,2026-05-13 23:00,14.6,,,,0.3,,0,,,
262,∞Ì»Ô,2026-05-14 00:00,14.2,,,,0.6,,20,,,
262,∞Ì»Ô,2026-05-14 01:00,13.7,,,,0.5,,20,,,
262,∞Ì»Ô,2026-05-14 02:00,13.2,,,,0.2,,0,,,
262,∞Ì»Ô,2026-05-14 03:00,12.9,,,,0.2,,0,,,
262,∞Ì»Ô,2026-05-14 04:00,12.6,,,,0.2,,0,,,
262,∞Ì»Ô,2026-05-14 05:00,12.3,,,,0.6,,360,,,
262,∞Ì»Ô,2026-05-14 06:00,12.6,,,,0.7,,50,,0.03,
262,∞Ì»Ô,2026-05-14 07:00,15.0,,,,0.4,,0,,0.38,
262,∞Ì»Ô,2026-05-14 08:00,19.6,,,,1.0,,70,,1.04,
262,∞Ì»Ô,2026-05-14 09:00,21.4,,,,1.5,,140,,1.93,
262,∞Ì»Ô,2026-05-14 10:00,23.1,,,,2.0,,110,,2.39,
262,∞Ì»Ô,2026-05-14 11:00,23.9,,,,2.8,,180,,2.62,
262,∞Ì»Ô,2026-05-14 12:00,24.2,,,,2.8,,140,,3.01,
262,∞Ì»Ô,2026-05-14 13:00,22.8,,,,2.5,,140,,3.21,
262,∞Ì»Ô,2026-05-14 14:00,23.5,,,,3.5,,180,,2.99,
262,∞Ì»Ô,2026-05-14 15:00,24.0,,,,2.6,,160,,2.6,
262,∞Ì»Ô,2026-05-14 16:00,23.9,,,,3.3,,160,,2.26,
262,∞Ì»Ô,2026-05-14 17:00,23.5,,,,3.0,,180,,2.13,
262,∞Ì»Ô,2026-05-14 18:00,21.5,,,,2.9,,160,,1.35,
262,∞Ì»Ô,2026-05-14 19:00,19.5,,,,2.6,,160,,0.36,
262,∞Ì»Ô,2026-05-14 20:00,18.7,,,,2.5,,160,,0.02,
262,∞Ì»Ô,2026-05-14 21:00,17.9,,,,1.2,,160,,,
262,∞Ì»Ô,2026-05-14 22:00,16.7,,,,0.6,,320,,,
262,∞Ì»Ô,2026-05-14 23:00,15.7,,,,1.3,,90,,,
262,∞Ì»Ô,2026-05-15 00:00,14.7,,,,0.4,,0,,,
262,∞Ì»Ô,2026-05-15 01:00,13.5,,,,0.6,,320,,,
262,∞Ì»Ô,2026-05-15 02:00,12.7,,,,0.5,,110,,,
262,∞Ì»Ô,2026-05-15 03:00,12.0,,,,0.2,,0,,,
262,∞Ì»Ô,2026-05-15 04:00,11.8,,,,0.5,,180,,,
262,∞Ì»Ô,2026-05-15 05:00,11.8,,,,0.6,,200,,,
262,∞Ì»Ô,2026-05-15 06:00,12.6,,,,0.6,,70,,0.03,
262,∞Ì»Ô,2026-05-15 07:00,15.6,,,,0.7,,90,,0.4,
262,∞Ì»Ô,2026-05-15 08:00,19.2,,,,0.6,,200,,1.22,
262,∞Ì»Ô,2026-05-15 09:00,22.3,,,,2.1,,110,,2.12,
262,∞Ì»Ô,2026-05-15 10:00,22.6,,,,2.3,,160,,2.46,
262,∞Ì»Ô,2026-05-15 11:00,22.5,,,,2.8,,160,,2.67,
262,∞Ì»Ô,2026-05-15 12:00,22.7,,,,3.3,,180,,3.1,
262,∞Ì»Ô,2026-05-15 13:00,23.2,,,,3.7,,180,,3.24,
262,∞Ì»Ô,2026-05-15 14:00,24.4,,,,3.0,,160,,3.02,
262,∞Ì»Ô,2026-05-15 15:00,24.5,,,,2.6,,180,,2.64,
262,∞Ì»Ô,2026-05-15 16:00,25.3,,,,3.0,,180,,2.29,
262,∞Ì»Ô,2026-05-15 17:00,25.0,,,,2.6,,160,,2.19,
262,∞Ì»Ô,2026-05-15 18:00,24.0,,,,1.7,,160,,1.35,
262,∞Ì»Ô,2026-05-15 19:00,21.6,,,,1.0,,140,,0.37,
262,∞Ì»Ô,2026-05-15 20:00,17.6,,,,0.6,,20,,0.02,
262,∞Ì»Ô,2026-05-15 21:00,15.2,,,,0.5,,360,,,
262,∞Ì»Ô,2026-05-15 22:00,13.6,,,,0.5,,360,,,
262,∞Ì»Ô,2026-05-15 23:00,12.6,,,,0.7,,340,,,
262,∞Ì»Ô,2026-05-16 00:00,12.1,,,,0.5,,20,,,
262,∞Ì»Ô,2026-05-16 01:00,11.4,,,,0.4,,0,,,
262,∞Ì»Ô,2026-05-16 02:00,10.9,,,,0.2,,0,,,
262,∞Ì»Ô,2026-05-16 03:00,10.5,,,,0.3,,0,,,
262,∞Ì»Ô,2026-05-16 04:00,10.1,,,,0.4,,0,,,
262,∞Ì»Ô,2026-05-16 05:00,9.9,,,,0.2,,0,,,
262,∞Ì»Ô,2026-05-16 06:00,9.7,,,,0.6,,20,,0.03,
262,∞Ì»Ô,2026-05-16 07:00,12.5,,,,0.4,,0,,0.38,
262,∞Ì»Ô,2026-05-16 08:00,17.9,,,,0.3,,0,,1.32,
262,∞Ì»Ô,2026-05-16 09:00,22.1,,,,0.7,,180,,2.11,
262,∞Ì»Ô,2026-05-16 10:00,24.5,,,,1.5,,340,,2.47,
262,∞Ì»Ô,2026-05-16 11:00,25.8,,,,2.3,,320,,2.67,
262,∞Ì»Ô,2026-05-16 12:00,27.9,,,,2.3,,230,,3.05,
262,∞Ì»Ô,2026-05-16 13:00,28.1,,,,2.1,,290,,3.18,
262,∞Ì»Ô,2026-05-16 14:00,29.0,,,,2.6,,340,,2.98,
262,∞Ì»Ô,2026-05-16 15:00,28.9,,,,3.3,,290,,2.61,
262,∞Ì»Ô,2026-05-16 16:00,27.9,,,,3.2,,180,,2.29,
262,∞Ì»Ô,2026-05-16 17:00,27.1,,,,2.6,,200,,2.09,
262,∞Ì»Ô,2026-05-16 18:00,26.1,,,,1.6,,200,,1.33,
262,∞Ì»Ô,2026-05-16 19:00,22.0,,,,1.0,,50,,0.36,
262,∞Ì»Ô,2026-05-16 20:00,19.1,,,,0.8,,90,,0.03,
262,∞Ì»Ô,2026-05-16 21:00,17.4,,,,0.8,,360,,,
262,∞Ì»Ô,2026-05-16 22:00,16.1,,,,0.6,,50,,,
262,∞Ì»Ô,2026-05-16 23:00,15.3,,,,0.6,,360,,,
262,∞Ì»Ô,2026-05-17 00:00,14.7,,,,0.7,,340,,,
262,∞Ì»Ô,2026-05-17 01:00,14.3,,,,0.4,,0,,,
262,∞Ì»Ô,2026-05-17 02:00,13.6,,,,0.5,,50,,,
262,∞Ì»Ô,2026-05-17 03:00,13.1,,,,0.4,,0,,,
262,∞Ì»Ô,2026-05-17 04:00,12.8,,,,0.2,,0,,,
262,∞Ì»Ô,2026-05-17 05:00,12.3,,,,0.3,,0,,,
262,∞Ì»Ô,2026-05-17 06:00,12.2,,,,0.4,,0,,0.03,
262,∞Ì»Ô,2026-05-17 07:00,15.3,,,,0.3,,0,,0.48,
262,∞Ì»Ô,2026-05-17 08:00,20.7,,,,0.3,,0,,1.33,
262,∞Ì»Ô,2026-05-17 09:00,24.1,,,,0.9,,270,,2.21,
262,∞Ì»Ô,2026-05-17 10:00,25.8,,,,2.2,,290,,2.56,
262,∞Ì»Ô,2026-05-17 11:00,27.6,,,,2.5,,320,,2.68,
262,∞Ì»Ô,2026-05-17 12:00,29.1,,,,2.5,,290,,3.09,
262,∞Ì»Ô,2026-05-17 13:00,30.2,,,,2.2,,250,,3.18,
262,∞Ì»Ô,2026-05-17 14:00,31.1,,,,2.2,,360,,2.97,
262,∞Ì»Ô,2026-05-17 15:00,30.5,,,,2.6,,180,,2.57,
262,∞Ì»Ô,2026-05-17 16:00,30.0,,,,2.8,,200,,2.27,
262,∞Ì»Ô,2026-05-17 17:00,29.2,,,,3.1,,200,,2.11,
262,∞Ì»Ô,2026-05-17 18:00,27.0,,,,2.4,,230,,1.23,
262,∞Ì»Ô,2026-05-17 19:00,24.0,,,,0.7,,50,,0.38,
262,∞Ì»Ô,2026-05-17 20:00,20.3,,,,0.4,,0,,0.03,
262,∞Ì»Ô,2026-05-17 21:00,18.0,,,,0.3,,0,,,
262,∞Ì»Ô,2026-05-17 22:00,16.2,,,,0.3,,0,,,
262,∞Ì»Ô,2026-05-17 23:00,15.1,,,,0.2,,0,,,
262,∞Ì»Ô,2026-05-18 00:00,14.4,,,,0.6,,50,,,
262,∞Ì»Ô,2026-05-18 01:00,13.6,,,,0.2,,0,,,
262,∞Ì»Ô,2026-05-18 02:00,13.0,,,,0.4,,0,,,
262,∞Ì»Ô,2026-05-18 03:00,12.3,,,,0.3,,0,,,
262,∞Ì»Ô,2026-05-18 04:00,11.7,,,,0.1,,0,,,
262,∞Ì»Ô,2026-05-18 05:00,11.2,,,,0.5,,320,,,
262,∞Ì»Ô,2026-05-18 06:00,10.9,,,,0.6,,20,,0.03,
262,∞Ì»Ô,2026-05-18 07:00,14.4,,,,0.4,,0,,0.42,
262,∞Ì»Ô,2026-05-18 08:00,19.2,,,,0.4,,0,,1.38,
262,∞Ì»Ô,2026-05-18 09:00,23.3,,,,0.6,,290,,2.29,
262,∞Ì»Ô,2026-05-18 10:00,26.8,,,,1.1,,200,,2.63,
262,∞Ì»Ô,2026-05-18 11:00,26.9,,,,2.5,,270,,2.7,
262,∞Ì»Ô,2026-05-18 12:00,28.3,,,,3.2,,230,,3.08,
262,∞Ì»Ô,2026-05-18 13:00,28.8,,,,2.6,,180,,3.22,
262,∞Ì»Ô,2026-05-18 14:00,28.6,,,,2.8,,200,,2.99,
262,∞Ì»Ô,2026-05-18 15:00,28.4,,,,3.4,,180,,2.62,
262,∞Ì»Ô,2026-05-18 16:00,28.8,,,,1.6,,200,,2.31,
262,∞Ì»Ô,2026-05-18 17:00,28.1,,,,2.3,,250,,2.18,
262,∞Ì»Ô,2026-05-18 18:00,25.7,,,,1.9,,200,,1.25,
262,∞Ì»Ô,2026-05-18 19:00,22.1,,,,0.5,,360,,0.38,
262,∞Ì»Ô,2026-05-18 20:00,18.2,,,,0.6,,20,,0.02,
262,∞Ì»Ô,2026-05-18 21:00,16.3,,,,0.8,,50,,,
262,∞Ì»Ô,2026-05-18 22:00,14.8,,,,0.6,,50,,,
262,∞Ì»Ô,2026-05-18 23:00,13.7,,,,0.8,,50,,,
262,∞Ì»Ô,2026-05-19 00:00,13.2,,,,0.8,,20,,,
262,∞Ì»Ô,2026-05-19 01:00,12.5,,,,0.5,,340,,,
262,∞Ì»Ô,2026-05-19 02:00,12.2,,,,0.2,,0,,,
262,∞Ì»Ô,2026-05-19 03:00,12.1,,,,0.2,,0,,,
262,∞Ì»Ô,2026-05-19 04:00,11.9,,,,0.5,,20,,,
262,∞Ì»Ô,2026-05-19 05:00,12.0,,,,0.4,,0,,,
262,∞Ì»Ô,2026-05-19 06:00,12.4,,,,0.6,,50,,0.02,
262,∞Ì»Ô,2026-05-19 07:00,15.6,,,,0.3,,0,,0.37,
262,∞Ì»Ô,2026-05-19 08:00,19.1,,,,0.8,,320,,0.79,
262,∞Ì»Ô,2026-05-19 09:00,21.6,,,,1.3,,160,,1.09,
262,∞Ì»Ô,2026-05-19 10:00,23.0,,,,1.8,,140,,1.59,
262,∞Ì»Ô,2026-05-19 11:00,24.6,,,,2.9,,110,,1.86,
262,∞Ì»Ô,2026-05-19 12:00,24.5,,,,2.9,,180,,2.09,
262,∞Ì»Ô,2026-05-19 13:00,25.7,,,,2.8,,140,,2.62,
262,∞Ì»Ô,2026-05-19 14:00,24.5,,,,2.3,,140,,2.2,
262,∞Ì»Ô,2026-05-19 15:00,23.7,,,,2.1,,110,,1.46,
262,∞Ì»Ô,2026-05-19 16:00,23.9,,,,2.0,,110,,1.37,
262,∞Ì»Ô,2026-05-19 17:00,23.9,,,,2.2,,140,,1.46,
262,∞Ì»Ô,2026-05-19 18:00,22.3,,,,1.7,,160,,0.65,
262,∞Ì»Ô,2026-05-19 19:00,21.3,,,,1.1,,110,,0.2,
262,∞Ì»Ô,2026-05-19 20:00,20.9,,,,0.9,,160,,0.02,
262,∞Ì»Ô,2026-05-19 21:00,20.7,,0.0,,1.3,,110,,,
262,∞Ì»Ô,2026-05-19 22:00,20.0,,0.1,,2.2,,180,,,
262,∞Ì»Ô,2026-05-19 23:00,19.2,,0.1,,1.2,,140,,,
262,∞Ì»Ô,2026-05-20 00:00,18.1,,2.7,,1.6,,50,,,
262,∞Ì»Ô,2026-05-20 01:00,17.8,,2.7,,0.8,,20,,,
262,∞Ì»Ô,2026-05-20 02:00,17.8,,4.3,,1.4,,50,,,
262,∞Ì»Ô,2026-05-20 03:00,17.7,,1.5,,1.6,,20,,,
262,∞Ì»Ô,2026-05-20 04:00,17.8,,1.2,,1.2,,50,,,
262,∞Ì»Ô,2026-05-20 05:00,17.9,,1.3,,1.1,,50,,,
262,∞Ì»Ô,2026-05-20 06:00,18.0,,0.9,,2.0,,50,,0.0,
262,∞Ì»Ô,2026-05-20 07:00,18.3,,1.4,,1.3,,50,,0.04,
262,∞Ì»Ô,2026-05-20 08:00,18.6,,0.9,,1.4,,70,,0.11,
262,∞Ì»Ô,2026-05-20 09:00,18.6,,0.7,,2.0,,90,,0.19,
262,∞Ì»Ô,2026-05-20 10:00,18.9,,0.6,,2.2,,90,,0.24,
262,∞Ì»Ô,2026-05-20 11:00,19.0,,1.4,,0.9,,70,,0.18,
262,∞Ì»Ô,2026-05-20 12:00,19.0,,2.1,,1.5,,110,,0.31,
262,∞Ì»Ô,2026-05-20 13:00,18.7,,1.6,,1.7,,110,,0.2,
262,∞Ì»Ô,2026-05-20 14:00,18.8,,2.6,,1.0,,50,,0.16,
262,∞Ì»Ô,2026-05-20 15:00,18.7,,1.9,,1.2,,110,,0.12,
262,∞Ì»Ô,2026-05-20 16:00,18.5,,0.5,,2.0,,160,,0.15,
262,∞Ì»Ô,2026-05-20 17:00,18.2,,0.6,,2.2,,140,,0.12,
262,∞Ì»Ô,2026-05-20 18:00,18.3,,2.7,,2.2,,160,,0.1,
262,∞Ì»Ô,2026-05-20 19:00,18.4,,2.0,,1.5,,160,,0.06,
262,∞Ì»Ô,2026-05-20 20:00,18.3,,4.6,,2.4,,160,,0.0,
262,∞Ì»Ô,2026-05-20 21:00,18.1,,7.6,,2.2,,160,,,
262,∞Ì»Ô,2026-05-20 22:00,17.9,,11.7,,1.9,,180,,,
262,∞Ì»Ô,2026-05-20 23:00,18.1,,14.2,,1.8,,180,,,
262,∞Ì»Ô,2026-05-21 00:00,18.1,,17.8,,2.4,,180,,,
262,∞Ì»Ô,2026-05-21 01:00,18.0,,7.3,,2.3,,180,,,
262,∞Ì»Ô,2026-05-21 02:00,18.0,,5.8,,1.1,,180,,,
262,∞Ì»Ô,2026-05-21 03:00,18.0,,0.1,,0.3,,0,,,
262,∞Ì»Ô,2026-05-21 04:00,18.1,,0.1,,0.3,,0,,,
262,∞Ì»Ô,2026-05-21 05:00,18.2,,0.1,,0.5,,200,,,
262,∞Ì»Ô,2026-05-21 06:00,18.5,,,9.0,1.9,,290,,0.01,
262,∞Ì»Ô,2026-05-21 07:00,19.0,,,9.0,4.4,,270,,0.21,
262,∞Ì»Ô,2026-05-21 08:00,18.3,,0.0,,2.7,,340,,0.31,
262,∞Ì»Ô,2026-05-21 09:00,19.8,,,9.0,3.3,,250,,0.85,
262,∞Ì»Ô,2026-05-21 10:00,20.7,,,9.0,3.4,,250,,1.41,
262,∞Ì»Ô,2026-05-21 11:00,21.7,,,9.0,4.5,,250,,2.5,
262,∞Ì»Ô,2026-05-21 12:00,22.1,,,9.0,4.3,,270,,2.77,
262,∞Ì»Ô,2026-05-21 13:00,22.4,,,9.0,5.1,,270,,2.11,
262,∞Ì»Ô,2026-05-21 14:00,21.9,,,9.0,4.2,,270,,1.97,
262,∞Ì»Ô,2026-05-21 15:00,21.3,,,9.0,4.3,,250,,2.32,
262,∞Ì»Ô,2026-05-21 16:00,19.7,,,9.0,2.7,,230,,0.71,
262,∞Ì»Ô,2026-05-21 17:00,19.2,,,9.0,3.3,,270,,0.49,
262,∞Ì»Ô,2026-05-21 18:00,18.9,,,9.0,2.1,,250,,0.31,
262,∞Ì»Ô,2026-05-21 19:00,18.3,,,9.0,3.8,,290,,0.19,
262,∞Ì»Ô,2026-05-21 20:00,17.6,,,9.0,2.5,,290,,0.02,
262,∞Ì»Ô,2026-05-21 21:00,17.1,,,9.0,1.4,,250,,,
262,∞Ì»Ô,2026-05-21 22:00,17.1,,,9.0,1.1,,160,,,
262,∞Ì»Ô,2026-05-21 23:00,17.2,,,9.0,1.0,,110,,,
262,∞Ì»Ô,2026-05-22 00:00,17.2,,,9.0,0.7,,140,,,
262,∞Ì»Ô,2026-05-22 01:00,17.4,,0.1,,1.3,,90,,,
262,∞Ì»Ô,2026-05-22 02:00,17.6,,,9.0,0.9,,110,,,
262,∞Ì»Ô,2026-05-22 03:00,17.6,,,9.0,1.3,,110,,,
262,∞Ì»Ô,2026-05-22 04:00,17.5,,,9.0,0.9,,90,,,
262,∞Ì»Ô,2026-05-22 05:00,17.4,,,9.0,0.9,,110,,,
262,∞Ì»Ô,2026-05-22 06:00,17.4,,0.0,,1.0,,110,,0.01,
262,∞Ì»Ô,2026-05-22 07:00,17.6,,0.0,,1.2,,90,,0.03,
262,∞Ì»Ô,2026-05-22 08:00,17.9,,0.2,,1.2,,180,,0.25,
262,∞Ì»Ô,2026-05-22 09:00,18.8,,,9.0,1.5,,90,,0.46,
262,∞Ì»Ô,2026-05-22 10:00,20.1,,,9.0,1.8,,160,,1.12,
262,∞Ì»Ô,2026-05-22 11:00,20.8,,,9.0,1.7,,110,,1.35,
262,∞Ì»Ô,2026-05-22 12:00,21.0,,,9.0,3.0,,160,,1.88,
262,∞Ì»Ô,2026-05-22 13:00,22.1,,,9.0,2.6,,140,,1.71,
262,∞Ì»Ô,2026-05-22 14:00,21.3,,,9.0,3.2,,180,,2.71,
262,∞Ì»Ô,2026-05-22 15:00,22.7,,,9.0,2.5,,140,,2.78,
262,∞Ì»Ô,2026-05-22 16:00,22.0,,,9.0,2.0,,140,,1.68,
262,∞Ì»Ô,2026-05-22 17:00,21.7,,,9.0,3.2,,180,,2.01,
262,∞Ì»Ô,2026-05-22 18:00,20.3,,,9.0,2.4,,160,,1.38,
262,∞Ì»Ô,2026-05-22 19:00,18.6,,,9.0,2.8,,160,,0.37,
262,∞Ì»Ô,2026-05-22 20:00,17.4,,,9.0,1.8,,160,,0.04,
262,∞Ì»Ô,2026-05-22 21:00,17.0,,,9.0,2.5,,140,,,
262,∞Ì»Ô,2026-05-22 22:00,16.7,,,9.0,2.2,,160,,,
262,∞Ì»Ô,2026-05-22 23:00,16.2,,,9.0,1.6,,90,,,
262,∞Ì»Ô,2026-05-23 00:00,16.0,,,9.0,1.2,,70,,,
262,∞Ì»Ô,2026-05-23 01:00,16.3,,,,2.0,,110,,,
262,∞Ì»Ô,2026-05-23 02:00,16.8,,,,1.9,,20,,,
262,∞Ì»Ô,2026-05-23 03:00,16.8,,,,1.3,,90,,,
262,∞Ì»Ô,2026-05-23 04:00,16.4,,,,1.9,,70,,,
262,∞Ì»Ô,2026-05-23 05:00,16.5,,,,1.9,,70,,,
262,∞Ì»Ô,2026-05-23 06:00,16.3,,,,1.7,,20,,0.03,
262,∞Ì»Ô,2026-05-23 07:00,17.3,,,,2.6,,70,,0.28,
262,∞Ì»Ô,2026-05-23 08:00,18.3,,,,2.4,,50,,0.51,
262,∞Ì»Ô,2026-05-23 09:00,18.9,,,,2.8,,50,,0.86,
262,∞Ì»Ô,2026-05-23 10:00,20.5,,,,1.9,,50,,1.33,
262,∞Ì»Ô,2026-05-23 11:00,21.7,,,,1.4,,110,,1.7,
262,∞Ì»Ô,2026-05-23 12:00,21.2,,0.0,,1.7,,20,,1.4,
262,∞Ì»Ô,2026-05-23 13:00,21.8,,0.0,,2.1,,160,,1.79,
262,∞Ì»Ô,2026-05-23 14:00,22.1,,,9.0,0.9,,70,,1.63,
262,∞Ì»Ô,2026-05-23 15:00,23.6,,,9.0,1.5,,20,,2.09,
262,∞Ì»Ô,2026-05-23 16:00,22.0,,,9.0,1.8,,160,,1.56,
262,∞Ì»Ô,2026-05-23 17:00,21.1,,,9.0,2.3,,160,,1.62,
262,∞Ì»Ô,2026-05-23 18:00,21.0,,,9.0,2.4,,180,,1.02,
262,∞Ì»Ô,2026-05-23 19:00,19.3,,,9.0,1.0,,140,,0.33,
262,∞Ì»Ô,2026-05-23 20:00,17.5,,,9.0,0.5,,20,,0.03,
262,∞Ì»Ô,2026-05-23 21:00,16.7,,,9.0,0.9,,180,,,
262,∞Ì»Ô,2026-05-23 22:00,16.9,,,9.0,0.8,,160,,,
262,∞Ì»Ô,2026-05-23 23:00,16.7,,,9.0,1.3,,180,,,
262,∞Ì»Ô,2026-05-24 00:00,16.1,,,9.0,0.7,,200,,,
262,∞Ì»Ô,2026-05-24 01:00,16.0,,,,0.8,,160,,,
262,∞Ì»Ô,2026-05-24 02:00,16.0,,,,0.7,,90,,,
262,∞Ì»Ô,2026-05-24 03:00,16.4,,,,0.7,,20,,,
262,∞Ì»Ô,2026-05-24 04:00,16.8,,,,0.6,,360,,,
262,∞Ì»Ô,2026-05-24 05:00,16.7,,,,0.9,,20,,,
262,∞Ì»Ô,2026-05-24 06:00,16.7,,,,1.1,,160,,0.03,
262,∞Ì»Ô,2026-05-24 07:00,18.0,,,,0.7,,180,,0.34,
262,∞Ì»Ô,2026-05-24 08:00,19.3,,,,1.0,,20,,0.78,
262,∞Ì»Ô,2026-05-24 09:00,21.0,,,,1.8,,50,,1.34,
262,∞Ì»Ô,2026-05-24 10:00,22.7,,,,2.0,,90,,2.18,
262,∞Ì»Ô,2026-05-24 11:00,23.1,,,,3.1,,180,,2.17,
262,∞Ì»Ô,2026-05-24 12:00,24.2,,,,3.1,,180,,3.18,
262,∞Ì»Ô,2026-05-24 13:00,25.0,,,,2.1,,140,,3.36,
262,∞Ì»Ô,2026-05-24 14:00,24.5,,,,2.3,,180,,2.91,
262,∞Ì»Ô,2026-05-24 15:00,23.0,,,,2.4,,160,,1.97,
262,∞Ì»Ô,2026-05-24 16:00,22.8,,,,2.4,,180,,1.53,
262,∞Ì»Ô,2026-05-24 17:00,21.8,,,,2.4,,180,,0.81,
262,∞Ì»Ô,2026-05-24 18:00,20.8,,,,1.4,,140,,0.52,
262,∞Ì»Ô,2026-05-24 19:00,19.8,,,,1.6,,110,,0.19,
262,∞Ì»Ô,2026-05-24 20:00,19.0,,,,0.7,,160,,0.02,
262,∞Ì»Ô,2026-05-24 21:00,18.3,,,,0.5,,360,,,
262,∞Ì»Ô,2026-05-24 22:00,18.4,,,,1.3,,160,,,
262,∞Ì»Ô,2026-05-24 23:00,18.5,,,,0.4,,0,,,
262,∞Ì»Ô,2026-05-25 00:00,18.8,,,,1.3,,140,,,
262,∞Ì»Ô,2026-05-25 01:00,18.9,,,,0.6,,320,,,
262,∞Ì»Ô,2026-05-25 02:00,18.2,,,,0.7,,90,,,
262,∞Ì»Ô,2026-05-25 03:00,18.4,,,,0.8,,90,,,
262,∞Ì»Ô,2026-05-25 04:00,19.1,,0.0,,0.8,,340,,,
262,∞Ì»Ô,2026-05-25 05:00,19.0,,,9.0,0.6,,20,,,
262,∞Ì»Ô,2026-05-25 06:00,19.1,,0.0,,0.8,,50,,0.02,
262,∞Ì»Ô,2026-05-25 07:00,20.3,,,9.0,0.6,,200,,0.22,
262,∞Ì»Ô,2026-05-25 08:00,21.0,,,9.0,0.6,,160,,0.31,
262,∞Ì»Ô,2026-05-25 09:00,22.1,,,9.0,2.2,,180,,0.64,
262,∞Ì»Ô,2026-05-25 10:00,23.5,,,9.0,2.3,,160,,1.26,
262,∞Ì»Ô,2026-05-25 11:00,24.7,,,9.0,2.3,,140,,1.61,
262,∞Ì»Ô,2026-05-25 12:00,26.7,,,9.0,2.2,,140,,2.1,
262,∞Ì»Ô,2026-05-25 13:00,27.6,,,9.0,2.6,,140,,3.38,
262,∞Ì»Ô,2026-05-25 14:00,26.9,,,9.0,1.9,,140,,2.69,
262,∞Ì»Ô,2026-05-25 15:00,27.6,,,9.0,2.4,,110,,2.66,
262,∞Ì»Ô,2026-05-25 16:00,27.2,,,9.0,2.1,,140,,2.4,
262,∞Ì»Ô,2026-05-25 17:00,26.5,,,9.0,3.3,,180,,2.23,
262,∞Ì»Ô,2026-05-25 18:00,25.1,,,9.0,1.7,,160,,0.85,
262,∞Ì»Ô,2026-05-25 19:00,24.2,,,9.0,0.9,,140,,0.13,
262,∞Ì»Ô,2026-05-25 20:00,23.1,,,9.0,0.7,,50,,0.02,
262,∞Ì»Ô,2026-05-25 21:00,22.5,,,9.0,0.3,,0,,,
262,∞Ì»Ô,2026-05-25 22:00,22.0,,,9.0,0.7,,340,,,
262,∞Ì»Ô,2026-05-25 23:00,22.1,,,9.0,0.9,,70,,,
262,∞Ì»Ô,2026-05-26 00:00,21.7,,,9.0,1.9,,160,,,
262,∞Ì»Ô,2026-05-26 01:00,21.6,,,,1.6,,180,,,
262,∞Ì»Ô,2026-05-26 02:00,21.3,,,,1.5,,180,,,
262,∞Ì»Ô,2026-05-26 03:00,21.1,,,,1.5,,160,,,
262,∞Ì»Ô,2026-05-26 04:00,21.3,,,,1.2,,160,,,
262,∞Ì»Ô,2026-05-26 05:00,21.4,,,,1.6,,160,,,
262,∞Ì»Ô,2026-05-26 06:00,21.0,,,,1.3,,90,,0.02,
262,∞Ì»Ô,2026-05-26 07:00,21.9,,,,0.6,,110,,0.21,
262,∞Ì»Ô,2026-05-26 08:00,22.9,,,,1.2,,160,,0.57,
262,∞Ì»Ô,2026-05-26 09:00,23.6,,,,1.7,,180,,0.78,
262,∞Ì»Ô,2026-05-26 10:00,23.7,,,,2.6,,160,,0.84,
262,∞Ì»Ô,2026-05-26 11:00,23.5,,,,2.7,,110,,0.84,
262,∞Ì»Ô,2026-05-26 12:00,23.2,,0.0,,2.1,,180,,0.85,
262,∞Ì»Ô,2026-05-26 13:00,24.0,,,9.0,2.5,,110,,1.38,
262,∞Ì»Ô,2026-05-26 14:00,21.8,,0.7,,2.3,,140,,1.0,
262,∞Ì»Ô,2026-05-26 15:00,20.8,,3.1,,1.4,,90,,0.54,
262,∞Ì»Ô,2026-05-26 16:00,20.6,,6.3,,1.3,,110,,0.16,
262,∞Ì»Ô,2026-05-26 17:00,20.5,,13.5,,1.5,,50,,0.06,
262,∞Ì»Ô,2026-05-26 18:00,20.5,,5.4,,2.2,,50,,0.04,
262,∞Ì»Ô,2026-05-26 19:00,20.4,,2.7,,1.9,,20,,0.02,
262,∞Ì»Ô,2026-05-26 20:00,20.3,,3.7,,2.5,,50,,0.0,
262,∞Ì»Ô,2026-05-26 21:00,20.2,,5.8,,3.2,,50,,,
262,∞Ì»Ô,2026-05-26 22:00,20.1,,4.5,,3.7,,50,,,
262,∞Ì»Ô,2026-05-26 23:00,19.8,,3.7,,3.1,,50,,,
262,∞Ì»Ô,2026-05-27 00:00,19.7,,1.5,,3.4,,50,,,
262,∞Ì»Ô,2026-05-27 01:00,19.8,,0.4,,2.6,,50,,,
262,∞Ì»Ô,2026-05-27 02:00,20.0,,0.7,,2.4,,50,,,
262,∞Ì»Ô,2026-05-27 03:00,20.1,,0.6,,2.2,,50,,,
262,∞Ì»Ô,2026-05-27 04:00,20.2,,3.1,,1.9,,70,,,
262,∞Ì»Ô,2026-05-27 05:00,20.1,,2.1,,2.7,,50,,,
262,∞Ì»Ô,2026-05-27 06:00,20.1,,1.2,,2.2,,20,,0.0,
262,∞Ì»Ô,2026-05-27 07:00,20.4,,0.4,,3.0,,50,,0.06,
262,∞Ì»Ô,2026-05-27 08:00,20.9,9.0,0.9,,2.6,,50,,0.28,
262,∞Ì»Ô,2026-05-27 09:00,21.4,,,9.0,2.4,,50,,0.6,
262,∞Ì»Ô,2026-05-27 10:00,21.8,,,9.0,3.1,,50,,0.77,
262,∞Ì»Ô,2026-05-27 11:00,22.7,,,9.0,2.7,,50,,1.04,
262,∞Ì»Ô,2026-05-27 12:00,23.3,,,9.0,1.8,,50,,1.06,
262,∞Ì»Ô,2026-05-27 13:00,23.7,,,9.0,2.5,,50,,1.18,
262,∞Ì»Ô,2026-05-27 14:00,23.9,,,9.0,1.8,,50,,0.84,
262,∞Ì»Ô,2026-05-27 15:00,23.8,,,9.0,1.9,,50,,0.72,
262,∞Ì»Ô,2026-05-27 16:00,23.0,,,9.0,1.7,,70,,0.33,
262,∞Ì»Ô,2026-05-27 17:00,23.0,,,9.0,1.3,,20,,0.23,
262,∞Ì»Ô,2026-05-27 18:00,22.6,,,9.0,1.2,,50,,0.12,
262,∞Ì»Ô,2026-05-27 19:00,22.2,,,9.0,1.6,,90,,0.05,
262,∞Ì»Ô,2026-05-27 20:00,21.8,,,9.0,0.6,,140,,0.01,
262,∞Ì»Ô,2026-05-27 21:00,21.4,,,9.0,0.5,,90,,,
262,∞Ì»Ô,2026-05-27 22:00,21.0,,,9.0,0.7,,20,,,
262,∞Ì»Ô,2026-05-27 23:00,20.9,,,9.0,0.4,,0,,,
262,∞Ì»Ô,2026-05-28 00:00,20.7,,,9.0,0.6,,50,,,
262,∞Ì»Ô,2026-05-28 01:00,20.6,,,,0.7,,70,,,
262,∞Ì»Ô,2026-05-28 02:00,20.7,,,,1.0,,50,,,
262,∞Ì»Ô,2026-05-28 03:00,20.8,,,,0.4,,0,,,
262,∞Ì»Ô,2026-05-28 04:00,20.7,,,,0.9,,180,,,
262,∞Ì»Ô,2026-05-28 05:00,20.7,,,,1.4,,180,,,
262,∞Ì»Ô,2026-05-28 06:00,20.7,,,,1.3,,160,,0.01,
262,∞Ì»Ô,2026-05-28 07:00,21.1,,,,0.7,,320,,0.08,
262,∞Ì»Ô,2026-05-28 08:00,21.2,,,,1.3,,140,,0.16,
262,∞Ì»Ô,2026-05-28 09:00,22.0,,,,1.5,,20,,0.29,
262,∞Ì»Ô,2026-05-28 10:00,22.6,,,,1.7,,180,,0.69,
262,∞Ì»Ô,2026-05-28 11:00,23.5,,,,3.3,,250,,1.03,
262,∞Ì»Ô,2026-05-28 12:00,23.7,,,,4.6,,250,,2.1,
262,∞Ì»Ô,2026-05-28 13:00,24.2,,,,3.7,,250,,1.96,
262,∞Ì»Ô,2026-05-28 14:00,25.2,,,,4.6,,320,,1.56,
262,∞Ì»Ô,2026-05-28 15:00,24.6,,,,3.5,,290,,1.7,
262,∞Ì»Ô,2026-05-28 16:00,26.0,,,,3.7,,320,,1.23,
262,∞Ì»Ô,2026-05-28 17:00,24.3,,,,3.6,,340,,1.15,
262,∞Ì»Ô,2026-05-28 18:00,23.5,,,,2.7,,320,,0.38,
262,∞Ì»Ô,2026-05-28 19:00,22.3,,,,2.0,,340,,0.35,
262,∞Ì»Ô,2026-05-28 20:00,20.7,,,,4.1,,320,,0.05,
262,∞Ì»Ô,2026-05-28 21:00,20.2,,,,5.1,,320,,,
262,∞Ì»Ô,2026-05-28 22:00,19.2,,,,1.5,,340,,,
262,∞Ì»Ô,2026-05-28 23:00,19.0,,,,3.0,,270,,,
262,∞Ì»Ô,2026-05-29 00:00,18.9,,,,3.0,,290,,,
262,∞Ì»Ô,2026-05-29 01:00,18.2,,,,3.4,,320,,,
262,∞Ì»Ô,2026-05-29 02:00,17.4,,,,3.1,,320,,,
262,∞Ì»Ô,2026-05-29 03:00,16.7,,,,1.1,,340,,,
262,∞Ì»Ô,2026-05-29 04:00,16.8,,,,3.2,,320,,,
262,∞Ì»Ô,2026-05-29 05:00,16.3,,,,1.5,,340,,,
262,∞Ì»Ô,2026-05-29 06:00,16.1,,,,1.5,,50,,0.04,
262,∞Ì»Ô,2026-05-29 07:00,18.0,,,,1.4,,360,,0.45,
262,∞Ì»Ô,2026-05-29 08:00,19.7,,,,2.9,,320,,1.23,
262,∞Ì»Ô,2026-05-29 09:00,21.3,,,,2.6,,320,,2.05,
262,∞Ì»Ô,2026-05-29 10:00,23.0,,,,2.1,,320,,2.39,
262,∞Ì»Ô,2026-05-29 11:00,25.4,,,,2.0,,290,,2.69,
262,∞Ì»Ô,2026-05-29 12:00,26.2,,,,1.9,,290,,2.97,
262,∞Ì»Ô,2026-05-29 13:00,27.1,,,,3.6,,290,,2.56,
262,∞Ì»Ô,2026-05-29 14:00,27.6,,,,1.6,,90,,3.01,
262,∞Ì»Ô,2026-05-29 15:00,27.2,,,,3.6,,200,,2.08,
262,∞Ì»Ô,2026-05-29 16:00,26.6,,,,1.9,,270,,2.2,
262,∞Ì»Ô,2026-05-29 17:00,25.3,,,,2.3,,200,,1.98,
262,∞Ì»Ô,2026-05-29 18:00,24.5,,,,2.5,,200,,1.38,
262,∞Ì»Ô,2026-05-29 19:00,22.6,,,,0.6,,50,,0.4,
262,∞Ì»Ô,2026-05-29 20:00,19.4,,,,0.6,,20,,0.04,
262,∞Ì»Ô,2026-05-29 21:00,17.9,,,,0.6,,20,,,
262,∞Ì»Ô,2026-05-29 22:00,17.0,,,,0.4,,0,,,
262,∞Ì»Ô,2026-05-29 23:00,16.8,,,,0.8,,340,,,
262,∞Ì»Ô,2026-05-30 00:00,15.7,,,,0.7,,20,,,
262,∞Ì»Ô,2026-05-30 01:00,15.0,,,,0.5,,360,,,
262,∞Ì»Ô,2026-05-30 02:00,14.3,,,,0.7,,110,,,
262,∞Ì»Ô,2026-05-30 03:00,13.1,,,,0.7,,180,,,
262,∞Ì»Ô,2026-05-30 04:00,12.3,,,,1.1,,20,,,
262,∞Ì»Ô,2026-05-30 05:00,11.6,,,,0.6,,50,,,
262,∞Ì»Ô,2026-05-30 06:00,11.3,,,,0.4,,0,,0.03,
262,∞Ì»Ô,2026-05-30 07:00,14.9,,,,0.4,,0,,0.52,
262,∞Ì»Ô,2026-05-30 08:00,20.7,,,,0.5,,140,,1.41,
262,∞Ì»Ô,2026-05-30 09:00,22.9,,,,1.4,,340,,2.32,
262,∞Ì»Ô,2026-05-30 10:00,25.3,,,,2.8,,290,,2.55,
262,∞Ì»Ô,2026-05-30 11:00,26.9,,,,2.5,,290,,2.67,
262,∞Ì»Ô,2026-05-30 12:00,28.5,,,,2.3,,250,,3.05,
262,∞Ì»Ô,2026-05-30 13:00,28.4,,,,2.6,,290,,2.8,
262,∞Ì»Ô,2026-05-30 14:00,29.5,,,,2.4,,290,,2.65,
262,∞Ì»Ô,2026-05-30 15:00,29.5,,,,3.5,,320,,2.42,
262,∞Ì»Ô,2026-05-30 16:00,29.3,,,,1.8,,290,,2.06,
262,∞Ì»Ô,2026-05-30 17:00,28.3,,,,0.9,,160,,1.38,
262,∞Ì»Ô,2026-05-30 18:00,26.9,,,,1.9,,270,,0.8,
262,∞Ì»Ô,2026-05-30 19:00,25.5,,,,1.9,,270,,0.5,
262,∞Ì»Ô,2026-05-30 20:00,23.4,,,,1.1,,320,,0.08,
262,∞Ì»Ô,2026-05-30 21:00,20.1,,,,0.5,,320,,,
262,∞Ì»Ô,2026-05-30 22:00,18.1,,,,0.5,,340,,,
262,∞Ì»Ô,2026-05-30 23:00,16.6,,,,0.3,,0,,,
262,∞Ì»Ô,2026-05-31 00:00,15.6,,,,0.4,,0,,,
262,∞Ì»Ô,2026-05-31 01:00,14.8,,,,0.5,,360,,,
262,∞Ì»Ô,2026-05-31 02:00,14.2,,,,0.2,,0,,,
262,∞Ì»Ô,2026-05-31 03:00,14.0,,,,0.4,,0,,,
262,∞Ì»Ô,2026-05-31 04:00,13.5,,,,0.4,,0,,,
262,∞Ì»Ô,2026-05-31 05:00,13.1,,,,0.1,,0,,,
262,∞Ì»Ô,2026-05-31 06:00,12.9,,,,0.3,,0,,0.03,
262,∞Ì»Ô,2026-05-31 07:00,16.6,,,,0.3,,0,,0.49,
262,∞Ì»Ô,2026-05-31 08:00,21.8,,,,0.5,,160,,1.42,
262,∞Ì»Ô,2026-05-31 09:00,24.9,,,,1.5,,320,,2.3,
262,∞Ì»Ô,2026-05-31 10:00,27.1,,,,2.5,,320,,2.54,
262,∞Ì»Ô,2026-05-31 11:00,30.2,,,,1.9,,160,,2.69,
262,∞Ì»Ô,2026-05-31 12:00,31.4,,,,2.5,,180,,3.01,
262,∞Ì»Ô,2026-05-31 13:00,30.2,,,,3.4,,270,,3.13,
262,∞Ì»Ô,2026-05-31 14:00,30.9,,,,3.0,,320,,2.95,
262,∞Ì»Ô,2026-05-31 15:00,31.3,,,,3.3,,230,,2.68,
262,∞Ì»Ô,2026-05-31 16:00,31.6,,,,1.5,,200,,2.32,
262,∞Ì»Ô,2026-05-31 17:00,30.3,,,,2.1,,160,,2.14,
262,∞Ì»Ô,2026-05-31 18:00,28.9,,,,2.7,,200,,1.55,
262,∞Ì»Ô,2026-05-31 19:00,25.4,,,,1.2,,20,,0.42,
262,∞Ì»Ô,2026-05-31 20:00,20.5,,,,0.9,,50,,0.03,
262,∞Ì»Ô,2026-05-31 21:00,18.0,,,,0.6,,340,,,
262,∞Ì»Ô,2026-05-31 22:00,16.6,,,,0.3,,0,,,
262,∞Ì»Ô,2026-05-31 23:00,15.7,,,,0.7,,20,,,
262,∞Ì»Ô,2026-06-01 00:00,15.0,,,,0.5,,360,,,
262,∞Ì»Ô,2026-06-01 01:00,14.3,,,,0.5,,360,,,
262,∞Ì»Ô,2026-06-01 02:00,13.7,,,,0.4,,0,,,
262,∞Ì»Ô,2026-06-01 03:00,13.7,,,,0.2,,0,,,
262,∞Ì»Ô,2026-06-01 04:00,13.6,,,,0.4,,0,,,
262,∞Ì»Ô,2026-06-01 05:00,14.2,,,,0.4,,0,,,
262,∞Ì»Ô,2026-06-01 06:00,15.4,,,,0.4,,0,,0.03,
262,∞Ì»Ô,2026-06-01 07:00,17.7,,,,0.3,,0,,0.37,
262,∞Ì»Ô,2026-06-01 08:00,22.0,,,,0.4,,0,,1.06,
262,∞Ì»Ô,2026-06-01 09:00,25.1,,,,0.6,,230,,1.74,
262,∞Ì»Ô,2026-06-01 10:00,25.7,,,,1.6,,110,,1.94,
262,∞Ì»Ô,2026-06-01 11:00,27.1,,,,1.5,,360,,1.98,
262,∞Ì»Ô,2026-06-01 12:00,28.3,,,,1.4,,70,,2.55,
262,∞Ì»Ô,2026-06-01 13:00,28.7,,,,2.0,,200,,2.36,
262,∞Ì»Ô,2026-06-01 14:00,28.8,,,,2.1,,140,,2.01,
262,∞Ì»Ô,2026-06-01 15:00,29.0,,,,2.6,,160,,2.36,
262,∞Ì»Ô,2026-06-01 16:00,27.6,,,,4.0,,180,,2.18,
262,∞Ì»Ô,2026-06-01 17:00,25.4,,0.0,,3.5,,180,,1.01,
262,∞Ì»Ô,2026-06-01 18:00,22.6,,0.0,,2.2,,160,,0.23,
262,∞Ì»Ô,2026-06-01 19:00,21.1,,0.0,,2.4,,180,,0.18,
262,∞Ì»Ô,2026-06-01 20:00,20.7,,,9.0,1.8,,90,,0.03,
262,∞Ì»Ô,2026-06-01 21:00,20.2,,0.2,,0.8,,140,,,
262,∞Ì»Ô,2026-06-01 22:00,19.8,,3.8,,0.8,,70,,,
262,∞Ì»Ô,2026-06-01 23:00,19.7,,4.8,,1.7,,20,,,
262,∞Ì»Ô,2026-06-02 00:00,19.7,,5.9,,1.2,,50,,,
262,∞Ì»Ô,2026-06-02 01:00,19.7,,12.2,,2.3,,50,,,
262,∞Ì»Ô,2026-06-02 02:00,19.8,,11.4,,1.8,,50,,,
262,∞Ì»Ô,2026-06-02 03:00,20.0,,13.0,,2.3,,50,,,
262,∞Ì»Ô,2026-06-02 04:00,20.1,,11.6,,1.7,,320,,,
262,∞Ì»Ô,2026-06-02 05:00,20.1,,3.4,,1.3,,110,,,
262,∞Ì»Ô,2026-06-02 06:00,20.5,,10.8,,1.6,,160,,0.0,
262,∞Ì»Ô,2026-06-02 07:00,20.4,,8.5,,1.8,,20,,0.02,
262,∞Ì»Ô,2026-06-02 08:00,20.6,,4.8,,2.8,,50,,0.06,
262,∞Ì»Ô,2026-06-02 09:00,20.7,,4.9,,1.8,,70,,0.1,
262,∞Ì»Ô,2026-06-02 10:00,20.5,,2.4,,2.3,,90,,0.23,
262,∞Ì»Ô,2026-06-02 11:00,20.4,,5.4,,1.4,,90,,0.26,
262,∞Ì»Ô,2026-06-02 12:00,21.0,,3.5,,1.7,,140,,0.42,
262,∞Ì»Ô,2026-06-02 13:00,20.7,,1.8,,2.2,,90,,0.76,
262,∞Ì»Ô,2026-06-02 14:00,21.1,,0.3,,3.4,,70,,0.74,
262,∞Ì»Ô,2026-06-02 15:00,22.3,,,9.0,2.1,,50,,0.98,
262,∞Ì»Ô,2026-06-02 16:00,23.6,,,9.0,2.8,,50,,1.36,
262,∞Ì»Ô,2026-06-02 17:00,23.6,,,9.0,2.2,,70,,1.39,
262,∞Ì»Ô,2026-06-02 18:00,24.3,,,9.0,2.6,,50,,1.59,
262,∞Ì»Ô,2026-06-02 19:00,22.9,,,9.0,3.0,,50,,0.54,
262,∞Ì»Ô,2026-06-02 20:00,21.3,,,9.0,1.3,,20,,0.04,
262,∞Ì»Ô,2026-06-02 21:00,19.6,,,9.0,1.0,,360,,,
262,∞Ì»Ô,2026-06-02 22:00,18.7,,,9.0,0.3,,0,,,
262,∞Ì»Ô,2026-06-02 23:00,18.1,,,9.0,0.5,,180,,,
262,∞Ì»Ô,2026-06-03 00:00,17.7,,,9.0,0.3,,0,,,
262,∞Ì»Ô,2026-06-03 01:00,17.4,,,,0.3,,0,,,
262,∞Ì»Ô,2026-06-03 02:00,17.4,,,,0.7,,320,,,
262,∞Ì»Ô,2026-06-03 03:00,17.2,,,,0.9,,360,,,
262,∞Ì»Ô,2026-06-03 04:00,17.0,,,,0.5,,20,,,
262,∞Ì»Ô,2026-06-03 05:00,16.9,,,,0.9,,20,,,
262,∞Ì»Ô,2026-06-03 06:00,17.2,,,,0.7,,50,,0.04,
262,∞Ì»Ô,2026-06-03 07:00,19.9,,,,0.5,,70,,0.44,
262,∞Ì»Ô,2026-06-03 08:00,22.8,,,,0.6,,360,,1.23,
262,∞Ì»Ô,2026-06-03 09:00,24.1,,,,0.7,,290,,1.81,
262,∞Ì»Ô,2026-06-03 10:00,25.5,,,,0.7,,230,,1.6,
262,∞Ì»Ô,2026-06-03 11:00,27.0,,,,1.6,,320,,2.48,
262,∞Ì»Ô,2026-06-03 12:00,28.2,,,,2.3,,160,,3.05,
262,∞Ì»Ô,2026-06-03 13:00,28.3,,,,2.7,,180,,3.2,
262,∞Ì»Ô,2026-06-03 14:00,28.2,,,,3.0,,180,,3.11,
262,∞Ì»Ô,2026-06-03 15:00,27.5,,,,2.3,,160,,2.71,
262,∞Ì»Ô,2026-06-03 16:00,27.0,,,,2.3,,160,,2.19,
262,∞Ì»Ô,2026-06-03 17:00,25.5,,,,2.6,,180,,1.56,
262,∞Ì»Ô,2026-06-03 18:00,24.8,,,,2.2,,180,,0.74,
262,∞Ì»Ô,2026-06-03 19:00,23.3,,,,1.2,,90,,0.21,
262,∞Ì»Ô,2026-06-03 20:00,21.8,,,,0.4,,0,,0.02,
262,∞Ì»Ô,2026-06-03 21:00,21.1,,,,0.5,,20,,,
262,∞Ì»Ô,2026-06-03 22:00,20.8,,,,1.1,,180,,,
262,∞Ì»Ô,2026-06-03 23:00,20.5,,,,1.0,,160,,,
262,∞Ì»Ô,2026-06-04 00:00,20.2,,,,1.3,,70,,,
262,∞Ì»Ô,2026-06-04 01:00,20.2,,,,0.5,,110,,,
262,∞Ì»Ô,2026-06-04 02:00,20.2,,,,0.6,,290,,,
262,∞Ì»Ô,2026-06-04 03:00,20.7,,,,0.7,,90,,,
262,∞Ì»Ô,2026-06-04 04:00,20.7,,,,1.3,,180,,,
262,∞Ì»Ô,2026-06-04 05:00,20.5,,,,0.8,,230,,,
262,∞Ì»Ô,2026-06-04 06:00,20.6,,,,0.4,,0,,0.02,
262,∞Ì»Ô,2026-06-04 07:00,21.2,,,,1.9,,140,,0.1,
262,∞Ì»Ô,2026-06-04 08:00,21.6,,,,1.4,,90,,0.17,
262,∞Ì»Ô,2026-06-04 09:00,21.7,,,,2.2,,140,,0.35,
262,∞Ì»Ô,2026-06-04 10:00,21.6,,0.0,,1.9,,160,,0.21,
262,∞Ì»Ô,2026-06-04 11:00,21.7,,0.0,,1.6,,160,,0.39,
262,∞Ì»Ô,2026-06-04 12:00,22.1,,0.0,,1.6,,160,,0.51,
262,∞Ì»Ô,2026-06-04 13:00,23.6,,,9.0,3.3,,180,,1.62,
262,∞Ì»Ô,2026-06-04 14:00,23.2,,,9.0,3.4,,180,,1.6,
262,∞Ì»Ô,2026-06-04 15:00,25.3,,,9.0,2.7,,180,,2.08,
262,∞Ì»Ô,2026-06-04 16:00,25.1,,,9.0,2.6,,180,,2.58,
262,∞Ì»Ô,2026-06-04 17:00,23.9,,,9.0,1.6,,160,,1.33,
262,∞Ì»Ô,2026-06-04 18:00,22.8,,,9.0,1.6,,90,,0.41,
262,∞Ì»Ô,2026-06-04 19:00,22.3,,,9.0,0.8,,110,,0.18,
262,∞Ì»Ô,2026-06-04 20:00,21.3,,,9.0,0.9,,20,,0.02,
262,∞Ì»Ô,2026-06-04 21:00,20.3,,,9.0,0.6,,180,,,
262,∞Ì»Ô,2026-06-04 22:00,21.4,,,9.0,4.5,,250,,,
262,∞Ì»Ô,2026-06-04 23:00,20.8,,,9.0,2.0,,290,,,
262,∞Ì»Ô,2026-06-05 00:00,21.0,,,9.0,2.3,,290,,,
262,∞Ì»Ô,2026-06-05 01:00,20.0,,,,1.3,,290,,,
262,∞Ì»Ô,2026-06-05 02:00,20.8,,,,2.2,,340,,,
262,∞Ì»Ô,2026-06-05 03:00,19.7,,,,3.0,,320,,,
262,∞Ì»Ô,2026-06-05 04:00,18.9,,,,1.5,,320,,,
262,∞Ì»Ô,2026-06-05 05:00,19.3,,,,0.5,,360,,,
262,∞Ì»Ô,2026-06-05 06:00,19.6,,,,2.6,,290,,0.04,
262,∞Ì»Ô,2026-06-05 07:00,21.5,,,,4.4,,320,,0.58,
262,∞Ì»Ô,2026-06-05 08:00,22.0,,,,5.4,,290,,1.26,
262,∞Ì»Ô,2026-06-05 09:00,22.9,,,,3.9,,290,,2.17,
262,∞Ì»Ô,2026-06-05 10:00,23.3,,,,5.4,,320,,2.43,
262,∞Ì»Ô,2026-06-05 11:00,24.3,,,,5.2,,290,,2.61,
262,∞Ì»Ô,2026-06-05 12:00,24.3,,,,5.2,,320,,3.06,
262,∞Ì»Ô,2026-06-05 13:00,25.0,,,,5.2,,290,,2.67,
262,∞Ì»Ô,2026-06-05 14:00,25.7,,,,3.1,,320,,2.4,
262,∞Ì»Ô,2026-06-05 15:00,26.5,,,,5.2,,290,,2.32,
262,∞Ì»Ô,2026-06-05 16:00,26.6,,,,4.6,,320,,2.38,
262,∞Ì»Ô,2026-06-05 17:00,26.9,,,,2.8,,360,,1.92,
262,∞Ì»Ô,2026-06-05 18:00,26.2,,,,3.2,,320,,1.56,
262,∞Ì»Ô,2026-06-05 19:00,23.2,,,,1.7,,320,,0.49,
262,∞Ì»Ô,2026-06-05 20:00,19.8,,,,1.0,,20,,0.06,
262,∞Ì»Ô,2026-06-05 21:00,18.7,,,,1.2,,360,,,
262,∞Ì»Ô,2026-06-05 22:00,17.7,,,,2.0,,340,,,
262,∞Ì»Ô,2026-06-05 23:00,15.9,,,,1.4,,50,,,
262,∞Ì»Ô,2026-06-06 00:00,14.5,,,,0.6,,340,,,
262,∞Ì»Ô,2026-06-06 01:00,13.5,,,,0.5,,20,,,
262,∞Ì»Ô,2026-06-06 02:00,12.4,,,,1.1,,20,,,
262,∞Ì»Ô,2026-06-06 03:00,11.9,,,,0.4,,0,,,
262,∞Ì»Ô,2026-06-06 04:00,11.8,,,,0.3,,0,,,
262,∞Ì»Ô,2026-06-06 05:00,11.5,,,,0.5,,20,,,
262,∞Ì»Ô,2026-06-06 06:00,11.4,,,,0.3,,0,,0.05,
262,∞Ì»Ô,2026-06-06 07:00,15.2,,,,0.6,,20,,0.6,
262,∞Ì»Ô,2026-06-06 08:00,19.2,,,,1.6,,50,,1.12,
262,∞Ì»Ô,2026-06-06 09:00,23.5,,,,2.9,,50,,2.29,
262,∞Ì»Ô,2026-06-06 10:00,24.9,,,,2.9,,50,,2.51,
262,∞Ì»Ô,2026-06-06 11:00,24.8,,,,2.1,,70,,1.98,
262,∞Ì»Ô,2026-06-06 12:00,26.6,,,,2.5,,180,,2.55,
262,∞Ì»Ô,2026-06-06 13:00,27.1,,,,2.4,,160,,3.16,
262,∞Ì»Ô,2026-06-06 14:00,26.7,,,,3.4,,180,,2.99,
262,∞Ì»Ô,2026-06-06 15:00,26.7,,,,3.3,,180,,2.71,
262,∞Ì»Ô,2026-06-06 16:00,26.3,,,,3.2,,140,,2.26,
262,∞Ì»Ô,2026-06-06 17:00,25.2,,,,2.4,,140,,1.18,
262,∞Ì»Ô,2026-06-06 18:00,24.0,,,,1.8,,90,,0.87,
262,∞Ì»Ô,2026-06-06 19:00,23.4,,,,1.3,,70,,0.39,
262,∞Ì»Ô,2026-06-06 20:00,22.4,,,,1.5,,140,,0.07,
262,∞Ì»Ô,2026-06-06 21:00,20.9,,,,1.2,,110,,,
262,∞Ì»Ô,2026-06-06 22:00,20.0,,,,1.2,,90,,,
262,∞Ì»Ô,2026-06-06 23:00,20.7,,,,1.5,,50,,,
262,∞Ì»Ô,2026-06-07 00:00,20.6,,,,1.9,,90,,,
262,∞Ì»Ô,2026-06-07 01:00,20.0,,,,2.0,,50,,,
262,∞Ì»Ô,2026-06-07 02:00,20.3,,,,2.6,,20,,,
262,∞Ì»Ô,2026-06-07 03:00,20.2,,,,2.1,,20,,,
262,∞Ì»Ô,2026-06-07 04:00,20.6,,,,2.8,,50,,,
262,∞Ì»Ô,2026-06-07 05:00,20.6,,,,2.8,,50,,,
262,∞Ì»Ô,2026-06-07 06:00,20.7,,,,3.0,,50,,0.05,
262,∞Ì»Ô,2026-06-07 07:00,21.6,,,,3.1,,50,,0.32,
262,∞Ì»Ô,2026-06-07 08:00,23.0,,,,2.4,,50,,0.69,
262,∞Ì»Ô,2026-06-07 09:00,24.7,,,,2.1,,20,,1.49,
262,∞Ì»Ô,2026-06-07 10:00,26.8,,,,2.3,,50,,1.99,
262,∞Ì»Ô,2026-06-07 11:00,27.3,,,,2.8,,90,,2.81,
262,∞Ì»Ô,2026-06-07 12:00,27.5,,,,2.4,,360,,2.95,
262,∞Ì»Ô,2026-06-07 13:00,28.7,,,,2.1,,340,,3.12,
262,∞Ì»Ô,2026-06-07 14:00,29.1,,,,2.4,,140,,2.79,
262,∞Ì»Ô,2026-06-07 15:00,27.1,,,,1.4,,110,,1.19,
262,∞Ì»Ô,2026-06-07 16:00,26.6,,,,2.0,,160,,1.42,
262,∞Ì»Ô,2026-06-07 17:00,25.9,,,,2.3,,160,,1.62,
262,∞Ì»Ô,2026-06-07 18:00,23.8,,,,2.5,,160,,0.41,
262,∞Ì»Ô,2026-06-07 19:00,23.2,,,,1.1,,90,,0.16,
262,∞Ì»Ô,2026-06-07 20:00,23.0,,,,0.9,,110,,0.02,
262,∞Ì»Ô,2026-06-07 21:00,22.8,,,,0.7,,50,,,
262,∞Ì»Ô,2026-06-07 22:00,22.2,,,,0.3,,0,,,
262,∞Ì»Ô,2026-06-07 23:00,21.7,,,,0.5,,50,,,
262,∞Ì»Ô,2026-06-08 00:00,21.5,,,,1.6,,230,,,
262,∞Ì»Ô,2026-06-08 01:00,21.5,,0.0,,1.8,,320,,,
262,∞Ì»Ô,2026-06-08 02:00,21.2,,,9.0,2.1,,250,,,
262,∞Ì»Ô,2026-06-08 03:00,20.8,,,9.0,1.1,,200,,,
262,∞Ì»Ô,2026-06-08 04:00,20.3,,,9.0,0.6,,180,,,
262,∞Ì»Ô,2026-06-08 05:00,19.0,,1.7,,0.9,,20,,,
262,∞Ì»Ô,2026-06-08 06:00,18.6,,,9.0,1.0,,50,,0.01,
262,∞Ì»Ô,2026-06-08 07:00,18.9,,,9.0,0.7,,70,,0.1,
262,∞Ì»Ô,2026-06-08 08:00,19.8,,,9.0,0.9,,140,,0.29,
262,∞Ì»Ô,2026-06-08 09:00,21.0,,,9.0,1.1,,270,,0.56,
262,∞Ì»Ô,2026-06-08 10:00,20.6,,,9.0,1.9,,320,,0.6,
262,∞Ì»Ô,2026-06-08 11:00,20.5,,0.0,,2.1,,340,,0.63,
262,∞Ì»Ô,2026-06-08 12:00,19.8,,0.1,,4.0,,290,,0.63,
262,∞Ì»Ô,2026-06-08 13:00,20.4,,0.0,,3.2,,290,,0.84,
262,∞Ì»Ô,2026-06-08 14:00,20.7,,,9.0,2.5,,320,,0.75,
262,∞Ì»Ô,2026-06-08 15:00,22.7,,,9.0,3.1,,320,,1.63,
262,∞Ì»Ô,2026-06-08 16:00,24.0,,,9.0,2.9,,340,,2.02,
262,∞Ì»Ô,2026-06-08 17:00,22.4,,,9.0,2.0,,340,,1.45,
262,∞Ì»Ô,2026-06-08 18:00,21.1,,,9.0,1.3,,340,,0.3,
262,∞Ì»Ô,2026-06-08 19:00,20.0,,,9.0,1.7,,340,,0.19,
262,∞Ì»Ô,2026-06-08 20:00,18.6,,,9.0,0.9,,360,,0.03,
262,∞Ì»Ô,2026-06-08 21:00,17.8,,,9.0,1.2,,360,,,
262,∞Ì»Ô,2026-06-08 22:00,17.2,,,9.0,0.7,,360,,,
262,∞Ì»Ô,2026-06-08 23:00,16.5,,,9.0,0.9,,50,,,
262,∞Ì»Ô,2026-06-09 00:00,16.6,,,9.0,0.9,,340,,,
262,∞Ì»Ô,2026-06-09 01:00,16.4,,,,0.3,,0,,,
262,∞Ì»Ô,2026-06-09 02:00,16.4,,,,0.6,,360,,,
262,∞Ì»Ô,2026-06-09 03:00,15.6,,,,0.5,,340,,,
262,∞Ì»Ô,2026-06-09 04:00,14.8,,,,0.5,,200,,,
262,∞Ì»Ô,2026-06-09 05:00,14.4,,,,0.4,,0,,,
262,∞Ì»Ô,2026-06-09 06:00,14.7,,,,0.7,,340,,0.04,
262,∞Ì»Ô,2026-06-09 07:00,17.0,,,,0.4,,0,,0.4,
262,∞Ì»Ô,2026-06-09 08:00,19.9,,,,0.8,,230,,1.01,
262,∞Ì»Ô,2026-06-09 09:00,22.5,,,,1.5,,50,,1.51,
262,∞Ì»Ô,2026-06-09 10:00,24.0,,,,1.2,,50,,1.73,
262,∞Ì»Ô,2026-06-09 11:00,25.6,,,,2.0,,50,,2.25,
262,∞Ì»Ô,2026-06-09 12:00,25.1,,,,0.9,,110,,2.06,
262,∞Ì»Ô,2026-06-09 13:00,26.5,,,,1.6,,90,,2.44,
262,∞Ì»Ô,2026-06-09 14:00,24.5,,,,2.7,,200,,1.55,
262,∞Ì»Ô,2026-06-09 15:00,24.4,,,,2.4,,140,,2.07,
262,∞Ì»Ô,2026-06-09 16:00,24.2,,,,2.9,,160,,1.58,
262,∞Ì»Ô,2026-06-09 17:00,24.2,,,,2.2,,110,,1.76,
262,∞Ì»Ô,2026-06-09 18:00,23.3,,,,3.1,,230,,1.24,
262,∞Ì»Ô,2026-06-09 19:00,21.6,,,,1.6,,250,,0.41,
262,∞Ì»Ô,2026-06-09 20:00,20.2,,,,0.6,,110,,0.04,
262,∞Ì»Ô,2026-06-09 21:00,18.5,,,,0.4,,0,,,
262,∞Ì»Ô,2026-06-09 22:00,17.1,,,,0.8,,20,,,
262,∞Ì»Ô,2026-06-09 23:00,16.2,,,,0.5,,50,,,
262,∞Ì»Ô,2026-06-10 00:00,15.8,,,,1.0,,50,,,
262,∞Ì»Ô,2026-06-10 01:00,15.6,,,,0.7,,50,,,
262,∞Ì»Ô,2026-06-10 02:00,15.0,,,,0.3,,0,,,
262,∞Ì»Ô,2026-06-10 03:00,14.7,,,,0.7,,340,,,
262,∞Ì»Ô,2026-06-10 04:00,13.8,,,,0.4,,0,,,
262,∞Ì»Ô,2026-06-10 05:00,13.2,,,,0.7,,20,,,
262,∞Ì»Ô,2026-06-10 06:00,13.0,,,,0.4,,0,,0.04,
262,∞Ì»Ô,2026-06-10 07:00,15.8,,,,0.6,,90,,0.52,
262,∞Ì»Ô,2026-06-10 08:00,20.3,,,,1.3,,360,,1.36,
262,∞Ì»Ô,2026-06-10 09:00,22.5,,,,1.1,,340,,2.14,
262,∞Ì»Ô,2026-06-10 10:00,24.3,,,,1.9,,340,,2.35,
262,∞Ì»Ô,2026-06-10 11:00,25.6,,,,3.1,,290,,2.59,
262,∞Ì»Ô,2026-06-10 12:00,26.7,,,,2.8,,320,,3.07,
262,∞Ì»Ô,2026-06-10 13:00,27.4,,,,2.3,,290,,2.93,
262,∞Ì»Ô,2026-06-10 14:00,28.1,,,,2.3,,270,,2.96,
262,∞Ì»Ô,2026-06-10 15:00,27.5,,,,3.3,,250,,2.66,
262,∞Ì»Ô,2026-06-10 16:00,28.0,,,,2.5,,270,,2.25,
262,∞Ì»Ô,2026-06-10 17:00,26.4,,,,1.2,,290,,1.2,
262,∞Ì»Ô,2026-06-10 18:00,26.6,,,,2.0,,250,,1.09,
262,∞Ì»Ô,2026-06-10 19:00,23.2,,,,1.1,,340,,0.52,
262,∞Ì»Ô,2026-06-10 20:00,19.8,,,,0.7,,50,,0.05,
262,∞Ì»Ô,2026-06-10 21:00,17.7,,,,0.7,,50,,,
262,∞Ì»Ô,2026-06-10 22:00,17.7,,,,1.3,,290,,,
262,∞Ì»Ô,2026-06-10 23:00,17.5,,,,0.4,,0,,,
262,∞Ì»Ô,2026-06-11 00:00,16.1,,,,0.3,,0,,,
262,∞Ì»Ô,2026-06-11 01:00,14.9,,,,0.3,,0,,,
262,∞Ì»Ô,2026-06-11 02:00,14.0,,,,0.7,,70,,,
262,∞Ì»Ô,2026-06-11 03:00,14.4,,,,0.6,,70,,,
262,∞Ì»Ô,2026-06-11 04:00,14.0,,,,0.8,,20,,,
262,∞Ì»Ô,2026-06-11 05:00,14.1,,,,0.6,,250,,,
262,∞Ì»Ô,2026-06-11 06:00,14.4,,,,0.8,,200,,0.04,
262,∞Ì»Ô,2026-06-11 07:00,17.2,,,,0.5,,340,,0.52,
262,∞Ì»Ô,2026-06-11 08:00,21.4,,,,1.7,,340,,1.39,
262,∞Ì»Ô,2026-06-11 09:00,22.0,,,,2.6,,320,,2.13,
262,∞Ì»Ô,2026-06-11 10:00,24.2,,,,2.0,,340,,2.55,
262,∞Ì»Ô,2026-06-11 11:00,24.7,,,,3.0,,320,,2.63,
262,∞Ì»Ô,2026-06-11 12:00,26.4,,,,2.9,,340,,3.01,
262,∞Ì»Ô,2026-06-11 13:00,26.9,,,,4.4,,290,,3.16,
262,∞Ì»Ô,2026-06-11 14:00,27.2,,,,4.5,,290,,2.8,
262,∞Ì»Ô,2026-06-11 15:00,27.2,,,,3.7,,320,,2.7,
262,∞Ì»Ô,2026-06-11 16:00,27.5,,,,2.9,,320,,2.21,
262,∞Ì»Ô,2026-06-11 17:00,27.1,,,,5.5,,290,,2.02,
262,∞Ì»Ô,2026-06-11 18:00,25.9,,,,3.7,,340,,1.52,
262,∞Ì»Ô,2026-06-11 19:00,24.0,,,,2.0,,270,,0.51,
262,∞Ì»Ô,2026-06-11 20:00,21.2,,,,2.7,,230,,0.04,
262,∞Ì»Ô,2026-06-11 21:00,21.0,,,,4.7,,320,,,
262,∞Ì»Ô,2026-06-11 22:00,19.7,,,,3.6,,320,,,
262,∞Ì»Ô,2026-06-11 23:00,19.0,,,,1.6,,290,,,
262,∞Ì»Ô,2026-06-12 00:00,17.3,,,,0.8,,360,,,
262,∞Ì»Ô,2026-06-12 01:00,17.7,,,,1.8,,340,,,
262,∞Ì»Ô,2026-06-12 02:00,16.0,,,,1.0,,20,,,
262,∞Ì»Ô,2026-06-12 03:00,14.9,,,,0.9,,110,,,
262,∞Ì»Ô,2026-06-12 04:00,15.5,,,,1.2,,20,,,
262,∞Ì»Ô,2026-06-12 05:00,16.8,,,,3.0,,320,,,
262,∞Ì»Ô,2026-06-12 06:00,15.7,,,,1.4,,90,,0.05,
262,∞Ì»Ô,2026-06-12 07:00,18.4,,,,0.8,,50,,0.53,
262,∞Ì»Ô,2026-06-12 08:00,20.9,,,,1.1,,360,,1.45,
262,∞Ì»Ô,2026-06-12 09:00,22.3,,,,1.7,,270,,2.26,
262,∞Ì»Ô,2026-06-12 10:00,23.5,,,,2.2,,320,,2.45,
262,∞Ì»Ô,2026-06-12 11:00,25.1,,,,1.8,,270,,2.65,
262,∞Ì»Ô,2026-06-12 12:00,26.1,,,,2.0,,290,,2.91,
262,∞Ì»Ô,2026-06-12 13:00,26.6,,,,2.4,,290,,2.87,
262,∞Ì»Ô,2026-06-12 14:00,27.5,,,,1.7,,290,,2.73,
262,∞Ì»Ô,2026-06-12 15:00,28.0,,,,3.0,,230,,2.55,
262,∞Ì»Ô,2026-06-12 16:00,28.4,,,,2.4,,200,,2.15,
262,∞Ì»Ô,2026-06-12 17:00,26.3,,,,3.1,,200,,1.92,
262,∞Ì»Ô,2026-06-12 18:00,25.6,,,,1.8,,230,,1.35,
262,∞Ì»Ô,2026-06-12 19:00,23.3,,,,2.6,,200,,0.44,
262,∞Ì»Ô,2026-06-12 20:00,22.2,,,,1.9,,230,,0.08,
262,∞Ì»Ô,2026-06-12 21:00,20.7,,,,1.3,,160,,,
262,∞Ì»Ô,2026-06-12 22:00,19.2,,,,0.7,,110,,,
262,∞Ì»Ô,2026-06-12 23:00,18.2,,,,0.8,,50,,,
262,∞Ì»Ô,2026-06-13 00:00,17.0,,,,0.3,,0,,,
262,∞Ì»Ô,2026-06-13 01:00,16.3,,,,0.7,,20,,,
262,∞Ì»Ô,2026-06-13 02:00,15.9,,,,0.5,,20,,,
262,∞Ì»Ô,2026-06-13 03:00,15.7,,,,0.4,,0,,,
262,∞Ì»Ô,2026-06-13 04:00,15.1,,,,0.5,,70,,,
262,∞Ì»Ô,2026-06-13 05:00,14.7,,,,0.6,,20,,,
262,∞Ì»Ô,2026-06-13 06:00,14.5,,,,0.2,,0,,0.04,
262,∞Ì»Ô,2026-06-13 07:00,17.3,,,,0.5,,340,,0.53,
262,∞Ì»Ô,2026-06-13 08:00,21.0,,,,0.5,,320,,1.27,
262,∞Ì»Ô,2026-06-13 09:00,24.3,,,,1.3,,320,,2.12,
262,∞Ì»Ô,2026-06-13 10:00,26.8,,,,1.9,,160,,2.26,
262,∞Ì»Ô,2026-06-13 11:00,27.2,,,,2.5,,160,,2.57,
262,∞Ì»Ô,2026-06-13 12:00,27.3,,,,3.4,,180,,2.87,
262,∞Ì»Ô,2026-06-13 13:00,28.1,,,,3.3,,200,,2.97,
262,∞Ì»Ô,2026-06-13 14:00,27.2,,,,4.5,,180,,2.83,
262,∞Ì»Ô,2026-06-13 15:00,27.6,,,,3.2,,180,,2.5,
262,∞Ì»Ô,2026-06-13 16:00,27.3,,,,3.0,,180,,2.15,
262,∞Ì»Ô,2026-06-13 17:00,26.2,,,,2.9,,200,,1.63,
262,∞Ì»Ô,2026-06-13 18:00,24.9,,,,2.3,,180,,0.91,
262,∞Ì»Ô,2026-06-13 19:00,23.9,,,,1.8,,180,,0.35,
262,∞Ì»Ô,2026-06-13 20:00,22.1,,,,0.7,,90,,0.06,
262,∞Ì»Ô,2026-06-13 21:00,20.2,,,,0.9,,50,,,
262,∞Ì»Ô,2026-06-13 22:00,19.4,,,,0.6,,50,,,
262,∞Ì»Ô,2026-06-13 23:00,19.1,,,,0.4,,0,,,
262,∞Ì»Ô,2026-06-14 00:00,19.2,,,,0.5,,340,,,
262,∞Ì»Ô,2026-06-14 01:00,19.1,,,,0.2,,0,,,
262,∞Ì»Ô,2026-06-14 02:00,19.0,,,,0.9,,50,,,
262,∞Ì»Ô,2026-06-14 03:00,18.8,,,,0.6,,20,,,
262,∞Ì»Ô,2026-06-14 04:00,18.4,,,,0.4,,0,,,
262,∞Ì»Ô,2026-06-14 05:00,18.5,,,,0.8,,290,,,
262,∞Ì»Ô,2026-06-14 06:00,19.0,,,,1.7,,180,,0.03,
262,∞Ì»Ô,2026-06-14 07:00,20.3,,,,0.8,,250,,0.21,
262,∞Ì»Ô,2026-06-14 08:00,22.2,,,,0.6,,160,,0.58,
262,∞Ì»Ô,2026-06-14 09:00,23.2,,,,1.9,,160,,0.95,
262,∞Ì»Ô,2026-06-14 10:00,25.8,,,,1.9,,160,,1.91,
262,∞Ì»Ô,2026-06-14 11:00,26.8,,,,2.6,,180,,2.74,
262,∞Ì»Ô,2026-06-14 12:00,27.2,,,,2.6,,140,,3.09,
262,∞Ì»Ô,2026-06-14 13:00,28.3,,,,2.2,,160,,3.15,
262,∞Ì»Ô,2026-06-14 14:00,27.7,,,,2.9,,160,,3.02,
262,∞Ì»Ô,2026-06-14 15:00,27.7,,,,2.5,,160,,2.68,
262,∞Ì»Ô,2026-06-14 16:00,27.1,,,,2.8,,180,,2.31,
262,∞Ì»Ô,2026-06-14 17:00,26.3,,,,2.6,,110,,2.1,
262,∞Ì»Ô,2026-06-14 18:00,24.3,,,,3.3,,180,,1.02,
262,∞Ì»Ô,2026-06-14 19:00,22.4,,,,0.9,,340,,0.32,
262,∞Ì»Ô,2026-06-14 20:00,20.0,,,,0.4,,0,,0.04,
262,∞Ì»Ô,2026-06-14 21:00,19.7,,,,0.6,,20,,,
262,∞Ì»Ô,2026-06-14 22:00,18.8,,,,0.5,,360,,,
262,∞Ì»Ô,2026-06-14 23:00,18.5,,,,0.6,,360,,,
262,∞Ì»Ô,2026-06-15 00:00,18.4,,,,0.2,,0,,,
262,∞Ì»Ô,2026-06-15 01:00,18.4,,,,0.5,,110,,,
262,∞Ì»Ô,2026-06-15 02:00,18.2,,,,0.6,,20,,,
262,∞Ì»Ô,2026-06-15 03:00,17.8,,,,0.5,,360,,,
262,∞Ì»Ô,2026-06-15 04:00,17.6,,,,0.5,,160,,,
262,∞Ì»Ô,2026-06-15 05:00,17.6,,,,0.3,,0,,,
262,∞Ì»Ô,2026-06-15 06:00,18.3,,,,1.1,,50,,0.05,
262,∞Ì»Ô,2026-06-15 07:00,19.5,,,,0.7,,250,,0.35,
262,∞Ì»Ô,2026-06-15 08:00,23.1,,,,1.3,,360,,1.35,
262,∞Ì»Ô,2026-06-15 09:00,25.5,,,,2.5,,50,,2.1,
262,∞Ì»Ô,2026-06-15 10:00,27.1,,,,2.3,,20,,2.28,
262,∞Ì»Ô,2026-06-15 11:00,27.0,,,,3.7,,180,,2.63,
262,∞Ì»Ô,2026-06-15 12:00,27.4,,,,2.6,,160,,2.94,
262,∞Ì»Ô,2026-06-15 13:00,27.0,,,,3.5,,180,,3.22,
262,∞Ì»Ô,2026-06-15 14:00,26.8,,,,4.2,,160,,3.1,
262,∞Ì»Ô,2026-06-15 15:00,26.4,,,,3.7,,160,,2.73,
262,∞Ì»Ô,2026-06-15 16:00,25.9,,,,2.8,,110,,2.13,
262,∞Ì»Ô,2026-06-15 17:00,26.3,,,,2.4,,180,,1.97,
262,∞Ì»Ô,2026-06-15 18:00,25.5,,,,1.8,,110,,1.44,
262,∞Ì»Ô,2026-06-15 19:00,23.8,,,,1.1,,90,,0.47,
262,∞Ì»Ô,2026-06-15 20:00,22.2,,,,1.1,,110,,0.07,
262,∞Ì»Ô,2026-06-15 21:00,20.9,,,,0.7,,90,,,
262,∞Ì»Ô,2026-06-15 22:00,19.9,,,,0.9,,50,,,
262,∞Ì»Ô,2026-06-15 23:00,19.3,,,,0.7,,160,,,
262,∞Ì»Ô,2026-06-16 00:00,18.6,,,,0.3,,0,,,
262,∞Ì»Ô,2026-06-16 01:00,18.5,,,,1.0,,180,,,
262,∞Ì»Ô,2026-06-16 02:00,17.7,,,,0.3,,0,,,
262,∞Ì»Ô,2026-06-16 03:00,18.0,,,,1.5,,50,,,
262,∞Ì»Ô,2026-06-16 04:00,18.3,,,,1.1,,250,,,
262,∞Ì»Ô,2026-06-16 05:00,19.8,,,,1.4,,20,,,
262,∞Ì»Ô,2026-06-16 06:00,20.4,,,,2.0,,20,,0.05,
262,∞Ì»Ô,2026-06-16 07:00,21.7,,,,2.3,,50,,0.34,
262,∞Ì»Ô,2026-06-16 08:00,23.8,,,,2.7,,50,,0.96,
262,∞Ì»Ô,2026-06-16 09:00,25.6,,,,2.0,,50,,1.37,
262,∞Ì»Ô,2026-06-16 10:00,26.9,,,,2.1,,50,,1.8,
262,∞Ì»Ô,2026-06-16 11:00,27.5,,,,2.7,,50,,2.0,
262,∞Ì»Ô,2026-06-16 12:00,28.7,,,,2.1,,70,,2.04,
262,∞Ì»Ô,2026-06-16 13:00,28.0,,,,3.8,,180,,2.56,
262,∞Ì»Ô,2026-06-16 14:00,26.3,,,,3.0,,180,,1.87,
262,∞Ì»Ô,2026-06-16 15:00,25.9,,,,2.3,,160,,1.78,
262,∞Ì»Ô,2026-06-16 16:00,26.1,,,,2.4,,140,,1.42,
262,∞Ì»Ô,2026-06-16 17:00,26.1,,,,2.3,,160,,2.27,
262,∞Ì»Ô,2026-06-16 18:00,24.9,,,,2.0,,140,,0.76,
262,∞Ì»Ô,2026-06-16 19:00,23.9,,,,2.0,,160,,0.37,
262,∞Ì»Ô,2026-06-16 20:00,23.1,,,,1.4,,90,,0.06,
262,∞Ì»Ô,2026-06-16 21:00,22.9,,,,1.2,,110,,,
262,∞Ì»Ô,2026-06-16 22:00,22.7,,,,1.4,,110,,,
262,∞Ì»Ô,2026-06-16 23:00,22.7,,,,1.6,,140,,,
262,∞Ì»Ô,2026-06-17 00:00,22.8,,,,1.4,,70,,,
262,∞Ì»Ô,2026-06-17 01:00,22.6,,,,0.7,,70,,,
262,∞Ì»Ô,2026-06-17 02:00,22.5,,,,1.1,,110,,,
262,∞Ì»Ô,2026-06-17 03:00,22.1,,,,0.8,,110,,,
262,∞Ì»Ô,2026-06-17 04:00,21.5,,,,1.1,,140,,,
262,∞Ì»Ô,2026-06-17 05:00,20.4,,,,0.7,,110,,,
262,∞Ì»Ô,2026-06-17 06:00,20.9,,,,0.8,,140,,0.03,
262,∞Ì»Ô,2026-06-17 07:00,22.7,,,,1.7,,20,,0.28,
262,∞Ì»Ô,2026-06-17 08:00,24.0,,,,2.5,,50,,0.81,
262,∞Ì»Ô,2026-06-17 09:00,25.0,,,,1.4,,70,,1.22,
262,∞Ì»Ô,2026-06-17 10:00,22.7,,0.0,,1.8,,140,,0.17,
262,∞Ì»Ô,2026-06-17 11:00,22.3,,0.2,,2.2,,180,,0.4,
262,∞Ì»Ô,2026-06-17 12:00,21.1,,2.7,,2.4,,140,,0.68,
262,∞Ì»Ô,2026-06-17 13:00,22.0,,3.3,,2.0,,110,,0.66,
262,∞Ì»Ô,2026-06-17 14:00,24.0,,0.0,,1.8,,180,,1.38,
262,∞Ì»Ô,2026-06-17 15:00,23.5,,,9.0,2.9,,160,,1.32,
262,∞Ì»Ô,2026-06-17 16:00,22.8,,,9.0,2.8,,160,,0.93,
262,∞Ì»Ô,2026-06-17 17:00,22.8,,,9.0,1.7,,140,,0.61,
262,∞Ì»Ô,2026-06-17 18:00,21.9,,0.1,,1.5,,140,,0.31,
262,∞Ì»Ô,2026-06-17 19:00,21.9,,,9.0,2.4,,180,,0.37,
262,∞Ì»Ô,2026-06-17 20:00,21.3,,0.2,,1.8,,160,,0.03,
262,∞Ì»Ô,2026-06-17 21:00,21.4,,,9.0,1.0,,180,,,
262,∞Ì»Ô,2026-06-17 22:00,21.4,,,9.0,1.0,,90,,,
262,∞Ì»Ô,2026-06-17 23:00,21.5,,0.1,,1.1,,180,,,
262,∞Ì»Ô,2026-06-18 00:00,21.7,,,9.0,0.8,,180,,,
262,∞Ì»Ô,2026-06-18 01:00,21.8,,,,0.9,,90,,,
262,∞Ì»Ô,2026-06-18 02:00,21.8,,0.1,,0.7,,340,,,
262,∞Ì»Ô,2026-06-18 03:00,21.8,,0.6,,0.7,,360,,,
262,∞Ì»Ô,2026-06-18 04:00,21.8,,0.1,,0.6,,340,,,
262,∞Ì»Ô,2026-06-18 05:00,21.8,,,9.0,0.5,,360,,,
262,∞Ì»Ô,2026-06-18 06:00,22.0,,,9.0,0.3,,0,,0.02,
262,∞Ì»Ô,2026-06-18 07:00,22.7,,,9.0,1.0,,70,,0.22,
262,∞Ì»Ô,2026-06-18 08:00,23.6,,,9.0,0.8,,360,,0.48,
262,∞Ì»Ô,2026-06-18 09:00,24.5,,,9.0,1.4,,50,,0.82,
262,∞Ì»Ô,2026-06-18 10:00,25.7,,,9.0,2.0,,180,,1.54,
262,∞Ì»Ô,2026-06-18 11:00,28.4,,,9.0,2.0,,110,,2.36,
262,∞Ì»Ô,2026-06-18 12:00,27.9,,,9.0,2.0,,320,,2.49,
262,∞Ì»Ô,2026-06-18 13:00,27.3,,,9.0,2.2,,270,,0.93,
262,∞Ì»Ô,2026-06-18 14:00,27.4,,,9.0,1.9,,110,,1.95,
262,∞Ì»Ô,2026-06-18 15:00,27.4,,,9.0,1.5,,140,,1.05,
262,∞Ì»Ô,2026-06-18 16:00,27.4,,,9.0,1.5,,90,,1.37,
262,∞Ì»Ô,2026-06-18 17:00,27.0,,,9.0,1.9,,110,,1.22,
262,∞Ì»Ô,2026-06-18 18:00,26.1,,,9.0,1.7,,110,,0.84,
262,∞Ì»Ô,2026-06-18 19:00,24.9,,,9.0,1.1,,90,,0.27,
262,∞Ì»Ô,2026-06-18 20:00,23.6,,,9.0,0.8,,110,,0.05,
262,∞Ì»Ô,2026-06-18 21:00,22.7,,,9.0,0.7,,50,,,
262,∞Ì»Ô,2026-06-18 22:00,22.6,,,9.0,0.8,,20,,,
262,∞Ì»Ô,2026-06-18 23:00,22.4,,,9.0,0.8,,70,,,
262,∞Ì»Ô,2026-06-19 00:00,22.0,,,9.0,0.8,,50,,,
262,∞Ì»Ô,2026-06-19 01:00,21.7,,,,0.5,,320,,,
262,∞Ì»Ô,2026-06-19 02:00,21.5,,,,0.6,,50,,,
262,∞Ì»Ô,2026-06-19 03:00,21.3,,,,0.7,,70,,,
262,∞Ì»Ô,2026-06-19 04:00,21.4,,,,1.1,,360,,,
262,∞Ì»Ô,2026-06-19 05:00,21.6,,,,0.5,,140,,,
262,∞Ì»Ô,2026-06-19 06:00,22.1,,,,0.5,,90,,0.01,
262,∞Ì»Ô,2026-06-19 07:00,22.8,,,,0.4,,0,,0.1,
262,∞Ì»Ô,2026-06-19 08:00,23.6,,0.1,,1.2,,20,,0.26,
262,∞Ì»Ô,2026-06-19 09:00,24.2,,,9.0,1.0,,160,,0.42,
262,∞Ì»Ô,2026-06-19 10:00,25.0,,0.0,,1.2,,140,,0.75,
262,∞Ì»Ô,2026-06-19 11:00,25.2,,,9.0,1.8,,140,,1.01,
262,∞Ì»Ô,2026-06-19 12:00,24.6,,0.0,,1.4,,110,,0.55,
262,∞Ì»Ô,2026-06-19 13:00,24.5,,0.0,,1.9,,140,,0.59,
262,∞Ì»Ô,2026-06-19 14:00,24.3,,0.0,,1.7,,140,,0.43,
262,∞Ì»Ô,2026-06-19 15:00,24.2,,0.1,,1.8,,160,,0.46,
262,∞Ì»Ô,2026-06-19 16:00,24.3,,,9.0,1.7,,110,,0.48,
262,∞Ì»Ô,2026-06-19 17:00,23.7,,,9.0,1.9,,140,,0.21,
262,∞Ì»Ô,2026-06-19 18:00,23.3,,0.1,,1.1,,160,,0.15,
262,∞Ì»Ô,2026-06-19 19:00,22.9,,3.9,,1.2,,110,,0.07,
262,∞Ì»Ô,2026-06-19 20:00,22.3,,0.0,,2.0,,70,,0.01,
262,∞Ì»Ô,2026-06-19 21:00,22.0,,0.8,,1.2,,110,,,
262,∞Ì»Ô,2026-06-19 22:00,22.3,,0.7,,2.1,,160,,,
262,∞Ì»Ô,2026-06-19 23:00,22.5,,1.8,,1.6,,180,,,
262,∞Ì»Ô,2026-06-20 00:00,23.0,,1.9,,1.4,,110,,,
262,∞Ì»Ô,2026-06-20 01:00,23.8,,4.6,,3.5,,180,,,
262,∞Ì»Ô,2026-06-20 02:00,23.9,,5.6,,4.4,,200,,,
262,∞Ì»Ô,2026-06-20 03:00,23.6,,3.6,,3.9,,200,,,
262,∞Ì»Ô,2026-06-20 04:00,23.3,,13.0,,4.1,,180,,,
262,∞Ì»Ô,2026-06-20 05:00,23.8,,7.0,,3.4,,200,,,
262,∞Ì»Ô,2026-06-20 06:00,23.7,,1.4,,3.0,,200,,0.0,
262,∞Ì»Ô,2026-06-20 07:00,23.9,,,9.0,4.8,,200,,0.04,
262,∞Ì»Ô,2026-06-20 08:00,23.9,,,9.0,4.8,,200,,0.05,
262,∞Ì»Ô,2026-06-20 09:00,24.0,,,9.0,3.7,,200,,0.24,
262,∞Ì»Ô,2026-06-20 10:00,25.3,,,9.0,3.5,,230,,1.59,
262,∞Ì»Ô,2026-06-20 11:00,23.6,,,9.0,3.9,,200,,1.23,
262,∞Ì»Ô,2026-06-20 12:00,25.3,,,9.0,4.7,,200,,1.73,
262,∞Ì»Ô,2026-06-20 13:00,24.0,,,9.0,2.7,,230,,0.97,
262,∞Ì»Ô,2026-06-20 14:00,24.1,,,9.0,1.6,,140,,0.38,
262,∞Ì»Ô,2026-06-20 15:00,24.3,,,9.0,4.3,,230,,0.46,
262,∞Ì»Ô,2026-06-20 16:00,24.0,,,9.0,3.4,,250,,0.4,
262,∞Ì»Ô,2026-06-20 17:00,23.6,,,9.0,3.3,,180,,0.21,
262,∞Ì»Ô,2026-06-20 18:00,23.6,,,9.0,2.6,,160,,0.19,
262,∞Ì»Ô,2026-06-20 19:00,23.3,,,9.0,2.5,,140,,0.08,
262,∞Ì»Ô,2026-06-20 20:00,22.7,,,9.0,2.9,,290,,0.01,
262,∞Ì»Ô,2026-06-20 21:00,22.5,,,9.0,1.7,,110,,,
262,∞Ì»Ô,2026-06-20 22:00,22.6,,,9.0,2.5,,290,,,
262,∞Ì»Ô,2026-06-20 23:00,22.4,,,9.0,1.5,,20,,,
262,∞Ì»Ô,2026-06-21 00:00,22.3,,,9.0,1.2,,270,,,
262,∞Ì»Ô,2026-06-21 01:00,22.3,,,,2.0,,20,,,
262,∞Ì»Ô,2026-06-21 02:00,22.2,,,,2.0,,90,,,
262,∞Ì»Ô,2026-06-21 03:00,22.1,,,,1.7,,50,,,
262,∞Ì»Ô,2026-06-21 04:00,22.1,,,,3.0,,290,,,
262,∞Ì»Ô,2026-06-21 05:00,22.0,,,,2.2,,320,,,
262,∞Ì»Ô,2026-06-21 06:00,21.9,,,,1.9,,340,,0.04,
262,∞Ì»Ô,2026-06-21 07:00,22.3,,,,2.4,,320,,0.21,
262,∞Ì»Ô,2026-06-21 08:00,22.9,,,,2.0,,340,,0.58,
262,∞Ì»Ô,2026-06-21 09:00,23.2,,,,2.9,,290,,0.97,
262,∞Ì»Ô,2026-06-21 10:00,23.6,,,,2.1,,270,,0.83,
262,∞Ì»Ô,2026-06-21 11:00,25.0,,,,1.7,,270,,1.34,
262,∞Ì»Ô,2026-06-21 12:00,26.4,,,,2.4,,320,,3.05,
262,∞Ì»Ô,2026-06-21 13:00,27.9,,,,1.6,,200,,2.4,
262,∞Ì»Ô,2026-06-21 14:00,27.2,,,,1.7,,270,,1.68,
262,∞Ì»Ô,2026-06-21 15:00,26.0,,,,1.8,,200,,0.9,
262,∞Ì»Ô,2026-06-21 16:00,26.6,,,,2.5,,200,,0.96,
262,∞Ì»Ô,2026-06-21 17:00,26.0,,,,2.1,,200,,0.86,
262,∞Ì»Ô,2026-06-21 18:00,25.0,,,,2.7,,180,,0.48,
262,∞Ì»Ô,2026-06-21 19:00,23.4,,,,2.0,,160,,0.3,
262,∞Ì»Ô,2026-06-21 20:00,22.7,,,,1.6,,160,,0.04,
262,∞Ì»Ô,2026-06-21 21:00,22.0,,,,1.0,,110,,,
262,∞Ì»Ô,2026-06-21 22:00,21.8,,,,1.3,,140,,,
262,∞Ì»Ô,2026-06-21 23:00,21.9,,,,1.0,,110,,,
262,∞Ì»Ô,2026-06-22 00:00,21.8,,,,1.4,,160,,,
262,∞Ì»Ô,2026-06-22 01:00,21.5,,,,1.3,,180,,,
262,∞Ì»Ô,2026-06-22 02:00,21.4,,,,1.0,,140,,,
262,∞Ì»Ô,2026-06-22 03:00,21.4,,,,1.1,,180,,,
262,∞Ì»Ô,2026-06-22 04:00,21.3,,,,1.0,,160,,,
262,∞Ì»Ô,2026-06-22 05:00,21.1,,0.0,,1.9,,160,,,
262,∞Ì»Ô,2026-06-22 06:00,20.9,,0.0,,1.4,,180,,0.01,
262,∞Ì»Ô,2026-06-22 07:00,20.3,,2.0,,1.8,,180,,0.04,
262,∞Ì»Ô,2026-06-22 08:00,19.8,,0.6,,1.6,,180,,0.15,
262,∞Ì»Ô,2026-06-22 09:00,20.6,,0.4,,1.5,,160,,0.52,
262,∞Ì»Ô,2026-06-22 10:00,20.4,,0.0,,0.9,,140,,0.45,
262,∞Ì»Ô,2026-06-22 11:00,20.3,,0.4,,2.4,,140,,0.49,
262,∞Ì»Ô,2026-06-22 12:00,20.2,,0.4,,1.4,,110,,0.31,
262,∞Ì»Ô,2026-06-22 13:00,20.1,,0.8,,1.6,,160,,0.32,
262,∞Ì»Ô,2026-06-22 14:00,19.8,,0.9,,1.4,,160,,0.26,
262,∞Ì»Ô,2026-06-22 15:00,19.6,,2.1,,1.5,,180,,0.34,
262,∞Ì»Ô,2026-06-22 16:00,19.7,,2.2,,1.5,,140,,0.34,
262,∞Ì»Ô,2026-06-22 17:00,19.8,,0.4,,2.4,,160,,0.54,
262,∞Ì»Ô,2026-06-22 18:00,19.6,,,9.0,1.5,,110,,0.37,
262,∞Ì»Ô,2026-06-22 19:00,19.4,,,9.0,0.8,,180,,0.12,
262,∞Ì»Ô,2026-06-22 20:00,19.1,,,9.0,1.3,,90,,0.01,
262,∞Ì»Ô,2026-06-22 21:00,18.9,,,9.0,1.3,,110,,,
262,∞Ì»Ô,2026-06-22 22:00,18.6,,,9.0,1.2,,90,,,
262,∞Ì»Ô,2026-06-22 23:00,19.1,,,9.0,2.1,,50,,,
262,∞Ì»Ô,2026-06-23 00:00,18.7,,,9.0,0.9,,70,,,
262,∞Ì»Ô,2026-06-23 01:00,19.1,,,,1.9,,50,,,
262,∞Ì»Ô,2026-06-23 02:00,19.2,,,,2.2,,50,,,
262,∞Ì»Ô,2026-06-23 03:00,19.2,,,,2.2,,50,,,
262,∞Ì»Ô,2026-06-23 04:00,19.3,,,,1.1,,50,,,
262,∞Ì»Ô,2026-06-23 05:00,18.9,,,,1.1,,50,,,
262,∞Ì»Ô,2026-06-23 06:00,19.7,,,,1.7,,90,,0.01,
262,∞Ì»Ô,2026-06-23 07:00,19.9,,,,2.1,,70,,0.1,
262,∞Ì»Ô,2026-06-23 08:00,20.5,,0.0,,2.9,,70,,0.24,
262,∞Ì»Ô,2026-06-23 09:00,20.6,,,9.0,2.4,,90,,0.41,
262,∞Ì»Ô,2026-06-23 10:00,21.7,,0.0,,2.4,,70,,0.63,
262,∞Ì»Ô,2026-06-23 11:00,21.1,,,9.0,2.8,,70,,0.73,
262,∞Ì»Ô,2026-06-23 12:00,22.1,,,9.0,2.5,,70,,0.99,
262,∞Ì»Ô,2026-06-23 13:00,22.5,,,9.0,4.9,,90,,1.4,
262,∞Ì»Ô,2026-06-23 14:00,22.9,,,9.0,4.5,,70,,1.43,
262,∞Ì»Ô,2026-06-23 15:00,23.0,,,9.0,5.7,,90,,1.55,
262,∞Ì»Ô,2026-06-23 16:00,23.3,,,9.0,3.9,,70,,1.37,
262,∞Ì»Ô,2026-06-23 17:00,23.0,,,9.0,5.0,,70,,1.17,
262,∞Ì»Ô,2026-06-23 18:00,22.5,,,9.0,3.0,,90,,0.45,
262,∞Ì»Ô,2026-06-23 19:00,22.1,,,9.0,3.3,,70,,0.21,
262,∞Ì»Ô,2026-06-23 20:00,21.8,,,9.0,3.6,,70,,0.03,
262,∞Ì»Ô,2026-06-23 21:00,21.8,,,9.0,3.7,,90,,,
262,∞Ì»Ô,2026-06-23 22:00,21.5,,,9.0,4.4,,70,,,
262,∞Ì»Ô,2026-06-23 23:00,21.0,,,9.0,2.5,,110,,,
262,∞Ì»Ô,2026-06-24 00:00,20.9,,,9.0,2.4,,70,,,
262,∞Ì»Ô,2026-06-24 01:00,20.8,,,,3.4,,70,,,
262,∞Ì»Ô,2026-06-24 02:00,20.4,,,,2.5,,70,,,
262,∞Ì»Ô,2026-06-24 03:00,20.4,,,,3.6,,70,,,
262,∞Ì»Ô,2026-06-24 04:00,20.0,,,,3.9,,70,,,
262,∞Ì»Ô,2026-06-24 05:00,19.7,,,,3.8,,70,,,
262,∞Ì»Ô,2026-06-24 06:00,19.8,,,,3.7,,70,,0.02,
262,∞Ì»Ô,2026-06-24 07:00,20.4,,,,3.1,,50,,0.19,
262,∞Ì»Ô,2026-06-24 08:00,22.6,,,,2.7,,70,,1.03,
262,∞Ì»Ô,2026-06-24 09:00,23.4,,,,3.7,,50,,1.25,
262,∞Ì»Ô,2026-06-24 10:00,23.5,,,,2.1,,70,,1.66,
262,∞Ì»Ô,2026-06-24 11:00,23.8,,,,2.7,,50,,1.27,
262,∞Ì»Ô,2026-06-24 12:00,23.8,,,,1.8,,50,,1.03,
262,∞Ì»Ô,2026-06-24 13:00,24.3,,,,3.2,,70,,1.16,
262,∞Ì»Ô,2026-06-24 14:00,23.3,,,,3.1,,90,,0.99,
262,∞Ì»Ô,2026-06-24 15:00,23.7,,,,2.1,,50,,0.88,
262,∞Ì»Ô,2026-06-24 16:00,22.6,,,,1.6,,70,,0.4,
262,∞Ì»Ô,2026-06-24 17:00,21.1,,0.0,,2.7,,90,,0.15,
262,∞Ì»Ô,2026-06-24 18:00,21.8,,,9.0,2.5,,90,,0.27,
262,∞Ì»Ô,2026-06-24 19:00,21.9,,0.0,,1.8,,50,,0.17,
262,∞Ì»Ô,2026-06-24 20:00,21.7,,,9.0,1.4,,50,,0.03,
262,∞Ì»Ô,2026-06-24 21:00,21.6,,,9.0,2.0,,70,,,
262,∞Ì»Ô,2026-06-24 22:00,21.4,,,9.0,3.7,,50,,,
262,∞Ì»Ô,2026-06-24 23:00,21.0,,,9.0,3.4,,50,,,
262,∞Ì»Ô,2026-06-25 00:00,20.5,,,9.0,3.0,,70,,,
262,∞Ì»Ô,2026-06-25 01:00,20.4,,,,2.4,,50,,,
262,∞Ì»Ô,2026-06-25 02:00,20.3,,,,2.4,,70,,,
262,∞Ì»Ô,2026-06-25 03:00,20.4,,,,2.1,,50,,,
262,∞Ì»Ô,2026-06-25 04:00,20.4,,,,0.9,,70,,,
262,∞Ì»Ô,2026-06-25 05:00,20.6,,,,1.1,,20,,,
262,∞Ì»Ô,2026-06-25 06:00,20.8,,,,1.4,,20,,0.01,
262,∞Ì»Ô,2026-06-25 07:00,21.2,,0.0,,0.3,,0,,0.2,
262,∞Ì»Ô,2026-06-25 08:00,23.2,,,9.0,2.1,,70,,0.71,
262,∞Ì»Ô,2026-06-25 09:00,24.6,,,9.0,1.5,,20,,1.42,
262,∞Ì»Ô,2026-06-25 10:00,25.4,,,9.0,1.4,,360,,1.44,
262,∞Ì»Ô,2026-06-25 11:00,25.1,,,9.0,1.1,,20,,1.19,
262,∞Ì»Ô,2026-06-25 12:00,27.1,,,9.0,1.3,,360,,1.56,
262,∞Ì»Ô,2026-06-25 13:00,27.1,,,9.0,2.5,,290,,2.04,
262,∞Ì»Ô,2026-06-25 14:00,29.1,,,9.0,1.4,,230,,2.81,
262,∞Ì»Ô,2026-06-25 15:00,29.0,,,9.0,3.2,,320,,1.83,
262,∞Ì»Ô,2026-06-25 16:00,27.9,,,9.0,1.9,,250,,1.47,
262,∞Ì»Ô,2026-06-25 17:00,25.1,,,9.0,1.8,,230,,0.49,
262,∞Ì»Ô,2026-06-25 18:00,24.4,,,9.0,1.0,,200,,0.22,
262,∞Ì»Ô,2026-06-25 19:00,23.9,,,9.0,0.9,,230,,0.08,
262,∞Ì»Ô,2026-06-25 20:00,23.7,,,9.0,2.5,,270,,0.04,
262,∞Ì»Ô,2026-06-25 21:00,22.3,,,9.0,1.0,,50,,,
262,∞Ì»Ô,2026-06-25 22:00,21.5,,,9.0,1.2,,250,,,
262,∞Ì»Ô,2026-06-25 23:00,20.7,,,9.0,0.7,,50,,,
262,∞Ì»Ô,2026-06-26 00:00,19.4,,,9.0,0.9,,50,,,
262,∞Ì»Ô,2026-06-26 01:00,18.8,,,,0.7,,160,,,
262,∞Ì»Ô,2026-06-26 02:00,18.0,,,,0.7,,50,,,
262,∞Ì»Ô,2026-06-26 03:00,17.7,,,,1.0,,20,,,
262,∞Ì»Ô,2026-06-26 04:00,17.1,,,,0.6,,70,,,
262,∞Ì»Ô,2026-06-26 05:00,16.8,,,,0.7,,70,,,
262,∞Ì»Ô,2026-06-26 06:00,16.6,,,,1.0,,50,,0.04,
262,∞Ì»Ô,2026-06-26 07:00,20.2,,,,1.5,,360,,0.46,
262,∞Ì»Ô,2026-06-26 08:00,22.5,,,,1.9,,360,,1.32,
262,∞Ì»Ô,2026-06-26 09:00,23.7,,,,2.8,,320,,2.05,
262,∞Ì»Ô,2026-06-26 10:00,26.4,,,,1.4,,320,,2.24,
262,∞Ì»Ô,2026-06-26 11:00,27.2,,,,1.6,,230,,2.64,
262,∞Ì»Ô,2026-06-26 12:00,28.4,,,,1.8,,90,,2.92,
262,∞Ì»Ô,2026-06-26 13:00,28.0,,,,2.1,,250,,2.18,
262,∞Ì»Ô,2026-06-26 14:00,28.1,,,,1.2,,20,,1.4,
262,∞Ì»Ô,2026-06-26 15:00,27.4,,,,1.5,,140,,1.79,
262,∞Ì»Ô,2026-06-26 16:00,27.0,,,,2.1,,110,,1.53,
262,∞Ì»Ô,2026-06-26 17:00,28.5,,,,2.3,,180,,2.06,
262,∞Ì»Ô,2026-06-26 18:00,26.0,,,,2.3,,160,,0.85,
262,∞Ì»Ô,2026-06-26 19:00,24.3,,,,2.0,,110,,0.56,
262,∞Ì»Ô,2026-06-26 20:00,22.6,,,,1.0,,160,,0.05,
262,∞Ì»Ô,2026-06-26 21:00,21.6,,,,1.0,,110,,,
262,∞Ì»Ô,2026-06-26 22:00,21.6,,,,1.2,,90,,,
262,∞Ì»Ô,2026-06-26 23:00,21.3,,,,0.9,,110,,,
262,∞Ì»Ô,2026-06-27 00:00,20.6,,,,0.6,,20,,,
262,∞Ì»Ô,2026-06-27 01:00,19.9,,,,0.9,,140,,,
262,∞Ì»Ô,2026-06-27 02:00,19.9,,,,0.8,,50,,,
262,∞Ì»Ô,2026-06-27 03:00,19.3,,,,0.8,,360,,,
262,∞Ì»Ô,2026-06-27 04:00,18.7,,,,0.5,,70,,,
262,∞Ì»Ô,2026-06-27 05:00,18.5,,,,0.6,,180,,,
262,∞Ì»Ô,2026-06-27 06:00,18.4,,,,0.2,,0,,0.04,
262,∞Ì»Ô,2026-06-27 07:00,20.0,,,,0.7,,320,,0.31,
262,∞Ì»Ô,2026-06-27 08:00,21.9,,,,0.9,,160,,0.57,
262,∞Ì»Ô,2026-06-27 09:00,22.9,,,,1.9,,320,,0.82,
262,∞Ì»Ô,2026-06-27 10:00,23.7,,,,1.5,,160,,0.89,
262,∞Ì»Ô,2026-06-27 11:00,24.8,,,,1.0,,200,,1.25,
262,∞Ì»Ô,2026-06-27 12:00,26.4,,,,1.3,,230,,1.62,
262,∞Ì»Ô,2026-06-27 13:00,26.7,,,,2.2,,290,,2.31,
262,∞Ì»Ô,2026-06-27 14:00,29.0,,,,1.7,,320,,2.5,
262,∞Ì»Ô,2026-06-27 15:00,29.9,,,,3.0,,320,,2.8,
262,∞Ì»Ô,2026-06-27 16:00,27.9,,,,2.1,,160,,1.79,
262,∞Ì»Ô,2026-06-27 17:00,26.3,,,,2.4,,160,,1.95,
262,∞Ì»Ô,2026-06-27 18:00,25.1,,,,2.1,,160,,1.49,
262,∞Ì»Ô,2026-06-27 19:00,23.9,,,,1.7,,110,,0.59,
262,∞Ì»Ô,2026-06-27 20:00,22.3,,,,1.7,,90,,0.06,
262,∞Ì»Ô,2026-06-27 21:00,21.2,,,,1.1,,70,,,
262,∞Ì»Ô,2026-06-27 22:00,20.9,,,,1.7,,90,,,
262,∞Ì»Ô,2026-06-27 23:00,19.9,,,,1.2,,90,,,
262,∞Ì»Ô,2026-06-28 00:00,19.3,,,,0.8,,320,,,
262,∞Ì»Ô,2026-06-28 01:00,19.0,,,,0.4,,0,,,
262,∞Ì»Ô,2026-06-28 02:00,19.2,,,,0.3,,0,,,
262,∞Ì»Ô,2026-06-28 03:00,19.7,,,,0.4,,0,,,
262,∞Ì»Ô,2026-06-28 04:00,19.0,,,,0.4,,0,,,
262,∞Ì»Ô,2026-06-28 05:00,18.9,,,,0.7,,160,,,
262,∞Ì»Ô,2026-06-28 06:00,19.3,,,,0.3,,0,,0.04,
262,∞Ì»Ô,2026-06-28 07:00,20.6,,,,0.3,,0,,0.43,
262,∞Ì»Ô,2026-06-28 08:00,22.4,,,9.0,1.8,,250,,0.92,
262,∞Ì»Ô,2026-06-28 09:00,23.5,,,,1.9,,230,,1.47,
262,∞Ì»Ô,2026-06-28 10:00,26.7,,,,0.7,,250,,2.26,
262,∞Ì»Ô,2026-06-28 11:00,27.4,,,,2.4,,270,,2.58,
262,∞Ì»Ô,2026-06-28 12:00,27.4,,,,1.9,,270,,2.23,
262,∞Ì»Ô,2026-06-28 13:00,28.7,,,,1.5,,270,,2.11,
262,∞Ì»Ô,2026-06-28 14:00,28.1,,,,2.1,,180,,1.84,
262,∞Ì»Ô,2026-06-28 15:00,27.3,,,,2.2,,140,,1.54,
262,∞Ì»Ô,2026-06-28 16:00,28.5,,,,2.0,,180,,2.21,
262,∞Ì»Ô,2026-06-28 17:00,27.7,,,,1.7,,200,,1.93,
262,∞Ì»Ô,2026-06-28 18:00,26.5,,,,2.0,,160,,1.45,
262,∞Ì»Ô,2026-06-28 19:00,24.1,,,,2.2,,230,,0.37,
262,∞Ì»Ô,2026-06-28 20:00,22.9,,,,2.5,,230,,0.06,
262,∞Ì»Ô,2026-06-28 21:00,21.2,,,,0.7,,50,,,
262,∞Ì»Ô,2026-06-28 22:00,20.5,,,,0.9,,70,,,
262,∞Ì»Ô,2026-06-28 23:00,19.8,,,,0.7,,50,,,
262,∞Ì»Ô,2026-06-29 00:00,19.8,,,,0.8,,340,,,
262,∞Ì»Ô,2026-06-29 01:00,19.8,,,,0.9,,50,,,
262,∞Ì»Ô,2026-06-29 02:00,19.5,,,,0.7,,360,,,
262,∞Ì»Ô,2026-06-29 03:00,18.7,,,,0.5,,20,,,
262,∞Ì»Ô,2026-06-29 04:00,18.3,,,,0.4,,0,,,
262,∞Ì»Ô,2026-06-29 05:00,18.0,,,,0.7,,340,,,
262,∞Ì»Ô,2026-06-29 06:00,18.0,,,,0.3,,0,,0.05,
262,∞Ì»Ô,2026-06-29 07:00,19.9,,,,0.2,,0,,0.4,
262,∞Ì»Ô,2026-06-29 08:00,22.7,,,,0.8,,140,,1.0,
262,∞Ì»Ô,2026-06-29 09:00,25.1,,,,1.3,,160,,1.42,
262,∞Ì»Ô,2026-06-29 10:00,25.6,,,,1.7,,110,,1.8,
262,∞Ì»Ô,2026-06-29 11:00,26.3,,,,0.8,,70,,1.25,
262,∞Ì»Ô,2026-06-29 12:00,28.8,,,,0.8,,50,,2.34,
262,∞Ì»Ô,2026-06-29 13:00,27.6,,,,1.4,,200,,1.97,
262,∞Ì»Ô,2026-06-29 14:00,28.3,,,,1.8,,140,,1.95,
262,∞Ì»Ô,2026-06-29 15:00,27.9,,,,2.6,,180,,1.91,
262,∞Ì»Ô,2026-06-29 16:00,27.4,,,,2.1,,160,,1.83,
262,∞Ì»Ô,2026-06-29 17:00,27.0,,,,1.8,,160,,1.64,
262,∞Ì»Ô,2026-06-29 18:00,25.5,,,,1.7,,140,,1.06,
262,∞Ì»Ô,2026-06-29 19:00,24.4,,,,1.5,,110,,0.35,
262,∞Ì»Ô,2026-06-29 20:00,22.8,,,,1.0,,70,,0.06,
262,∞Ì»Ô,2026-06-29 21:00,21.5,,,,0.7,,20,,,
262,∞Ì»Ô,2026-06-29 22:00,20.5,,,,1.0,,50,,,
262,∞Ì»Ô,2026-06-29 23:00,20.0,,,,0.8,,20,,,
262,∞Ì»Ô,2026-06-30 00:00,19.8,,,,0.8,,20,,,
262,∞Ì»Ô,2026-06-30 01:00,19.9,,,,0.5,,340,,,
262,∞Ì»Ô,2026-06-30 02:00,19.5,,,,0.7,,50,,,
262,∞Ì»Ô,2026-06-30 03:00,19.0,,,,1.0,,50,,,
262,∞Ì»Ô,2026-06-30 04:00,18.7,,,,0.2,,0,,,
262,∞Ì»Ô,2026-06-30 05:00,18.1,,,,0.3,,0,,,
262,∞Ì»Ô,2026-06-30 06:00,17.9,,,,0.4,,0,,0.05,
262,∞Ì»Ô,2026-06-30 07:00,20.0,,,,0.4,,0,,0.41,
262,∞Ì»Ô,2026-06-30 08:00,23.1,,,,1.4,,180,,1.17,
262,∞Ì»Ô,2026-06-30 09:00,23.8,,,,2.1,,180,,1.38,
262,∞Ì»Ô,2026-06-30 10:00,25.2,,,,3.1,,180,,1.84,
262,∞Ì»Ô,2026-06-30 11:00,26.0,,,,2.9,,180,,2.0,
262,∞Ì»Ô,2026-06-30 12:00,26.3,,,,1.8,,160,,2.33,
262,∞Ì»Ô,2026-06-30 13:00,26.3,,,,2.6,,180,,2.07,
262,∞Ì»Ô,2026-06-30 14:00,26.4,,,,1.6,,110,,2.05,
262,∞Ì»Ô,2026-06-30 15:00,26.7,,,,2.3,,160,,2.01,
262,∞Ì»Ô,2026-06-30 16:00,25.9,,,,2.0,,160,,1.79,
262,∞Ì»Ô,2026-06-30 17:00,24.9,,,,2.0,,110,,1.41,
262,∞Ì»Ô,2026-06-30 18:00,24.5,,,,1.3,,140,,0.76,
262,∞Ì»Ô,2026-06-30 19:00,23.6,,,,1.8,,90,,0.48,
262,∞Ì»Ô,2026-06-30 20:00,22.5,,,,0.7,,160,,0.07,
262,∞Ì»Ô,2026-06-30 21:00,21.5,,,,0.5,,270,,,
262,∞Ì»Ô,2026-06-30 22:00,21.8,,,,1.1,,90,,,
262,∞Ì»Ô,2026-06-30 23:00,22.0,,,,0.6,,360,,,
262,∞Ì»Ô,2026-07-01 00:00,21.9,,0.0,,0.9,,140,,,
262,∞Ì»Ô,2026-07-01 01:00,22.1,,,,0.9,,160,,,
262,∞Ì»Ô,2026-07-01 02:00,22.0,,0.1,,0.9,,140,,,
262,∞Ì»Ô,2026-07-01 03:00,21.3,,3.9,,0.8,,70,,,
262,∞Ì»Ô,2026-07-01 04:00,20.2,,5.1,,1.8,,50,,,
262,∞Ì»Ô,2026-07-01 05:00,20.1,,5.4,,3.1,,50,,,
262,∞Ì»Ô,2026-07-01 06:00,19.5,,12.2,,4.1,,50,,0.01,
262,∞Ì»Ô,2026-07-01 07:00,19.5,,11.5,,2.7,,20,,0.01,
262,∞Ì»Ô,2026-07-01 08:00,18.9,,14.4,,3.8,,50,,0.1,
262,∞Ì»Ô,2026-07-01 09:00,19.6,,0.7,,3.8,,50,,0.53,
262,∞Ì»Ô,2026-07-01 10:00,19.8,,,9.0,3.9,,50,,1.0,
262,∞Ì»Ô,2026-07-01 11:00,20.3,,0.0,,2.6,,50,,0.73,
262,∞Ì»Ô,2026-07-01 12:00,20.5,,0.1,,1.9,,50,,0.55,
262,∞Ì»Ô,2026-07-01 13:00,20.3,,0.6,,2.3,,50,,0.55,
262,∞Ì»Ô,2026-07-01 14:00,21.0,,0.4,,0.8,,70,,0.6,
262,∞Ì»Ô,2026-07-01 15:00,22.1,,0.1,,1.5,,180,,0.84,
262,∞Ì»Ô,2026-07-01 16:00,22.9,,,9.0,2.1,,50,,0.84,
262,∞Ì»Ô,2026-07-01 17:00,22.7,,,9.0,1.2,,50,,0.58,
262,∞Ì»Ô,2026-07-01 18:00,22.2,,,9.0,0.9,,90,,0.28,
262,∞Ì»Ô,2026-07-01 19:00,21.9,,,9.0,1.2,,50,,0.18,
262,∞Ì»Ô,2026-07-01 20:00,21.6,,,9.0,0.8,,140,,0.06,
262,∞Ì»Ô,2026-07-01 21:00,21.1,,,9.0,1.0,,90,,,
262,∞Ì»Ô,2026-07-01 22:00,21.0,,,9.0,0.5,,70,,,
262,∞Ì»Ô,2026-07-01 23:00,21.1,,,9.0,1.5,,50,,,
262,∞Ì»Ô,2026-07-02 00:00,20.8,,,9.0,0.5,,90,,,
262,∞Ì»Ô,2026-07-02 01:00,20.7,,,,0.4,,0,,,
262,∞Ì»Ô,2026-07-02 02:00,20.6,,,,0.4,,0,,,
262,∞Ì»Ô,2026-07-02 03:00,20.5,,,,0.2,,0,,,
262,∞Ì»Ô,2026-07-02 04:00,20.2,,,,0.6,,180,,,
262,∞Ì»Ô,2026-07-02 05:00,20.2,,,,0.7,,180,,,
262,∞Ì»Ô,2026-07-02 06:00,20.4,,,,0.4,,0,,0.02,
262,∞Ì»Ô,2026-07-02 07:00,21.2,,,,0.5,,90,,0.17,
262,∞Ì»Ô,2026-07-02 08:00,22.7,,,,0.9,,320,,0.57,
262,∞Ì»Ô,2026-07-02 09:00,24.2,,,,0.8,,320,,1.11,
262,∞Ì»Ô,2026-07-02 10:00,24.5,,,,0.7,,340,,0.98,
262,∞Ì»Ô,2026-07-02 11:00,24.6,,,,0.8,,340,,0.89,
262,∞Ì»Ô,2026-07-02 12:00,24.6,,,,1.1,,180,,0.63,
262,∞Ì»Ô,2026-07-02 13:00,25.2,,,,1.3,,90,,1.38,
262,∞Ì»Ô,2026-07-02 14:00,25.3,,,,1.3,,110,,1.12,
262,∞Ì»Ô,2026-07-02 15:00,26.4,,,,1.9,,160,,2.05,
262,∞Ì»Ô,2026-07-02 16:00,26.7,,,,1.8,,90,,1.09,
262,∞Ì»Ô,2026-07-02 17:00,26.7,,,,3.0,,230,,1.55,
262,∞Ì»Ô,2026-07-02 18:00,25.7,,,,2.8,,230,,1.41,
262,∞Ì»Ô,2026-07-02 19:00,24.5,,,,2.1,,230,,0.55,
262,∞Ì»Ô,2026-07-02 20:00,22.4,,,,1.1,,20,,0.06,
262,∞Ì»Ô,2026-07-02 21:00,20.9,,,,0.4,,0,,,
262,∞Ì»Ô,2026-07-02 22:00,20.1,,,,0.4,,0,,,
262,∞Ì»Ô,2026-07-02 23:00,19.7,,,,0.3,,0,,,
262,∞Ì»Ô,2026-07-03 00:00,19.3,,,,0.4,,0,,,
262,∞Ì»Ô,2026-07-03 01:00,18.9,,,,0.4,,0,,,
262,∞Ì»Ô,2026-07-03 02:00,19.2,,,,0.2,,0,,,
262,∞Ì»Ô,2026-07-03 03:00,19.9,,,,0.3,,0,,,
262,∞Ì»Ô,2026-07-03 04:00,20.3,,,,0.2,,0,,,
262,∞Ì»Ô,2026-07-03 05:00,20.5,,,,0.3,,0,,,
262,∞Ì»Ô,2026-07-03 06:00,20.6,,,,0.3,,0,,0.02,
262,∞Ì»Ô,2026-07-03 07:00,21.4,,,,0.2,,0,,0.18,
262,∞Ì»Ô,2026-07-03 08:00,23.5,,,,0.7,,250,,0.73,
262,∞Ì»Ô,2026-07-03 09:00,25.1,,,,0.9,,160,,1.17,
262,∞Ì»Ô,2026-07-03 10:00,24.7,,,,1.4,,140,,1.03,
262,∞Ì»Ô,2026-07-03 11:00,24.8,,,,1.2,,110,,0.93,
262,∞Ì»Ô,2026-07-03 12:00,25.0,,,,1.3,,70,,0.56,
262,∞Ì»Ô,2026-07-03 13:00,25.5,,,,1.9,,200,,0.91,
262,∞Ì»Ô,2026-07-03 14:00,24.8,,,,2.1,,180,,0.81,
262,∞Ì»Ô,2026-07-03 15:00,24.7,,,,1.5,,160,,0.57,
262,∞Ì»Ô,2026-07-03 16:00,23.9,,,,2.0,,90,,0.38,
262,∞Ì»Ô,2026-07-03 17:00,23.8,,,,1.5,,180,,0.31,
262,∞Ì»Ô,2026-07-03 18:00,23.7,,,,1.4,,160,,0.26,
262,∞Ì»Ô,2026-07-03 19:00,23.7,,,,0.8,,160,,0.16,
262,∞Ì»Ô,2026-07-03 20:00,23.0,,,,1.0,,90,,0.05,
262,∞Ì»Ô,2026-07-03 21:00,22.8,,,,1.1,,160,,,
262,∞Ì»Ô,2026-07-03 22:00,22.7,,0.0,,0.7,,110,,,
262,∞Ì»Ô,2026-07-03 23:00,22.6,,0.3,,0.6,,90,,,
262,∞Ì»Ô,2026-07-04 00:00,22.5,,0.0,,0.5,,290,,,
262,∞Ì»Ô,2026-07-04 01:00,22.2,,0.0,,1.5,,200,,,
262,∞Ì»Ô,2026-07-04 02:00,21.5,,0.9,,1.0,,110,,,
262,∞Ì»Ô,2026-07-04 03:00,21.2,,1.2,,0.8,,180,,,
262,∞Ì»Ô,2026-07-04 04:00,21.1,,5.5,,1.0,,110,,,
262,∞Ì»Ô,2026-07-04 05:00,21.0,,2.7,,1.1,,140,,,
262,∞Ì»Ô,2026-07-04 06:00,21.0,,2.8,,0.7,,180,,0.01,
262,∞Ì»Ô,2026-07-04 07:00,21.1,,1.8,,0.4,,0,,0.09,
262,∞Ì»Ô,2026-07-04 08:00,21.6,,0.3,,0.7,,160,,0.22,
262,∞Ì»Ô,2026-07-04 09:00,22.5,,,9.0,0.9,,160,,0.49,
262,∞Ì»Ô,2026-07-04 10:00,23.3,,,9.0,1.6,,160,,0.97,
262,∞Ì»Ô,2026-07-04 11:00,24.4,,,9.0,1.4,,110,,1.04,
262,∞Ì»Ô,2026-07-04 12:00,26.3,,,9.0,1.5,,110,,1.85,
262,∞Ì»Ô,2026-07-04 13:00,26.7,,,9.0,1.7,,110,,2.88,
262,∞Ì»Ô,2026-07-04 14:00,26.0,,,9.0,1.2,,110,,0.89,
262,∞Ì»Ô,2026-07-04 15:00,26.2,,,9.0,1.4,,320,,0.74,
262,∞Ì»Ô,2026-07-04 16:00,26.2,,,9.0,1.3,,320,,0.76,
262,∞Ì»Ô,2026-07-04 17:00,25.0,,,9.0,1.7,,200,,0.44,
262,∞Ì»Ô,2026-07-04 18:00,24.3,,0.0,,1.7,,230,,0.25,
262,∞Ì»Ô,2026-07-04 19:00,23.9,,,9.0,0.9,,230,,0.06,
262,∞Ì»Ô,2026-07-04 20:00,23.0,,,9.0,0.8,,90,,0.02,
262,∞Ì»Ô,2026-07-04 21:00,22.7,,0.1,,1.3,,90,,,
262,∞Ì»Ô,2026-07-04 22:00,22.7,,0.1,,1.1,,140,,,
262,∞Ì»Ô,2026-07-04 23:00,22.7,,,9.0,0.5,,110,,,
262,∞Ì»Ô,2026-07-05 00:00,22.7,,0.0,,0.6,,140,,,
262,∞Ì»Ô,2026-07-05 01:00,22.7,,,,0.6,,110,,,
262,∞Ì»Ô,2026-07-05 02:00,22.7,,0.0,,0.2,,0,,,
262,∞Ì»Ô,2026-07-05 03:00,22.6,,,9.0,0.6,,140,,,
262,∞Ì»Ô,2026-07-05 04:00,22.5,,0.0,,1.1,,70,,,
262,∞Ì»Ô,2026-07-05 05:00,22.7,,0.6,,0.5,,320,,,
262,∞Ì»Ô,2026-07-05 06:00,23.0,,0.1,,1.9,,160,,0.0,
262,∞Ì»Ô,2026-07-05 07:00,23.3,,0.9,,2.1,,160,,0.05,
262,∞Ì»Ô,2026-07-05 08:00,23.7,,0.0,,1.7,,180,,0.17,
262,∞Ì»Ô,2026-07-05 09:00,24.2,,0.0,,1.4,,180,,0.34,
262,∞Ì»Ô,2026-07-05 10:00,24.7,,,9.0,2.4,,290,,0.64,
262,∞Ì»Ô,2026-07-05 11:00,25.4,,0.0,,1.2,,200,,0.6,
262,∞Ì»Ô,2026-07-05 12:00,26.4,,,9.0,1.6,,200,,1.17,
262,∞Ì»Ô,2026-07-05 13:00,26.0,,1.0,,1.2,,250,,1.2,
262,∞Ì»Ô,2026-07-05 14:00,25.9,,0.0,,2.0,,180,,1.13,
262,∞Ì»Ô,2026-07-05 15:00,26.3,,,9.0,1.9,,90,,0.86,
262,∞Ì»Ô,2026-07-05 16:00,24.6,,5.0,,1.9,,200,,0.27,
262,∞Ì»Ô,2026-07-05 17:00,24.6,,0.6,,1.8,,160,,0.37,
262,∞Ì»Ô,2026-07-05 18:00,24.0,,0.3,,1.8,,180,,0.19,
262,∞Ì»Ô,2026-07-05 19:00,23.7,,0.5,,1.4,,160,,0.11,
262,∞Ì»Ô,2026-07-05 20:00,23.7,,,9.0,1.6,,200,,0.07,
262,∞Ì»Ô,2026-07-05 21:00,23.4,,,9.0,2.3,,160,,,
262,∞Ì»Ô,2026-07-05 22:00,23.2,,,9.0,1.6,,140,,,
262,∞Ì»Ô,2026-07-05 23:00,23.3,,0.1,,1.9,,180,,,
262,∞Ì»Ô,2026-07-06 00:00,23.3,,0.1,,2.0,,180,,,
262,∞Ì»Ô,2026-07-06 01:00,23.4,,0.0,,1.1,,200,,,
262,∞Ì»Ô,2026-07-06 02:00,23.1,,,9.0,1.8,,70,,,
262,∞Ì»Ô,2026-07-06 03:00,23.0,,,9.0,0.9,,270,,,
262,∞Ì»Ô,2026-07-06 04:00,22.7,,,9.0,0.6,,140,,,
262,∞Ì»Ô,2026-07-06 05:00,22.9,,0.2,,0.5,,250,,,
262,∞Ì»Ô,2026-07-06 06:00,23.0,,2.5,,0.6,,110,,0.0,
262,∞Ì»Ô,2026-07-06 07:00,23.3,,16.0,,1.6,,160,,0.06,
262,∞Ì»Ô,2026-07-06 08:00,23.8,,0.2,,0.8,,180,,0.18,
262,∞Ì»Ô,2026-07-06 09:00,24.9,,,9.0,0.8,,90,,0.59,
262,∞Ì»Ô,2026-07-06 10:00,26.7,,,9.0,1.9,,180,,1.52,
262,∞Ì»Ô,2026-07-06 11:00,27.3,,,9.0,0.8,,230,,1.37,
262,∞Ì»Ô,2026-07-06 12:00,28.1,,,9.0,3.3,,290,,1.86,
262,∞Ì»Ô,2026-07-06 13:00,29.3,,,9.0,2.0,,200,,1.75,
262,∞Ì»Ô,2026-07-06 14:00,27.0,,0.0,,1.8,,180,,1.0,
262,∞Ì»Ô,2026-07-06 15:00,27.3,,,9.0,2.1,,180,,0.8,
262,∞Ì»Ô,2026-07-06 16:00,28.5,,,9.0,1.8,,200,,1.43,
262,∞Ì»Ô,2026-07-06 17:00,28.4,,,9.0,2.2,,160,,1.19,
262,∞Ì»Ô,2026-07-06 18:00,29.1,,,9.0,1.6,,270,,1.16,
262,∞Ì»Ô,2026-07-06 19:00,26.7,,,9.0,2.1,,180,,0.35,
262,∞Ì»Ô,2026-07-06 20:00,25.6,,,9.0,1.5,,70,,0.08,
262,∞Ì»Ô,2026-07-06 21:00,24.6,,,9.0,1.0,,90,,,
262,∞Ì»Ô,2026-07-06 22:00,23.9,,,9.0,0.6,,50,,,
262,∞Ì»Ô,2026-07-06 23:00,24.1,,,9.0,0.4,,0,,,
262,∞Ì»Ô,2026-07-07 00:00,23.7,,,9.0,0.3,,0,,,
262,∞Ì»Ô,2026-07-07 01:00,23.8,,,,0.7,,160,,,
262,∞Ì»Ô,2026-07-07 02:00,24.1,,,,0.6,,140,,,
262,∞Ì»Ô,2026-07-07 03:00,24.3,,,,0.4,,0,,,
262,∞Ì»Ô,2026-07-07 04:00,24.1,,,,0.3,,0,,,
262,∞Ì»Ô,2026-07-07 05:00,24.0,,,,0.5,,110,,,
262,∞Ì»Ô,2026-07-07 06:00,24.2,,,,1.0,,160,,0.01,
262,∞Ì»Ô,2026-07-07 07:00,24.5,,,,1.1,,180,,0.16,
262,∞Ì»Ô,2026-07-07 08:00,24.9,,,,1.0,,180,,0.38,
262,∞Ì»Ô,2026-07-07 09:00,25.6,,,,1.4,,180,,0.57,
262,∞Ì»Ô,2026-07-07 10:00,26.8,,,,1.3,,110,,0.87,
262,∞Ì»Ô,2026-07-07 11:00,27.3,,,,1.2,,110,,1.47,
262,∞Ì»Ô,2026-07-07 12:00,28.2,,,,1.4,,160,,1.46,
262,∞Ì»Ô,2026-07-07 13:00,29.7,,,,1.9,,140,,2.55,
262,∞Ì»Ô,2026-07-07 14:00,29.8,,,,2.0,,160,,2.58,
262,∞Ì»Ô,2026-07-07 15:00,29.3,,,,2.1,,160,,2.21,
262,∞Ì»Ô,2026-07-07 16:00,29.3,,,,2.1,,110,,1.99,
262,∞Ì»Ô,2026-07-07 17:00,28.4,,,,2.0,,110,,1.53,
262,∞Ì»Ô,2026-07-07 18:00,26.5,,,,2.0,,110,,0.58,
262,∞Ì»Ô,2026-07-07 19:00,25.4,,,,2.6,,160,,0.17,
262,∞Ì»Ô,2026-07-07 20:00,25.0,,,,1.6,,90,,0.05,
262,∞Ì»Ô,2026-07-07 21:00,25.0,,,,0.9,,110,,,
262,∞Ì»Ô,2026-07-07 22:00,23.9,,,,0.6,,20,,,
262,∞Ì»Ô,2026-07-07 23:00,23.3,,,,1.0,,50,,,
262,∞Ì»Ô,2026-07-08 00:00,24.9,,,,2.2,,180,,,
262,∞Ì»Ô,2026-07-08 01:00,25.4,,,,3.6,,180,,,
262,∞Ì»Ô,2026-07-08 02:00,25.7,,,,2.5,,160,,,
262,∞Ì»Ô,2026-07-08 03:00,24.7,,,,1.2,,160,,,
262,∞Ì»Ô,2026-07-08 04:00,25.7,,,,3.4,,180,,,
262,∞Ì»Ô,2026-07-08 05:00,25.9,,,,4.6,,180,,,
262,∞Ì»Ô,2026-07-08 06:00,25.8,,,,4.1,,180,,0.02,
262,∞Ì»Ô,2026-07-08 07:00,25.8,,,,4.2,,180,,0.15,
262,∞Ì»Ô,2026-07-08 08:00,26.4,,,,3.7,,180,,0.53,
262,∞Ì»Ô,2026-07-08 09:00,26.8,,,,2.5,,200,,0.79,
262,∞Ì»Ô,2026-07-08 10:00,27.7,,,,4.1,,180,,1.14,
262,∞Ì»Ô,2026-07-08 11:00,27.6,,,,5.2,,200,,1.73,
262,∞Ì»Ô,2026-07-08 12:00,27.2,,,,4.0,,200,,0.82,
262,∞Ì»Ô,2026-07-08 13:00,27.2,,,,4.2,,200,,0.98,
262,∞Ì»Ô,2026-07-08 14:00,26.9,,,,4.5,,180,,0.76,
262,∞Ì»Ô,2026-07-08 15:00,26.4,,,,1.6,,200,,0.22,
262,∞Ì»Ô,2026-07-08 16:00,26.2,,,,1.8,,200,,0.16,
262,∞Ì»Ô,2026-07-08 17:00,26.6,,,,2.1,,200,,0.28,
262,∞Ì»Ô,2026-07-08 18:00,26.1,,,,3.3,,200,,0.15,
262,∞Ì»Ô,2026-07-08 19:00,25.6,,0.0,,2.9,,200,,0.03,
262,∞Ì»Ô,2026-07-08 20:00,25.4,,0.4,,2.8,,200,,0.01,
262,∞Ì»Ô,2026-07-08 21:00,25.5,,0.2,,3.8,,180,,,
262,∞Ì»Ô,2026-07-08 22:00,25.6,,0.1,,3.5,,200,,,
262,∞Ì»Ô,2026-07-08 23:00,25.5,,,9.0,3.9,,180,,,
262,∞Ì»Ô,2026-07-09 00:00,25.5,,,9.0,4.4,,180,,,
262,∞Ì»Ô,2026-07-09 01:00,25.7,,0.0,,4.5,,180,,,
262,∞Ì»Ô,2026-07-09 02:00,26.0,,0.0,,4.9,,180,,,
262,∞Ì»Ô,2026-07-09 03:00,26.0,,,9.0,4.7,,200,,,
262,∞Ì»Ô,2026-07-09 04:00,25.9,,,9.0,3.5,,180,,,
262,∞Ì»Ô,2026-07-09 05:00,25.8,,,9.0,3.2,,180,,,
262,∞Ì»Ô,2026-07-09 06:00,26.1,,,9.0,3.8,,180,,0.0,
262,∞Ì»Ô,2026-07-09 07:00,25.9,,0.0,,2.8,,160,,0.1,
262,∞Ì»Ô,2026-07-09 08:00,26.6,,,9.0,4.9,,180,,0.22,
262,∞Ì»Ô,2026-07-09 09:00,26.7,,0.0,,2.8,,200,,0.37,
262,∞Ì»Ô,2026-07-09 10:00,27.7,,,9.0,3.0,,200,,0.88,
262,∞Ì»Ô,2026-07-09 11:00,28.3,,,9.0,5.8,,180,,1.57,
262,∞Ì»Ô,2026-07-09 12:00,28.3,,,9.0,3.8,,180,,1.93,
262,∞Ì»Ô,2026-07-09 13:00,28.5,,,9.0,3.1,,180,,1.69,
262,∞Ì»Ô,2026-07-09 14:00,30.4,,,9.0,1.9,,180,,2.23,
262,∞Ì»Ô,2026-07-09 15:00,29.5,,,9.0,1.7,,140,,1.63,
262,∞Ì»Ô,2026-07-09 16:00,28.1,,,9.0,3.1,,180,,0.87,
262,∞Ì»Ô,2026-07-09 17:00,28.5,,,9.0,3.1,,200,,1.01,
262,∞Ì»Ô,2026-07-09 18:00,27.5,,,9.0,3.0,,180,,0.94,
262,∞Ì»Ô,2026-07-09 19:00,26.7,,,9.0,2.0,,160,,0.3,
262,∞Ì»Ô,2026-07-09 20:00,26.1,,,9.0,1.5,,160,,0.09,
262,∞Ì»Ô,2026-07-09 21:00,25.7,,,9.0,2.2,,160,,,
262,∞Ì»Ô,2026-07-09 22:00,25.1,,,9.0,1.3,,70,,,
262,∞Ì»Ô,2026-07-09 23:00,24.8,,,9.0,1.2,,160,,,
262,∞Ì»Ô,2026-07-10 00:00,24.5,,,9.0,0.9,,340,,,
262,∞Ì»Ô,2026-07-10 01:00,24.9,,,,1.1,,140,,,
262,∞Ì»Ô,2026-07-10 02:00,25.9,,,,1.7,,180,,,
262,∞Ì»Ô,2026-07-10 03:00,25.4,,,,0.4,,0,,,
262,∞Ì»Ô,2026-07-10 04:00,25.0,,,,1.0,,70,,,
262,∞Ì»Ô,2026-07-10 05:00,24.8,,,,0.5,,180,,,
262,∞Ì»Ô,2026-07-10 06:00,25.6,,,,1.3,,180,,0.01,
262,∞Ì»Ô,2026-07-10 07:00,26.4,,,,3.4,,160,,0.09,
262,∞Ì»Ô,2026-07-10 08:00,26.6,,,,1.6,,160,,0.19,
262,∞Ì»Ô,2026-07-10 09:00,27.2,,,,1.6,,140,,0.5,
262,∞Ì»Ô,2026-07-10 10:00,27.2,,,,1.7,,90,,0.79,
262,∞Ì»Ô,2026-07-10 11:00,27.2,,,,1.8,,110,,0.55,
262,∞Ì»Ô,2026-07-10 12:00,28.3,,,,2.6,,160,,0.83,
262,∞Ì»Ô,2026-07-10 13:00,29.0,,,,2.9,,160,,1.55,
262,∞Ì»Ô,2026-07-10 14:00,29.2,,,,2.2,,160,,1.0,
262,∞Ì»Ô,2026-07-10 15:00,29.3,,,,2.8,,160,,1.22,
262,∞Ì»Ô,2026-07-10 16:00,28.6,,,,2.0,,140,,0.61,
262,∞Ì»Ô,2026-07-10 17:00,28.3,,,,1.1,,90,,0.54,
262,∞Ì»Ô,2026-07-10 18:00,28.5,,,,0.8,,110,,0.58,
262,∞Ì»Ô,2026-07-10 19:00,28.9,,,,1.0,,250,,0.56,
262,∞Ì»Ô,2026-07-10 20:00,26.1,,,,0.8,,340,,0.08,
262,∞Ì»Ô,2026-07-10 21:00,24.8,,,,0.8,,340,,,
262,∞Ì»Ô,2026-07-10 22:00,23.9,,,,0.6,,320,,,
262,∞Ì»Ô,2026-07-10 23:00,23.5,,,,0.6,,90,,,
262,∞Ì»Ô,2026-07-11 00:00,23.2,,,,0.5,,20,,,
262,∞Ì»Ô,2026-07-11 01:00,22.7,,,,0.3,,0,,,
262,∞Ì»Ô,2026-07-11 02:00,22.5,,,,0.3,,0,,,
262,∞Ì»Ô,2026-07-11 03:00,22.3,,,,0.2,,0,,,
262,∞Ì»Ô,2026-07-11 04:00,22.1,,,,0.2,,0,,,
262,∞Ì»Ô,2026-07-11 05:00,22.1,,,,0.4,,0,,,
262,∞Ì»Ô,2026-07-11 06:00,22.8,,,,0.7,,90,,0.02,
262,∞Ì»Ô,2026-07-11 07:00,24.5,,,,0.6,,320,,0.36,
262,∞Ì»Ô,2026-07-11 08:00,27.9,,,,1.8,,50,,1.18,
262,∞Ì»Ô,2026-07-11 09:00,30.4,,,,1.5,,50,,1.97,
262,∞Ì»Ô,2026-07-11 10:00,30.5,,,,2.6,,160,,2.27,
262,∞Ì»Ô,2026-07-11 11:00,31.8,,,,2.1,,140,,2.48,
262,∞Ì»Ô,2026-07-11 12:00,31.9,,,,2.5,,110,,3.01,
262,∞Ì»Ô,2026-07-11 13:00,32.3,,,,2.1,,110,,3.09,
262,∞Ì»Ô,2026-07-11 14:00,32.7,,,,2.3,,140,,2.85,
262,∞Ì»Ô,2026-07-11 15:00,32.4,,,,2.7,,110,,2.59,
262,∞Ì»Ô,2026-07-11 16:00,32.0,,,,2.1,,140,,2.21,
262,∞Ì»Ô,2026-07-11 17:00,31.8,,,,2.0,,110,,2.1,
262,∞Ì»Ô,2026-07-11 18:00,31.4,,,,1.7,,160,,1.6,
262,∞Ì»Ô,2026-07-11 19:00,30.0,,,,1.1,,140,,0.53,
262,∞Ì»Ô,2026-07-11 20:00,27.3,,,,0.6,,360,,0.06,
262,∞Ì»Ô,2026-07-11 21:00,25.8,,,,0.4,,0,,,
262,∞Ì»Ô,2026-07-11 22:00,25.1,,,,0.4,,0,,,
262,∞Ì»Ô,2026-07-11 23:00,24.9,,,,0.6,,340,,,
262,∞Ì»Ô,2026-07-12 00:00,24.5,,,,0.8,,360,,,
262,∞Ì»Ô,2026-07-12 01:00,24.3,,,,0.6,,320,,,
262,∞Ì»Ô,2026-07-12 02:00,25.0,,,,1.2,,200,,,
262,∞Ì»Ô,2026-07-12 03:00,25.2,,,,0.6,,230,,,
262,∞Ì»Ô,2026-07-12 04:00,24.4,,,,0.5,,290,,,
262,∞Ì»Ô,2026-07-12 05:00,25.9,,,,1.4,,160,,,
262,∞Ì»Ô,2026-07-12 06:00,26.8,,,,2.1,,160,,0.02,
262,∞Ì»Ô,2026-07-12 07:00,27.3,,,,1.6,,160,,0.24,
262,∞Ì»Ô,2026-07-12 08:00,27.6,,,,2.1,,140,,0.26,
262,∞Ì»Ô,2026-07-12 09:00,28.1,,,,1.5,,110,,0.5,
262,∞Ì»Ô,2026-07-12 10:00,28.0,,,,1.7,,140,,0.54,
262,∞Ì»Ô,2026-07-12 11:00,28.2,,0.0,,2.5,,160,,0.5,
262,∞Ì»Ô,2026-07-12 12:00,28.2,,0.0,,1.5,,140,,0.48,
262,∞Ì»Ô,2026-07-12 13:00,28.4,,0.0,,2.3,,140,,0.5,
262,∞Ì»Ô,2026-07-12 14:00,29.2,,0.0,,2.1,,180,,0.7,
262,∞Ì»Ô,2026-07-12 15:00,29.9,,0.0,,4.4,,180,,1.58,
262,∞Ì»Ô,2026-07-12 16:00,30.0,,,9.0,4.6,,180,,2.05,
262,∞Ì»Ô,2026-07-12 17:00,29.5,,,9.0,3.7,,180,,1.31,
262,∞Ì»Ô,2026-07-12 18:00,29.1,,,9.0,2.6,,160,,0.78,
262,∞Ì»Ô,2026-07-12 19:00,28.8,,,9.0,2.4,,160,,0.31,
262,∞Ì»Ô,2026-07-12 20:00,28.5,,,9.0,2.9,,160,,0.06,
262,∞Ì»Ô,2026-07-12 21:00,27.9,,,9.0,1.4,,90,,,
262,∞Ì»Ô,2026-07-12 22:00,27.6,,0.0,,1.6,,140,,,
262,∞Ì»Ô,2026-07-12 23:00,27.9,,,9.0,3.2,,180,,,
262,∞Ì»Ô,2026-07-13 00:00,27.8,,,9.0,1.7,,180,,,
262,∞Ì»Ô,2026-07-13 01:00,27.7,,,,1.7,,180,,,
262,∞Ì»Ô,2026-07-13 02:00,27.7,,,,2.9,,180,,,
262,∞Ì»Ô,2026-07-13 03:00,27.8,,,,3.0,,180,,,
262,∞Ì»Ô,2026-07-13 04:00,27.6,,,,3.6,,180,,,
262,∞Ì»Ô,2026-07-13 05:00,27.5,,,,4.1,,180,,,
262,∞Ì»Ô,2026-07-13 06:00,27.5,,,,3.7,,200,,0.01,
262,∞Ì»Ô,2026-07-13 07:00,27.7,,,,3.9,,180,,0.16,
262,∞Ì»Ô,2026-07-13 08:00,28.2,,,,3.4,,180,,0.55,
262,∞Ì»Ô,2026-07-13 09:00,29.0,,,,2.3,,180,,1.13,
262,∞Ì»Ô,2026-07-13 10:00,28.9,,,,3.7,,180,,1.12,
262,∞Ì»Ô,2026-07-13 11:00,30.1,,,,4.1,,180,,1.73,
262,∞Ì»Ô,2026-07-13 12:00,30.3,,,,5.0,,180,,2.26,
262,∞Ì»Ô,2026-07-13 13:00,30.9,,,,5.1,,180,,3.44,
262,∞Ì»Ô,2026-07-13 14:00,31.3,,,,3.7,,200,,2.65,
262,∞Ì»Ô,2026-07-13 15:00,30.4,,,,5.0,,180,,2.21,
262,∞Ì»Ô,2026-07-13 16:00,29.7,,,,5.2,,160,,1.94,
262,∞Ì»Ô,2026-07-13 17:00,29.9,,,,3.0,,110,,1.78,
262,∞Ì»Ô,2026-07-13 18:00,29.1,,,,3.0,,180,,1.16,
262,∞Ì»Ô,2026-07-13 19:00,28.6,,,,2.4,,160,,0.61,
262,∞Ì»Ô,2026-07-13 20:00,27.7,,,,1.7,,110,,0.09,
262,∞Ì»Ô,2026-07-13 21:00,27.6,,,,1.3,,200,,,
262,∞Ì»Ô,2026-07-13 22:00,27.5,,,,2.8,,180,,,
262,∞Ì»Ô,2026-07-13 23:00,27.6,,,,3.0,,160,,,
262,∞Ì»Ô,2026-07-14 00:00,27.3,,,,4.1,,180,,,
262,∞Ì»Ô,2026-07-14 01:00,27.2,,,,3.8,,180,,,
262,∞Ì»Ô,2026-07-14 02:00,26.8,,0.0,,3.9,,180,,,
262,∞Ì»Ô,2026-07-14 03:00,26.7,,,9.0,3.3,,200,,,
262,∞Ì»Ô,2026-07-14 04:00,26.6,,,9.0,4.2,,180,,,
262,∞Ì»Ô,2026-07-14 05:00,26.6,,,9.0,3.5,,180,,,
262,∞Ì»Ô,2026-07-14 06:00,26.1,,0.0,,2.6,,180,,0.0,
262,∞Ì»Ô,2026-07-14 07:00,26.4,,,9.0,2.4,,200,,0.16,
262,∞Ì»Ô,2026-07-14 08:00,26.9,,,9.0,1.4,,180,,0.33,
262,∞Ì»Ô,2026-07-14 09:00,27.1,,,9.0,3.3,,200,,0.63,
262,∞Ì»Ô,2026-07-14 10:00,28.1,,,9.0,1.7,,230,,0.71,
262,∞Ì»Ô,2026-07-14 11:00,29.4,,,9.0,2.7,,200,,1.46,
262,∞Ì»Ô,2026-07-14 12:00,29.3,,,9.0,3.9,,200,,2.18,
262,∞Ì»Ô,2026-07-14 13:00,29.1,,,9.0,3.8,,180,,1.67,
262,∞Ì»Ô,2026-07-14 14:00,29.8,,,9.0,3.7,,200,,2.48,
262,∞Ì»Ô,2026-07-14 15:00,27.9,,,9.0,4.7,,200,,1.44,
262,∞Ì»Ô,2026-07-14 16:00,26.9,,,9.0,4.8,,180,,1.21,
262,∞Ì»Ô,2026-07-14 17:00,27.2,,,9.0,4.3,,180,,0.69,
262,∞Ì»Ô,2026-07-14 18:00,27.1,,,9.0,2.9,,180,,0.66,
262,∞Ì»Ô,2026-07-14 19:00,26.7,,,9.0,2.8,,180,,0.15,
262,∞Ì»Ô,2026-07-14 20:00,26.5,,,9.0,1.7,,180,,0.02,
262,∞Ì»Ô,2026-07-14 21:00,26.4,,,9.0,1.7,,200,,,
262,∞Ì»Ô,2026-07-14 22:00,26.3,,,9.0,2.2,,160,,,
262,∞Ì»Ô,2026-07-14 23:00,26.9,,,9.0,2.2,,230,,,
262,∞Ì»Ô,2026-07-15 00:00,26.6,,,9.0,2.5,,200,,,
262,∞Ì»Ô,2026-07-15 01:00,26.5,,,,3.0,,230,,,
262,∞Ì»Ô,2026-07-15 02:00,26.2,,,,2.9,,230,,,
262,∞Ì»Ô,2026-07-15 03:00,26.1,,,,2.5,,180,,,
262,∞Ì»Ô,2026-07-15 04:00,26.2,,,,2.8,,180,,,
262,∞Ì»Ô,2026-07-15 05:00,26.3,,,,2.6,,250,,,
262,∞Ì»Ô,2026-07-15 06:00,26.3,,,,1.9,,200,,0.01,
262,∞Ì»Ô,2026-07-15 07:00,26.5,,,,1.6,,230,,0.1,
262,∞Ì»Ô,2026-07-15 08:00,26.5,,,,1.6,,180,,0.18,
262,∞Ì»Ô,2026-07-15 09:00,26.8,,,,0.8,,70,,0.19,
262,∞Ì»Ô,2026-07-15 10:00,28.3,,,,2.5,,180,,0.95,
262,∞Ì»Ô,2026-07-15 11:00,30.1,,,,3.6,,200,,2.21,
262,∞Ì»Ô,2026-07-15 12:00,30.8,,,,2.8,,200,,2.78,
262,∞Ì»Ô,2026-07-15 13:00,31.0,,,,2.2,,230,,2.16,
262,∞Ì»Ô,2026-07-15 14:00,30.9,,,,3.4,,290,,2.26,
262,∞Ì»Ô,2026-07-15 15:00,31.8,,,,3.5,,270,,2.36,
262,∞Ì»Ô,2026-07-15 16:00,32.3,,,,2.4,,180,,2.15,
262,∞Ì»Ô,2026-07-15 17:00,32.7,,,,4.7,,290,,1.79,
262,∞Ì»Ô,2026-07-15 18:00,32.0,,,,3.0,,340,,1.58,
262,∞Ì»Ô,2026-07-15 19:00,29.4,,,,1.3,,290,,0.48,
262,∞Ì»Ô,2026-07-15 20:00,26.8,,,,1.0,,360,,0.04,
262,∞Ì»Ô,2026-07-15 21:00,25.5,,,,0.6,,20,,,
262,∞Ì»Ô,2026-07-15 22:00,24.3,,,,0.9,,360,,,
262,∞Ì»Ô,2026-07-15 23:00,23.4,,,,0.8,,110,,,
262,∞Ì»Ô,2026-07-16 00:00,22.9,,,,0.8,,160,,,
262,∞Ì»Ô,2026-07-16 01:00,22.3,,,,0.4,,0,,,
262,∞Ì»Ô,2026-07-16 02:00,22.7,,,,0.9,,50,,,
262,∞Ì»Ô,2026-07-16 03:00,22.3,,,,0.6,,50,,,
262,∞Ì»Ô,2026-07-16 04:00,22.2,,,,0.6,,20,,,
262,∞Ì»Ô,2026-07-16 05:00,21.9,,,,0.6,,20,,,
262,∞Ì»Ô,2026-07-16 06:00,22.2,,,,1.0,,50,,0.02,
262,∞Ì»Ô,2026-07-16 07:00,24.1,,,,0.5,,90,,0.26,
262,∞Ì»Ô,2026-07-16 08:00,25.4,,0.0,,0.5,,50,,0.36,
262,∞Ì»Ô,2026-07-16 09:00,27.5,,0.0,,0.7,,160,,0.8,
262,∞Ì»Ô,2026-07-16 10:00,27.5,,,9.0,3.8,,290,,1.11,
262,∞Ì»Ô,2026-07-16 11:00,27.9,,,9.0,4.2,,270,,0.93,
262,∞Ì»Ô,2026-07-16 12:00,29.5,,,9.0,1.8,,270,,1.85,
262,∞Ì»Ô,2026-07-16 13:00,30.2,,,9.0,2.1,,270,,1.46,
262,∞Ì»Ô,2026-07-16 14:00,29.3,,,9.0,2.4,,320,,1.22,
262,∞Ì»Ô,2026-07-16 15:00,28.5,,0.0,,1.1,,140,,0.57,
262,∞Ì»Ô,2026-07-16 16:00,28.7,,0.0,,0.5,,160,,0.53,
262,∞Ì»Ô,2026-07-16 17:00,28.8,,,9.0,1.2,,180,,0.62,
262,∞Ì»Ô,2026-07-16 18:00,28.5,,,9.0,0.7,,50,,0.36,
262,∞Ì»Ô,2026-07-16 19:00,27.7,,,9.0,0.7,,360,,0.22,
262,∞Ì»Ô,2026-07-16 20:00,26.5,,,9.0,0.8,,160,,0.05,
262,∞Ì»Ô,2026-07-16 21:00,25.5,,,9.0,0.7,,20,,,
262,∞Ì»Ô,2026-07-16 22:00,25.0,,,9.0,0.6,,70,,,
262,∞Ì»Ô,2026-07-16 23:00,24.6,,,9.0,0.3,,0,,,
262,∞Ì»Ô,2026-07-17 00:00,24.3,,,9.0,0.3,,0,,,
262,∞Ì»Ô,2026-07-17 01:00,24.2,,,,0.3,,0,,,
262,∞Ì»Ô,2026-07-17 02:00,24.2,,,,0.4,,0,,,
262,∞Ì»Ô,2026-07-17 03:00,24.1,,,,0.5,,360,,,
262,∞Ì»Ô,2026-07-17 04:00,23.8,,,,0.4,,0,,,
262,∞Ì»Ô,2026-07-17 05:00,23.9,,,,0.4,,0,,,
262,∞Ì»Ô,2026-07-17 06:00,24.2,,,,0.4,,0,,0.01,
262,∞Ì»Ô,2026-07-17 07:00,24.9,,,,0.5,,160,,0.12,
262,∞Ì»Ô,2026-07-17 08:00,27.4,,,,1.1,,320,,0.81,
262,∞Ì»Ô,2026-07-17 09:00,29.7,,,,0.9,,180,,1.32,
262,∞Ì»Ô,2026-07-17 10:00,31.0,,,,2.6,,270,,2.01,
262,∞Ì»Ô,2026-07-17 11:00,30.0,,,,4.3,,290,,1.98,
262,∞Ì»Ô,2026-07-17 12:00,28.4,,3.4,,1.2,,270,,0.54,
262,∞Ì»Ô,2026-07-17 13:00,30.2,,,9.0,0.6,,140,,1.3,
262,∞Ì»Ô,2026-07-17 14:00,30.5,,,9.0,1.1,,230,,1.46,
262,∞Ì»Ô,2026-07-17 15:00,30.5,,,9.0,0.7,,200,,0.9,
262,∞Ì»Ô,2026-07-17 16:00,31.3,,,9.0,1.2,,200,,1.34,
262,∞Ì»Ô,2026-07-17 17:00,30.7,,,9.0,1.2,,20,,1.12,
262,∞Ì»Ô,2026-07-17 18:00,29.6,,,9.0,1.3,,360,,0.68,
262,∞Ì»Ô,2026-07-17 19:00,28.8,,,9.0,0.7,,110,,0.29,
262,∞Ì»Ô,2026-07-17 20:00,27.6,,,9.0,0.7,,70,,0.05,
262,∞Ì»Ô,2026-07-17 21:00,26.8,,,9.0,0.5,,20,,,
262,∞Ì»Ô,2026-07-17 22:00,26.6,,,9.0,0.4,,0,,,
262,∞Ì»Ô,2026-07-17 23:00,26.3,,,9.0,0.4,,0,,,
262,∞Ì»Ô,2026-07-18 00:00,25.7,,,9.0,0.7,,50,,,
262,∞Ì»Ô,2026-07-18 01:00,25.6,,,,0.9,,90,,,
262,∞Ì»Ô,2026-07-18 02:00,25.8,,,,0.4,,0,,,
262,∞Ì»Ô,2026-07-18 03:00,25.7,,,,0.3,,0,,,
262,∞Ì»Ô,2026-07-18 04:00,25.6,,,,0.6,,50,,,
262,∞Ì»Ô,2026-07-18 05:00,25.4,,,,0.8,,50,,,
262,∞Ì»Ô,2026-07-18 06:00,25.5,,,,0.8,,360,,0.02,
262,∞Ì»Ô,2026-07-18 07:00,26.2,,,,0.4,,0,,0.15,
262,∞Ì»Ô,2026-07-18 08:00,27.8,,,,1.2,,180,,0.67,
262,∞Ì»Ô,2026-07-18 09:00,29.2,,,,1.2,,180,,1.17,
262,∞Ì»Ô,2026-07-18 10:00,30.0,,,,2.2,,270,,1.8,
262,∞Ì»Ô,2026-07-18 11:00,30.7,,,,1.9,,200,,1.78,
262,∞Ì»Ô,2026-07-18 12:00,31.1,,,,1.9,,230,,1.34,
262,∞Ì»Ô,2026-07-18 13:00,31.3,,,,3.0,,180,,1.85,
262,∞Ì»Ô,2026-07-18 14:00,31.4,,,,3.3,,200,,2.01,
262,∞Ì»Ô,2026-07-18 15:00,31.7,,,,2.8,,200,,1.83,
262,∞Ì»Ô,2026-07-18 16:00,31.7,,,,2.8,,200,,2.03,
262,∞Ì»Ô,2026-07-18 17:00,31.6,,,,2.0,,250,,1.7,
262,∞Ì»Ô,2026-07-18 18:00,30.2,,,,2.0,,180,,1.05,
262,∞Ì»Ô,2026-07-18 19:00,28.1,,,,1.4,,110,,0.28,
262,∞Ì»Ô,2026-07-18 20:00,27.2,,,,2.7,,180,,0.06,
262,∞Ì»Ô,2026-07-18 21:00,27.1,,,,1.7,,200,,,
262,∞Ì»Ô,2026-07-18 22:00,27.0,,,,0.5,,160,,,
262,∞Ì»Ô,2026-07-18 23:00,26.7,,,,1.0,,180,,,
262,∞Ì»Ô,2026-07-19 00:00,26.7,,,,1.2,,90,,,
262,∞Ì»Ô,2026-07-19 01:00,26.7,,,,1.7,,110,,,
262,∞Ì»Ô,2026-07-19 02:00,26.7,,,,0.5,,180,,,
262,∞Ì»Ô,2026-07-19 03:00,26.4,,,,0.7,,160,,,
262,∞Ì»Ô,2026-07-19 04:00,26.4,,,,0.7,,140,,,
262,∞Ì»Ô,2026-07-19 05:00,26.1,,0.0,,1.0,,140,,,
262,∞Ì»Ô,2026-07-19 06:00,26.1,,,9.0,1.0,,140,,0.01,
262,∞Ì»Ô,2026-07-19 07:00,26.7,,,9.0,0.6,,180,,0.18,
262,∞Ì»Ô,2026-07-19 08:00,27.5,,,9.0,0.8,,110,,0.46,
262,∞Ì»Ô,2026-07-19 09:00,28.0,,,9.0,1.2,,200,,0.4,
262,∞Ì»Ô,2026-07-19 10:00,29.2,,,9.0,1.3,,70,,0.81,
262,∞Ì»Ô,2026-07-19 11:00,30.4,,,9.0,1.7,,270,,1.36,
262,∞Ì»Ô,2026-07-19 12:00,29.8,,,9.0,2.6,,290,,0.81,
262,∞Ì»Ô,2026-07-19 13:00,30.3,,,9.0,2.4,,230,,1.2,
262,∞Ì»Ô,2026-07-19 14:00,32.1,,,9.0,1.6,,180,,1.92,
262,∞Ì»Ô,2026-07-19 15:00,32.0,,,9.0,2.0,,270,,1.83,
262,∞Ì»Ô,2026-07-19 16:00,32.3,,,9.0,2.8,,200,,1.49,
262,∞Ì»Ô,2026-07-19 17:00,32.0,,,9.0,2.8,,230,,1.65,
262,∞Ì»Ô,2026-07-19 18:00,31.0,,,9.0,2.3,,230,,1.31,
262,∞Ì»Ô,2026-07-19 19:00,29.4,,,9.0,2.4,,250,,0.48,
262,∞Ì»Ô,2026-07-19 20:00,28.2,,,9.0,0.9,,160,,0.05,
262,∞Ì»Ô,2026-07-19 21:00,27.4,,,9.0,0.4,,0,,,
262,∞Ì»Ô,2026-07-19 22:00,26.7,,,9.0,0.6,,340,,,
262,∞Ì»Ô,2026-07-19 23:00,26.3,,,9.0,0.3,,0,,,
262,∞Ì»Ô,2026-07-20 00:00,26.6,,,9.0,0.8,,20,,,
262,∞Ì»Ô,2026-07-20 01:00,27.0,,,,0.5,,160,,,
262,∞Ì»Ô,2026-07-20 02:00,27.3,,,,1.0,,160,,,
262,∞Ì»Ô,2026-07-20 03:00,27.1,,,,1.1,,110,,,
262,∞Ì»Ô,2026-07-20 04:00,26.8,,,,1.0,,180,,,
262,∞Ì»Ô,2026-07-20 05:00,26.3,,,,1.3,,90,,,
262,∞Ì»Ô,2026-07-20 06:00,26.4,,,,1.2,,90,,0.02,
262,∞Ì»Ô,2026-07-20 07:00,27.3,,,,0.4,,0,,0.29,
262,∞Ì»Ô,2026-07-20 08:00,28.5,,,,1.2,,160,,0.61,
262,∞Ì»Ô,2026-07-20 09:00,28.8,,,,2.0,,90,,0.84,
262,∞Ì»Ô,2026-07-20 10:00,29.5,,,,2.8,,180,,1.08,
262,∞Ì»Ô,2026-07-20 11:00,31.3,,,,2.2,,180,,1.48,
262,∞Ì»Ô,2026-07-20 12:00,32.0,,,,2.1,,200,,2.08,
262,∞Ì»Ô,2026-07-20 13:00,31.5,,,,4.5,,180,,2.73,
262,∞Ì»Ô,2026-07-20 14:00,31.4,,,,4.1,,200,,2.57,
262,∞Ì»Ô,2026-07-20 15:00,31.0,,,,3.8,,200,,1.86,
262,∞Ì»Ô,2026-07-20 16:00,31.6,,,,3.0,,180,,2.14,
262,∞Ì»Ô,2026-07-20 17:00,30.2,,,,3.5,,180,,1.83,
262,∞Ì»Ô,2026-07-20 18:00,30.5,,,,2.7,,180,,1.54,
262,∞Ì»Ô,2026-07-20 19:00,29.1,,,,0.7,,90,,0.42,
262,∞Ì»Ô,2026-07-20 20:00,27.7,,,,1.6,,230,,0.05,
262,∞Ì»Ô,2026-07-20 21:00,26.9,,,,1.3,,230,,,
262,∞Ì»Ô,2026-07-20 22:00,27.5,,,,3.3,,180,,,
262,∞Ì»Ô,2026-07-20 23:00,27.2,,,,1.1,,230,,,
262,∞Ì»Ô,2026-07-21 00:00,27.3,,,,2.6,,180,,,
262,∞Ì»Ô,2026-07-21 01:00,27.4,,,,4.0,,180,,,
262,∞Ì»Ô,2026-07-21 02:00,27.4,,,,4.0,,180,,,
262,∞Ì»Ô,2026-07-21 03:00,27.2,,,,2.7,,200,,,
262,∞Ì»Ô,2026-07-21 04:00,27.2,,,,3.6,,180,,,
262,∞Ì»Ô,2026-07-21 05:00,27.6,,,,3.2,,180,,,
262,∞Ì»Ô,2026-07-21 06:00,27.2,,,,3.0,,200,,0.01,
262,∞Ì»Ô,2026-07-21 07:00,27.4,,,,2.1,,200,,0.14,
262,∞Ì»Ô,2026-07-21 08:00,27.8,,,,2.4,,200,,0.29,
262,∞Ì»Ô,2026-07-21 09:00,27.9,,,,3.2,,180,,0.64,
262,∞Ì»Ô,2026-07-21 10:00,29.0,,,,3.3,,200,,1.17,
262,∞Ì»Ô,2026-07-21 11:00,30.5,,,,4.0,,200,,2.49,
262,∞Ì»Ô,2026-07-21 12:00,30.6,,,,3.8,,200,,2.89,
262,∞Ì»Ô,2026-07-21 13:00,31.7,,,,3.5,,180,,3.43,
262,∞Ì»Ô,2026-07-21 14:00,32.0,,,,3.0,,180,,2.61,
262,∞Ì»Ô,2026-07-21 15:00,32.8,,,,2.9,,180,,2.86,
262,∞Ì»Ô,2026-07-21 16:00,32.4,,,,2.7,,230,,2.44,
262,∞Ì»Ô,2026-07-21 17:00,31.8,,,,2.7,,180,,1.43,
262,∞Ì»Ô,2026-07-21 18:00,31.0,,,,2.0,,230,,1.0,
262,∞Ì»Ô,2026-07-21 19:00,29.1,,,,2.5,,230,,0.58,
262,∞Ì»Ô,2026-07-21 20:00,28.0,,,,0.8,,160,,0.05,
262,∞Ì»Ô,2026-07-21 21:00,27.1,,,,0.9,,320,,,
262,∞Ì»Ô,2026-07-21 22:00,26.7,,,,0.5,,360,,,
262,∞Ì»Ô,2026-07-21 23:00,26.4,,,,0.5,,360,,,
262,∞Ì»Ô,2026-07-22 00:00,26.7,,,,0.6,,90,,,
262,∞Ì»Ô,2026-07-22 01:00,26.8,,,,0.6,,110,,,
262,∞Ì»Ô,2026-07-22 02:00,27.0,,,,1.6,,200,,,
262,∞Ì»Ô,2026-07-22 03:00,26.9,,,,0.9,,180,,,
262,∞Ì»Ô,2026-07-22 04:00,26.9,,,,1.9,,200,,,
262,∞Ì»Ô,2026-07-22 05:00,26.9,,,,1.7,,180,,,
262,∞Ì»Ô,2026-07-22 06:00,26.7,,,,1.5,,200,,0.02,
262,∞Ì»Ô,2026-07-22 07:00,27.5,,,,2.1,,160,,0.33,
262,∞Ì»Ô,2026-07-22 08:00,28.7,,,,2.3,,200,,0.98,
262,∞Ì»Ô,2026-07-22 09:00,30.0,,,,2.6,,180,,1.55,
262,∞Ì»Ô,2026-07-22 10:00,31.1,,,,2.3,,200,,2.11,
262,∞Ì»Ô,2026-07-22 11:00,31.1,,,,5.0,,180,,2.67,
262,∞Ì»Ô,2026-07-22 12:00,31.2,,,,3.4,,230,,2.96,
262,∞Ì»Ô,2026-07-22 13:00,31.3,,,,3.3,,180,,2.38,
262,∞Ì»Ô,2026-07-22 14:00,31.2,,,,4.4,,180,,2.92,
262,∞Ì»Ô,2026-07-22 15:00,31.5,,,,4.1,,200,,2.8,
262,∞Ì»Ô,2026-07-22 16:00,31.3,,,,4.2,,200,,2.24,
262,∞Ì»Ô,2026-07-22 17:00,30.5,,,,4.2,,180,,1.9,
262,∞Ì»Ô,2026-07-22 18:00,30.5,,,,3.1,,180,,1.5,
262,∞Ì»Ô,2026-07-22 19:00,29.0,,,,2.9,,180,,0.52,
262,∞Ì»Ô,2026-07-22 20:00,28.1,,,,2.6,,200,,0.05,
262,∞Ì»Ô,2026-07-22 21:00,27.9,,,,2.5,,180,,,
262,∞Ì»Ô,2026-07-22 22:00,27.0,,,,0.4,,0,,,
262,∞Ì»Ô,2026-07-22 23:00,26.6,,,,1.4,,340,,,
262,∞Ì»Ô,2026-07-23 00:00,25.9,,,,0.5,,20,,,
262,∞Ì»Ô,2026-07-23 01:00,25.4,,,,0.8,,20,,,
262,∞Ì»Ô,2026-07-23 02:00,25.2,,,,0.8,,320,,,
262,∞Ì»Ô,2026-07-23 03:00,25.2,,,,0.3,,0,,,
262,∞Ì»Ô,2026-07-23 04:00,24.8,,,,0.3,,0,,,
262,∞Ì»Ô,2026-07-23 05:00,24.9,,,,0.3,,0,,,
262,∞Ì»Ô,2026-07-23 06:00,25.0,,,,0.6,,320,,0.01,
262,∞Ì»Ô,2026-07-23 07:00,26.5,,,,0.6,,70,,0.36,
262,∞Ì»Ô,2026-07-23 08:00,28.1,,,,1.3,,230,,0.91,
262,∞Ì»Ô,2026-07-23 09:00,30.0,,,,2.5,,230,,1.46,
262,∞Ì»Ô,2026-07-23 10:00,29.9,,,,2.1,,230,,1.42,
262,∞Ì»Ô,2026-07-23 11:00,31.2,,,,2.4,,230,,2.44,
262,∞Ì»Ô,2026-07-23 12:00,31.9,,,,3.5,,230,,2.91,
262,∞Ì»Ô,2026-07-23 13:00,31.7,,,,4.4,,180,,3.05,
262,∞Ì»Ô,2026-07-23 14:00,32.7,,,,3.5,,200,,3.15,
262,∞Ì»Ô,2026-07-23 15:00,31.5,,,,2.5,,200,,1.94,
262,∞Ì»Ô,2026-07-23 16:00,32.1,,,,3.4,,180,,1.98,
262,∞Ì»Ô,2026-07-23 17:00,31.2,,,,3.6,,180,,1.83,
262,∞Ì»Ô,2026-07-23 18:00,30.4,,,,2.9,,160,,1.45,
262,∞Ì»Ô,2026-07-23 19:00,29.2,,,,1.4,,160,,0.5,
262,∞Ì»Ô,2026-07-23 20:00,27.6,,,,0.6,,360,,0.05,
262,∞Ì»Ô,2026-07-23 21:00,26.3,,,,0.8,,50,,,
262,∞Ì»Ô,2026-07-23 22:00,25.6,,,,0.7,,320,,,
262,∞Ì»Ô,2026-07-23 23:00,25.1,,,,1.0,,320,,,
262,∞Ì»Ô,2026-07-24 00:00,24.8,,,,0.6,,340,,,
262,∞Ì»Ô,2026-07-24 01:00,24.4,,,,0.6,,180,,,
262,∞Ì»Ô,2026-07-24 02:00,24.4,,,,0.7,,360,,,
262,∞Ì»Ô,2026-07-24 03:00,24.1,,,,0.6,,360,,,
262,∞Ì»Ô,2026-07-24 04:00,24.3,,,,0.7,,50,,,
262,∞Ì»Ô,2026-07-24 05:00,24.6,,,,0.8,,180,,,
262,∞Ì»Ô,2026-07-24 06:00,24.4,,,,0.5,,360,,0.02,
262,∞Ì»Ô,2026-07-24 07:00,25.8,,,,0.5,,360,,0.14,
262,∞Ì»Ô,2026-07-24 08:00,28.4,,,,0.8,,290,,0.98,
262,∞Ì»Ô,2026-07-24 09:00,29.9,,,,0.7,,340,,1.57,
262,∞Ì»Ô,2026-07-24 10:00,31.1,,,,2.2,,270,,1.98,
262,∞Ì»Ô,2026-07-24 11:00,31.9,,,,2.1,,230,,2.18,
262,∞Ì»Ô,2026-07-24 12:00,32.6,,,,3.4,,180,,2.69,
262,∞Ì»Ô,2026-07-24 13:00,32.8,,,,1.9,,230,,2.49,
262,∞Ì»Ô,2026-07-24 14:00,34.2,,,,2.9,,200,,2.96,
262,∞Ì»Ô,2026-07-24 15:00,34.4,,,,2.6,,200,,2.77,
262,∞Ì»Ô,2026-07-24 16:00,33.4,,,,3.9,,180,,2.22,
262,∞Ì»Ô,2026-07-24 17:00,33.5,,,,2.6,,180,,1.86,
262,∞Ì»Ô,2026-07-24 18:00,31.9,,,,2.9,,230,,1.54,
262,∞Ì»Ô,2026-07-24 19:00,29.9,,,,1.7,,230,,0.52,
262,∞Ì»Ô,2026-07-24 20:00,27.9,,,,1.5,,230,,0.04,
262,∞Ì»Ô,2026-07-24 21:00,26.5,,,,0.7,,360,,,
262,∞Ì»Ô,2026-07-24 22:00,25.6,,,,0.7,,20,,,
262,∞Ì»Ô,2026-07-24 23:00,25.1,,,,0.6,,50,,,
262,∞Ì»Ô,2026-07-25 00:00,24.7,,,,0.5,,70,,,
262,∞Ì»Ô,2026-07-25 01:00,24.6,,,,0.6,,180,,,
262,∞Ì»Ô,2026-07-25 02:00,24.5,,,,0.4,,0,,,
262,∞Ì»Ô,2026-07-25 03:00,24.2,,,,0.4,,0,,,
262,∞Ì»Ô,2026-07-25 04:00,24.0,,,,0.7,,180,,,
262,∞Ì»Ô,2026-07-25 05:00,24.0,,,,1.0,,200,,,
262,∞Ì»Ô,2026-07-25 06:00,24.3,,,,0.6,,70,,0.01,
262,∞Ì»Ô,2026-07-25 07:00,25.4,,,,0.5,,70,,0.2,
262,∞Ì»Ô,2026-07-25 08:00,28.5,,,,0.8,,200,,0.98,
262,∞Ì»Ô,2026-07-25 09:00,30.7,,,,0.6,,90,,1.62,
262,∞Ì»Ô,2026-07-25 10:00,31.0,,,,2.5,,230,,1.71,
262,∞Ì»Ô,2026-07-25 11:00,32.6,,,,2.4,,200,,2.16,
262,∞Ì»Ô,2026-07-25 12:00,32.8,,,,2.4,,180,,2.78,
262,∞Ì»Ô,2026-07-25 13:00,32.9,,,,2.4,,290,,2.75,
262,∞Ì»Ô,2026-07-25 14:00,33.9,,,,2.5,,250,,2.89,
262,∞Ì»Ô,2026-07-25 15:00,34.3,,,,2.2,,200,,2.73,
262,∞Ì»Ô,2026-07-25 16:00,34.4,,,,2.6,,200,,2.23,
262,∞Ì»Ô,2026-07-25 17:00,33.2,,,,3.3,,230,,1.83,
262,∞Ì»Ô,2026-07-25 18:00,32.4,,,,2.5,,200,,1.51,
262,∞Ì»Ô,2026-07-25 19:00,30.3,,,,1.4,,200,,0.46,
262,∞Ì»Ô,2026-07-25 20:00,28.9,,,,1.0,,200,,0.06,
262,∞Ì»Ô,2026-07-25 21:00,28.0,,,,0.6,,110,,,
262,∞Ì»Ô,2026-07-25 22:00,27.5,,,,0.9,,200,,,
262,∞Ì»Ô,2026-07-25 23:00,27.1,,,,1.7,,180,,,
262,∞Ì»Ô,2026-07-26 00:00,27.0,,,,1.1,,200,,,
262,∞Ì»Ô,2026-07-26 01:00,27.2,,,,1.0,,270,,,
262,∞Ì»Ô,2026-07-26 02:00,26.9,,,,2.1,,270,,,
262,∞Ì»Ô,2026-07-26 03:00,27.2,,,,1.8,,270,,,
262,∞Ì»Ô,2026-07-26 04:00,26.7,,,,0.6,,20,,,
262,∞Ì»Ô,2026-07-26 05:00,26.0,,,,0.4,,0,,,
262,∞Ì»Ô,2026-07-26 06:00,25.7,,,,0.8,,360,,0.01,
262,∞Ì»Ô,2026-07-26 07:00,26.6,,,,0.3,,0,,0.31,
262,∞Ì»Ô,2026-07-26 08:00,30.0,,,,0.6,,320,,1.19,
262,∞Ì»Ô,2026-07-26 09:00,31.3,,,,1.8,,340,,2.09,
262,∞Ì»Ô,2026-07-26 10:00,32.0,,,,3.0,,250,,2.33,
262,∞Ì»Ô,2026-07-26 11:00,33.3,,,,2.1,,250,,2.6,
262,∞Ì»Ô,2026-07-26 12:00,34.3,,,,2.7,,200,,3.22,
262,∞Ì»Ô,2026-07-26 13:00,34.7,,,,2.9,,270,,3.29,
262,∞Ì»Ô,2026-07-26 14:00,35.4,,,,2.2,,200,,3.05,
262,∞Ì»Ô,2026-07-26 15:00,34.8,,,,2.7,,200,,2.73,
262,∞Ì»Ô,2026-07-26 16:00,34.6,,,,2.9,,200,,2.21,
262,∞Ì»Ô,2026-07-26 17:00,33.3,,,,3.9,,200,,1.82,
262,∞Ì»Ô,2026-07-26 18:00,32.1,,,,3.6,,200,,1.51,
262,∞Ì»Ô,2026-07-26 19:00,30.1,,,,2.6,,200,,0.51,
262,∞Ì»Ô,2026-07-26 20:00,28.8,,,,1.3,,200,,0.03,
262,∞Ì»Ô,2026-07-26 21:00,27.6,,,,0.5,,140,,,
262,∞Ì»Ô,2026-07-26 22:00,26.6,,,,0.7,,250,,,
262,∞Ì»Ô,2026-07-26 23:00,26.1,,,,0.9,,180,,,
262,∞Ì»Ô,2026-07-27 00:00,26.4,,,,2.2,,200,,,
262,∞Ì»Ô,2026-07-27 01:00,26.3,,,,0.8,,270,,,
262,∞Ì»Ô,2026-07-27 02:00,26.4,,,,0.9,,290,,,
262,∞Ì»Ô,2026-07-27 03:00,25.4,,,,0.4,,0,,,
262,∞Ì»Ô,2026-07-27 04:00,24.8,,,,0.5,,360,,,
262,∞Ì»Ô,2026-07-27 05:00,24.5,,,,0.4,,0,,,
262,∞Ì»Ô,2026-07-27 06:00,24.3,,,,0.6,,360,,0.02,
262,∞Ì»Ô,2026-07-27 07:00,26.3,,,,0.3,,0,,0.43,
262,∞Ì»Ô,2026-07-27 08:00,29.2,,,,1.4,,340,,1.22,
262,∞Ì»Ô,2026-07-27 09:00,30.6,,,,2.0,,340,,2.05,
262,∞Ì»Ô,2026-07-27 10:00,31.2,,,,2.4,,320,,2.45,
262,∞Ì»Ô,2026-07-27 11:00,32.2,,,,1.6,,250,,2.37,
262,∞Ì»Ô,2026-07-27 12:00,32.8,,,,2.7,,250,,2.63,
262,∞Ì»Ô,2026-07-27 13:00,33.1,,,,3.8,,270,,3.12,
262,∞Ì»Ô,2026-07-27 14:00,33.7,,,,3.3,,230,,2.71,
262,∞Ì»Ô,2026-07-27 15:00,34.5,,,,2.5,,200,,2.54,
262,∞Ì»Ô,2026-07-27 16:00,33.7,,,,2.6,,250,,2.07,
262,∞Ì»Ô,2026-07-27 17:00,33.9,,,,2.6,,230,,1.81,
262,∞Ì»Ô,2026-07-27 18:00,32.2,,,,2.4,,180,,1.43,
262,∞Ì»Ô,2026-07-27 19:00,30.2,,,,1.5,,160,,0.46,
262,∞Ì»Ô,2026-07-27 20:00,29.0,,,,1.4,,140,,0.04,
262,∞Ì»Ô,2026-07-27 21:00,28.4,,,,2.9,,270,,,
262,∞Ì»Ô,2026-07-27 22:00,27.5,,,,1.6,,200,,,
262,∞Ì»Ô,2026-07-27 23:00,26.5,,,,0.6,,290,,,
262,∞Ì»Ô,2026-07-28 00:00,26.0,,,,0.5,,140,,,
262,∞Ì»Ô,2026-07-28 01:00,25.6,,,,0.4,,0,,,
262,∞Ì»Ô,2026-07-28 02:00,25.5,,,,1.1,,50,,,
262,∞Ì»Ô,2026-07-28 03:00,26.3,,,,1.2,,230,,,
262,∞Ì»Ô,2026-07-28 04:00,25.8,,,,1.1,,320,,,
262,∞Ì»Ô,2026-07-28 05:00,24.9,,,,0.5,,340,,,
262,∞Ì»Ô,2026-07-28 06:00,24.8,,,,0.9,,340,,0.01,
262,∞Ì»Ô,2026-07-28 07:00,26.6,,,,0.6,,90,,0.38,
262,∞Ì»Ô,2026-07-28 08:00,28.3,,,,4.2,,320,,1.12,
262,∞Ì»Ô,2026-07-28 09:00,29.6,,,,3.0,,320,,1.75,
262,∞Ì»Ô,2026-07-28 10:00,30.9,,,,2.0,,290,,2.62,
262,∞Ì»Ô,2026-07-28 11:00,32.0,,,,2.7,,290,,2.57,
262,∞Ì»Ô,2026-07-28 12:00,32.6,,,,2.6,,290,,2.94,
262,∞Ì»Ô,2026-07-28 13:00,33.3,,,,4.2,,290,,3.23,
262,∞Ì»Ô,2026-07-28 14:00,34.7,,,,3.0,,320,,3.09,
262,∞Ì»Ô,2026-07-28 15:00,35.2,,,,2.1,,290,,2.77,
262,∞Ì»Ô,2026-07-28 16:00,35.2,,,,2.7,,230,,2.19,
262,∞Ì»Ô,2026-07-28 17:00,34.1,,,,2.2,,340,,1.61,
262,∞Ì»Ô,2026-07-28 18:00,34.1,,,,4.3,,320,,1.28,
262,∞Ì»Ô,2026-07-28 19:00,31.8,,,,3.1,,290,,0.58,
262,∞Ì»Ô,2026-07-28 20:00,30.1,,,,2.3,,320,,0.04,
262,∞Ì»Ô,2026-07-28 21:00,28.7,,,,2.0,,320,,,
262,∞Ì»Ô,2026-07-28 22:00,27.8,,,,1.6,,320,,,
262,∞Ì»Ô,2026-07-28 23:00,27.4,,,,1.7,,320,,,
262,∞Ì»Ô,2026-07-29 00:00,27.2,,,,1.1,,360,,,
262,∞Ì»Ô,2026-07-29 01:00,27.4,,,,1.0,,320,,,
262,∞Ì»Ô,2026-07-29 02:00,27.5,,,,1.9,,290,,,
262,∞Ì»Ô,2026-07-29 03:00,27.1,,,,0.9,,340,,,
262,∞Ì»Ô,2026-07-29 04:00,26.1,,,,1.0,,320,,,
262,∞Ì»Ô,2026-07-29 05:00,27.0,,,,4.2,,290,,,
262,∞Ì»Ô,2026-07-29 06:00,26.9,,,,2.9,,290,,0.0,
262,∞Ì»Ô,2026-07-29 07:00,27.3,,,,3.9,,290,,0.19,
262,∞Ì»Ô,2026-07-29 08:00,28.3,,,,2.0,,320,,0.48,
262,∞Ì»Ô,2026-07-29 09:00,29.5,,,,2.8,,320,,1.03,
262,∞Ì»Ô,2026-07-29 10:00,30.8,,,,3.7,,320,,2.16,
262,∞Ì»Ô,2026-07-29 11:00,31.1,,,,5.8,,290,,2.47,
262,∞Ì»Ô,2026-07-29 12:00,32.0,,,,5.2,,290,,2.41,
262,∞Ì»Ô,2026-07-29 13:00,34.0,,,,5.3,,290,,2.95,
262,∞Ì»Ô,2026-07-29 14:00,34.0,,,,4.4,,320,,3.04,
262,∞Ì»Ô,2026-07-29 15:00,34.4,,,,5.1,,290,,2.88,
262,∞Ì»Ô,2026-07-29 16:00,34.4,,,,5.1,,320,,2.25,
262,∞Ì»Ô,2026-07-29 17:00,34.2,,,,3.5,,320,,1.74,
262,∞Ì»Ô,2026-07-29 18:00,32.9,,,,5.8,,290,,1.36,
262,∞Ì»Ô,2026-07-29 19:00,31.0,,,,4.8,,290,,0.52,
262,∞Ì»Ô,2026-07-29 20:00,29.6,,,,3.6,,320,,0.04,
262,∞Ì»Ô,2026-07-29 21:00,29.0,,,,2.8,,290,,,
262,∞Ì»Ô,2026-07-29 22:00,28.3,,,,3.5,,290,,,
262,∞Ì»Ô,2026-07-29 23:00,27.7,,,,2.7,,290,,,
262,∞Ì»Ô,2026-07-30 00:00,27.0,,,,2.5,,320,,,
262,∞Ì»Ô,2026-07-30 01:00,26.7,,,,3.7,,320,,,
262,∞Ì»Ô,2026-07-30 02:00,25.0,,,,0.9,,340,,,
262,∞Ì»Ô,2026-07-30 03:00,25.6,,,,2.6,,290,,,
262,∞Ì»Ô,2026-07-30 04:00,25.9,,,,1.4,,320,,,
262,∞Ì»Ô,2026-07-30 05:00,25.4,,,,1.2,,250,,,
262,∞Ì»Ô,2026-07-30 06:00,25.3,,,,1.0,,340,,0.01,
262,∞Ì»Ô,2026-07-30 07:00,26.6,,,,1.6,,250,,0.37,
262,∞Ì»Ô,2026-07-30 08:00,27.9,,,,2.4,,320,,1.1,
262,∞Ì»Ô,2026-07-30 09:00,29.0,,,,4.4,,320,,1.97,
262,∞Ì»Ô,2026-07-30 10:00,29.8,,,,5.4,,290,,2.05,
262,∞Ì»Ô,2026-07-30 11:00,31.7,,,,5.0,,290,,2.38,
262,∞Ì»Ô,2026-07-30 12:00,33.0,,,,4.6,,290,,3.32,
262,∞Ì»Ô,2026-07-30 13:00,33.2,,,,5.4,,290,,3.41,
262,∞Ì»Ô,2026-07-30 14:00,34.0,,,,3.9,,320,,3.24,
262,∞Ì»Ô,2026-07-30 15:00,34.3,,,,4.6,,320,,2.89,
262,∞Ì»Ô,2026-07-30 16:00,34.5,,,,5.2,,290,,2.3,
262,∞Ì»Ô,2026-07-30 17:00,34.6,,,,4.3,,290,,1.8,
262,∞Ì»Ô,2026-07-30 18:00,33.3,,,,4.9,,290,,1.36,
262,∞Ì»Ô,2026-07-30 19:00,31.3,,,,4.0,,320,,0.51,
262,∞Ì»Ô,2026-07-30 20:00,29.1,,,,1.3,,320,,0.03,
262,∞Ì»Ô,2026-07-30 21:00,28.7,,,,2.5,,290,,,
262,∞Ì»Ô,2026-07-30 22:00,27.4,,,,2.3,,320,,,
262,∞Ì»Ô,2026-07-30 23:00,27.2,,,,3.3,,290,,,
262,∞Ì»Ô,2026-07-31 00:00,26.9,,,,2.4,,270,,,
262,∞Ì»Ô,2026-07-31 01:00,25.7,,,,0.6,,70,,,
262,∞Ì»Ô,2026-07-31 02:00,24.8,,,,0.8,,360,,,
262,∞Ì»Ô,2026-07-31 03:00,24.0,,,,0.7,,20,,,
262,∞Ì»Ô,2026-07-31 04:00,23.4,,,,0.6,,20,,,
262,∞Ì»Ô,2026-07-31 05:00,24.8,,,,3.2,,270,,,
262,∞Ì»Ô,2026-07-31 06:00,24.9,,,,2.9,,270,,0.01,
262,∞Ì»Ô,2026-07-31 07:00,25.8,,,,2.6,,270,,0.3,
262,∞Ì»Ô,2026-07-31 08:00,27.6,,,,5.0,,320,,1.19,
262,∞Ì»Ô,2026-07-31 09:00,29.7,,,,4.2,,320,,2.07,
262,∞Ì»Ô,2026-07-31 10:00,30.5,,,,4.3,,320,,2.4,
262,∞Ì»Ô,2026-07-31 11:00,32.2,,,,3.5,,320,,2.67,
262,∞Ì»Ô,2026-07-31 12:00,33.3,,,,3.3,,290,,3.35,
262,∞Ì»Ô,2026-07-31 13:00,34.8,,,,2.2,,290,,3.38,
262,∞Ì»Ô,2026-07-31 14:00,35.9,,,,2.4,,320,,3.15,
262,∞Ì»Ô,2026-07-31 15:00,36.0,,,,4.2,,290,,2.93,
262,∞Ì»Ô,2026-07-31 16:00,36.7,,,,2.3,,290,,2.32,
262,∞Ì»Ô,2026-07-31 17:00,35.8,,,,4.0,,290,,1.72,
262,∞Ì»Ô,2026-07-31 18:00,35.5,,,,3.7,,320,,1.28,
262,∞Ì»Ô,2026-07-31 19:00,32.8,,,,2.6,,290,,0.55,
262,∞Ì»Ô,2026-07-31 20:00,31.1,,,,2.2,,320,,0.04,
262,∞Ì»Ô,2026-07-31 21:00,29.7,,,,1.4,,320,,,
262,∞Ì»Ô,2026-07-31 22:00,28.5,,,,0.7,,20,,,
262,∞Ì»Ô,2026-07-31 23:00,27.5,,,,0.8,,20,,,
262,∞Ì»Ô,2026-08-01 00:00,26.7,,,,0.6,,340,,,
262,∞Ì»Ô,2026-08-01 01:00,25.8,,,,0.6,,20,,,
262,∞Ì»Ô,2026-08-01 02:00,25.0,,,,0.7,,50,,,
262,∞Ì»Ô,2026-08-01 03:00,24.4,,,,0.7,,50,,,
262,∞Ì»Ô,2026-08-01 04:00,24.5,,,,0.9,,50,,,
262,∞Ì»Ô,2026-08-01 05:00,24.8,,,,1.0,,70,,,
262,∞Ì»Ô,2026-08-01 06:00,24.5,,,,0.5,,90,,0.01,
262,∞Ì»Ô,2026-08-01 07:00,25.7,,,,0.5,,50,,0.29,
262,∞Ì»Ô,2026-08-01 08:00,29.2,,,,1.2,,360,,1.05,
262,∞Ì»Ô,2026-08-01 09:00,30.6,,,,1.4,,290,,1.91,
262,∞Ì»Ô,2026-08-01 10:00,32.3,,,,2.1,,290,,2.29,
262,∞Ì»Ô,2026-08-01 11:00,33.7,,,,2.7,,320,,2.6,
262,∞Ì»Ô,2026-08-01 12:00,34.6,,,,2.5,,340,,3.26,
262,∞Ì»Ô,2026-08-01 13:00,35.2,,,,2.5,,320,,3.35,
262,∞Ì»Ô,2026-08-01 14:00,36.0,,,,2.2,,320,,3.13,
262,∞Ì»Ô,2026-08-01 15:00,36.2,,,,3.0,,290,,2.86,
262,∞Ì»Ô,2026-08-01 16:00,36.3,,,,3.7,,320,,2.24,
262,∞Ì»Ô,2026-08-01 17:00,36.3,,,,2.2,,270,,1.64,
262,∞Ì»Ô,2026-08-01 18:00,34.9,,,,3.5,,320,,1.06,
262,∞Ì»Ô,2026-08-01 19:00,32.8,,,,2.5,,320,,0.48,
262,∞Ì»Ô,2026-08-01 20:00,31.6,,,,2.4,,290,,0.03,
262,∞Ì»Ô,2026-08-01 21:00,30.0,,,,1.6,,270,,,
262,∞Ì»Ô,2026-08-01 22:00,28.7,,,,1.0,,70,,,
262,∞Ì»Ô,2026-08-01 23:00,27.3,,,,0.5,,50,,,
262,∞Ì»Ô,2026-08-02 00:00,26.3,,,,0.4,,0,,,
262,∞Ì»Ô,2026-08-02 01:00,25.5,,,,0.8,,70,,,
262,∞Ì»Ô,2026-08-02 02:00,25.1,,,,1.0,,70,,,
262,∞Ì»Ô,2026-08-02 03:00,24.6,,,,0.7,,70,,,
262,∞Ì»Ô,2026-08-02 04:00,24.3,,,,0.6,,20,,,
262,∞Ì»Ô,2026-08-02 05:00,24.0,,,,0.5,,360,,,
262,∞Ì»Ô,2026-08-02 06:00,23.7,,,,0.2,,0,,0.01,
262,∞Ì»Ô,2026-08-02 07:00,25.1,,,,0.6,,90,,0.3,
262,∞Ì»Ô,2026-08-02 08:00,29.2,,,,1.7,,360,,1.07,
262,∞Ì»Ô,2026-08-02 09:00,31.4,,,,1.6,,340,,1.95,
262,∞Ì»Ô,2026-08-02 10:00,32.6,,,,2.5,,290,,2.41,
262,∞Ì»Ô,2026-08-02 11:00,34.3,,,,2.3,,320,,2.65,
262,∞Ì»Ô,2026-08-02 12:00,35.3,,,,3.5,,290,,3.34,
262,∞Ì»Ô,2026-08-02 13:00,36.7,,,,2.7,,340,,3.34,
262,∞Ì»Ô,2026-08-02 14:00,37.2,,,,3.5,,290,,3.14,
262,∞Ì»Ô,2026-08-02 15:00,38.0,,,,3.0,,320,,2.9,
262,∞Ì»Ô,2026-08-02 16:00,36.6,,,,3.0,,160,,2.32,
262,∞Ì»Ô,2026-08-02 17:00,36.1,,,,3.5,,200,,1.66,
262,∞Ì»Ô,2026-08-02 18:00,34.9,,,,2.1,,230,,1.23,
262,∞Ì»Ô,2026-08-02 19:00,32.5,,,,2.7,,290,,0.46,
262,∞Ì»Ô,2026-08-02 20:00,31.2,,,,2.1,,250,,0.03,
262,∞Ì»Ô,2026-08-02 21:00,29.5,,,,1.0,,50,,,
262,∞Ì»Ô,2026-08-02 22:00,28.8,,,,1.1,,50,,,
262,∞Ì»Ô,2026-08-02 23:00,28.1,,,,0.8,,70,,,
262,∞Ì»Ô,2026-08-03 00:00,27.4,,,,0.6,,340,,,
262,∞Ì»Ô,2026-08-03 01:00,26.8,,,,0.4,,0,,,
262,∞Ì»Ô,2026-08-03 02:00,26.4,,,,0.2,,0,,,
262,∞Ì»Ô,2026-08-03 03:00,26.0,,,,0.3,,0,,,
262,∞Ì»Ô,2026-08-03 04:00,25.7,,,,0.5,,20,,,
262,∞Ì»Ô,2026-08-03 05:00,25.4,,,,0.2,,0,,,
262,∞Ì»Ô,2026-08-03 06:00,25.2,,,,0.2,,0,,0.01,
262,∞Ì»Ô,2026-08-03 07:00,26.4,,,,0.5,,50,,0.28,
262,∞Ì»Ô,2026-08-03 08:00,29.6,,,,0.4,,0,,1.01,
262,∞Ì»Ô,2026-08-03 09:00,32.4,,,,1.1,,290,,1.84,
262,∞Ì»Ô,2026-08-03 10:00,34.0,,,,1.8,,320,,2.31,
262,∞Ì»Ô,2026-08-03 11:00,35.7,,,,1.8,,160,,2.62,
262,∞Ì»Ô,2026-08-03 12:00,36.8,,,,1.8,,160,,3.2,
262,∞Ì»Ô,2026-08-03 13:00,37.1,,,,2.2,,160,,3.38,
262,∞Ì»Ô,2026-08-03 14:00,37.1,,,,2.1,,230,,3.05,
262,∞Ì»Ô,2026-08-03 15:00,37.2,,,,2.8,,270,,2.93,
262,∞Ì»Ô,2026-08-03 16:00,36.8,,,,1.6,,110,,2.22,
262,∞Ì»Ô,2026-08-03 17:00,35.1,,,,2.0,,140,,1.62,
262,∞Ì»Ô,2026-08-03 18:00,32.9,,,,1.6,,140,,1.16,
262,∞Ì»Ô,2026-08-03 19:00,31.2,,,,1.3,,180,,0.38,
262,∞Ì»Ô,2026-08-03 20:00,29.7,,,,0.8,,140,,0.02,
262,∞Ì»Ô,2026-08-03 21:00,28.9,,,,0.8,,50,,,
262,∞Ì»Ô,2026-08-03 22:00,27.9,,,,0.4,,0,,,
262,∞Ì»Ô,2026-08-03 23:00,27.7,,,,0.4,,0,,,
262,∞Ì»Ô,2026-08-04 00:00,26.9,,,,0.2,,0,,,
262,∞Ì»Ô,2026-08-04 01:00,26.2,,,,0.4,,0,,,
262,∞Ì»Ô,2026-08-04 02:00,26.0,,,,0.3,,0,,,
262,∞Ì»Ô,2026-08-04 03:00,26.0,,,,0.5,,20,,,
262,∞Ì»Ô,2026-08-04 04:00,26.1,,,,0.6,,340,,,
262,∞Ì»Ô,2026-08-04 05:00,25.7,,,9,0.5,,360,,,
262,∞Ì»Ô,2026-08-04 06:00,25.3,,,9,0.5,,140,,0.01,
262,∞Ì»Ô,2026-08-04 07:00,26.2,,,9,0.3,,0,,0.25,
262,∞Ì»Ô,2026-08-04 08:00,29.5,,,,1.0,,360,,0.97,
262,∞Ì»Ô,2026-08-04 09:00,32.6,,,,1.0,,50,,1.82,
262,∞Ì»Ô,2026-08-04 10:00,34.1,,,,1.5,,340,,2.24,
262,∞Ì»Ô,2026-08-04 11:00,35.4,,,,2.0,,50,,2.59,
262,∞Ì»Ô,2026-08-04 12:00,36.3,,,,2.2,,50,,3.02,
262,∞Ì»Ô,2026-08-04 13:00,34.6,,,,2.4,,270,,1.79,
262,∞Ì»Ô,2026-08-04 14:00,35.3,,,,1.8,,230,,1.65,
262,∞Ì»Ô,2026-08-04 15:00,34.6,,,,3.0,,180,,1.74,
262,∞Ì»Ô,2026-08-04 16:00,34.2,,,,3.1,,180,,1.96,
262,∞Ì»Ô,2026-08-04 17:00,32.9,,,,2.0,,110,,1.58,
262,∞Ì»Ô,2026-08-04 18:00,31.3,,,,1.6,,140,,0.9,
262,∞Ì»Ô,2026-08-04 19:00,30.0,,,,1.0,,140,,0.17,
262,∞Ì»Ô,2026-08-04 20:00,29.3,,,,0.9,,340,,0.02,
262,∞Ì»Ô,2026-08-04 21:00,28.9,,,,0.5,,20,,,
262,∞Ì»Ô,2026-08-04 22:00,28.5,,,,1.0,,320,,,
262,∞Ì»Ô,2026-08-04 23:00,28.5,,,,0.6,,140,,,
262,∞Ì»Ô,2026-08-05 00:00,28.3,,,,0.9,,90,,,
262,∞Ì»Ô,2026-08-05 01:00,27.4,,3.0,,0.9,,180,,,
262,∞Ì»Ô,2026-08-05 02:00,26.7,,5.8,,1.5,,160,,,
262,∞Ì»Ô,2026-08-05 03:00,26.9,,0.0,,0.8,,230,,,
262,∞Ì»Ô,2026-08-05 04:00,26.4,,3.4,,1.0,,110,,,
262,∞Ì»Ô,2026-08-05 05:00,26.4,,1.8,,0.6,,70,,,
262,∞Ì»Ô,2026-08-05 06:00,26.2,,,9,0.4,,0,,0.0,
262,∞Ì»Ô,2026-08-05 07:00,26.7,,,9,0.4,,0,,0.15,
262,∞Ì»Ô,2026-08-05 08:00,28.0,,,9,0.4,,0,,0.49,
262,∞Ì»Ô,2026-08-05 09:00,30.5,,,9,1.2,,20,,1.45,
262,∞Ì»Ô,2026-08-05 10:00,30.7,,,9,1.1,,20,,1.25,
262,∞Ì»Ô,2026-08-05 11:00,32.7,,,9,1.9,,180,,2.22,
262,∞Ì»Ô,2026-08-05 12:00,32.6,,,9,2.7,,180,,3.25,
262,∞Ì»Ô,2026-08-05 13:00,32.3,,,9,3.1,,270,,1.7,
262,∞Ì»Ô,2026-08-05 14:00,32.2,,,9,1.7,,180,,0.92,
262,∞Ì»Ô,2026-08-05 15:00,33.5,,,9,1.6,,140,,2.85,
262,∞Ì»Ô,2026-08-05 16:00,32.7,,,9,2.1,,160,,2.29,
262,∞Ì»Ô,2026-08-05 17:00,32.1,,,9,1.9,,160,,1.7,
262,∞Ì»Ô,2026-08-05 18:00,31.3,,,9,1.7,,140,,1.18,
262,∞Ì»Ô,2026-08-05 19:00,29.3,,,9,1.4,,180,,0.37,
262,∞Ì»Ô,2026-08-05 20:00,27.8,,,9,1.2,,180,,0.02,
262,∞Ì»Ô,2026-08-05 21:00,27.2,,,9,0.8,,70,,,
262,∞Ì»Ô,2026-08-05 22:00,26.7,,,9,0.7,,90,,,
262,∞Ì»Ô,2026-08-05 23:00,26.2,,,9,0.6,,340,,,
262,∞Ì»Ô,2026-08-06 00:00,25.8,,,9,1.0,,50,,,
262,∞Ì»Ô,2026-08-06 01:00,25.2,,,,0.5,,20,,,
262,∞Ì»Ô,2026-08-06 02:00,24.7,,,,0.2,,0,,,
262,∞Ì»Ô,2026-08-06 03:00,24.3,,,,0.6,,180,,,
262,∞Ì»Ô,2026-08-06 04:00,24.0,,,,0.5,,90,,,
262,∞Ì»Ô,2026-08-06 05:00,23.9,,,,0.5,,20,,,
262,∞Ì»Ô,2026-08-06 06:00,23.8,,,,0.4,,0,,0.01,
262,∞Ì»Ô,2026-08-06 07:00,25.5,,,,1.3,,70,,0.24,
262,∞Ì»Ô,2026-08-06 08:00,28.8,,,,1.3,,50,,1.04,
262,∞Ì»Ô,2026-08-06 09:00,31.5,,,,2.1,,20,,1.93,
262,∞Ì»Ô,2026-08-06 10:00,31.5,,,,1.1,,90,,1.41,
262,∞Ì»Ô,2026-08-06 11:00,33.1,,,,2.5,,70,,1.75,
262,∞Ì»Ô,2026-08-06 12:00,33.3,,,,1.6,,90,,2.22,
262,∞Ì»Ô,2026-08-06 13:00,33.7,,,,2.3,,180,,2.52,
262,∞Ì»Ô,2026-08-06 14:00,32.9,,,,2.5,,180,,3.22,
262,∞Ì»Ô,2026-08-06 15:00,33.6,,,,3.4,,180,,2.92,
262,∞Ì»Ô,2026-08-06 16:00,32.6,,,,3.2,,180,,2.29,
262,∞Ì»Ô,2026-08-06 17:00,32.4,,,,2.6,,180,,1.77,
262,∞Ì»Ô,2026-08-06 18:00,31.0,,,,1.9,,140,,1.2,
262,∞Ì»Ô,2026-08-06 19:00,29.1,,,,1.4,,160,,0.44,
262,∞Ì»Ô,2026-08-06 20:00,27.6,,,,1.3,,110,,0.01,
262,∞Ì»Ô,2026-08-06 21:00,26.3,,,,0.6,,50,,,
262,∞Ì»Ô,2026-08-06 22:00,25.5,,,,0.5,,20,,,
262,∞Ì»Ô,2026-08-06 23:00,25.0,,,,0.3,,0,,,
262,∞Ì»Ô,2026-08-07 00:00,24.6,,,,0.6,,360,,,
262,∞Ì»Ô,2026-08-07 01:00,25.1,,,,0.7,,20,,,
262,∞Ì»Ô,2026-08-07 02:00,25.1,,,,0.8,,360,,,
262,∞Ì»Ô,2026-08-07 03:00,25.9,,,,1.3,,50,,,
262,∞Ì»Ô,2026-08-07 04:00,25.2,,,,0.9,,90,,,
262,∞Ì»Ô,2026-08-07 05:00,26.0,,,,1.4,,360,,,
262,∞Ì»Ô,2026-08-07 06:00,25.6,,,,0.8,,360,,0.01,
262,∞Ì»Ô,2026-08-07 07:00,27.0,,,,1.1,,360,,0.27,
262,∞Ì»Ô,2026-08-07 08:00,29.6,,,,1.9,,20,,1.14,
262,∞Ì»Ô,2026-08-07 09:00,32.3,,,,3.4,,50,,1.81,
262,∞Ì»Ô,2026-08-07 10:00,33.5,,,,3.1,,50,,1.92,
262,∞Ì»Ô,2026-08-07 11:00,34.4,,,,3.3,,50,,2.64,
262,∞Ì»Ô,2026-08-07 12:00,35.1,,,,3.7,,50,,2.86,
262,∞Ì»Ô,2026-08-07 13:00,35.9,,,,3.1,,110,,3.44,
262,∞Ì»Ô,2026-08-07 14:00,35.9,,,,3.8,,70,,3.78,
262,∞Ì»Ô,2026-08-07 15:00,35.7,,,,4.7,,90,,3.05,
262,∞Ì»Ô,2026-08-07 16:00,36.0,,,,3.5,,90,,2.36,
262,∞Ì»Ô,2026-08-07 17:00,33.0,,,,2.4,,160,,1.22,
262,∞Ì»Ô,2026-08-07 18:00,33.8,,,,2.3,,110,,1.09,
262,∞Ì»Ô,2026-08-07 19:00,32.4,,,,2.7,,110,,0.51,
262,∞Ì»Ô,2026-08-07 20:00,31.6,,,,3.7,,70,,0.03,
262,∞Ì»Ô,2026-08-07 21:00,30.6,,,,2.3,,50,,,
262,∞Ì»Ô,2026-08-07 22:00,30.4,,,,1.8,,70,,,
262,∞Ì»Ô,2026-08-07 23:00,30.6,,,,1.7,,70,,,
262,∞Ì»Ô,2026-08-08 00:00,30.7,,,,2.2,,90,,,
262,∞Ì»Ô,2026-08-08 01:00,30.6,,,,3.6,,70,,,
262,∞Ì»Ô,2026-08-08 02:00,29.4,,,,1.4,,50,,,
262,∞Ì»Ô,2026-08-08 03:00,28.9,,,,2.4,,50,,,
262,∞Ì»Ô,2026-08-08 04:00,28.8,,,,1.9,,50,,,
262,∞Ì»Ô,2026-08-08 05:00,28.1,,,,1.4,,50,,,
262,∞Ì»Ô,2026-08-08 06:00,28.2,,,,0.8,,20,,0.0,
262,∞Ì»Ô,2026-08-08 07:00,28.8,,,,1.1,,70,,0.12,
262,∞Ì»Ô,2026-08-08 08:00,29.9,,,,1.7,,70,,0.43,
262,∞Ì»Ô,2026-08-08 09:00,30.9,,,,3.7,,110,,1.07,
262,∞Ì»Ô,2026-08-08 10:00,31.9,,,,3.5,,90,,1.48,
262,∞Ì»Ô,2026-08-08 11:00,32.5,,,,4.7,,90,,1.98,
262,∞Ì»Ô,2026-08-08 12:00,32.6,,,,3.7,,90,,2.07,
262,∞Ì»Ô,2026-08-08 13:00,33.0,,,,3.7,,90,,2.29,
262,∞Ì»Ô,2026-08-08 14:00,34.0,,,,3.8,,110,,2.59,
262,∞Ì»Ô,2026-08-08 15:00,33.6,,,,3.5,,90,,2.33,
262,∞Ì»Ô,2026-08-08 16:00,32.8,,,,3.6,,90,,1.53,
262,∞Ì»Ô,2026-08-08 17:00,31.9,,,,2.9,,140,,0.92,
262,∞Ì»Ô,2026-08-08 18:00,31.1,,,,2.0,,140,,0.45,
262,∞Ì»Ô,2026-08-08 19:00,30.5,,,,2.0,,70,,0.15,
262,∞Ì»Ô,2026-08-08 20:00,30.3,,,,2.9,,90,,0.01,
262,∞Ì»Ô,2026-08-08 21:00,29.9,,,,2.2,,90,,,
262,∞Ì»Ô,2026-08-08 22:00,29.8,,,,2.9,,90,,,
262,∞Ì»Ô,2026-08-08 23:00,29.6,,,,2.8,,90,,,
262,∞Ì»Ô,2026-08-09 00:00,29.3,,,,2.6,,70,,,
262,∞Ì»Ô,2026-08-09 01:00,29.2,,,,4.1,,90,,,
262,∞Ì»Ô,2026-08-09 02:00,29.1,,,,1.4,,110,,,
262,∞Ì»Ô,2026-08-09 03:00,28.7,,,,2.3,,50,,,
262,∞Ì»Ô,2026-08-09 04:00,28.2,,,,2.2,,70,,,
262,∞Ì»Ô,2026-08-09 05:00,28.0,,,,2.4,,50,,,
262,∞Ì»Ô,2026-08-09 06:00,27.8,,,,2.0,,70,,0.0,
262,∞Ì»Ô,2026-08-09 07:00,28.0,,,,2.4,,70,,0.05,
262,∞Ì»Ô,2026-08-09 08:00,28.4,,,,1.9,,70,,0.24,
262,∞Ì»Ô,2026-08-09 09:00,29.1,,,,3.1,,50,,0.6,
262,∞Ì»Ô,2026-08-09 10:00,29.2,,,,3.3,,50,,0.89,
262,∞Ì»Ô,2026-08-09 11:00,29.4,,,,2.3,,70,,0.84,
262,∞Ì»Ô,2026-08-09 12:00,30.5,,,,2.3,,50,,1.12,
262,∞Ì»Ô,2026-08-09 13:00,30.5,,,,3.5,,90,,1.2,
262,∞Ì»Ô,2026-08-09 14:00,30.6,,0.0,,4.9,,70,,1.34,
262,∞Ì»Ô,2026-08-09 15:00,31.2,,,9,3.9,,90,,1.68,
262,∞Ì»Ô,2026-08-09 16:00,30.7,,,9,3.7,,90,,1.11,
262,∞Ì»Ô,2026-08-09 17:00,31.0,,,9,2.4,,140,,1.01,
262,∞Ì»Ô,2026-08-09 18:00,29.6,,,9,1.6,,140,,0.51,
262,∞Ì»Ô,2026-08-09 19:00,29.1,,,9,2.3,,160,,0.12,
262,∞Ì»Ô,2026-08-09 20:00,29.1,,,9,1.3,,90,,0.01,
262,∞Ì»Ô,2026-08-09 21:00,29.4,,,9,3.4,,90,,,
262,∞Ì»Ô,2026-08-09 22:00,29.0,,,9,2.1,,90,,,
262,∞Ì»Ô,2026-08-09 23:00,28.8,,,9,3.1,,90,,,
262,∞Ì»Ô,2026-08-10 00:00,28.5,,,9,1.6,,110,,,
262,∞Ì»Ô,2026-08-10 01:00,28.4,,,,1.6,,90,,,
262,∞Ì»Ô,2026-08-10 02:00,28.6,,,,2.1,,90,,,
262,∞Ì»Ô,2026-08-10 03:00,28.5,,,,2.5,,90,,,
262,∞Ì»Ô,2026-08-10 04:00,28.5,,,,2.7,,70,,,
262,∞Ì»Ô,2026-08-10 05:00,28.3,,,,2.0,,70,,,
262,∞Ì»Ô,2026-08-10 06:00,27.9,,,,1.8,,70,,0.0,
262,∞Ì»Ô,2026-08-10 07:00,28.0,,,,1.9,,50,,0.06,
262,∞Ì»Ô,2026-08-10 08:00,28.1,,,,2.2,,90,,0.2,
262,∞Ì»Ô,2026-08-10 09:00,28.4,,,,1.9,,50,,0.31,
262,∞Ì»Ô,2026-08-10 10:00,28.4,,,,1.8,,70,,0.38,
262,∞Ì»Ô,2026-08-10 11:00,29.2,,,,2.0,,90,,0.66,
262,∞Ì»Ô,2026-08-10 12:00,30.3,,,,3.0,,50,,1.58,
262,∞Ì»Ô,2026-08-10 13:00,29.9,,,,3.2,,90,,1.3,
262,∞Ì»Ô,2026-08-10 14:00,29.8,,,,2.7,,90,,0.98,
262,∞Ì»Ô,2026-08-10 15:00,30.2,,,,2.3,,90,,0.9,
262,∞Ì»Ô,2026-08-10 16:00,30.0,,,,2.0,,110,,1.0,
262,∞Ì»Ô,2026-08-10 17:00,29.4,,,,2.0,,160,,0.8,
262,∞Ì»Ô,2026-08-10 18:00,28.5,,,,1.4,,160,,0.59,
262,∞Ì»Ô,2026-08-10 19:00,27.6,,,,0.9,,140,,0.22,
262,∞Ì»Ô,2026-08-10 20:00,26.8,,,,1.8,,140,,0.01,
262,∞Ì»Ô,2026-08-10 21:00,26.5,,,,1.3,,110,,,
262,∞Ì»Ô,2026-08-10 22:00,26.2,,,,1.4,,160,,,
262,∞Ì»Ô,2026-08-10 23:00,26.0,,,,1.7,,110,,,
262,∞Ì»Ô,2026-08-11 00:00,24.8,,,,1.5,,50,,,
262,∞Ì»Ô,2026-08-11 01:00,25.2,,,,1.7,,70,,,
262,∞Ì»Ô,2026-08-11 02:00,25.2,,,,3.2,,70,,,
262,∞Ì»Ô,2026-08-11 03:00,24.8,,,,3.0,,70,,,
262,∞Ì»Ô,2026-08-11 04:00,24.7,,,,2.2,,70,,,
262,∞Ì»Ô,2026-08-11 05:00,24.3,,,,1.8,,50,,,
262,∞Ì»Ô,2026-08-11 06:00,24.4,,,,2.6,,70,,0.0,
262,∞Ì»Ô,2026-08-11 07:00,24.4,,,,2.4,,70,,0.09,
262,∞Ì»Ô,2026-08-11 08:00,24.7,,,,3.7,,70,,0.26,
262,∞Ì»Ô,2026-08-11 09:00,26.1,,,,1.8,,70,,0.81,
262,∞Ì»Ô,2026-08-11 10:00,27.9,,,,2.2,,50,,1.82,
262,∞Ì»Ô,2026-08-11 11:00,28.8,,,,1.5,,110,,1.85,
262,∞Ì»Ô,2026-08-11 12:00,28.8,,,,2.5,,70,,2.02,
262,∞Ì»Ô,2026-08-11 13:00,29.2,,,,3.0,,160,,2.35,
262,∞Ì»Ô,2026-08-11 14:00,29.5,,,,3.0,,140,,2.95,
262,∞Ì»Ô,2026-08-11 15:00,30.7,,,,2.9,,180,,2.48,
262,∞Ì»Ô,2026-08-11 16:00,30.2,,,,2.5,,180,,2.35,
262,∞Ì»Ô,2026-08-11 17:00,29.3,,,,3.0,,180,,1.46,
262,∞Ì»Ô,2026-08-11 18:00,28.5,,,,2.3,,180,,1.04,
262,∞Ì»Ô,2026-08-11 19:00,26.8,,,,1.4,,160,,0.52,
262,∞Ì»Ô,2026-08-11 20:00,25.0,,,,0.7,,90,,0.02,
262,∞Ì»Ô,2026-08-11 21:00,23.5,,,,0.5,,20,,,
262,∞Ì»Ô,2026-08-11 22:00,22.4,,,,0.5,,20,,,
262,∞Ì»Ô,2026-08-11 23:00,22.3,,,,0.3,,0,,,
262,∞Ì»Ô,2026-08-12 00:00,22.6,,,,1.4,,50,,,
262,∞Ì»Ô,2026-08-12 01:00,21.2,,,,1.0,,50,,,
262,∞Ì»Ô,2026-08-12 02:00,21.7,,,,1.2,,20,,,
262,∞Ì»Ô,2026-08-12 03:00,21.7,,,,1.5,,70,,,
262,∞Ì»Ô,2026-08-12 04:00,21.6,,,,1.4,,20,,,
262,∞Ì»Ô,2026-08-12 05:00,21.8,,,,2.2,,50,,,
262,∞Ì»Ô,2026-08-12 06:00,20.9,,,,1.2,,20,,0.0,
262,∞Ì»Ô,2026-08-12 07:00,22.5,,,,1.9,,50,,0.23,
262,∞Ì»Ô,2026-08-12 08:00,24.9,,,,3.5,,50,,1.05,
262,∞Ì»Ô,2026-08-12 09:00,27.0,,,,4.1,,50,,2.0,
262,∞Ì»Ô,2026-08-12 10:00,28.5,,,,3.0,,50,,2.39,
262,∞Ì»Ô,2026-08-12 11:00,29.9,,,,3.0,,70,,2.64,
262,∞Ì»Ô,2026-08-12 12:00,29.4,,,,3.4,,20,,2.36,
262,∞Ì»Ô,2026-08-12 13:00,30.7,,,,2.0,,50,,2.25,
262,∞Ì»Ô,2026-08-12 14:00,31.5,,,,2.0,,140,,2.71,
262,∞Ì»Ô,2026-08-12 15:00,32.3,,,,1.7,,230,,3.02,
262,∞Ì»Ô,2026-08-12 16:00,30.7,,,,3.1,,270,,1.18,
262,∞Ì»Ô,2026-08-12 17:00,30.5,,,,1.8,,320,,0.97,
262,∞Ì»Ô,2026-08-12 18:00,28.8,,,,2.2,,200,,0.37,
262,∞Ì»Ô,2026-08-12 19:00,27.7,,,,0.6,,160,,0.12,
262,∞Ì»Ô,2026-08-12 20:00,26.7,,,,0.6,,50,,0.0,
262,∞Ì»Ô,2026-08-12 21:00,26.0,,,,0.5,,360,,,
262,∞Ì»Ô,2026-08-12 22:00,25.3,,,,0.9,,20,,,
262,∞Ì»Ô,2026-08-12 23:00,25.0,,,,0.3,,0,,,
262,∞Ì»Ô,2026-08-13 00:00,24.6,,,,0.3,,0,,,
262,∞Ì»Ô,2026-08-13 01:00,24.0,,,,0.5,,290,,,
262,∞Ì»Ô,2026-08-13 02:00,23.5,,,,0.3,,0,,,
262,∞Ì»Ô,2026-08-13 03:00,22.5,,,,0.8,,70,,,
262,∞Ì»Ô,2026-08-13 04:00,24.0,,,,0.7,,140,,,
262,∞Ì»Ô,2026-08-13 05:00,22.2,,,,0.5,,360,,,
262,∞Ì»Ô,2026-08-13 06:00,21.1,,,,0.3,,0,,0.0,
262,∞Ì»Ô,2026-08-13 07:00,21.9,,,,0.5,,70,,0.22,
262,∞Ì»Ô,2026-08-13 08:00,26.0,,,,0.8,,290,,1.09,
262,∞Ì»Ô,2026-08-13 09:00,29.7,,,,1.7,,50,,1.96,
262,∞Ì»Ô,2026-08-13 10:00,30.9,,,,1.4,,340,,2.03,
262,∞Ì»Ô,2026-08-13 11:00,30.0,,,,1.4,,200,,1.32,
262,∞Ì»Ô,2026-08-13 12:00,30.2,,,,2.1,,290,,1.49,
262,∞Ì»Ô,2026-08-13 13:00,30.8,,,,3.2,,200,,1.93,
262,∞Ì»Ô,2026-08-13 14:00,30.3,,,,1.9,,200,,0.87,
262,∞Ì»Ô,2026-08-13 15:00,32.4,,,,1.6,,180,,3.0,
262,∞Ì»Ô,2026-08-13 16:00,32.7,,,,2.3,,160,,2.58,
262,∞Ì»Ô,2026-08-13 17:00,30.5,,,,3.5,,200,,1.86,
262,∞Ì»Ô,2026-08-13 18:00,29.5,,,,2.3,,230,,0.93,
262,∞Ì»Ô,2026-08-13 19:00,27.1,,,,2.1,,200,,0.23,
262,∞Ì»Ô,2026-08-13 20:00,26.1,,,,0.9,,90,,0.0,
262,∞Ì»Ô,2026-08-13 21:00,25.0,,,,0.5,,360,,,
262,∞Ì»Ô,2026-08-13 22:00,24.1,,,,0.2,,0,,,
262,∞Ì»Ô,2026-08-13 23:00,23.5,,,,0.7,,90,,,
262,∞Ì»Ô,2026-08-14 00:00,23.2,,,,0.7,,50,,,
262,∞Ì»Ô,2026-08-14 01:00,22.8,,,,0.4,,0,,,
262,∞Ì»Ô,2026-08-14 02:00,22.0,,,,0.4,,0,,,
262,∞Ì»Ô,2026-08-14 03:00,21.4,,,,0.5,,20,,,
262,∞Ì»Ô,2026-08-14 04:00,21.0,,,,0.3,,0,,,
262,∞Ì»Ô,2026-08-14 05:00,21.0,,,,0.5,,90,,,
262,∞Ì»Ô,2026-08-14 06:00,21.0,,,,0.6,,340,,0.0,
262,∞Ì»Ô,2026-08-14 07:00,22.7,,,,0.2,,0,,0.19,
262,∞Ì»Ô,2026-08-14 08:00,25.5,,,,0.4,,0,,0.58,
262,∞Ì»Ô,2026-08-14 09:00,29.1,,,,1.0,,320,,1.71,
262,∞Ì»Ô,2026-08-14 10:00,31.4,,,,2.0,,160,,2.28,
262,∞Ì»Ô,2026-08-14 11:00,30.7,,,,2.1,,140,,2.19,
262,∞Ì»Ô,2026-08-14 12:00,30.2,,,,3.8,,290,,2.47,
262,∞Ì»Ô,2026-08-14 13:00,28.8,,,,2.1,,340,,0.92,
262,∞Ì»Ô,2026-08-14 14:00,29.6,,0.0,,1.4,,320,,0.7,
262,∞Ì»Ô,2026-08-14 15:00,31.2,,,9,1.9,,110,,1.47,
262,∞Ì»Ô,2026-08-14 16:00,31.0,,,9,2.8,,160,,1.79,
262,∞Ì»Ô,2026-08-14 17:00,30.8,,,9,2.5,,180,,1.74,
262,∞Ì»Ô,2026-08-14 18:00,29.3,,,9,2.5,,180,,0.91,
262,∞Ì»Ô,2026-08-14 19:00,27.6,,,9,0.7,,160,,0.22,
262,∞Ì»Ô,2026-08-14 20:00,25.0,,,9,0.6,,360,,0.01,
262,∞Ì»Ô,2026-08-14 21:00,24.1,,,9,0.5,,20,,,
262,∞Ì»Ô,2026-08-14 22:00,23.5,,,9,0.8,,50,,,
262,∞Ì»Ô,2026-08-14 23:00,22.8,,,9,0.2,,0,,,
262,∞Ì»Ô,2026-08-15 00:00,22.4,,,9,0.4,,0,,,
262,∞Ì»Ô,2026-08-15 01:00,22.6,,,,0.3,,0,,,
262,∞Ì»Ô,2026-08-15 02:00,22.9,,,,0.4,,0,,,
262,∞Ì»Ô,2026-08-15 03:00,23.0,,,,0.5,,110,,,
262,∞Ì»Ô,2026-08-15 04:00,23.0,,,,0.3,,0,,,
262,∞Ì»Ô,2026-08-15 05:00,22.7,,,,0.4,,0,,,
262,∞Ì»Ô,2026-08-15 06:00,22.3,,,,0.3,,0,,0.0,
262,∞Ì»Ô,2026-08-15 07:00,23.6,,,,0.7,,180,,0.14,
262,∞Ì»Ô,2026-08-15 08:00,27.2,,,,1.3,,110,,0.81,
262,∞Ì»Ô,2026-08-15 09:00,29.0,,,,1.7,,160,,1.28,
262,∞Ì»Ô,2026-08-15 10:00,29.5,,,,1.5,,140,,1.6,
262,∞Ì»Ô,2026-08-15 11:00,28.8,,0.0,,2.6,,110,,1.2,
262,∞Ì»Ô,2026-08-15 12:00,30.0,,0.0,,2.7,,90,,1.8,
262,∞Ì»Ô,2026-08-15 13:00,29.0,,,9,2.6,,110,,1.67,
262,∞Ì»Ô,2026-08-15 14:00,28.6,,,9,2.1,,90,,0.94,
262,∞Ì»Ô,2026-08-15 15:00,28.3,,,9,1.7,,110,,0.94,
262,∞Ì»Ô,2026-08-15 16:00,26.8,,0.0,,1.7,,110,,0.34,
262,∞Ì»Ô,2026-08-15 17:00,26.3,,0.0,,1.4,,90,,0.16,
262,∞Ì»Ô,2026-08-15 18:00,25.3,,4.3,,1.1,,160,,0.12,
262,∞Ì»Ô,2026-08-15 19:00,25.0,,3.5,,1.2,,20,,0.05,
262,∞Ì»Ô,2026-08-15 20:00,24.2,,6.4,,1.2,,50,,0.0,
262,∞Ì»Ô,2026-08-15 21:00,24.1,,0.0,,1.4,,90,,,
262,∞Ì»Ô,2026-08-15 22:00,24.1,,0.8,,1.6,,90,,,
262,∞Ì»Ô,2026-08-15 23:00,23.8,,2.7,,1.6,,180,,,
262,∞Ì»Ô,2026-08-16 00:00,24.4,,3.0,,1.0,,230,,,
262,∞Ì»Ô,2026-08-16 01:00,25.3,,0.0,,2.5,,110,,,
262,∞Ì»Ô,2026-08-16 02:00,24.3,,9.7,,3.6,,160,,,
262,∞Ì»Ô,2026-08-16 03:00,24.5,,3.3,,1.9,,160,,,
262,∞Ì»Ô,2026-08-16 04:00,24.6,,1.0,,1.3,,200,,,
262,∞Ì»Ô,2026-08-16 05:00,24.8,,2.5,,2.0,,160,,,
262,∞Ì»Ô,2026-08-16 06:00,23.8,,5.9,,3.8,,140,,0.0,
262,∞Ì»Ô,2026-08-16 07:00,24.6,,2.1,,2.9,,160,,0.02,
262,∞Ì»Ô,2026-08-16 08:00,24.7,,0.0,,1.8,,160,,0.09,
262,∞Ì»Ô,2026-08-16 09:00,25.3,,0.1,,1.4,,180,,0.35,
262,∞Ì»Ô,2026-08-16 10:00,26.1,,0.2,,1.6,,340,,0.42,
262,∞Ì»Ô,2026-08-16 11:00,25.2,,6.5,,2.9,,20,,0.37,
262,∞Ì»Ô,2026-08-16 12:00,24.2,,1.1,,2.3,,20,,0.55,
262,∞Ì»Ô,2026-08-16 13:00,23.9,,2.8,,3.4,,20,,0.51,
262,∞Ì»Ô,2026-08-16 14:00,23.5,,1.0,,2.4,,20,,0.33,
262,∞Ì»Ô,2026-08-16 15:00,23.5,,1.1,,1.8,,360,,0.28,
262,∞Ì»Ô,2026-08-16 16:00,24.0,,,9,2.8,,20,,0.5,
262,∞Ì»Ô,2026-08-16 17:00,24.1,,,9,1.2,,20,,0.38,
262,∞Ì»Ô,2026-08-16 18:00,24.2,,,9,1.1,,20,,0.31,
262,∞Ì»Ô,2026-08-16 19:00,23.8,,0.6,,0.7,,250,,0.08,
262,∞Ì»Ô,2026-08-16 20:00,23.6,,0.1,,1.2,,50,,0.0,
262,∞Ì»Ô,2026-08-16 21:00,23.6,,0.4,,1.0,,360,,,
262,∞Ì»Ô,2026-08-16 22:00,23.6,,6.4,,0.7,,70,,,
262,∞Ì»Ô,2026-08-16 23:00,23.6,,4.8,,1.0,,20,,,
262,∞Ì»Ô,2026-08-17 00:00,23.6,,,9,1.0,,20,,,
262,∞Ì»Ô,2026-08-17 01:00,23.7,,,,1.0,,20,,,
262,∞Ì»Ô,2026-08-17 02:00,23.8,,,,0.5,,20,,,
262,∞Ì»Ô,2026-08-17 03:00,23.9,,,,1.0,,20,,,
262,∞Ì»Ô,2026-08-17 04:00,24.0,,0.0,,0.5,,340,,,
262,∞Ì»Ô,2026-08-17 05:00,24.0,,0.0,,0.9,,360,,,
262,∞Ì»Ô,2026-08-17 06:00,24.1,,,9,1.0,,320,,0.0,
262,∞Ì»Ô,2026-08-17 07:00,24.3,,,9,1.3,,320,,0.03,
262,∞Ì»Ô,2026-08-17 08:00,24.7,,,9,0.8,,320,,0.1,
262,∞Ì»Ô,2026-08-17 09:00,26.0,,,9,1.2,,340,,0.66,
262,∞Ì»Ô,2026-08-17 10:00,24.9,,,9,2.4,,20,,0.54,
262,∞Ì»Ô,2026-08-17 11:00,24.8,,3.7,,1.5,,70,,0.59,
262,∞Ì»Ô,2026-08-17 12:00,26.1,,,9,2.0,,50,,1.51,
262,∞Ì»Ô,2026-08-17 13:00,26.0,,,9,2.8,,50,,1.09,
262,∞Ì»Ô,2026-08-17 14:00,26.8,,,9,1.8,,20,,1.29,
262,∞Ì»Ô,2026-08-17 15:00,27.7,,,9,2.6,,50,,1.21,
262,∞Ì»Ô,2026-08-17 16:00,29.4,,,9,1.3,,340,,1.96,
262,∞Ì»Ô,2026-08-17 17:00,30.0,,,9,1.0,,360,,1.49,
262,∞Ì»Ô,2026-08-17 18:00,29.5,,,9,2.1,,270,,0.89,
262,∞Ì»Ô,2026-08-17 19:00,27.0,,,9,0.5,,320,,0.19,
262,∞Ì»Ô,2026-08-17 20:00,25.9,,,9,0.5,,340,,0.01,
262,∞Ì»Ô,2026-08-17 21:00,25.7,,,9,0.5,,360,,,
262,∞Ì»Ô,2026-08-17 22:00,24.7,,,9,0.6,,360,,,
262,∞Ì»Ô,2026-08-17 23:00,24.2,,,9,0.5,,340,,,
262,∞Ì»Ô,2026-08-18 00:00,24.0,,,9,0.4,,0,,,
262,∞Ì»Ô,2026-08-18 01:00,23.8,,,,0.2,,0,,,
262,∞Ì»Ô,2026-08-18 02:00,23.4,,,,0.9,,180,,,
262,∞Ì»Ô,2026-08-18 03:00,23.4,,,,0.5,,340,,,
262,∞Ì»Ô,2026-08-18 04:00,23.3,,,,0.2,,0,,,
262,∞Ì»Ô,2026-08-18 05:00,23.7,,,,0.4,,0,,,
262,∞Ì»Ô,2026-08-18 06:00,24.0,,,,0.7,,290,,0.0,
262,∞Ì»Ô,2026-08-18 07:00,24.3,,,,0.9,,320,,0.04,
262,∞Ì»Ô,2026-08-18 08:00,25.0,,,,1.4,,320,,0.3,
262,∞Ì»Ô,2026-08-18 09:00,26.5,,,,0.9,,180,,0.56,
262,∞Ì»Ô,2026-08-18 10:00,29.6,,,,1.8,,180,,1.6,
262,∞Ì»Ô,2026-08-18 11:00,29.9,,,,1.8,,290,,1.82,
262,∞Ì»Ô,2026-08-18 12:00,31.1,,,,2.3,,180,,2.05,
262,∞Ì»Ô,2026-08-18 13:00,32.0,,,,1.3,,180,,2.68,
262,∞Ì»Ô,2026-08-18 14:00,32.2,,,,2.8,,200,,3.53,
262,∞Ì»Ô,2026-08-18 15:00,32.2,,,,2.9,,230,,3.13,
262,∞Ì»Ô,2026-08-18 16:00,31.9,,,,3.6,,230,,2.31,
262,∞Ì»Ô,2026-08-18 17:00,31.7,,,,2.6,,230,,1.93,
262,∞Ì»Ô,2026-08-18 18:00,30.0,,,,2.8,,230,,1.16,
262,∞Ì»Ô,2026-08-18 19:00,27.6,,,,2.4,,230,,0.33,
262,∞Ì»Ô,2026-08-18 20:00,26.4,,,,0.8,,270,,0.01,
262,∞Ì»Ô,2026-08-18 21:00,25.6,,,,0.4,,0,,,
262,∞Ì»Ô,2026-08-18 22:00,25.0,,,,0.4,,0,,,
262,∞Ì»Ô,2026-08-18 23:00,24.9,,,,0.3,,0,,,
262,∞Ì»Ô,2026-08-19 00:00,25.3,,,,0.4,,0,,,
262,∞Ì»Ô,2026-08-19 01:00,25.3,,,,0.4,,0,,,
262,∞Ì»Ô,2026-08-19 02:00,25.3,,0.6,,0.7,,110,,,
262,∞Ì»Ô,2026-08-19 03:00,25.0,,0.8,,1.0,,160,,,
262,∞Ì»Ô,2026-08-19 04:00,25.1,,0.7,,0.6,,50,,,
262,∞Ì»Ô,2026-08-19 05:00,25.0,,0.1,,0.4,,0,,,
262,∞Ì»Ô,2026-08-19 06:00,24.9,,,9,0.3,,0,,0.0,
262,∞Ì»Ô,2026-08-19 07:00,25.2,,,9,0.4,,0,,0.08,
262,∞Ì»Ô,2026-08-19 08:00,26.3,,,9,0.4,,0,,0.36,
262,∞Ì»Ô,2026-08-19 09:00,27.5,,,9,0.8,,160,,0.74,
262,∞Ì»Ô,2026-08-19 10:00,27.0,,,9,1.9,,200,,0.89,
262,∞Ì»Ô,2026-08-19 11:00,30.2,,0.2,,2.2,,200,,1.93,
262,∞Ì»Ô,2026-08-19 12:00,30.7,,,9,2.9,,180,,2.29,
262,∞Ì»Ô,2026-08-19 13:00,32.1,,,9,2.3,,200,,2.8,
262,∞Ì»Ô,2026-08-19 14:00,32.2,,,9,3.6,,230,,3.04,
262,∞Ì»Ô,2026-08-19 15:00,31.9,,,9,3.4,,230,,3.02,
262,∞Ì»Ô,2026-08-19 16:00,32.1,,,9,2.6,,180,,2.4,
262,∞Ì»Ô,2026-08-19 17:00,31.8,,,9,3.1,,200,,1.71,
262,∞Ì»Ô,2026-08-19 18:00,29.1,,,9,1.7,,320,,0.47,
262,∞Ì»Ô,2026-08-19 19:00,27.0,,,9,2.0,,340,,0.09,
262,∞Ì»Ô,2026-08-19 20:00,26.6,,,9,0.7,,50,,0.0,
262,∞Ì»Ô,2026-08-19 21:00,26.2,,,9,0.4,,0,,,
262,∞Ì»Ô,2026-08-19 22:00,25.8,,,9,1.1,,320,,,
262,∞Ì»Ô,2026-08-19 23:00,25.9,,,9,0.4,,0,,,
262,∞Ì»Ô,2026-08-20 00:00,25.2,,,9,0.6,,20,,,
262,∞Ì»Ô,2026-08-20 01:00,24.6,,,,0.3,,0,,,
262,∞Ì»Ô,2026-08-20 02:00,24.2,,,,0.5,,50,,,
262,∞Ì»Ô,2026-08-20 03:00,23.9,,,,0.2,,0,,,
262,∞Ì»Ô,2026-08-20 04:00,23.6,,,,0.7,,340,,,
262,∞Ì»Ô,2026-08-20 05:00,23.9,,,,0.6,,180,,,
262,∞Ì»Ô,2026-08-20 06:00,24.3,,,,0.2,,0,,0.0,
262,∞Ì»Ô,2026-08-20 07:00,24.8,,,,0.4,,0,,0.21,
262,∞Ì»Ô,2026-08-20 08:00,27.0,,,,0.6,,340,,0.95,
262,∞Ì»Ô,2026-08-20 09:00,29.2,,,,0.8,,320,,1.71,
262,∞Ì»Ô,2026-08-20 10:00,30.2,,,,1.3,,140,,1.84,
262,∞Ì»Ô,2026-08-20 11:00,32.3,,,,1.7,,110,,2.3,
262,∞Ì»Ô,2026-08-20 12:00,31.8,,,,1.7,,160,,2.29,
262,∞Ì»Ô,2026-08-20 13:00,32.7,,,,2.2,,90,,2.97,
262,∞Ì»Ô,2026-08-20 14:00,33.1,,,,1.1,,320,,2.37,
262,∞Ì»Ô,2026-08-20 15:00,32.3,,,,1.8,,90,,1.69,
262,∞Ì»Ô,2026-08-20 16:00,32.1,,,,2.0,,160,,1.73,
262,∞Ì»Ô,2026-08-20 17:00,30.7,,,,1.1,,90,,0.79,
262,∞Ì»Ô,2026-08-20 18:00,30.9,,,,2.1,,180,,0.89,
262,∞Ì»Ô,2026-08-20 19:00,28.0,,,,0.6,,340,,0.21,
262,∞Ì»Ô,2026-08-20 20:00,26.3,,,,0.7,,20,,0.0,
262,∞Ì»Ô,2026-08-20 21:00,25.4,,,,0.5,,360,,,
262,∞Ì»Ô,2026-08-20 22:00,25.0,,,,0.3,,0,,,
262,∞Ì»Ô,2026-08-20 23:00,24.5,,,,0.4,,0,,,
262,∞Ì»Ô,2026-08-21 00:00,24.2,,,,0.4,,0,,,
262,∞Ì»Ô,2026-08-21 01:00,23.9,,,,0.2,,0,,,
262,∞Ì»Ô,2026-08-21 02:00,23.7,,,,0.5,,340,,,
262,∞Ì»Ô,2026-08-21 03:00,23.6,,,,0.4,,0,,,
262,∞Ì»Ô,2026-08-21 04:00,24.0,,,,0.7,,180,,,
262,∞Ì»Ô,2026-08-21 05:00,23.8,,,,0.4,,0,,,
262,∞Ì»Ô,2026-08-21 06:00,24.0,,,,0.5,,140,,0.0,
262,∞Ì»Ô,2026-08-21 07:00,24.8,,,,0.7,,90,,0.18,
262,∞Ì»Ô,2026-08-21 08:00,27.4,,,,1.4,,180,,0.87,
262,∞Ì»Ô,2026-08-21 09:00,28.8,,,,1.9,,180,,1.46,
262,∞Ì»Ô,2026-08-21 10:00,31.0,,,,2.2,,140,,2.02,
262,∞Ì»Ô,2026-08-21 11:00,30.8,,,,3.0,,180,,2.09,
262,∞Ì»Ô,2026-08-21 12:00,31.0,,,,1.6,,160,,1.9,
262,∞Ì»Ô,2026-08-21 13:00,32.3,,,,2.7,,180,,2.43,
262,∞Ì»Ô,2026-08-21 14:00,32.7,,,,2.1,,140,,3.18,
262,∞Ì»Ô,2026-08-21 15:00,32.0,,,,2.3,,160,,2.32,
262,∞Ì»Ô,2026-08-21 16:00,31.7,,,,2.5,,180,,1.9,
262,∞Ì»Ô,2026-08-21 17:00,30.9,,,,1.3,,160,,1.15,
262,∞Ì»Ô,2026-08-21 18:00,29.8,,,,1.2,,90,,0.51,
262,∞Ì»Ô,2026-08-21 19:00,28.6,,,,1.4,,140,,0.16,
262,∞Ì»Ô,2026-08-21 20:00,27.8,,,,1.1,,160,,0.0,
262,∞Ì»Ô,2026-08-21 21:00,27.4,,,,0.4,,0,,,
262,∞Ì»Ô,2026-08-21 22:00,27.0,,,,0.8,,180,,,
262,∞Ì»Ô,2026-08-21 23:00,26.9,,,,0.5,,160,,,
262,∞Ì»Ô,2026-08-22 00:00,27.1,,,,1.3,,180,,,
262,∞Ì»Ô,2026-08-22 01:00,27.2,,,,0.8,,140,,,
262,∞Ì»Ô,2026-08-22 02:00,27.5,,,,1.2,,160,,,
262,∞Ì»Ô,2026-08-22 03:00,27.3,,,,0.6,,140,,,
262,∞Ì»Ô,2026-08-22 04:00,27.1,,,,1.0,,90,,,
262,∞Ì»Ô,2026-08-22 05:00,27.2,,,,1.0,,180,,,
262,∞Ì»Ô,2026-08-22 06:00,27.3,,,,2.1,,180,,0.0,
262,∞Ì»Ô,2026-08-22 07:00,27.4,,,,1.2,,160,,0.09,
262,∞Ì»Ô,2026-08-22 08:00,28.5,,,,1.7,,160,,0.41,
262,∞Ì»Ô,2026-08-22 09:00,29.9,,,,2.6,,140,,1.36,
262,∞Ì»Ô,2026-08-22 10:00,32.0,,,,2.2,,160,,2.33,
262,∞Ì»Ô,2026-08-22 11:00,31.8,,,,2.8,,160,,2.51,
262,∞Ì»Ô,2026-08-22 12:00,31.6,,,,2.3,,110,,2.44,
262,∞Ì»Ô,2026-08-22 13:00,31.9,,,,2.8,,140,,2.5,
262,∞Ì»Ô,2026-08-22 14:00,32.1,,,,3.5,,180,,2.62,
262,∞Ì»Ô,2026-08-22 15:00,32.5,,,,3.2,,180,,3.02,
262,∞Ì»Ô,2026-08-22 16:00,32.4,,,,1.9,,110,,2.32,
262,∞Ì»Ô,2026-08-22 17:00,32.0,,,,2.1,,110,,2.04,
262,∞Ì»Ô,2026-08-22 18:00,30.8,,,,1.7,,90,,1.17,
262,∞Ì»Ô,2026-08-22 19:00,29.0,,,,0.8,,70,,0.13,
262,∞Ì»Ô,2026-08-22 20:00,27.6,,,,0.6,,50,,0.0,
262,∞Ì»Ô,2026-08-22 21:00,26.9,,,,0.3,,0,,,
262,∞Ì»Ô,2026-08-22 22:00,26.6,,,,1.1,,70,,,
262,∞Ì»Ô,2026-08-22 23:00,26.8,,,,1.0,,180,,,
262,∞Ì»Ô,2026-08-23 00:00,26.5,,,,0.3,,0,,,
262,∞Ì»Ô,2026-08-23 01:00,26.1,,,,0.3,,0,,,
262,∞Ì»Ô,2026-08-23 02:00,26.3,,,,0.3,,0,,,
262,∞Ì»Ô,2026-08-23 03:00,26.1,,,,0.5,,20,,,
262,∞Ì»Ô,2026-08-23 04:00,26.0,,,,0.3,,0,,,
262,∞Ì»Ô,2026-08-23 05:00,26.2,,,,0.6,,230,,,
262,∞Ì»Ô,2026-08-23 06:00,26.5,,,,0.4,,0,,0.0,
262,∞Ì»Ô,2026-08-23 07:00,26.9,,,,0.5,,110,,0.08,
262,∞Ì»Ô,2026-08-23 08:00,28.2,,,,1.0,,110,,0.5,
262,∞Ì»Ô,2026-08-23 09:00,29.3,,,,1.6,,160,,0.95,
262,∞Ì»Ô,2026-08-23 10:00,29.7,,,,1.6,,160,,0.7,
262,∞Ì»Ô,2026-08-23 11:00,30.7,,,,1.5,,160,,1.16,
262,∞Ì»Ô,2026-08-23 12:00,32.0,,,,2.5,,90,,2.1,
262,∞Ì»Ô,2026-08-23 13:00,31.4,,,,2.0,,140,,2.12,
262,∞Ì»Ô,2026-08-23 14:00,32.1,,,,1.5,,110,,1.71,
262,∞Ì»Ô,2026-08-23 15:00,31.7,,,,1.4,,90,,1.45,
262,∞Ì»Ô,2026-08-23 16:00,31.9,,,,1.9,,110,,1.29,
262,∞Ì»Ô,2026-08-23 17:00,31.3,,,,1.6,,140,,1.16,
262,∞Ì»Ô,2026-08-23 18:00,31.0,,,,1.3,,250,,0.66,
262,∞Ì»Ô,2026-08-23 19:00,29.1,,,,0.9,,110,,0.23,
262,∞Ì»Ô,2026-08-23 20:00,27.1,,,,0.3,,0,,0.0,
262,∞Ì»Ô,2026-08-23 21:00,26.0,,,,0.5,,340,,,
262,∞Ì»Ô,2026-08-23 22:00,25.3,,,,0.4,,0,,,
262,∞Ì»Ô,2026-08-23 23:00,24.9,,,,0.4,,0,,,
262,∞Ì»Ô,2026-08-24 00:00,24.4,,,,0.4,,0,,,
262,∞Ì»Ô,2026-08-24 01:00,24.1,,,,0.3,,0,,,
262,∞Ì»Ô,2026-08-24 02:00,23.9,,,,0.3,,0,,,
262,∞Ì»Ô,2026-08-24 03:00,23.7,,,,0.3,,0,,,
262,∞Ì»Ô,2026-08-24 04:00,23.6,,,,0.1,,0,,,
262,∞Ì»Ô,2026-08-24 05:00,23.5,,,,0.2,,0,,,
262,∞Ì»Ô,2026-08-24 06:00,23.3,,,,0.2,,0,,0.0,
262,∞Ì»Ô,2026-08-24 07:00,24.0,,,,0.2,,0,,0.14,
262,∞Ì»Ô,2026-08-24 08:00,26.5,,,,0.6,,320,,0.69,
262,∞Ì»Ô,2026-08-24 09:00,28.5,,,,1.4,,320,,1.08,
262,∞Ì»Ô,2026-08-24 10:00,30.3,,,,2.1,,320,,1.77,
262,∞Ì»Ô,2026-08-24 11:00,31.6,,,,2.0,,230,,1.71,
262,∞Ì»Ô,2026-08-24 12:00,32.3,,,,2.2,,250,,2.33,
262,∞Ì»Ô,2026-08-24 13:00,33.7,,,,2.3,,200,,3.12,
262,∞Ì»Ô,2026-08-24 14:00,33.2,,,,4.0,,290,,3.02,
262,∞Ì»Ô,2026-08-24 15:00,34.0,,,,2.6,,200,,2.47,
262,∞Ì»Ô,2026-08-24 16:00,33.5,,,,2.8,,180,,2.17,
262,∞Ì»Ô,2026-08-24 17:00,32.8,,,,1.6,,230,,1.6,
262,∞Ì»Ô,2026-08-24 18:00,31.1,,,,1.2,,160,,0.98,
262,∞Ì»Ô,2026-08-24 19:00,28.7,,,,0.5,,340,,0.17,
262,∞Ì»Ô,2026-08-24 20:00,26.8,,,,0.6,,360,,0.01,
262,∞Ì»Ô,2026-08-24 21:00,25.9,,,,0.4,,0,,,
262,∞Ì»Ô,2026-08-24 22:00,25.4,,,,0.3,,0,,,
262,∞Ì»Ô,2026-08-24 23:00,25.0,,,,0.7,,50,,,
262,∞Ì»Ô,2026-08-25 00:00,24.6,,,,0.2,,0,,,
262,∞Ì»Ô,2026-08-25 01:00,24.5,,,,0.5,,50,,,
262,∞Ì»Ô,2026-08-25 02:00,24.2,,,,0.5,,50,,,
262,∞Ì»Ô,2026-08-25 03:00,24.0,,,,0.4,,0,,,
262,∞Ì»Ô,2026-08-25 04:00,23.7,,,,0.3,,0,,,
262,∞Ì»Ô,2026-08-25 05:00,23.4,,,,0.4,,0,,,
262,∞Ì»Ô,2026-08-25 06:00,23.3,,,,0.4,,0,,0.0,
262,∞Ì»Ô,2026-08-25 07:00,24.5,,,,0.3,,0,,0.17,
262,∞Ì»Ô,2026-08-25 08:00,27.1,,,,0.4,,0,,0.73,
262,∞Ì»Ô,2026-08-25 09:00,30.1,,,,1.5,,320,,1.76,
262,∞Ì»Ô,2026-08-25 10:00,32.1,,,,1.2,,250,,2.36,
262,∞Ì»Ô,2026-08-25 11:00,31.4,,,,1.8,,320,,1.76,
262,∞Ì»Ô,2026-08-25 12:00,34.3,,,,1.4,,230,,2.63,
262,∞Ì»Ô,2026-08-25 13:00,33.5,,,,1.9,,320,,2.21,
262,∞Ì»Ô,2026-08-25 14:00,34.3,,,,2.4,,290,,2.93,
262,∞Ì»Ô,2026-08-25 15:00,34.8,,,,1.4,,270,,2.98,
262,∞Ì»Ô,2026-08-25 16:00,35.5,,,,1.7,,290,,2.12,
262,∞Ì»Ô,2026-08-25 17:00,34.6,,,,2.0,,200,,1.69,
262,∞Ì»Ô,2026-08-25 18:00,32.6,,,,1.8,,230,,1.01,
262,∞Ì»Ô,2026-08-25 19:00,29.0,,,,0.7,,340,,0.17,
262,∞Ì»Ô,2026-08-25 20:00,27.2,,,,0.8,,340,,0.0,
262,∞Ì»Ô,2026-08-25 21:00,26.3,,,,0.3,,0,,,
262,∞Ì»Ô,2026-08-25 22:00,25.4,,,,0.3,,0,,,
262,∞Ì»Ô,2026-08-25 23:00,24.8,,,,0.5,,320,,,
262,∞Ì»Ô,2026-08-26 00:00,24.3,,,,0.3,,0,,,
262,∞Ì»Ô,2026-08-26 01:00,23.7,,,,0.4,,0,,,
262,∞Ì»Ô,2026-08-26 02:00,23.3,,,,0.5,,340,,,
262,∞Ì»Ô,2026-08-26 03:00,22.8,,,,0.3,,0,,,
262,∞Ì»Ô,2026-08-26 04:00,22.5,,,,0.4,,0,,,
262,∞Ì»Ô,2026-08-26 05:00,22.1,,,,0.8,,140,,,
262,∞Ì»Ô,2026-08-26 06:00,22.2,,,,0.9,,160,,0.0,
262,∞Ì»Ô,2026-08-26 07:00,23.5,,,,0.4,,0,,0.13,
262,∞Ì»Ô,2026-08-26 08:00,26.6,,,,0.5,,230,,0.72,
262,∞Ì»Ô,2026-08-26 09:00,30.3,,,,0.9,,290,,1.66,
262,∞Ì»Ô,2026-08-26 10:00,32.6,,,,1.1,,20,,2.38,
262,∞Ì»Ô,2026-08-26 11:00,33.8,,,,2.0,,140,,2.52,
262,∞Ì»Ô,2026-08-26 12:00,33.6,,,,1.5,,140,,2.56,
262,∞Ì»Ô,2026-08-26 13:00,34.4,,,,2.2,,90,,2.46,
262,∞Ì»Ô,2026-08-26 14:00,35.6,,,,2.3,,230,,3.14,
262,∞Ì»Ô,2026-08-26 15:00,33.8,,,,0.8,,180,,1.17,
262,∞Ì»Ô,2026-08-26 16:00,35.4,,,,2.3,,200,,1.85,
262,∞Ì»Ô,2026-08-26 17:00,33.8,,,,2.9,,320,,1.72,
262,∞Ì»Ô,2026-08-26 18:00,33.3,,,,0.6,,320,,0.85,
262,∞Ì»Ô,2026-08-26 19:00,30.7,,,,0.5,,20,,0.16,
262,∞Ì»Ô,2026-08-26 20:00,28.8,,,,0.2,,0,,0.0,
262,∞Ì»Ô,2026-08-26 21:00,27.6,,,,0.6,,320,,,
262,∞Ì»Ô,2026-08-26 22:00,27.4,,,,0.4,,0,,,
262,∞Ì»Ô,2026-08-26 23:00,27.2,,,,0.5,,320,,,
262,∞Ì»Ô,2026-08-27 00:00,27.0,,,,0.3,,0,,,
262,∞Ì»Ô,2026-08-27 01:00,26.9,,,,0.6,,340,,,
262,∞Ì»Ô,2026-08-27 02:00,26.5,,,,0.4,,0,,,
262,∞Ì»Ô,2026-08-27 03:00,25.9,,,,0.8,,200,,,
262,∞Ì»Ô,2026-08-27 04:00,25.6,,,,0.9,,20,,,
262,∞Ì»Ô,2026-08-27 05:00,25.3,,,,0.3,,0,,,
262,∞Ì»Ô,2026-08-27 06:00,25.6,,,,0.3,,0,,,
262,∞Ì»Ô,2026-08-27 07:00,26.0,,,,0.3,,0,,0.08,
262,∞Ì»Ô,2026-08-27 08:00,28.6,,,,0.7,,180,,0.66,
262,∞Ì»Ô,2026-08-27 09:00,31.8,,,,0.6,,200,,1.39,
262,∞Ì»Ô,2026-08-27 10:00,33.3,,,,1.6,,160,,2.31,
262,∞Ì»Ô,2026-08-27 11:00,32.4,,,,2.6,,160,,2.08,
262,∞Ì»Ô,2026-08-27 12:00,31.7,,,,2.9,,200,,1.83,
262,∞Ì»Ô,2026-08-27 13:00,33.2,,,,3.5,,200,,2.57,
262,∞Ì»Ô,2026-08-27 14:00,33.6,,,,4.4,,230,,2.86,
262,∞Ì»Ô,2026-08-27 15:00,33.6,,,,4.4,,230,,3.24,
262,∞Ì»Ô,2026-08-27 16:00,31.6,,,,3.2,,180,,1.46,
262,∞Ì»Ô,2026-08-27 17:00,31.1,,,,2.6,,160,,0.65,
262,∞Ì»Ô,2026-08-27 18:00,31.3,,,,2.6,,200,,0.96,
262,∞Ì»Ô,2026-08-27 19:00,29.5,,,,1.2,,230,,0.21,
262,∞Ì»Ô,2026-08-27 20:00,28.3,,,,0.4,,0,,0.0,
262,∞Ì»Ô,2026-08-27 21:00,27.4,,,,1.0,,340,,,
262,∞Ì»Ô,2026-08-27 22:00,26.9,,,,0.8,,360,,,
262,∞Ì»Ô,2026-08-27 23:00,26.8,,,,0.7,,360,,,
262,∞Ì»Ô,2026-08-28 00:00,26.3,,,,0.5,,70,,,
262,∞Ì»Ô,2026-08-28 01:00,26.3,,,,0.8,,340,,,
262,∞Ì»Ô,2026-08-28 02:00,26.4,,6.9,,1.0,,340,,,
262,∞Ì»Ô,2026-08-28 03:00,26.2,,0.1,,0.8,,20,,,
262,∞Ì»Ô,2026-08-28 04:00,26.1,,,9,0.4,,0,,,
262,∞Ì»Ô,2026-08-28 05:00,26.1,,0.0,,0.9,,340,,,
262,∞Ì»Ô,2026-08-28 06:00,26.0,,1.3,,1.9,,340,,,
262,∞Ì»Ô,2026-08-28 07:00,26.2,,4.9,,1.1,,340,,0.01,
262,∞Ì»Ô,2026-08-28 08:00,28.2,,0.9,,0.6,,20,,0.61,
262,∞Ì»Ô,2026-08-28 09:00,26.7,,2.1,,1.0,,50,,0.18,
262,∞Ì»Ô,2026-08-28 10:00,27.5,,1.5,,1.1,,340,,0.38,
262,∞Ì»Ô,2026-08-28 11:00,29.3,,,9,1.5,,140,,1.21,
262,∞Ì»Ô,2026-08-28 12:00,31.2,,,9,3.2,,180,,2.19,
262,∞Ì»Ô,2026-08-28 13:00,30.3,,0.0,,2.9,,180,,1.66,
262,∞Ì»Ô,2026-08-28 14:00,30.0,,0.3,,5.4,,180,,2.72,
262,∞Ì»Ô,2026-08-28 15:00,31.1,,,9,3.6,,200,,2.03,
262,∞Ì»Ô,2026-08-28 16:00,30.8,,,9,3.3,,180,,1.04,
262,∞Ì»Ô,2026-08-28 17:00,29.2,,,9,5.3,,180,,1.24,
262,∞Ì»Ô,2026-08-28 18:00,29.2,,,9,3.4,,200,,0.52,
262,∞Ì»Ô,2026-08-28 19:00,27.8,,0.0,,1.9,,160,,0.2,
262,∞Ì»Ô,2026-08-28 20:00,27.4,,,9,2.2,,160,,0.0,
262,∞Ì»Ô,2026-08-28 21:00,27.3,,,9,1.0,,140,,,
262,∞Ì»Ô,2026-08-28 22:00,27.0,,,9,0.7,,90,,,
262,∞Ì»Ô,2026-08-28 23:00,26.8,,0.0,,0.9,,70,,,
262,∞Ì»Ô,2026-08-29 00:00,26.8,,,9,0.5,,160,,,
262,∞Ì»Ô,2026-08-29 01:00,26.6,,,,1.0,,110,,,
262,∞Ì»Ô,2026-08-29 02:00,26.7,,0.3,,1.0,,160,,,
262,∞Ì»Ô,2026-08-29 03:00,26.7,,,9,1.0,,140,,,
262,∞Ì»Ô,2026-08-29 04:00,26.7,,,9,1.1,,160,,,
262,∞Ì»Ô,2026-08-29 05:00,26.4,,,9,1.0,,110,,,
262,∞Ì»Ô,2026-08-29 06:00,26.3,,0.1,,0.6,,70,,,
262,∞Ì»Ô,2026-08-29 07:00,26.3,,,9,0.7,,180,,0.11,
262,∞Ì»Ô,2026-08-29 08:00,27.9,,,9,0.5,,50,,0.52,
262,∞Ì»Ô,2026-08-29 09:00,29.5,,,9,2.7,,250,,1.22,
262,∞Ì»Ô,2026-08-29 10:00,31.4,,,9,2.7,,180,,2.32,
262,∞Ì»Ô,2026-08-29 11:00,31.0,,,9,3.4,,200,,2.31,
262,∞Ì»Ô,2026-08-29 12:00,31.8,,,9,2.3,,250,,2.39,
262,∞Ì»Ô,2026-08-29 13:00,31.0,,,9,2.5,,230,,1.81,
262,∞Ì»Ô,2026-08-29 14:00,30.9,,0.0,,3.7,,200,,1.22,
262,∞Ì»Ô,2026-08-29 15:00,30.4,,,9,2.2,,230,,1.42,
262,∞Ì»Ô,2026-08-29 16:00,31.1,,,9,3.1,,230,,1.57,
262,∞Ì»Ô,2026-08-29 17:00,30.3,,,9,2.3,,200,,1.2,
262,∞Ì»Ô,2026-08-29 18:00,29.5,,,9,1.5,,200,,0.66,
262,∞Ì»Ô,2026-08-29 19:00,28.6,,,9,1.1,,230,,0.14,
262,∞Ì»Ô,2026-08-29 20:00,27.5,,,9,0.8,,90,,0.0,
262,∞Ì»Ô,2026-08-29 21:00,27.2,,,9,1.3,,140,,,
262,∞Ì»Ô,2026-08-29 22:00,26.4,,,9,0.8,,20,,,
262,∞Ì»Ô,2026-08-29 23:00,26.5,,,9,0.6,,20,,,
262,∞Ì»Ô,2026-08-30 00:00,26.6,,,9,0.4,,0,,,
262,∞Ì»Ô,2026-08-30 01:00,26.4,,6.1,,0.7,,110,,,
262,∞Ì»Ô,2026-08-30 02:00,26.0,,0.5,,1.1,,70,,,
262,∞Ì»Ô,2026-08-30 03:00,25.8,,,9,1.2,,50,,,
262,∞Ì»Ô,2026-08-30 04:00,25.5,,,9,0.6,,110,,,
262,∞Ì»Ô,2026-08-30 05:00,25.5,,,9,0.4,,0,,,
262,∞Ì»Ô,2026-08-30 06:00,25.4,,,9,0.3,,0,,,
262,∞Ì»Ô,2026-08-30 07:00,25.9,,,9,0.5,,320,,0.12,
262,∞Ì»Ô,2026-08-30 08:00,27.6,,0.1,,0.4,,0,,0.62,
262,∞Ì»Ô,2026-08-30 09:00,29.2,,,9,0.9,,20,,1.43,
262,∞Ì»Ô,2026-08-30 10:00,27.1,,7.6,,1.6,,50,,0.99,
262,∞Ì»Ô,2026-08-30 11:00,30.0,,1.2,,1.5,,180,,1.53,
262,∞Ì»Ô,2026-08-30 12:00,31.4,,,9,2.6,,230,,2.81,
262,∞Ì»Ô,2026-08-30 13:00,32.7,,,9,2.6,,180,,2.88,
262,∞Ì»Ô,2026-08-30 14:00,32.0,,,9,3.1,,230,,3.09,
262,∞Ì»Ô,2026-08-30 15:00,32.6,,,9,2.7,,180,,3.19,
262,∞Ì»Ô,2026-08-30 16:00,31.9,,,9,3.2,,200,,2.22,
262,∞Ì»Ô,2026-08-30 17:00,30.7,,,9,4.6,,200,,1.35,
262,∞Ì»Ô,2026-08-30 18:00,29.6,,,9,3.1,,200,,0.91,
262,∞Ì»Ô,2026-08-30 19:00,28.8,,,9,1.2,,50,,0.12,
262,∞Ì»Ô,2026-08-30 20:00,26.7,,,9,1.1,,360,,0.0,
262,∞Ì»Ô,2026-08-30 21:00,26.5,,0.0,,0.6,,50,,,
262,∞Ì»Ô,2026-08-30 22:00,26.0,,,9,1.1,,340,,,
262,∞Ì»Ô,2026-08-30 23:00,25.9,,0.1,,0.9,,340,,,
262,∞Ì»Ô,2026-08-31 00:00,26.1,,3.4,,1.0,,340,,,
262,∞Ì»Ô,2026-08-31 01:00,25.5,,,,0.8,,320,,,
262,∞Ì»Ô,2026-08-31 02:00,25.6,,,,0.5,,20,,,
262,∞Ì»Ô,2026-08-31 03:00,25.7,,0.0,,0.6,,50,,,
262,∞Ì»Ô,2026-08-31 04:00,25.8,,0.4,,0.6,,70,,,
262,∞Ì»Ô,2026-08-31 05:00,25.7,,,9,0.5,,20,,,
262,∞Ì»Ô,2026-08-31 06:00,25.4,,,9,0.9,,110,,,
262,∞Ì»Ô,2026-08-31 07:00,26.0,,,9,0.7,,180,,0.12,
262,∞Ì»Ô,2026-08-31 08:00,27.7,,,9,0.7,,160,,0.42,
262,∞Ì»Ô,2026-08-31 09:00,29.0,,,9,3.4,,180,,1.11,
262,∞Ì»Ô,2026-08-31 10:00,29.5,,,9,4.1,,180,,1.09,
262,∞Ì»Ô,2026-08-31 11:00,29.9,,,9,3.6,,200,,1.33,
262,∞Ì»Ô,2026-08-31 12:00,30.8,,,9,3.0,,200,,2.21,
262,∞Ì»Ô,2026-08-31 13:00,30.3,,,9,4.1,,200,,2.41,
262,∞Ì»Ô,2026-08-31 14:00,30.4,,,9,4.4,,200,,1.86,
262,∞Ì»Ô,2026-08-31 15:00,30.6,,,9,4.3,,230,,2.15,
262,∞Ì»Ô,2026-08-31 16:00,30.7,,,9,2.7,,180,,1.87,
262,∞Ì»Ô,2026-08-31 17:00,29.2,,,9,2.7,,200,,0.99,
262,∞Ì»Ô,2026-08-31 18:00,29.5,,,9,3.3,,180,,0.88,
262,∞Ì»Ô,2026-08-31 19:00,28.1,,,9,1.7,,140,,0.23,
262,∞Ì»Ô,2026-08-31 20:00,27.2,,,9,0.5,,320,,,
262,∞Ì»Ô,2026-08-31 21:00,26.5,,,9,0.6,,140,,,
262,∞Ì»Ô,2026-08-31 22:00,25.3,,,9,0.7,,50,,,
262,∞Ì»Ô,2026-08-31 23:00,24.7,,,9,0.5,,20,,,
262,∞Ì»Ô,2026-09-01 00:00,24.2,,,9,0.8,,50,,,
262,∞Ì»Ô,2026-09-01 01:00,24.6,,,,0.6,,70,,,
262,∞Ì»Ô,2026-09-01 02:00,24.2,,,,0.5,,360,,,
262,∞Ì»Ô,2026-09-01 03:00,23.7,,,,0.5,,70,,,
262,∞Ì»Ô,2026-09-01 04:00,23.5,,,,0.7,,340,,,
262,∞Ì»Ô,2026-09-01 05:00,23.4,,,,0.8,,340,,,
262,∞Ì»Ô,2026-09-01 06:00,23.8,,,,0.3,,0,,,
262,∞Ì»Ô,2026-09-01 07:00,24.4,,0.7,,0.7,,50,,0.05,
262,∞Ì»Ô,2026-09-01 08:00,26.5,,,9,0.8,,140,,0.61,
262,∞Ì»Ô,2026-09-01 09:00,29.3,,,9,2.1,,180,,1.53,
262,∞Ì»Ô,2026-09-01 10:00,30.7,,,9,2.8,,180,,2.34,
262,∞Ì»Ô,2026-09-01 11:00,31.2,,,9,4.2,,180,,2.6,
262,∞Ì»Ô,2026-09-01 12:00,31.3,,,9,4.0,,200,,2.92,
262,∞Ì»Ô,2026-09-01 13:00,31.1,,,9,3.9,,200,,2.71,
262,∞Ì»Ô,2026-09-01 14:00,32.4,,,9,2.9,,230,,3.2,
262,∞Ì»Ô,2026-09-01 15:00,30.8,,,9,2.9,,180,,2.05,
262,∞Ì»Ô,2026-09-01 16:00,30.5,,,9,2.0,,200,,1.16,
262,∞Ì»Ô,2026-09-01 17:00,29.3,,,9,1.9,,230,,0.67,
262,∞Ì»Ô,2026-09-01 18:00,28.9,,,9,1.0,,200,,0.4,
262,∞Ì»Ô,2026-09-01 19:00,27.8,,,9,0.5,,20,,0.1,
262,∞Ì»Ô,2026-09-01 20:00,26.7,,,9,0.5,,50,,,
262,∞Ì»Ô,2026-09-01 21:00,26.0,,,9,0.3,,0,,,
262,∞Ì»Ô,2026-09-01 22:00,25.6,,,9,0.7,,70,,,
262,∞Ì»Ô,2026-09-01 23:00,25.2,,,9,0.3,,0,,,
262,∞Ì»Ô,2026-09-02 00:00,24.7,,,9,0.6,,110,,,
262,∞Ì»Ô,2026-09-02 01:00,24.5,,,,0.4,,0,,,
262,∞Ì»Ô,2026-09-02 02:00,24.5,,,,1.2,,320,,,
262,∞Ì»Ô,2026-09-02 03:00,24.5,,,,0.3,,0,,,
262,∞Ì»Ô,2026-09-02 04:00,24.3,,,,0.5,,50,,,
262,∞Ì»Ô,2026-09-02 05:00,24.1,,,,0.7,,160,,,
262,∞Ì»Ô,2026-09-02 06:00,23.9,,,,0.6,,50,,,
262,∞Ì»Ô,2026-09-02 07:00,25.1,,,,0.5,,230,,0.11,
262,∞Ì»Ô,2026-09-02 08:00,26.7,,,,0.3,,0,,0.53,
262,∞Ì»Ô,2026-09-02 09:00,28.6,,,,0.9,,110,,1.11,
262,∞Ì»Ô,2026-09-02 10:00,29.7,,,,1.1,,20,,1.41,
262,∞Ì»Ô,2026-09-02 11:00,29.6,,,,1.0,,70,,1.06,
262,∞Ì»Ô,2026-09-02 12:00,30.8,,,,1.2,,20,,1.33,
262,∞Ì»Ô,2026-09-02 13:00,29.3,,,,0.6,,340,,0.9,
262,∞Ì»Ô,2026-09-02 14:00,31.7,,,,1.1,,140,,2.17,
262,∞Ì»Ô,2026-09-02 15:00,32.4,,,,1.5,,160,,1.54,
262,∞Ì»Ô,2026-09-02 16:00,30.2,,,,1.1,,160,,0.69,
262,∞Ì»Ô,2026-09-02 17:00,30.0,,,,1.1,,270,,0.67,
262,∞Ì»Ô,2026-09-02 18:00,29.1,,,,0.7,,340,,0.38,
262,∞Ì»Ô,2026-09-02 19:00,27.0,,,,0.9,,50,,0.08,
262,∞Ì»Ô,2026-09-02 20:00,25.7,,,,0.4,,0,,,
262,∞Ì»Ô,2026-09-02 21:00,25.1,,,,0.3,,0,,,
262,∞Ì»Ô,2026-09-02 22:00,24.9,,,,0.6,,20,,,
262,∞Ì»Ô,2026-09-02 23:00,24.8,,,,0.7,,20,,,
262,∞Ì»Ô,2026-09-03 00:00,24.4,,,,0.6,,20,,,
262,∞Ì»Ô,2026-09-03 01:00,24.1,,,,0.2,,0,,,
262,∞Ì»Ô,2026-09-03 02:00,23.8,,,,0.6,,20,,,
262,∞Ì»Ô,2026-09-03 03:00,23.8,,,,0.6,,340,,,
262,∞Ì»Ô,2026-09-03 04:00,23.7,,,,0.5,,200,,,
262,∞Ì»Ô,2026-09-03 05:00,23.8,,,,0.4,,0,,,
262,∞Ì»Ô,2026-09-03 06:00,24.1,,,,0.3,,0,,,
262,∞Ì»Ô,2026-09-03 07:00,24.4,,,,0.6,,200,,0.08,
262,∞Ì»Ô,2026-09-03 08:00,26.0,,,,0.6,,320,,0.37,
262,∞Ì»Ô,2026-09-03 09:00,29.5,,,,1.4,,360,,1.54,
262,∞Ì»Ô,2026-09-03 10:00,29.1,,,,1.4,,20,,1.3,
262,∞Ì»Ô,2026-09-03 11:00,30.9,,,,1.9,,70,,1.61,
262,∞Ì»Ô,2026-09-03 12:00,30.8,,,,1.0,,20,,1.3,
262,∞Ì»Ô,2026-09-03 13:00,29.8,,,,1.7,,110,,1.07,
262,∞Ì»Ô,2026-09-03 14:00,30.6,,,,1.6,,90,,1.7,
262,∞Ì»Ô,2026-09-03 15:00,30.8,,,,1.9,,160,,1.38,
262,∞Ì»Ô,2026-09-03 16:00,30.9,,,,3.1,,180,,1.7,
262,∞Ì»Ô,2026-09-03 17:00,30.3,,,,1.8,,160,,1.56,
262,∞Ì»Ô,2026-09-03 18:00,28.7,,,,1.4,,160,,0.52,
262,∞Ì»Ô,2026-09-03 19:00,27.5,,,,1.6,,90,,0.11,
262,∞Ì»Ô,2026-09-03 20:00,26.8,,,,0.5,,50,,,
262,∞Ì»Ô,2026-09-03 21:00,26.8,,,,1.4,,50,,,
262,∞Ì»Ô,2026-09-03 22:00,26.8,,,,1.1,,20,,,
262,∞Ì»Ô,2026-09-03 23:00,26.5,,,,1.6,,50,,,
262,∞Ì»Ô,2026-09-04 00:00,26.3,,,,2.5,,70,,,
262,∞Ì»Ô,2026-09-04 01:00,26.0,,,,2.8,,50,,,
262,∞Ì»Ô,2026-09-04 02:00,25.6,,,,1.8,,20,,,
262,∞Ì»Ô,2026-09-04 03:00,25.6,,,,3.2,,70,,,
262,∞Ì»Ô,2026-09-04 04:00,25.6,,,,3.0,,50,,,
262,∞Ì»Ô,2026-09-04 05:00,25.4,,,,3.7,,70,,,
262,∞Ì»Ô,2026-09-04 06:00,25.2,,,,3.4,,50,,,
262,∞Ì»Ô,2026-09-04 07:00,25.2,,,,2.6,,70,,0.07,
262,∞Ì»Ô,2026-09-04 08:00,25.6,,,,2.9,,50,,0.27,
262,∞Ì»Ô,2026-09-04 09:00,25.6,,0.0,,2.3,,70,,0.54,
262,∞Ì»Ô,2026-09-04 10:00,26.5,,,9,4.4,,50,,0.96,
262,∞Ì»Ô,2026-09-04 11:00,28.1,,,9,4.3,,50,,1.51,
262,∞Ì»Ô,2026-09-04 12:00,29.6,,,9,4.5,,50,,3.0,
262,∞Ì»Ô,2026-09-04 13:00,29.0,,,9,3.9,,50,,2.71,
262,∞Ì»Ô,2026-09-04 14:00,28.5,,,9,3.2,,70,,1.8,
262,∞Ì»Ô,2026-09-04 15:00,29.4,,,9,2.6,,50,,2.0,
262,∞Ì»Ô,2026-09-04 16:00,30.3,,,9,2.5,,90,,1.86,
262,∞Ì»Ô,2026-09-04 17:00,28.2,,,9,1.8,,70,,0.65,
262,∞Ì»Ô,2026-09-04 18:00,27.3,,,9,2.5,,90,,0.37,
262,∞Ì»Ô,2026-09-04 19:00,26.3,,,9,2.8,,50,,0.1,
262,∞Ì»Ô,2026-09-04 20:00,24.9,,,9,0.8,,20,,,
262,∞Ì»Ô,2026-09-04 21:00,24.6,,,9,3.1,,70,,,
262,∞Ì»Ô,2026-09-04 22:00,24.2,,,9,3.1,,90,,,
262,∞Ì»Ô,2026-09-04 23:00,23.8,,,9,2.1,,110,,,
262,∞Ì»Ô,2026-09-05 00:00,23.3,,,9,2.6,,70,,,
262,∞Ì»Ô,2026-09-05 01:00,23.3,,,,3.5,,70,,,
262,∞Ì»Ô,2026-09-05 02:00,23.1,,,,2.9,,70,,,
262,∞Ì»Ô,2026-09-05 03:00,22.8,,,,2.3,,50,,,
262,∞Ì»Ô,2026-09-05 04:00,22.7,,,,2.0,,70,,,
262,∞Ì»Ô,2026-09-05 05:00,22.5,,,,2.8,,70,,,
262,∞Ì»Ô,2026-09-05 06:00,22.4,,,,2.1,,70,,,
262,∞Ì»Ô,2026-09-05 07:00,22.8,,,,2.2,,50,,0.08,
262,∞Ì»Ô,2026-09-05 08:00,24.5,,,,3.3,,50,,0.8,
262,∞Ì»Ô,2026-09-05 09:00,26.6,,,,3.0,,50,,1.66,
262,∞Ì»Ô,2026-09-05 10:00,27.7,,,,3.2,,50,,2.39,
262,∞Ì»Ô,2026-09-05 11:00,29.3,,,,2.7,,70,,2.55,
262,∞Ì»Ô,2026-09-05 12:00,29.2,,,,2.7,,110,,3.12,
262,∞Ì»Ô,2026-09-05 13:00,29.3,,,,4.5,,90,,3.08,
262,∞Ì»Ô,2026-09-05 14:00,29.6,,,,3.8,,110,,3.03,
262,∞Ì»Ô,2026-09-05 15:00,30.1,,,,3.2,,70,,2.58,
262,∞Ì»Ô,2026-09-05 16:00,30.3,,,,3.6,,50,,1.97,
262,∞Ì»Ô,2026-09-05 17:00,29.6,,,,2.3,,50,,1.45,
262,∞Ì»Ô,2026-09-05 18:00,28.1,,,,2.6,,50,,0.78,
262,∞Ì»Ô,2026-09-05 19:00,25.8,,,,2.0,,70,,0.07,
262,∞Ì»Ô,2026-09-05 20:00,24.9,,,,2.3,,70,,,
262,∞Ì»Ô,2026-09-05 21:00,24.2,,,,1.9,,50,,,
262,∞Ì»Ô,2026-09-05 22:00,23.7,,,,1.7,,50,,,
262,∞Ì»Ô,2026-09-05 23:00,23.1,,,,1.7,,50,,,
262,∞Ì»Ô,2026-09-06 00:00,22.7,,,,1.5,,50,,,
262,∞Ì»Ô,2026-09-06 01:00,22.0,,,,1.1,,50,,,
262,∞Ì»Ô,2026-09-06 02:00,22.5,,,,2.1,,50,,,
262,∞Ì»Ô,2026-09-06 03:00,22.4,,,,2.1,,70,,,
262,∞Ì»Ô,2026-09-06 04:00,21.7,,,,1.5,,50,,,
262,∞Ì»Ô,2026-09-06 05:00,21.4,,,,1.5,,50,,,
262,∞Ì»Ô,2026-09-06 06:00,21.2,,,,1.3,,50,,,
262,∞Ì»Ô,2026-09-06 07:00,21.9,,,,1.6,,110,,0.08,
262,∞Ì»Ô,2026-09-06 08:00,24.6,,,,1.6,,90,,0.79,
262,∞Ì»Ô,2026-09-06 09:00,26.5,,,,3.3,,50,,1.66,
262,∞Ì»Ô,2026-09-06 10:00,27.7,,,,3.7,,50,,2.41,
262,∞Ì»Ô,2026-09-06 11:00,28.3,,,,4.0,,50,,2.62,
262,∞Ì»Ô,2026-09-06 12:00,28.4,,,,4.6,,70,,2.97,
262,∞Ì»Ô,2026-09-06 13:00,29.4,,,,3.6,,90,,2.76,
262,∞Ì»Ô,2026-09-06 14:00,30.1,,,,3.6,,50,,2.99,
262,∞Ì»Ô,2026-09-06 15:00,30.2,,,,3.1,,70,,2.78,
262,∞Ì»Ô,2026-09-06 16:00,30.2,,,,3.6,,70,,2.11,
262,∞Ì»Ô,2026-09-06 17:00,29.3,,,,2.7,,50,,1.32,
262,∞Ì»Ô,2026-09-06 18:00,27.7,,,,1.7,,70,,0.46,
262,∞Ì»Ô,2026-09-06 19:00,26.1,,,,2.8,,90,,0.06,
262,∞Ì»Ô,2026-09-06 20:00,24.4,,,,1.2,,360,,,
262,∞Ì»Ô,2026-09-06 21:00,24.9,,,,3.6,,50,,,
262,∞Ì»Ô,2026-09-06 22:00,24.3,,,,2.1,,50,,,
262,∞Ì»Ô,2026-09-06 23:00,23.7,,,,2.5,,50,,,
262,∞Ì»Ô,2026-09-07 00:00,23.9,,,,2.4,,50,,,
262,∞Ì»Ô,2026-09-07 01:00,24.0,,,,2.6,,50,,,
262,∞Ì»Ô,2026-09-07 02:00,23.7,,,,2.0,,50,,,
262,∞Ì»Ô,2026-09-07 03:00,23.5,,,,2.5,,20,,,
262,∞Ì»Ô,2026-09-07 04:00,22.3,,,,1.2,,50,,,
262,∞Ì»Ô,2026-09-07 05:00,21.0,,,,0.7,,70,,,
262,∞Ì»Ô,2026-09-07 06:00,20.9,,,,1.0,,20,,,
262,∞Ì»Ô,2026-09-07 07:00,21.6,,,,1.1,,340,,0.08,
262,∞Ì»Ô,2026-09-07 08:00,22.9,,,,0.8,,320,,0.76,
262,∞Ì»Ô,2026-09-07 09:00,25.8,,,,1.3,,50,,1.37,
262,∞Ì»Ô,2026-09-07 10:00,26.6,,,,2.4,,70,,1.67,
262,∞Ì»Ô,2026-09-07 11:00,29.0,,,,3.0,,70,,2.16,
262,∞Ì»Ô,2026-09-07 12:00,29.5,,,,2.7,,320,,2.61,
262,∞Ì»Ô,2026-09-07 13:00,30.3,,,,2.4,,320,,3.02,
262,∞Ì»Ô,2026-09-07 14:00,29.6,,,,1.5,,320,,2.17,
262,∞Ì»Ô,2026-09-07 15:00,31.3,,,,1.4,,90,,1.91,
262,∞Ì»Ô,2026-09-07 16:00,30.4,,,,1.7,,160,,1.84,
262,∞Ì»Ô,2026-09-07 17:00,29.4,,,,2.3,,180,,1.6,
262,∞Ì»Ô,2026-09-07 18:00,27.5,,,,1.5,,200,,0.78,
262,∞Ì»Ô,2026-09-07 19:00,25.0,,,,0.7,,50,,0.07,
262,∞Ì»Ô,2026-09-07 20:00,23.3,,,,0.6,,90,,,
262,∞Ì»Ô,2026-09-07 21:00,22.5,,,,0.6,,360,,,
262,∞Ì»Ô,2026-09-07 22:00,21.4,,,,0.3,,0,,,
262,∞Ì»Ô,2026-09-07 23:00,21.5,,,,0.4,,0,,,
262,∞Ì»Ô,2026-09-08 00:00,22.1,,,,0.4,,0,,,
262,∞Ì»Ô,2026-09-08 01:00,21.2,,,,0.9,,340,,,
262,∞Ì»Ô,2026-09-08 02:00,21.9,,,,0.4,,0,,,
262,∞Ì»Ô,2026-09-08 03:00,22.5,,,,1.1,,20,,,
262,∞Ì»Ô,2026-09-08 04:00,21.2,,,,0.8,,20,,,
262,∞Ì»Ô,2026-09-08 05:00,20.1,,,,0.5,,20,,,
262,∞Ì»Ô,2026-09-08 06:00,18.5,,,9,0.4,,0,,,
262,∞Ì»Ô,2026-09-08 07:00,18.2,,,9,0.2,,0,,0.08,
262,∞Ì»Ô,2026-09-08 08:00,21.9,,,9,1.0,,360,,0.75,
262,∞Ì»Ô,2026-09-08 09:00,25.6,,,,1.6,,70,,1.6,
262,∞Ì»Ô,2026-09-08 10:00,27.5,,,,1.5,,70,,2.32,
262,∞Ì»Ô,2026-09-08 11:00,27.8,,,,2.9,,320,,2.57,
262,∞Ì»Ô,2026-09-08 12:00,29.2,,,,1.8,,340,,3.1,
262,∞Ì»Ô,2026-09-08 13:00,29.8,,,,2.2,,290,,3.13,
262,∞Ì»Ô,2026-09-08 14:00,30.9,,,,1.5,,180,,2.58,
262,∞Ì»Ô,2026-09-08 15:00,29.7,,,,1.3,,160,,1.66,
262,∞Ì»Ô,2026-09-08 16:00,28.9,,,,1.8,,160,,0.94,
262,∞Ì»Ô,2026-09-08 17:00,28.4,,,,2.3,,160,,1.53,
262,∞Ì»Ô,2026-09-08 18:00,26.5,,,,1.9,,180,,0.7,
262,∞Ì»Ô,2026-09-08 19:00,23.8,,,,0.5,,360,,0.07,
262,∞Ì»Ô,2026-09-08 20:00,21.8,,,,1.0,,20,,,
262,∞Ì»Ô,2026-09-08 21:00,20.7,,,,0.5,,290,,,
262,∞Ì»Ô,2026-09-08 22:00,20.7,,,,0.3,,0,,,
262,∞Ì»Ô,2026-09-08 23:00,19.8,,,,0.5,,320,,,
262,∞Ì»Ô,2026-09-09 00:00,19.4,,,,0.7,,50,,,
262,∞Ì»Ô,2026-09-09 01:00,19.0,,,,0.4,,0,,,
262,∞Ì»Ô,2026-09-09 02:00,18.6,,,,0.4,,0,,,
262,∞Ì»Ô,2026-09-09 03:00,18.2,,,,0.4,,0,,,
262,∞Ì»Ô,2026-09-09 04:00,17.8,,,,0.5,,200,,,
262,∞Ì»Ô,2026-09-09 05:00,19.8,,,,1.8,,50,,,
262,∞Ì»Ô,2026-09-09 06:00,21.6,,,,3.2,,70,,,
262,∞Ì»Ô,2026-09-09 07:00,21.4,,,,1.0,,50,,0.07,
262,∞Ì»Ô,2026-09-09 08:00,23.9,,,,3.4,,70,,0.76,
262,∞Ì»Ô,2026-09-09 09:00,25.6,,,,2.9,,70,,1.56,
262,∞Ì»Ô,2026-09-09 10:00,26.3,,,,4.0,,50,,2.33,
262,∞Ì»Ô,2026-09-09 11:00,27.5,,,,2.8,,50,,2.56,
262,∞Ì»Ô,2026-09-09 12:00,28.0,,,,2.3,,20,,2.99,
262,∞Ì»Ô,2026-09-09 13:00,27.9,,,,3.5,,70,,2.99,
262,∞Ì»Ô,2026-09-09 14:00,28.1,,,,4.2,,70,,3.01,
262,∞Ì»Ô,2026-09-09 15:00,28.4,,,,3.2,,110,,2.61,
262,∞Ì»Ô,2026-09-09 16:00,27.2,,,,3.1,,50,,1.75,
262,∞Ì»Ô,2026-09-09 17:00,25.4,,,,2.5,,50,,0.59,
262,∞Ì»Ô,2026-09-09 18:00,24.2,,,,2.6,,50,,0.26,
262,∞Ì»Ô,2026-09-09 19:00,22.7,,,,2.3,,90,,0.05,
262,∞Ì»Ô,2026-09-09 20:00,21.8,,,,1.2,,90,,,
262,∞Ì»Ô,2026-09-09 21:00,21.3,,,,1.5,,70,,,
262,∞Ì»Ô,2026-09-09 22:00,21.0,,,,1.6,,70,,,
262,∞Ì»Ô,2026-09-09 23:00,20.3,,,,1.7,,90,,,
262,∞Ì»Ô,2026-09-10 00:00,19.8,,,,2.0,,110,,,
262,∞Ì»Ô,2026-09-10 01:00,19.1,,,,1.2,,90,,,
262,∞Ì»Ô,2026-09-10 02:00,18.6,,,,1.2,,70,,,
262,∞Ì»Ô,2026-09-10 03:00,18.9,,,,2.3,,50,,,
262,∞Ì»Ô,2026-09-10 04:00,18.7,,,,1.5,,90,,,
262,∞Ì»Ô,2026-09-10 05:00,17.1,,,,0.9,,50,,,
262,∞Ì»Ô,2026-09-10 06:00,16.6,,,,1.4,,50,,,
262,∞Ì»Ô,2026-09-10 07:00,17.4,,,,1.4,,50,,0.06,
262,∞Ì»Ô,2026-09-10 08:00,21.1,,,,2.0,,50,,0.72,
262,∞Ì»Ô,2026-09-10 09:00,23.6,,,,2.4,,50,,1.56,
262,∞Ì»Ô,2026-09-10 10:00,25.3,,,,2.3,,70,,2.35,
262,∞Ì»Ô,2026-09-10 11:00,26.7,,,,2.1,,70,,2.6,
262,∞Ì»Ô,2026-09-10 12:00,26.6,,,,2.1,,140,,3.04,
262,∞Ì»Ô,2026-09-10 13:00,26.5,,,,2.3,,70,,1.95,
262,∞Ì»Ô,2026-09-10 14:00,26.6,,,,1.4,,90,,1.62,
262,∞Ì»Ô,2026-09-10 15:00,26.7,,,,1.1,,160,,1.5,
262,∞Ì»Ô,2026-09-10 16:00,27.5,,,,1.5,,20,,1.75,
262,∞Ì»Ô,2026-09-10 17:00,28.2,,,,1.5,,320,,1.5,
262,∞Ì»Ô,2026-09-10 18:00,25.3,,,,1.6,,110,,0.62,
262,∞Ì»Ô,2026-09-10 19:00,22.7,,,,0.4,,0,,0.06,
262,∞Ì»Ô,2026-09-10 20:00,21.0,,,,0.3,,0,,,
262,∞Ì»Ô,2026-09-10 21:00,20.3,,,,0.4,,0,,,
262,∞Ì»Ô,2026-09-10 22:00,20.7,,,,0.2,,0,,,
262,∞Ì»Ô,2026-09-10 23:00,20.3,,,,0.8,,20,,,
262,∞Ì»Ô,2026-09-11 00:00,20.1,,,,0.7,,340,,,
262,∞Ì»Ô,2026-09-11 01:00,20.6,,,,0.6,,180,,,
262,∞Ì»Ô,2026-09-11 02:00,20.5,,,,0.5,,320,,,
262,∞Ì»Ô,2026-09-11 03:00,20.9,,,,0.8,,20,,,
262,∞Ì»Ô,2026-09-11 04:00,20.0,,,,0.8,,160,,,
262,∞Ì»Ô,2026-09-11 05:00,19.0,,,,0.3,,0,,,
262,∞Ì»Ô,2026-09-11 06:00,18.0,,,,0.2,,0,,,
262,∞Ì»Ô,2026-09-11 07:00,17.6,,,,0.4,,0,,0.06,
262,∞Ì»Ô,2026-09-11 08:00,20.9,,,,0.6,,20,,0.66,
262,∞Ì»Ô,2026-09-11 09:00,23.6,,,,2.5,,50,,1.4,
262,∞Ì»Ô,2026-09-11 10:00,26.5,,,,2.0,,50,,2.37,
262,∞Ì»Ô,2026-09-11 11:00,27.9,,,,1.8,,50,,2.28,
262,∞Ì»Ô,2026-09-11 12:00,29.0,,,,1.8,,320,,3.01,
262,∞Ì»Ô,2026-09-11 13:00,28.4,,,,2.6,,320,,3.05,
262,∞Ì»Ô,2026-09-11 14:00,27.7,,,,1.8,,230,,1.79,
262,∞Ì»Ô,2026-09-11 15:00,27.9,,,,0.9,,70,,1.59,
262,∞Ì»Ô,2026-09-11 16:00,27.4,,,,1.9,,140,,1.54,
262,∞Ì»Ô,2026-09-11 17:00,27.1,,,,1.6,,160,,0.85,
262,∞Ì»Ô,2026-09-11 18:00,25.4,,,,1.3,,160,,0.64,
262,∞Ì»Ô,2026-09-11 19:00,22.5,,,,0.6,,20,,0.05,
262,∞Ì»Ô,2026-09-11 20:00,20.6,,,,0.4,,0,,,
262,∞Ì»Ô,2026-09-11 21:00,19.6,,,,0.8,,50,,,
262,∞Ì»Ô,2026-09-11 22:00,18.8,,,,0.4,,0,,,
262,∞Ì»Ô,2026-09-11 23:00,18.1,,,,0.2,,0,,,
262,∞Ì»Ô,2026-09-12 00:00,17.7,,,,0.2,,0,,,
262,∞Ì»Ô,2026-09-12 01:00,17.3,,,,0.5,,50,,,
262,∞Ì»Ô,2026-09-12 02:00,16.9,,,,0.3,,0,,,
262,∞Ì»Ô,2026-09-12 03:00,16.6,,,,0.3,,0,,,
262,∞Ì»Ô,2026-09-12 04:00,16.4,,,,0.3,,0,,,
262,∞Ì»Ô,2026-09-12 05:00,16.2,,,,0.3,,0,,,
262,∞Ì»Ô,2026-09-12 06:00,16.0,,,,0.5,,50,,,
262,∞Ì»Ô,2026-09-12 07:00,16.6,,,,0.4,,0,,0.06,
262,∞Ì»Ô,2026-09-12 08:00,20.7,,,,1.1,,70,,0.71,
262,∞Ì»Ô,2026-09-12 09:00,24.5,,,,1.1,,20,,1.52,
262,∞Ì»Ô,2026-09-12 10:00,26.9,,,,1.9,,20,,2.38,
262,∞Ì»Ô,2026-09-12 11:00,28.6,,,,1.8,,20,,2.5,
262,∞Ì»Ô,2026-09-12 12:00,29.0,,,,2.0,,20,,2.57,
262,∞Ì»Ô,2026-09-12 13:00,29.4,,,,3.0,,340,,3.04,
262,∞Ì»Ô,2026-09-12 14:00,29.3,,,,1.6,,20,,2.49,
262,∞Ì»Ô,2026-09-12 15:00,28.6,,,,1.3,,230,,1.18,
262,∞Ì»Ô,2026-09-12 16:00,27.8,,,,2.2,,160,,1.2,
262,∞Ì»Ô,2026-09-12 17:00,26.5,,,,1.2,,140,,0.49,
262,∞Ì»Ô,2026-09-12 18:00,26.1,,,,1.9,,180,,0.55,
262,∞Ì»Ô,2026-09-12 19:00,23.6,,,,0.6,,90,,0.05,
262,∞Ì»Ô,2026-09-12 20:00,21.5,,,,0.6,,50,,,
262,∞Ì»Ô,2026-09-12 21:00,20.2,,,,0.5,,20,,,
262,∞Ì»Ô,2026-09-12 22:00,19.5,,,,0.4,,0,,,
262,∞Ì»Ô,2026-09-12 23:00,19.0,,,,0.3,,0,,,
262,∞Ì»Ô,2026-09-13 00:00,18.7,,,,0.3,,0,,,
262,∞Ì»Ô,2026-09-13 01:00,18.3,,,,0.3,,0,,,
262,∞Ì»Ô,2026-09-13 02:00,18.2,,,,0.3,,0,,,
262,∞Ì»Ô,2026-09-13 03:00,18.5,,,,0.2,,0,,,
262,∞Ì»Ô,2026-09-13 04:00,18.8,,,,0.5,,160,,,
262,∞Ì»Ô,2026-09-13 05:00,18.5,,,,0.4,,0,,,
262,∞Ì»Ô,2026-09-13 06:00,18.2,,,,0.5,,250,,,
262,∞Ì»Ô,2026-09-13 07:00,18.2,,,,0.3,,0,,0.05,
262,∞Ì»Ô,2026-09-13 08:00,21.3,,,,0.3,,0,,0.72,
262,∞Ì»Ô,2026-09-13 09:00,25.2,,,,1.1,,340,,1.43,
262,∞Ì»Ô,2026-09-13 10:00,27.5,,,,1.2,,320,,2.39,
262,∞Ì»Ô,2026-09-13 11:00,27.9,,,,2.3,,290,,2.21,
262,∞Ì»Ô,2026-09-13 12:00,29.5,,,,2.3,,290,,3.12,
262,∞Ì»Ô,2026-09-13 13:00,28.7,,,,2.5,,290,,2.94,
262,∞Ì»Ô,2026-09-13 14:00,30.2,,,,2.6,,230,,2.26,
262,∞Ì»Ô,2026-09-13 15:00,30.3,,,,2.4,,250,,2.53,
262,∞Ì»Ô,2026-09-13 16:00,30.1,,,,3.2,,290,,1.77,
262,∞Ì»Ô,2026-09-13 17:00,29.4,,,,2.4,,270,,1.46,
262,∞Ì»Ô,2026-09-13 18:00,27.3,,,,1.3,,270,,0.63,
262,∞Ì»Ô,2026-09-13 19:00,24.0,,,,1.0,,290,,0.04,
262,∞Ì»Ô,2026-09-13 20:00,23.1,,,,0.8,,320,,,
262,∞Ì»Ô,2026-09-13 21:00,21.9,,,,1.0,,50,,,
262,∞Ì»Ô,2026-09-13 22:00,20.5,,,,0.6,,50,,,
262,∞Ì»Ô,2026-09-13 23:00,19.4,,,,0.4,,0,,,
262,∞Ì»Ô,2026-09-14 00:00,18.5,,,,0.5,,50,,,
262,∞Ì»Ô,2026-09-14 01:00,18.0,,,,0.6,,20,,,
262,∞Ì»Ô,2026-09-14 02:00,17.4,,,,0.6,,20,,,
262,∞Ì»Ô,2026-09-14 03:00,16.9,,,,0.7,,50,,,
262,∞Ì»Ô,2026-09-14 04:00,17.0,,,,0.7,,110,,,
262,∞Ì»Ô,2026-09-14 05:00,16.4,,,,0.5,,20,,,
262,∞Ì»Ô,2026-09-14 06:00,16.9,,,,1.0,,20,,,
262,∞Ì»Ô,2026-09-14 07:00,16.4,,,,0.5,,20,,0.05,
262,∞Ì»Ô,2026-09-14 08:00,20.6,,,,1.7,,340,,0.71,
262,∞Ì»Ô,2026-09-14 09:00,24.0,,,,2.2,,340,,1.52,
262,∞Ì»Ô,2026-09-14 10:00,25.4,,,,2.3,,320,,2.18,
262,∞Ì»Ô,2026-09-14 11:00,26.5,,,,3.1,,320,,1.69,
262,∞Ì»Ô,2026-09-14 12:00,29.2,,,,2.2,,70,,2.87,
262,∞Ì»Ô,2026-09-14 13:00,29.2,,,,2.4,,340,,3.02,
262,∞Ì»Ô,2026-09-14 14:00,29.2,,,,4.1,,290,,2.84,
262,∞Ì»Ô,2026-09-14 15:00,29.0,,,,3.0,,320,,1.9,
262,∞Ì»Ô,2026-09-14 16:00,30.4,,,,2.0,,290,,1.9,
262,∞Ì»Ô,2026-09-14 17:00,30.0,,,,2.3,,290,,1.45,
262,∞Ì»Ô,2026-09-14 18:00,25.0,,,,0.7,,340,,0.29,
262,∞Ì»Ô,2026-09-14 19:00,22.3,,,,0.7,,20,,0.03,
262,∞Ì»Ô,2026-09-14 20:00,21.2,,,,0.5,,20,,,
262,∞Ì»Ô,2026-09-14 21:00,20.5,,,,0.5,,320,,,
262,∞Ì»Ô,2026-09-14 22:00,20.5,,,,0.4,,0,,,
262,∞Ì»Ô,2026-09-14 23:00,19.9,,,,0.7,,180,,,
262,∞Ì»Ô,2026-09-15 00:00,19.2,,,,0.4,,0,,,
262,∞Ì»Ô,2026-09-15 01:00,18.6,,,,0.3,,0,,,
262,∞Ì»Ô,2026-09-15 02:00,18.2,,,,0.7,,320,,,
262,∞Ì»Ô,2026-09-15 03:00,17.8,,,,0.4,,0,,,
262,∞Ì»Ô,2026-09-15 04:00,17.5,,,,0.5,,20,,,
262,∞Ì»Ô,2026-09-15 05:00,16.9,,,,0.2,,0,,,
262,∞Ì»Ô,2026-09-15 06:00,16.9,,,,0.2,,0,,,
262,∞Ì»Ô,2026-09-15 07:00,17.0,,,,0.4,,0,,0.04,
262,∞Ì»Ô,2026-09-15 08:00,19.9,,,,0.6,,200,,0.41,
262,∞Ì»Ô,2026-09-15 09:00,22.4,,,,1.1,,360,,1.04,
262,∞Ì»Ô,2026-09-15 10:00,24.1,,,,2.4,,320,,1.59,
262,∞Ì»Ô,2026-09-15 11:00,26.7,,,,1.8,,320,,2.28,
262,∞Ì»Ô,2026-09-15 12:00,26.3,,,,2.9,,320,,2.23,
262,∞Ì»Ô,2026-09-15 13:00,28.1,,,,1.5,,340,,2.09,
262,∞Ì»Ô,2026-09-15 14:00,27.7,,,,2.3,,320,,1.9,
262,∞Ì»Ô,2026-09-15 15:00,29.7,,,,1.9,,320,,1.85,
262,∞Ì»Ô,2026-09-15 16:00,28.1,,,,2.8,,180,,1.47,
262,∞Ì»Ô,2026-09-15 17:00,27.9,,,,1.9,,200,,0.95,
262,∞Ì»Ô,2026-09-15 18:00,25.9,,,,1.3,,200,,0.56,
262,∞Ì»Ô,2026-09-15 19:00,22.4,,,,0.8,,320,,0.04,
262,∞Ì»Ô,2026-09-15 20:00,20.9,,,,0.6,,340,,,
262,∞Ì»Ô,2026-09-15 21:00,20.3,,,,0.8,,50,,,
262,∞Ì»Ô,2026-09-15 22:00,19.7,,,,0.3,,0,,,
262,∞Ì»Ô,2026-09-15 23:00,19.0,,,,0.6,,50,,,
262,∞Ì»Ô,2026-09-16 00:00,18.4,,,,0.4,,0,,,
262,∞Ì»Ô,2026-09-16 01:00,18.2,,,,0.2,,0,,,
262,∞Ì»Ô,2026-09-16 02:00,18.2,,,,0.3,,0,,,
262,∞Ì»Ô,2026-09-16 03:00,18.1,,,,0.4,,0,,,
262,∞Ì»Ô,2026-09-16 04:00,18.1,,,,0.5,,160,,,
262,∞Ì»Ô,2026-09-16 05:00,17.6,,,,0.4,,0,,,
262,∞Ì»Ô,2026-09-16 06:00,17.4,,,,0.4,,0,,,
262,∞Ì»Ô,2026-09-16 07:00,17.2,,,,0.5,,340,,0.05,
262,∞Ì»Ô,2026-09-16 08:00,19.9,,,,0.5,,290,,0.54,
262,∞Ì»Ô,2026-09-16 09:00,24.9,,,,1.8,,20,,1.34,
262,∞Ì»Ô,2026-09-16 10:00,25.5,,,,1.7,,50,,1.49,
262,∞Ì»Ô,2026-09-16 11:00,28.3,,,,1.7,,70,,2.28,
262,∞Ì»Ô,2026-09-16 12:00,27.5,,,,2.6,,160,,2.23,
262,∞Ì»Ô,2026-09-16 13:00,27.3,,,,2.2,,20,,2.08,
262,∞Ì»Ô,2026-09-16 14:00,27.4,,,,2.5,,160,,1.29,
262,∞Ì»Ô,2026-09-16 15:00,28.8,,,,1.4,,50,,1.98,
262,∞Ì»Ô,2026-09-16 16:00,28.8,,,,1.9,,140,,1.94,
262,∞Ì»Ô,2026-09-16 17:00,27.2,,,,2.8,,160,,1.36,
262,∞Ì»Ô,2026-09-16 18:00,25.0,,,,1.9,,140,,0.49,
262,∞Ì»Ô,2026-09-16 19:00,23.0,,,,0.5,,200,,0.03,
262,∞Ì»Ô,2026-09-16 20:00,20.7,,,,0.6,,50,,,
262,∞Ì»Ô,2026-09-16 21:00,19.5,,,,0.3,,0,,,
262,∞Ì»Ô,2026-09-16 22:00,18.9,,,,0.4,,0,,,
262,∞Ì»Ô,2026-09-16 23:00,18.6,,,,0.4,,0,,,
262,∞Ì»Ô,2026-09-17 00:00,18.9,,,,0.9,,20,,,
262,∞Ì»Ô,2026-09-17 01:00,18.2,,,,1.0,,20,,,
262,∞Ì»Ô,2026-09-17 02:00,17.2,,,,1.0,,20,,,
262,∞Ì»Ô,2026-09-17 03:00,16.6,,,,0.7,,270,,,
262,∞Ì»Ô,2026-09-17 04:00,18.7,,,,1.4,,360,,,
262,∞Ì»Ô,2026-09-17 05:00,17.5,,,,1.1,,20,,,
262,∞Ì»Ô,2026-09-17 06:00,17.2,,,,0.9,,360,,,
262,∞Ì»Ô,2026-09-17 07:00,17.3,,,,0.5,,290,,0.07,
262,∞Ì»Ô,2026-09-17 08:00,20.9,,,,1.4,,90,,0.64,
262,∞Ì»Ô,2026-09-17 09:00,23.6,,,,2.7,,70,,1.31,
262,∞Ì»Ô,2026-09-17 10:00,26.8,,,,2.5,,70,,2.31,
262,∞Ì»Ô,2026-09-17 11:00,27.9,,,,2.9,,70,,2.52,
262,∞Ì»Ô,2026-09-17 12:00,27.2,,,,4.2,,70,,2.54,
262,∞Ì»Ô,2026-09-17 13:00,28.5,,,,2.9,,50,,2.65,
262,∞Ì»Ô,2026-09-17 14:00,28.6,,,,2.9,,70,,2.0,
262,∞Ì»Ô,2026-09-17 15:00,28.2,,,,2.1,,110,,1.66,
262,∞Ì»Ô,2026-09-17 16:00,27.5,,,,1.0,,70,,1.08,
262,∞Ì»Ô,2026-09-17 17:00,26.2,,,,2.7,,180,,0.51,
262,∞Ì»Ô,2026-09-17 18:00,25.6,,,,1.4,,110,,0.62,
262,∞Ì»Ô,2026-09-17 19:00,24.0,,,,1.6,,70,,0.02,
262,∞Ì»Ô,2026-09-17 20:00,23.8,,,,1.3,,90,,,
262,∞Ì»Ô,2026-09-17 21:00,23.2,,,,0.5,,70,,,
262,∞Ì»Ô,2026-09-17 22:00,23.5,,,,2.3,,70,,,
262,∞Ì»Ô,2026-09-17 23:00,23.2,,,,2.3,,70,,,
262,∞Ì»Ô,2026-09-18 00:00,22.9,,,,2.2,,70,,,
262,∞Ì»Ô,2026-09-18 01:00,22.8,,,,2.6,,70,,,
262,∞Ì»Ô,2026-09-18 02:00,22.8,,,,3.1,,70,,,
262,∞Ì»Ô,2026-09-18 03:00,22.9,,,,2.7,,70,,,
262,∞Ì»Ô,2026-09-18 04:00,22.5,,,,1.0,,50,,,
262,∞Ì»Ô,2026-09-18 05:00,22.7,,,,2.6,,70,,,
262,∞Ì»Ô,2026-09-18 06:00,22.7,,,,2.9,,90,,,
262,∞Ì»Ô,2026-09-18 07:00,22.3,,0.0,,1.1,,20,,0.01,
262,∞Ì»Ô,2026-09-18 08:00,22.0,,0.1,,1.7,,70,,0.12,
262,∞Ì»Ô,2026-09-18 09:00,22.7,,0.0,,1.6,,70,,0.37,
262,∞Ì»Ô,2026-09-18 10:00,24.0,,,9,2.4,,90,,0.79,
262,∞Ì»Ô,2026-09-18 11:00,24.6,,,9,3.4,,70,,1.24,
262,∞Ì»Ô,2026-09-18 12:00,26.6,,,9,3.1,,50,,2.2,
262,∞Ì»Ô,2026-09-18 13:00,27.5,,,9,3.1,,50,,2.86,
262,∞Ì»Ô,2026-09-18 14:00,27.9,,,9,2.9,,90,,2.68,
262,∞Ì»Ô,2026-09-18 15:00,28.1,,,9,3.4,,50,,2.23,
262,∞Ì»Ô,2026-09-18 16:00,27.6,,,9,3.3,,90,,1.98,
262,∞Ì»Ô,2026-09-18 17:00,27.5,,,9,2.4,,90,,1.33,
262,∞Ì»Ô,2026-09-18 18:00,25.6,,,9,2.0,,90,,0.5,
262,∞Ì»Ô,2026-09-18 19:00,23.7,,,9,1.4,,90,,0.03,
262,∞Ì»Ô,2026-09-18 20:00,23.1,,,9,0.9,,340,,,
262,∞Ì»Ô,2026-09-18 21:00,22.3,,,9,0.8,,20,,,
262,∞Ì»Ô,2026-09-18 22:00,21.8,,,9,1.1,,70,,,
262,∞Ì»Ô,2026-09-18 23:00,21.5,,,9,1.3,,50,,,
262,∞Ì»Ô,2026-09-19 00:00,21.9,,,9,1.8,,70,,,
262,∞Ì»Ô,2026-09-19 01:00,21.5,,,,1.3,,70,,,
262,∞Ì»Ô,2026-09-19 02:00,20.8,,,,1.1,,50,,,
262,∞Ì»Ô,2026-09-19 03:00,21.1,,,,1.7,,20,,,
262,∞Ì»Ô,2026-09-19 04:00,20.5,,,,1.0,,70,,,
262,∞Ì»Ô,2026-09-19 05:00,20.0,,,,0.6,,70,,,
262,∞Ì»Ô,2026-09-19 06:00,19.5,,,,0.8,,70,,,
262,∞Ì»Ô,2026-09-19 07:00,18.9,,,,0.7,,360,,0.05,
262,∞Ì»Ô,2026-09-19 08:00,22.4,,,,1.1,,20,,0.61,
262,∞Ì»Ô,2026-09-19 09:00,24.5,,,,3.9,,50,,1.4,
262,∞Ì»Ô,2026-09-19 10:00,25.4,,,,2.2,,50,,1.48,
262,∞Ì»Ô,2026-09-19 11:00,27.7,,,,2.5,,50,,1.79,
262,∞Ì»Ô,2026-09-19 12:00,28.7,,,,1.9,,70,,2.67,
262,∞Ì»Ô,2026-09-19 13:00,29.6,,,,2.8,,50,,3.04,
262,∞Ì»Ô,2026-09-19 14:00,29.5,,,,2.4,,70,,2.94,
262,∞Ì»Ô,2026-09-19 15:00,29.3,,,,2.2,,50,,2.0,
262,∞Ì»Ô,2026-09-19 16:00,28.5,,,,1.6,,70,,1.28,
262,∞Ì»Ô,2026-09-19 17:00,28.3,,,,1.4,,110,,0.93,
262,∞Ì»Ô,2026-09-19 18:00,26.7,,,,1.3,,160,,0.49,
262,∞Ì»Ô,2026-09-19 19:00,24.1,,,,0.4,,0,,0.03,
262,∞Ì»Ô,2026-09-19 20:00,22.2,,,,0.5,,20,,,
262,∞Ì»Ô,2026-09-19 21:00,21.2,,,,0.3,,0,,,
262,∞Ì»Ô,2026-09-19 22:00,20.4,,,,0.5,,20,,,
262,∞Ì»Ô,2026-09-19 23:00,19.7,,,,0.1,,0,,,
262,∞Ì»Ô,2026-09-20 00:00,19.0,,,,0.2,,0,,,
262,∞Ì»Ô,2026-09-20 01:00,18.6,,,,0.4,,0,,,
262,∞Ì»Ô,2026-09-20 02:00,18.1,,,,0.2,,0,,,
262,∞Ì»Ô,2026-09-20 03:00,17.8,,,,0.7,,200,,,
262,∞Ì»Ô,2026-09-20 04:00,17.5,,,,0.3,,0,,,
262,∞Ì»Ô,2026-09-20 05:00,17.0,,,,0.4,,0,,,
262,∞Ì»Ô,2026-09-20 06:00,17.1,,,,0.5,,250,,,
262,∞Ì»Ô,2026-09-20 07:00,17.4,,,,0.5,,180,,0.06,
262,∞Ì»Ô,2026-09-20 08:00,20.8,,,,1.0,,20,,0.53,
262,∞Ì»Ô,2026-09-20 09:00,24.7,,,,2.1,,50,,1.4,
262,∞Ì»Ô,2026-09-20 10:00,27.3,,,,1.4,,70,,2.23,
262,∞Ì»Ô,2026-09-20 11:00,28.2,,,,2.7,,70,,2.58,
262,∞Ì»Ô,2026-09-20 12:00,28.6,,,,3.4,,320,,3.03,
262,∞Ì»Ô,2026-09-20 13:00,28.9,,,,2.3,,20,,2.26,
262,∞Ì»Ô,2026-09-20 14:00,30.7,,,,4.3,,270,,2.53,
262,∞Ì»Ô,2026-09-20 15:00,31.7,,,,1.5,,250,,2.91,
262,∞Ì»Ô,2026-09-20 16:00,29.5,,,,3.2,,180,,1.88,
262,∞Ì»Ô,2026-09-20 17:00,28.0,,,,2.3,,200,,1.36,
262,∞Ì»Ô,2026-09-20 18:00,24.9,,,,2.2,,250,,0.48,
262,∞Ì»Ô,2026-09-20 19:00,23.0,,,,1.0,,160,,0.03,
262,∞Ì»Ô,2026-09-20 20:00,21.2,,,,0.6,,340,,,
262,∞Ì»Ô,2026-09-20 21:00,20.1,,,,0.3,,0,,,
262,∞Ì»Ô,2026-09-20 22:00,19.6,,,,0.7,,20,,,
262,∞Ì»Ô,2026-09-20 23:00,18.9,,,,0.4,,0,,,
262,∞Ì»Ô,2026-09-21 00:00,18.7,,,,0.3,,0,,,
262,∞Ì»Ô,2026-09-21 01:00,18.2,,,,0.4,,0,,,
262,∞Ì»Ô,2026-09-21 02:00,17.8,,,,0.3,,0,,,
262,∞Ì»Ô,2026-09-21 03:00,17.3,,,,0.9,,360,,,
262,∞Ì»Ô,2026-09-21 04:00,16.8,,,,0.2,,0,,,
262,∞Ì»Ô,2026-09-21 05:00,16.1,,,,0.7,,200,,,
262,∞Ì»Ô,2026-09-21 06:00,15.6,,,,0.8,,50,,,
262,∞Ì»Ô,2026-09-21 07:00,15.5,,,,0.3,,0,,0.04,
262,∞Ì»Ô,2026-09-21 08:00,18.8,,,,0.4,,0,,0.51,
262,∞Ì»Ô,2026-09-21 09:00,23.6,,,,2.7,,50,,1.41,
262,∞Ì»Ô,2026-09-21 10:00,25.9,,,,2.1,,70,,2.28,
262,∞Ì»Ô,2026-09-21 11:00,27.7,,,,2.2,,70,,2.61,
262,∞Ì»Ô,2026-09-21 12:00,28.4,,,,1.0,,20,,2.98,
262,∞Ì»Ô,2026-09-21 13:00,28.6,,,,2.3,,70,,3.02,
262,∞Ì»Ô,2026-09-21 14:00,30.4,,,,2.1,,360,,2.98,
262,∞Ì»Ô,2026-09-21 15:00,30.5,,,,2.4,,70,,2.62,
262,∞Ì»Ô,2026-09-21 16:00,30.6,,,,1.9,,160,,1.93,
262,∞Ì»Ô,2026-09-21 17:00,27.7,,,,2.2,,90,,1.32,
262,∞Ì»Ô,2026-09-21 18:00,25.0,,,,1.8,,160,,0.45,
262,∞Ì»Ô,2026-09-21 19:00,22.3,,,,0.6,,20,,0.02,
262,∞Ì»Ô,2026-09-21 20:00,20.3,,,,0.3,,0,,,
262,∞Ì»Ô,2026-09-21 21:00,19.2,,,,0.2,,0,,,
262,∞Ì»Ô,2026-09-21 22:00,18.5,,,,0.2,,0,,,
262,∞Ì»Ô,2026-09-21 23:00,18.0,,,,0.2,,0,,,
262,∞Ì»Ô,2026-09-22 00:00,17.5,,,,0.2,,0,,,
262,∞Ì»Ô,2026-09-22 01:00,17.0,,,,0.3,,0,,,
262,∞Ì»Ô,2026-09-22 02:00,16.6,,,,0.3,,0,,,
262,∞Ì»Ô,2026-09-22 03:00,16.2,,,,0.3,,0,,,
262,∞Ì»Ô,2026-09-22 04:00,16.0,,,,0.1,,0,,,
262,∞Ì»Ô,2026-09-22 05:00,15.7,,,,0.2,,0,,,
262,∞Ì»Ô,2026-09-22 06:00,15.7,,,,0.5,,200,,,
262,∞Ì»Ô,2026-09-22 07:00,15.8,,,,0.2,,0,,0.04,
262,∞Ì»Ô,2026-09-22 08:00,18.8,,,,0.4,,0,,0.51,
262,∞Ì»Ô,2026-09-22 09:00,24.0,,,,2.6,,50,,1.37,
262,∞Ì»Ô,2026-09-22 10:00,26.5,,,,2.7,,50,,2.19,
262,∞Ì»Ô,2026-09-22 11:00,28.3,,,,2.2,,50,,2.53,
262,∞Ì»Ô,2026-09-22 12:00,29.2,,,,2.7,,50,,2.91,
262,∞Ì»Ô,2026-09-22 13:00,29.8,,,,2.8,,160,,2.99,
262,∞Ì»Ô,2026-09-22 14:00,28.9,,,,2.1,,140,,2.94,
262,∞Ì»Ô,2026-09-22 15:00,29.1,,,,2.8,,180,,2.58,
262,∞Ì»Ô,2026-09-22 16:00,28.5,,,,2.2,,140,,1.88,
262,∞Ì»Ô,2026-09-22 17:00,27.1,,,,2.8,,180,,1.24,
262,∞Ì»Ô,2026-09-22 18:00,24.9,,,,1.6,,160,,0.44,
262,∞Ì»Ô,2026-09-22 19:00,23.3,,,,1.3,,180,,0.02,
262,∞Ì»Ô,2026-09-22 20:00,21.8,,,,0.5,,200,,,
262,∞Ì»Ô,2026-09-22 21:00,20.6,,,,0.4,,0,,,
262,∞Ì»Ô,2026-09-22 22:00,19.6,,,,0.6,,20,,,
262,∞Ì»Ô,2026-09-22 23:00,18.8,,,,0.5,,50,,,
262,∞Ì»Ô,2026-09-23 00:00,18.2,,,,0.2,,0,,,
262,∞Ì»Ô,2026-09-23 01:00,17.7,,,,0.3,,0,,,
262,∞Ì»Ô,2026-09-23 02:00,17.2,,,,0.6,,340,,,
262,∞Ì»Ô,2026-09-23 03:00,16.6,,,,0.2,,0,,,
262,∞Ì»Ô,2026-09-23 04:00,16.0,,,,0.2,,0,,,
262,∞Ì»Ô,2026-09-23 05:00,15.7,,,,0.2,,0,,,
262,∞Ì»Ô,2026-09-23 06:00,16.1,,,,0.9,,20,,,
262,∞Ì»Ô,2026-09-23 07:00,17.7,,,,1.3,,20,,0.04,
262,∞Ì»Ô,2026-09-23 08:00,20.8,,,,1.5,,50,,0.58,
262,∞Ì»Ô,2026-09-23 09:00,24.2,,,,2.5,,50,,1.47,
262,∞Ì»Ô,2026-09-23 10:00,26.0,,,,1.6,,90,,1.91,
262,∞Ì»Ô,2026-09-23 11:00,27.5,,,,1.8,,360,,2.48,
262,∞Ì»Ô,2026-09-23 12:00,27.8,,,,1.9,,20,,2.61,
262,∞Ì»Ô,2026-09-23 13:00,28.8,,,,1.4,,340,,2.86,
262,∞Ì»Ô,2026-09-23 14:00,29.7,,,,1.6,,250,,2.67,
262,∞Ì»Ô,2026-09-23 15:00,30.6,,,,0.9,,160,,2.25,
262,∞Ì»Ô,2026-09-23 16:00,29.2,,,,1.9,,270,,1.74,
262,∞Ì»Ô,2026-09-23 17:00,26.1,,,,2.5,,200,,1.01,
262,∞Ì»Ô,2026-09-23 18:00,24.1,,,,1.8,,230,,0.24,
262,∞Ì»Ô,2026-09-23 19:00,22.9,,,,1.9,,200,,0.01,
262,∞Ì»Ô,2026-09-23 20:00,22.5,,,,1.6,,200,,,
262,∞Ì»Ô,2026-09-23 21:00,21.1,,,,0.8,,20,,,
262,∞Ì»Ô,2026-09-23 22:00,20.0,,,,0.5,,90,,,
262,∞Ì»Ô,2026-09-23 23:00,19.1,,,,0.3,,0,,,
262,∞Ì»Ô,2026-09-24 00:00,18.5,,,,0.2,,0,,,
262,∞Ì»Ô,2026-09-24 01:00,18.0,,,,0.5,,20,,,
262,∞Ì»Ô,2026-09-24 02:00,17.6,,,,0.6,,320,,,
262,∞Ì»Ô,2026-09-24 03:00,17.2,,,,0.8,,340,,,
262,∞Ì»Ô,2026-09-24 04:00,16.9,,,,0.3,,0,,,
262,∞Ì»Ô,2026-09-24 05:00,16.8,,,,0.5,,50,,,
262,∞Ì»Ô,2026-09-24 06:00,17.0,,,,0.6,,320,,,
262,∞Ì»Ô,2026-09-24 07:00,16.9,,,,0.5,,20,,0.06,
262,∞Ì»Ô,2026-09-24 08:00,19.4,,,,0.7,,360,,0.51,
262,∞Ì»Ô,2026-09-24 09:00,24.2,,,,1.7,,320,,1.34,
